period,date,site,diver,tag,frond,SUB_SFC,length_m,stipe_weight,blade_weight,section_weight,frond_length,frond_weight,C_NB,Notes,
2016-Aug,2016-08-11,Westbeach,OP,1915,1,NA,NA,NA,NA,NA,1.26,0.16,NA,,
2016-Aug,2016-08-11,Westbeach,OP,1915,2,NA,NA,NA,NA,NA,4.13,0.7,NA,,
2016-Aug,2016-08-11,Westbeach,OP,1837,1,NA,NA,NA,NA,NA,4.38,1.08,NA,Not entire plant made it from underwater to boat,
2016-Aug,2016-08-11,Westbeach,OP,1837,2,NA,NA,NA,NA,NA,8.26,2.02,NA,Not entire plant made it from underwater to boat,
2016-Aug,2016-08-11,Westbeach,OP,1837,3,NA,NA,NA,NA,NA,2,0.41,NA,Not entire plant made it from underwater to boat,
2016-Aug,2016-08-11,Westbeach,OP,2121,1,NA,NA,NA,NA,NA,8.44,0.63,NA,,
2016-Aug,2016-08-11,Westbeach,OP,2121,2,NA,NA,NA,NA,NA,1.68,0.26,NA,,
2016-Aug,2016-08-11,Westbeach,OP,2121,3,NA,NA,NA,NA,NA,8.42,1.39,NA,,
2016-Aug,2016-08-11,Westbeach,OP,2121,4,NA,NA,NA,NA,NA,4.14,NA,NA,no weight recorded,
2016-Aug,2016-08-11,Westbeach,OP,2121,5,NA,NA,NA,NA,NA,10.8,1.036,NA,,
2016-Aug,2016-08-11,Westbeach,OP,2121,6,NA,NA,NA,NA,NA,9.02,0.68,NA,,
2016-Aug,2016-08-11,Westbeach,OP,2121,7,NA,NA,NA,NA,NA,5.86,1.01,NA,,
2016-Aug,2016-08-11,Westbeach,OP,2121,8,NA,NA,NA,NA,NA,3.7,0.69,NA,,
2016-Aug,2016-08-11,Westbeach,OP,2121,9,NA,NA,NA,NA,NA,1.42,0.26,NA,,
2016-Aug,2016-08-11,Westbeach,OP,2121,10,NA,NA,NA,NA,NA,10.48,0.73,NA,,
2016-Aug,2016-08-11,Westbeach,OP,2121,11,NA,NA,NA,NA,NA,1.13,0.2,NA,,
2016-Aug,2016-08-11,Westbeach,OP,2121,12,NA,NA,NA,NA,NA,0.73,0.06,NA,,
2016-Aug,2016-08-11,Westbeach,OP,2035,1,NA,NA,NA,NA,NA,5.23,1.14,NA,,
2016-Aug,2016-08-11,Westbeach,OP,2035,2,NA,NA,NA,NA,NA,6.92,1.2,NA,,
2016-Aug,2016-08-11,Westbeach,OP,2035,3,NA,NA,NA,NA,NA,2.53,0.56,NA,,
2016-Aug,2016-08-11,Westbeach,OP,2005,1,NA,NA,NA,NA,NA,4.1,1.08,NA,,
2016-Aug,2016-08-11,Westbeach,OP,2005,2,NA,NA,NA,NA,NA,3.55,0.89,NA,,
2016-Aug,2016-08-11,Westbeach,OP,2005,3,NA,NA,NA,NA,NA,8.04,1.73,NA,,
2016-Aug,2016-08-11,Westbeach,OP,2005,4,NA,NA,NA,NA,NA,5.21,1.44,NA,,
2016-Aug,2016-08-11,Westbeach,OP,2005,5,NA,NA,NA,NA,NA,6.49,1.9,NA,,
2016-Aug,2016-08-11,Westbeach,OP,2005,6,NA,NA,NA,NA,NA,5.98,1.85,NA,,
2016-Aug,2016-08-11,Westbeach,OP,2005,7,NA,NA,NA,NA,NA,9.58,2.5,NA,,
2016-Aug,2016-08-11,Westbeach,OP,2005,8,NA,NA,NA,NA,NA,8.18,2.01,C,,
2016-Aug,2016-08-11,Westbeach,OP,2005,9,NA,NA,NA,NA,NA,10.35,1.53,NA,,
2016-Aug,2016-08-11,Westbeach,OP,2005,10,NA,NA,NA,NA,NA,4.31,1.21,NA,,
2016-Aug,2016-08-11,Westbeach,OP,2005,11,NA,NA,NA,NA,NA,9.81,0.82,NA,,
2016-Aug,2016-08-11,Westbeach,OP,2005,12,NA,NA,NA,NA,NA,10.53,1.68,NA,,
2016-Aug,2016-08-11,Westbeach,OP,2005,13,NA,NA,NA,NA,NA,2.55,0.41,NA,,
2016-Aug,2016-08-11,Westbeach,OP,2005,14,NA,NA,NA,NA,NA,1.01,0.21,NA,,
2016-Aug,2016-08-11,Westbeach,OP,2005,15,NA,NA,NA,NA,NA,1.19,0.12,NA,weight is off,
2016-Aug,2016-08-11,Westbeach,OP,2005,16,NA,NA,NA,NA,NA,1.09,0.25,NA,,
2016-Aug,2016-08-11,Westbeach,OP,2005,17,NA,NA,NA,NA,NA,0.76,0.18,NA,,
2016-Aug,2016-08-11,Westbeach,OP,2005,NA,NA,NA,NA,NA,NA,NA,1.73,NA,extra biomass for plant,
2016-Aug,2016-08-12,Triquet,OP,1968,1,NA,NA,NA,NA,NA,1.38,0.42,NA,,
2016-Aug,2016-08-12,Triquet,OP,1968,2,NA,NA,NA,NA,NA,2.89,0.63,NA,,
2016-Aug,2016-08-12,Triquet,OP,1968,3,NA,NA,NA,NA,NA,2.39,0.62,NA,,
2016-Aug,2016-08-12,Triquet,OP,1968,4,NA,NA,NA,NA,NA,2.65,0.11,NB,,
2016-Aug,2016-08-12,Triquet,OP,1968,5,NA,NA,NA,NA,NA,2.91,0.12,NB,,
2016-Aug,2016-08-12,Triquet,OP,1968,6,NA,NA,NA,NA,NA,0.28,0.07,NA,,
2016-Aug,2016-08-12,Triquet,OP,1968,7,NA,NA,NA,NA,NA,0.19,0.04,NA,,
2016-Aug,2016-08-12,Triquet,OP,1880,1,NA,NA,NA,NA,NA,4.5,0.77,NA,,
2016-Aug,2016-08-12,Triquet,OP,1880,2,NA,NA,NA,NA,NA,2.21,0.71,NA,,
2016-Aug,2016-08-12,Triquet,OP,1880,3,NA,NA,NA,NA,NA,4.72,0.45,NB,,
2016-Aug,2016-08-12,Triquet,OP,1884,1,NA,NA,NA,NA,NA,0.97,0.33,NA,,
2016-Aug,2016-08-12,Triquet,OP,1884,2,NA,NA,NA,NA,NA,3.5,1.42,NA,,
2016-Aug,2016-08-12,Triquet,OP,1884,3,NA,NA,NA,NA,NA,4.84,0.99,NA,,
2016-Aug,2016-08-12,Triquet,OP,1884,4,NA,NA,NA,NA,NA,1.63,0.47,NA,,
2016-Aug,2016-08-12,Triquet,OP,1884,5,NA,NA,NA,NA,NA,2.7,0.15,C/NB,,
2016-Aug,2016-08-12,Triquet,OP,1884,6,NA,NA,NA,NA,NA,2.52,0.5,NA,,
2016-Aug,2016-08-12,Triquet,OP,1884,7,NA,NA,NA,NA,NA,1.56,0.03,C/NB,,
2016-Aug,2016-08-12,Triquet,OP,1884,8,NA,NA,NA,NA,NA,5.01,0.29,NA,,
2016-Aug,2016-08-12,Triquet,OP,1884,9,NA,NA,NA,NA,NA,6.08,0.71,NB,,
2016-Aug,2016-08-12,Triquet,OP,1884,10,NA,NA,NA,NA,NA,3.23,0.83,NA,,
2016-Aug,2016-08-12,Triquet,OP,1884,11,NA,NA,NA,NA,NA,1.09,0.09,NA,,
2016-Aug,2016-08-12,Triquet,OP,1884,12,NA,NA,NA,NA,NA,0.46,0.11,NA,,
2016-Aug,2016-08-12,Triquet,OP,1702,1,NA,NA,NA,NA,NA,6.24,0.23,NB,,
2016-Aug,2016-08-12,Triquet,OP,1702,2,NA,NA,NA,NA,NA,2.87,0.74,NA,,
2016-Aug,2016-08-12,Triquet,OP,1702,3,NA,NA,NA,NA,NA,1.83,0.17,C,,
2016-Aug,2016-08-12,Triquet,OP,1702,4,NA,NA,NA,NA,NA,5.06,0.48,NB,,
2016-Aug,2016-08-12,Triquet,OP,1728,1,NA,NA,NA,NA,NA,7.54,0.36,NB,,
2016-Aug,2016-08-12,Triquet,OP,1728,2,NA,NA,NA,NA,NA,3.87,0.77,NA,,
2016-Aug,2016-08-12,Triquet,OP,1728,3,NA,NA,NA,NA,NA,6.85,0.37,NB,,
2016-Aug,2016-08-12,Triquet,OP,1728,4,NA,NA,NA,NA,NA,7.65,0.64,NB,,
2016-Aug,2016-08-12,Triquet,OP,1728,5,NA,NA,NA,NA,NA,6.65,0.22,NB,,
2016-Aug,2016-08-12,Triquet,OP,1728,6,NA,NA,NA,NA,NA,4,0.33,NB,,
2016-Aug,2016-08-12,Triquet,OP,1728,7,NA,NA,NA,NA,NA,5.18,1.18,NB,,
2016-Aug,2016-08-12,Triquet,OP,1728,8,NA,NA,NA,NA,NA,3.33,0.1,NB,,
2016-Aug,2016-08-12,Triquet,OP,1728,9,NA,NA,NA,NA,NA,5.1,0.29,NB,,
2016-Aug,2016-08-12,Triquet,OP,1728,10,NA,NA,NA,NA,NA,6.32,0.78,NB,,
2016-Aug,2016-08-12,Triquet,OP,1728,11,NA,NA,NA,NA,NA,1.53,0.19,NA,,
2016-Aug,2016-08-12,Triquet,OP,1728,12,NA,NA,NA,NA,NA,4.87,0.89,NA,,
2016-Aug,2016-08-12,Triquet,OP,1728,13,NA,NA,NA,NA,NA,0.85,0.27,NA,,
2016-Aug,2016-08-12,Triquet,OP,1728,14,NA,NA,NA,NA,NA,1.24,0.22,NA,,
2016-Aug,2016-08-15,Meay,OP,1767,1,NA,NA,NA,NA,NA,2.99,0.57,NA,,
2016-Aug,2016-08-15,Meay,OP,1767,2,NA,NA,NA,NA,NA,5.71,1.08,NA,,
2016-Aug,2016-08-15,Meay,OP,1767,3,NA,NA,NA,NA,NA,10.76,2.31,NA,,
2016-Aug,2016-08-15,Meay,OP,1767,4,NA,NA,NA,NA,NA,5.4,1.18,NA,,
2016-Aug,2016-08-15,Meay,OP,1767,5,NA,NA,NA,NA,NA,7.57,1.88,NA,,
2016-Aug,2016-08-15,Meay,OP,1767,6,NA,NA,NA,NA,NA,0.92,0.17,NA,,
2016-Aug,2016-08-15,Meay,OP,1767,NA,NA,NA,NA,NA,NA,NA,0.48,NA,extra biomass for plant,
2016-Aug,2016-08-15,Meay,OP,1860,1,NA,NA,NA,NA,NA,4.34,0.97,NA,,
2016-Aug,2016-08-15,Meay,OP,1860,2,NA,NA,NA,NA,NA,2.23,0.07,C/NB,,
2016-Aug,2016-08-15,Meay,OP,1860,3,NA,NA,NA,NA,NA,8.33,1.2,NA,,
2016-Aug,2016-08-15,Meay,OP,1860,4,NA,NA,NA,NA,NA,8.69,1.6,NA,,
2016-Aug,2016-08-15,Meay,OP,1860,5,NA,NA,NA,NA,NA,6.34,0.51,C,,
2016-Aug,2016-08-15,Meay,OP,1728,1,NA,NA,NA,NA,NA,1.24,0.04,C,,
2016-Aug,2016-08-15,Meay,OP,1728,2,NA,NA,NA,NA,NA,2.8,0.4,NA,,
2016-Aug,2016-08-15,Meay,OP,1728,3,NA,NA,NA,NA,NA,8.96,1.39,NA,,
2016-Aug,2016-08-15,Meay,OP,1728,4,NA,NA,NA,NA,NA,5.88,0.61,NA,,
2016-Aug,2016-08-15,Meay,OP,326,1,NA,NA,NA,NA,NA,1.97,0.32,NA,,
2016-Aug,2016-08-15,Meay,OP,326,2,NA,NA,NA,NA,NA,2.5,0.4,NA,,
2016-Aug,2016-08-15,Meay,OP,326,3,NA,NA,NA,NA,NA,2.05,0.3,NA,,
2016-Aug,2016-08-15,Meay,OP,326,4,NA,NA,NA,NA,NA,1.66,0.27,NA,,
2016-Aug,2016-08-15,Meay,OP,326,5,NA,NA,NA,NA,NA,4.33,0.58,NA,,
2016-Aug,2016-08-15,Meay,OP,326,6,NA,NA,NA,NA,NA,4.46,0.46,NA,,
2016-Aug,2016-08-15,Meay,OP,326,7,NA,NA,NA,NA,NA,7.9,0.58,C/NB,,
2016-Aug,2016-08-15,Meay,OP,326,8,NA,NA,NA,NA,NA,7.09,1.46,NA,,
2016-Aug,2016-08-15,Meay,OP,326,9,NA,NA,NA,NA,NA,5.09,0.95,NA,,
2016-Aug,2016-08-15,Meay,OP,326,10,NA,NA,NA,NA,NA,4.85,1.01,NA,,
2016-Aug,2016-08-15,Meay,OP,326,11,NA,NA,NA,NA,NA,3.39,0.51,NA,,
2016-Aug,2016-08-15,Meay,OP,326,12,NA,NA,NA,NA,NA,7.3,1.25,NA,,
2016-Aug,2016-08-15,Meay,OP,326,13,NA,NA,NA,NA,NA,13.37,1.99,NA,,
2016-Aug,2016-08-15,Meay,OP,326,14,NA,NA,NA,NA,NA,13.78,2.31,NA,,
2016-Aug,2016-08-15,Meay,OP,326,15,NA,NA,NA,NA,NA,5.49,0.27,C/NB,,
2016-Aug,2016-08-15,Meay,OP,326,16,NA,NA,NA,NA,NA,7.14,1.36,C,,
2016-Aug,2016-08-15,Meay,OP,326,17,NA,NA,NA,NA,NA,6.45,0.93,NA,,
2016-Aug,2016-08-15,Meay,OP,326,18,NA,NA,NA,NA,NA,2.82,0.07,C/NB,,
2016-Aug,2016-08-15,Meay,OP,326,19,NA,NA,NA,NA,NA,3.5,0.07,C/NB,,
2016-Aug,2016-08-15,Meay,OP,326,20,NA,NA,NA,NA,NA,6.26,0.74,NA,,
2016-Aug,2016-08-15,Meay,OP,326,21,NA,NA,NA,NA,NA,4.21,0.3,C/NB,,
2016-Aug,2016-08-15,Meay,OP,326,22,NA,NA,NA,NA,NA,7.81,0.52,NA,,
2016-Aug,2016-08-15,Meay,OP,326,23,NA,NA,NA,NA,NA,18.83,2.33,NA,,
2016-Aug,2016-08-15,Meay,OP,326,24,NA,NA,NA,NA,NA,9.03,1.99,NA,,
2016-Aug,2016-08-15,Meay,OP,326,25,NA,NA,NA,NA,NA,9.09,2.01,NA,,
2016-Aug,2016-08-15,Meay,OP,326,26,NA,NA,NA,NA,NA,9.42,2.19,NA,,
2016-Aug,2016-08-15,Meay,OP,326,27,NA,NA,NA,NA,NA,1.71,0.23,NA,,
2016-Aug,2016-08-29,Stryker,DV,1847,1,NA,NA,NA,NA,NA,6.83,1.56,NA,,
2016-Aug,2016-08-29,Stryker,DV,1847,2,NA,NA,NA,NA,NA,1.08,0.14,NA,,
2016-Aug,2016-08-29,Stryker,DV,1847,3,NA,NA,NA,NA,NA,0.98,0.13,NA,,
2016-Aug,2016-08-29,Stryker,DV,1847,4,NA,NA,NA,NA,NA,8.19,0.51,NA,,
2016-Aug,2016-08-29,Stryker,DV,1847,5,NA,NA,NA,NA,NA,4.87,0.27,NA,,
2016-Aug,2016-08-29,Stryker,DV,1847,6,NA,NA,NA,NA,NA,10.02,2.34,NA,,
2016-Aug,2016-08-29,Stryker,DV,1847,7,NA,NA,NA,NA,NA,10.28,0.99,NA,,
2016-Aug,2016-08-29,Stryker,DV,2029,1,NA,NA,NA,NA,NA,5.02,0.3,NA,,
2016-Aug,2016-08-29,Stryker,DV,2029,2,NA,NA,NA,NA,NA,7.22,1.68,NA,,
2016-Aug,2016-08-29,Stryker,DV,2029,3,NA,NA,NA,NA,NA,4.18,1.24,NA,,
2016-Aug,2016-08-29,Stryker,DV,2029,4,NA,NA,NA,NA,NA,4.59,0.26,NA,,
2016-Aug,2016-08-29,Stryker,DV,1839,1,NA,NA,NA,NA,NA,6.51,1.16,NA,,
2016-Aug,2016-08-29,Stryker,DV,1839,2,NA,NA,NA,NA,NA,9.56,2.04,NA,,
2016-Aug,2016-08-29,Stryker,DV,1839,3,NA,NA,NA,NA,NA,6.48,1.64,NA,,
2016-Aug,2016-08-29,Stryker,DV,1839,4,NA,NA,NA,NA,NA,8.79,1,NA,,
2016-Aug,2016-08-29,Stryker,DV,1839,5,NA,NA,NA,NA,NA,1.07,0.08,NA,,
2016-Aug,2016-08-29,Stryker,DV,1839,6,NA,NA,NA,NA,NA,6.32,1.27,NA,,
2016-Aug,2016-08-29,Stryker,DV,1839,7,NA,NA,NA,NA,NA,6.05,0.2,NA,,
2016-Aug,2016-08-29,Stryker,DV,1839,8,NA,NA,NA,NA,NA,8.63,1.64,NA,,
2016-Aug,2016-08-29,Stryker,DV,1839,9,NA,NA,NA,NA,NA,0.52,0.13,NA,,
2016-Aug,2016-08-29,Stryker,DV,1839,10,NA,NA,NA,NA,NA,0.72,0.09,NA,,
2016-Aug,2016-08-29,Stryker,DV,2124,1,NA,NA,NA,NA,NA,3.07,0.75,NA,,
2016-Aug,2016-08-29,Stryker,DV,2124,2,NA,NA,NA,NA,NA,2.44,0.33,NA,,
2016-Aug,2016-08-29,Stryker,DV,2124,3,NA,NA,NA,NA,NA,3.5,0.09,NA,,
2016-Aug,2016-08-29,Stryker,DV,2124,4,NA,NA,NA,NA,NA,1.65,0.52,NA,,
2016-Aug,2016-08-29,Stryker,DV,2124,5,NA,NA,NA,NA,NA,0.71,0.16,NA,,
2016-Aug,2016-08-29,Stryker,DV,2061,1,NA,NA,NA,NA,NA,3.66,0.18,NA,,
2016-Aug,2016-08-29,Stryker,DV,2061,2,NA,NA,NA,NA,NA,3.4,0.17,NA,,
2016-Aug,2016-08-29,Stryker,DV,2061,3,NA,NA,NA,NA,NA,3.69,0.2,NA,,
2016-Aug,2016-08-29,Stryker,DV,2061,4,NA,NA,NA,NA,NA,6.33,2.08,NA,,
2016-Aug,2016-08-29,Stryker,DV,2061,5,NA,NA,NA,NA,NA,2.37,0.77,NA,,
2016-Aug,2016-08-29,Stryker,DV,2061,6,NA,NA,NA,NA,NA,3.29,1.33,NA,,
2016-Sep,2016-09-08,Simmonds,DV,1948,1,NA,NA,NA,NA,NA,3.84,0.39,NA,,
2016-Sep,2016-09-08,Simmonds,DV,1948,2,NA,NA,NA,NA,NA,4.91,0.62,NA,,
2016-Sep,2016-09-08,Simmonds,DV,1948,3,NA,NA,NA,NA,NA,5.84,0.33,NB,,
2016-Sep,2016-09-08,Simmonds,DV,1948,4,NA,NA,NA,NA,NA,3.26,0.3,NA,,
2016-Sep,2016-09-08,Simmonds,DV,1948,5,NA,NA,NA,NA,NA,6.7,0.42,NB,,
2016-Sep,2016-09-08,Simmonds,DV,1948,6,NA,NA,NA,NA,NA,2.06,0.32,NA,,
2016-Sep,2016-09-08,Simmonds,DV,1948,7,NA,NA,NA,NA,NA,9.68,0.91,NA,,
2016-Sep,2016-09-08,Simmonds,DV,1948,8,NA,NA,NA,NA,NA,2.86,0.36,NA,,
2016-Sep,2016-09-08,Simmonds,DV,1948,9,NA,NA,NA,NA,NA,3.93,0.3,NB,,
2016-Sep,2016-09-08,Simmonds,DV,1948,10,NA,NA,NA,NA,NA,3.26,0.34,NA,,
2016-Sep,2016-09-08,Simmonds,DV,1948,11,NA,NA,NA,NA,NA,0.61,0.07,NA,,
2016-Sep,2016-09-08,Simmonds,DV,1948,12,NA,NA,NA,NA,NA,0.5,0.04,NA,,
2016-Sep,2016-09-08,Simmonds,DV,2067,1,NA,NA,NA,NA,NA,6.45,0.32,NB,,
2016-Sep,2016-09-08,Simmonds,DV,2067,2,NA,NA,NA,NA,NA,6.71,1.85,NA,,
2016-Sep,2016-09-08,Simmonds,DV,2067,3,NA,NA,NA,NA,NA,1.15,0.16,NA,,
2016-Sep,2016-09-08,Simmonds,DV,2067,4,NA,NA,NA,NA,NA,4.75,1.05,NA,,
2016-Sep,2016-09-08,Simmonds,DV,2481,1,NA,NA,NA,NA,NA,6.41,1.03,NA,,
2016-Sep,2016-09-08,Simmonds,DV,2481,2,NA,NA,NA,NA,NA,5.86,0.24,NB,,
2016-Sep,2016-09-08,Simmonds,DV,2481,3,NA,NA,NA,NA,NA,7.47,1.31,NA,,
2016-Sep,2016-09-08,Simmonds,DV,2481,4,NA,NA,NA,NA,NA,4.14,0.53,NA,,
2016-Sep,2016-09-08,Simmonds,DV,2481,5,NA,NA,NA,NA,NA,1.92,0.13,NA,,
2016-Sep,2016-09-08,Simmonds,DV,2481,6,NA,NA,NA,NA,NA,7.4,0.99,NA,,
2016-Sep,2016-09-08,Simmonds,DV,2481,7,NA,NA,NA,NA,NA,4.9,0.52,NA,,
2016-Sep,2016-09-08,Simmonds,DV,1704,1,NA,NA,NA,NA,NA,4.43,1.06,NA,bag 015,
2016-Sep,2016-09-08,Simmonds,DV,1704,2,NA,NA,NA,NA,NA,8.74,1.22,NA,,
2016-Sep,2016-09-08,Simmonds,DV,1704,3,NA,NA,NA,NA,NA,9.66,NA,NA,"frond weight missing, bag 004",
2016-Sep,2016-09-08,Simmonds,DV,1704,4,NA,NA,NA,NA,NA,10.91,1.13,NA,,
2016-Sep,2016-09-08,Simmonds,DV,1704,5,NA,NA,NA,NA,NA,6.71,1.62,NA,,
2016-Sep,2016-09-08,Simmonds,DV,1704,6,NA,NA,NA,NA,NA,4.28,0.48,NA,,
2016-Sep,2016-09-08,Simmonds,DV,1997,1,NA,NA,NA,NA,NA,5.28,1.38,NA,bag 016,
2016-Sep,2016-09-08,Simmonds,DV,1997,2,NA,NA,NA,NA,NA,7.68,1.88,NA,bag 005,
2016-Sep,2016-09-08,Simmonds,DV,1997,3,NA,NA,NA,NA,NA,7.42,1.98,NA,,
2016-Sep,2016-09-08,Simmonds,DV,1997,4,NA,NA,NA,NA,NA,5.66,1.03,NA,,
2016-Sep,2016-09-08,Simmonds,DV,1997,5,NA,NA,NA,NA,NA,9.76,0.82,NA,,
2016-Sep,2016-09-08,Simmonds,DV,1997,6,NA,NA,NA,NA,NA,5.32,0.76,NA,,
2016-Sep,2016-09-08,Simmonds,DV,1997,7,NA,NA,NA,NA,NA,2.82,0.11,NB,,
2016-Sep,2016-09-08,Simmonds,DV,1997,8,NA,NA,NA,NA,NA,8.24,0.98,NA,,
2016-Sep,2016-09-08,Simmonds,DV,1997,9,NA,NA,NA,NA,NA,3.28,0.7,NA,,
2017-Jul,2017-07-15,Womanley,BM/OP/NAP,144,1,NA,NA,NA,NA,NA,5.78,0.69,NA,,
2017-Jul,2017-07-15,Womanley,BM/OP/NAP,144,2,NA,NA,NA,NA,NA,6.16,0.66,NA,,
2017-Jul,2017-07-15,Womanley,BM/OP/NAP,144,3,NA,NA,NA,NA,NA,1.4,0.49,NA,,
2017-Jul,2017-07-15,Womanley,BM/OP/NAP,144,4,NA,NA,NA,NA,NA,0.23,0.05,NA,,
2017-Jul,2017-07-15,Womanley,BM/OP/NAP,144,5,NA,NA,NA,NA,NA,7.56,0.48,NA,,
2017-Jul,2017-07-15,Womanley,BM/OP/NAP,144,6,NA,NA,NA,NA,NA,0.31,0.13,NA,,
2017-Jul,2017-07-15,Womanley,BM/OP/NAP,144,7,NA,NA,NA,NA,NA,6.83,1.22,NA,,
2017-Jul,2017-07-15,Womanley,BM/OP/NAP,144,8,NA,NA,NA,NA,NA,0.32,0.3,NA,,
2017-Jul,2017-07-15,Womanley,BM/OP/NAP,135,1,NA,NA,NA,NA,NA,4.34,0.31,NA,,
2017-Jul,2017-07-15,Womanley,BM/OP/NAP,135,2,NA,NA,NA,NA,NA,0.21,0.06,NA,,
2017-Jul,2017-07-15,Womanley,BM/OP/NAP,135,3,NA,NA,NA,NA,NA,9.84,0.72,NA,,
2017-Jul,2017-07-15,Womanley,BM/OP/NAP,135,4,NA,NA,NA,NA,NA,1.65,0.68,NA,,
2017-Jul,2017-07-15,Womanley,BM/OP/NAP,135,5,NA,NA,NA,NA,NA,4.77,1.48,NA,,
2017-Jul,2017-07-15,Womanley,BM/OP/NAP,135,6,NA,NA,NA,NA,NA,7.93,1.12,NA,,
2017-Jul,2017-07-15,Womanley,BM/OP/NAP,145,1,NA,NA,NA,NA,NA,6.6,1.86,NA,,
2017-Jul,2017-07-15,Womanley,BM/OP/NAP,145,2,NA,NA,NA,NA,NA,4.86,1.42,NA,,
2017-Jul,2017-07-15,Womanley,BM/OP/NAP,145,3,NA,NA,NA,NA,NA,10.2,1.23,NA,,
2017-Jul,2017-07-15,Womanley,BM/OP/NAP,145,4,NA,NA,NA,NA,NA,8.63,1.26,NA,,
2017-Jul,2017-07-15,Womanley,BM/OP/NAP,145,5,NA,NA,NA,NA,NA,11.9,1.12,NA,,
2017-Jul,2017-07-15,Womanley,BM/OP/NAP,145,6,NA,NA,NA,NA,NA,0.33,0.19,NA,,
2017-Jul,2017-07-15,Womanley,BM/OP/NAP,147,1,NA,NA,NA,NA,NA,0.43,0.08,NA,,
2017-Jul,2017-07-15,Womanley,BM/OP/NAP,147,2,NA,NA,NA,NA,NA,3.25,0.29,NA,,
2017-Jul,2017-07-15,Womanley,BM/OP/NAP,147,3,NA,NA,NA,NA,NA,3.51,0.36,NA,,
2017-Jul,2017-07-15,Womanley,BM/OP/NAP,147,4,NA,NA,NA,NA,NA,7.16,0.37,NA,,
2017-Jul,2017-07-15,Womanley,BM/OP/NAP,147,5,NA,NA,NA,NA,NA,8.6,NA,NA,frond weight not recorded,
2017-Jul,2017-07-15,Womanley,BM/OP/NAP,147,6,NA,NA,NA,NA,NA,4.33,0.51,NA,,
2017-Jul,2017-07-15,Womanley,BM/OP/NAP,147,7,NA,NA,NA,NA,NA,0.89,0.19,NA,,
2017-Jul,2017-07-15,Womanley,BM/OP/NAP,147,8,NA,NA,NA,NA,NA,8,0.98,NA,,
2017-Jul,2017-07-15,Womanley,BM/OP/NAP,147,9,NA,NA,NA,NA,NA,4.16,0.8,NA,,
2017-Jul,2017-07-15,Womanley,BM/OP/NAP,131,1,NA,NA,NA,NA,NA,0.86,0.09,NA,,
2017-Jul,2017-07-15,Womanley,BM/OP/NAP,131,2,NA,NA,NA,NA,NA,9.35,1.48,NA,,
2017-Jul,2017-07-15,Womanley,BM/OP/NAP,131,3,NA,NA,NA,NA,NA,2.13,0.44,NA,,
2017-Jul,2017-07-15,Womanley,BM/OP/NAP,131,4,NA,NA,NA,NA,NA,6.86,2.03,NA,,
2017-Jul,2017-07-15,Womanley,BM/OP/NAP,131,5,NA,NA,NA,NA,NA,6.85,0.83,NA,,
2017-Jul,2017-07-15,Womanley,BM/OP/NAP,131,6,NA,NA,NA,NA,NA,1.1,0.15,NA,,
2017-Jul,2017-07-15,Womanley,BM/OP/NAP,131,7,NA,NA,NA,NA,NA,12.65,1.67,NA,,
2017-Jul,2017-07-15,Womanley,BM/OP/NAP,131,8,NA,NA,NA,NA,NA,0.34,0.06,NA,,
2017-Jul,2017-07-15,Womanley,BM/OP/NAP,131,9,NA,NA,NA,NA,NA,8.79,1.65,NA,,
2017-Jul,2017-07-15,Womanley,BM/OP/NAP,131,10,NA,NA,NA,NA,NA,16,2.33,NA,,
2017-Jul,2017-07-15,Womanley,BM/OP/NAP,131,NA,NA,NA,NA,NA,NA,NA,0.48,NA,extra biomass for plant,
2017-Jul,2017-07-15,Womanley,BM/OP/NAP,141,1,NA,NA,NA,NA,NA,9.36,0.62,NA,,
2017-Jul,2017-07-15,Womanley,BM/OP/NAP,141,2,NA,NA,NA,NA,NA,2.6,0.33,NA,,
2017-Jul,2017-07-15,Womanley,BM/OP/NAP,141,3,NA,NA,NA,NA,NA,7.89,0.72,NA,,
2017-Jul,2017-07-15,Womanley,BM/OP/NAP,141,4,NA,NA,NA,NA,NA,1.52,0.04,NA,,
2017-Jul,2017-07-15,Womanley,BM/OP/NAP,141,5,NA,NA,NA,NA,NA,1.43,0.1,NA,,
2017-Jul,2017-07-15,Womanley,BM/OP/NAP,141,6,NA,NA,NA,NA,NA,3.47,0.17,NA,,
2017-Jul,2017-07-15,Womanley,BM/OP/NAP,141,7,NA,NA,NA,NA,NA,0.19,0.03,NA,,
2017-Jul,2017-07-14,Triquet,OP/NAP,149,1,NA,NA,NA,NA,NA,7.24,1.97,NA,,
2017-Jul,2017-07-14,Triquet,OP/NAP,149,2,NA,NA,NA,NA,NA,6.03,0.79,NA,,
2017-Jul,2017-07-14,Triquet,OP/NAP,149,3,NA,NA,NA,NA,NA,11.54,2.28,NA,,
2017-Jul,2017-07-14,Triquet,OP/NAP,149,4,NA,NA,NA,NA,NA,6.42,2.85,NA,,
2017-Jul,2017-07-14,Triquet,OP/NAP,149,5,NA,NA,NA,NA,NA,1.12,0.42,NA,,
2017-Jul,2017-07-14,Triquet,OP/NAP,149,6,NA,NA,NA,NA,NA,4.39,0.43,NA,,
2017-Jul,2017-07-14,Triquet,OP/NAP,149,7,NA,NA,NA,NA,NA,1.83,0.25,NA,,
2017-Jul,2017-07-14,Triquet,OP/NAP,149,NA,NA,NA,NA,NA,NA,NA,1.59,NA,extra biomass for plant,
2017-Jul,2017-07-14,Triquet,OP/NAP,129,1,NA,NA,NA,NA,NA,8.75,1.37,NA,,
2017-Jul,2017-07-14,Triquet,OP/NAP,129,2,NA,NA,NA,NA,NA,5.45,2.11,NA,,
2017-Jul,2017-07-14,Triquet,OP/NAP,129,3,NA,NA,NA,NA,NA,9.12,1.27,NA,,
2017-Jul,2017-07-14,Triquet,OP/NAP,129,4,NA,NA,NA,NA,NA,7.3,2.28,NA,,
2017-Jul,2017-07-14,Triquet,OP/NAP,129,5,NA,NA,NA,NA,NA,1.86,0.56,NA,,
2017-Jul,2017-07-14,Triquet,OP/NAP,129,6,NA,NA,NA,NA,NA,2.4,0.38,NA,,
2017-Jul,2017-07-14,Triquet,OP/NAP,129,7,NA,NA,NA,NA,NA,6.23,0.63,NA,,
2017-Jul,2017-07-14,Triquet,OP/NAP,129,8,NA,NA,NA,NA,NA,1.8,0.59,NA,,
2017-Jul,2017-07-14,Triquet,OP/NAP,129,9,NA,NA,NA,NA,NA,2.71,0.65,NA,,
2017-Jul,2017-07-14,Triquet,OP/NAP,129,10,NA,NA,NA,NA,NA,9.54,2.26,NA,,
2017-Jul,2017-07-14,Triquet,OP/NAP,129,11,NA,NA,NA,NA,NA,10.57,1.96,NA,,
2017-Jul,2017-07-14,Triquet,OP/NAP,129,12,NA,NA,NA,NA,NA,1.57,0.12,NA,,
2017-Jul,2017-07-14,Triquet,OP/NAP,129,NA,NA,NA,NA,NA,NA,NA,1.35,NA,extra biomass for plant,
2017-Jul,2017-07-14,Triquet,OP/NAP,131,1,NA,NA,NA,NA,NA,6.12,0.51,NA,,
2017-Jul,2017-07-14,Triquet,OP/NAP,131,2,NA,NA,NA,NA,NA,1.3,0.27,NA,,
2017-Jul,2017-07-14,Triquet,OP/NAP,131,3,NA,NA,NA,NA,NA,5.8,0.48,NA,,
2017-Jul,2017-07-14,Triquet,OP/NAP,131,4,NA,NA,NA,NA,NA,4.43,0.44,NA,,
2017-Jul,2017-07-14,Triquet,OP/NAP,131,NA,NA,NA,NA,NA,NA,NA,0.17,NA,extra biomass for plant,
2017-Jul,2017-07-14,Triquet,OP/NAP,143,1,NA,NA,NA,NA,NA,4.93,0.34,NA,,
2017-Jul,2017-07-14,Triquet,OP/NAP,143,2,NA,NA,NA,NA,NA,5,0.51,NA,,
2017-Jul,2017-07-14,Triquet,OP/NAP,143,3,NA,NA,NA,NA,NA,5.34,0.72,NA,,
2017-Jul,2017-07-14,Triquet,OP/NAP,143,4,NA,NA,NA,NA,NA,4.54,0.44,NA,,
2017-Jul,2017-07-14,Triquet,OP/NAP,143,5,NA,NA,NA,NA,NA,2.13,0.44,NA,,
2017-Jul,2017-07-14,Triquet,OP/NAP,143,6,NA,NA,NA,NA,NA,2.32,0.44,NA,,
2017-Jul,2017-07-14,Triquet,OP/NAP,143,7,NA,NA,NA,NA,NA,0.32,0.18,NA,,
2017-Jul,2017-07-14,Triquet,OP/NAP,143,8,NA,NA,NA,NA,NA,2.93,0.59,NA,,
2017-Jul,2017-07-14,Triquet,OP/NAP,143,9,NA,NA,NA,NA,NA,0.56,0.2,NA,,
2017-Jul,2017-07-14,Triquet,OP/NAP,144,1,NA,NA,NA,NA,NA,5.97,1.58,NA,,
2017-Jul,2017-07-14,Triquet,OP/NAP,144,2,NA,NA,NA,NA,NA,4.18,1.54,NA,,
2017-Jul,2017-07-14,Triquet,OP/NAP,144,3,NA,NA,NA,NA,NA,6.43,0.93,NA,,
2017-Jul,2017-07-14,Triquet,OP/NAP,144,4,NA,NA,NA,NA,NA,6.1,0.99,NA,,
2017-Jul,2017-07-14,Triquet,OP/NAP,144,5,NA,NA,NA,NA,NA,2.04,1,NA,,
2017-Jul,2017-07-14,Triquet,OP/NAP,144,6,NA,NA,NA,NA,NA,6.05,1.38,NA,,
2017-Jul,2017-07-14,Triquet,OP/NAP,144,7,NA,NA,NA,NA,NA,0.44,0.23,NA,,
2017-Jul,2017-07-14,Triquet,OP/NAP,144,8,NA,NA,NA,NA,NA,0.25,0.11,NA,,
2017-Jul,2017-07-14,Triquet,OP/NAP,144,9,NA,NA,NA,NA,NA,0.19,0.08,NA,,
2017-Jul,2017-07-14,Triquet,OP/NAP,144,NA,NA,NA,NA,NA,NA,NA,0.41,NA,extra biomass for plant,
2018-Aug,2018-08-18,Simmonds,NAP,70,1,NA,NA,NA,NA,NA,1.77,0.2,NA,,
2018-Aug,2018-08-18,Simmonds,NAP,70,2,NA,NA,NA,NA,NA,4.28,1.47,NA,Bag 17,
2018-Aug,2018-08-18,Simmonds,NAP,70,3,NA,NA,NA,NA,NA,1.57,0.16,NA,,
2018-Aug,2018-08-18,Simmonds,NAP,70,4,NA,NA,NA,NA,NA,5.47,0.32,NA,,
2018-Aug,2018-08-18,Simmonds,NAP,70,5,NA,NA,NA,NA,NA,6.14,0.68,NA,,
2018-Aug,2018-08-18,Simmonds,NAP,70,6,NA,NA,NA,NA,NA,8.48,1.51,NA,Bag 17,
2018-Aug,2018-08-18,Simmonds,NAP,70,7,NA,NA,NA,NA,NA,8.45,3.22,NA,,
2018-Aug,2018-08-18,Simmonds,NAP,70,8,NA,NA,NA,NA,NA,3.74,1.23,NA,,
2018-Aug,2018-08-18,Simmonds,NAP,25,1,NA,NA,NA,NA,NA,9.11,1.9,NA,,
2018-Aug,2018-08-18,Simmonds,NAP,25,2,NA,NA,NA,NA,NA,4.24,1.09,NA,Bag 015,
2018-Aug,2018-08-18,Simmonds,NAP,25,3,NA,NA,NA,NA,NA,0.74,0.14,NA,,
2018-Aug,2018-08-18,Simmonds,NAP,25,4,NA,NA,NA,NA,NA,7.47,1.91,NA,Bag 015,
2018-Aug,2018-08-18,Simmonds,NAP,25,5,NA,NA,NA,NA,NA,1.66,0.12,C,,
2018-Aug,2018-08-18,Simmonds,NAP,25,6,NA,NA,NA,NA,NA,1.86,0.06,C,,
2018-Aug,2018-08-18,Simmonds,NAP,59,1,NA,NA,NA,NA,NA,6.54,1.92,NA,,
2018-Aug,2018-08-18,Simmonds,NAP,59,2,NA,NA,NA,NA,NA,2.5,0.54,NA,,
2018-Aug,2018-08-18,Simmonds,NAP,59,3,NA,NA,NA,NA,NA,3.49,0.96,NA,Bag 026,
2018-Aug,2018-08-18,Simmonds,NAP,59,4,NA,NA,NA,NA,NA,2.74,0.18,C,,
2018-Aug,2018-08-18,Simmonds,NAP,59,5,NA,NA,NA,NA,NA,0.67,0.11,C,,
2018-Aug,2018-08-18,Simmonds,NAP,59,6,NA,NA,NA,NA,NA,9.03,1.27,NA,,
2018-Aug,2018-08-18,Simmonds,NAP,59,7,NA,NA,NA,NA,NA,11.21,2.61,NA,Bag 026,
2018-Aug,2018-08-18,Simmonds,NAP,59,8,NA,NA,NA,NA,NA,10.44,2.01,NA,,
2018-Aug,2018-08-18,Simmonds,NAP,59,NA,NA,NA,NA,NA,NA,NA,0.65,NA,extra biomass for plant,
2018-Aug,2018-08-18,Simmonds,NAP,75,1,NA,NA,NA,NA,NA,3.3,1.18,NA,,
2018-Aug,2018-08-18,Simmonds,NAP,75,2,NA,NA,NA,NA,NA,1.45,0.38,NA,,
2018-Aug,2018-08-18,Simmonds,NAP,75,3,NA,NA,NA,NA,NA,0.96,0.11,NA,,
2018-Aug,2018-08-18,Simmonds,NAP,75,4,NA,NA,NA,NA,NA,5.37,1.3,NA,Bag 010,
2018-Aug,2018-08-18,Simmonds,NAP,75,5,NA,NA,NA,NA,NA,6.4,1.6,NA,,
2018-Aug,2018-08-18,Simmonds,NAP,75,6,NA,NA,NA,NA,NA,8.5,1.49,NA,,
2018-Aug,2018-08-18,Simmonds,NAP,75,7,NA,NA,NA,NA,NA,7.88,1.43,NA,Bag 016,
2018-Aug,2018-08-18,Simmonds,NAP,75,8,NA,NA,NA,NA,NA,0.71,0.22,NA,,
2018-Aug,2018-08-18,Simmonds,NAP,94,1,NA,NA,NA,NA,NA,0.84,0.12,NA,,
2018-Aug,2018-08-18,Simmonds,NAP,94,2,NA,NA,NA,NA,NA,1.43,0.17,NA,,
2018-Aug,2018-08-18,Simmonds,NAP,94,3,NA,NA,NA,NA,NA,5.75,1.32,NA,Bag 012,
2018-Aug,2018-08-18,Simmonds,NAP,94,4,NA,NA,NA,NA,NA,2.99,0.19,C,,
2018-Aug,2018-08-18,Simmonds,NAP,94,5,NA,NA,NA,NA,NA,13.66,2.15,C,,
2018-Aug,2018-08-18,Simmonds,NAP,94,6,NA,NA,NA,NA,NA,3.69,0.83,NA,,
2018-Aug,2018-08-18,Simmonds,NAP,94,7,NA,NA,NA,NA,NA,3.18,0.21,NA,,
2018-Aug,2018-08-18,Simmonds,NAP,94,8,NA,NA,NA,NA,NA,12,1.47,NA,,
2018-Aug,2018-08-18,Simmonds,NAP,94,9,NA,NA,NA,NA,NA,6.93,1.86,NA,Bag 011,
2018-Aug,2018-08-18,Simmonds,NAP,94,10,NA,NA,NA,NA,NA,11.16,2.3,NA,,
2018-Aug,2018-08-18,Simmonds,NAP,94,11,NA,NA,NA,NA,NA,5.9,0.83,NA,,
2018-Aug,2018-08-18,Simmonds,NAP,94,NA,NA,NA,NA,NA,NA,NA,1.19,NA,extra biomass for plant,
2018-Aug,2018-08-17,Stryker,OP,1770,1,NA,NA,NA,NA,NA,6.79,0.73,C,,
2018-Aug,2018-08-17,Stryker,OP,1770,2,NA,NA,NA,NA,NA,4.41,0.83,NA,,
2018-Aug,2018-08-17,Stryker,OP,1770,3,NA,NA,NA,NA,NA,8.37,2.54,NA,,
2018-Aug,2018-08-17,Stryker,OP,1770,4,NA,NA,NA,NA,NA,1,0.32,NA,,
2018-Aug,2018-08-17,Stryker,OP,1770,5,NA,NA,NA,NA,NA,4.81,1.53,NA,bag 5,
2018-Aug,2018-08-17,Stryker,OP,1770,6,NA,NA,NA,NA,NA,11.82,1.47,NA,,
2018-Aug,2018-08-17,Stryker,OP,1770,7,NA,NA,NA,NA,NA,10.93,1.6,NA,,
2018-Aug,2018-08-17,Stryker,OP,2577,1,NA,NA,NA,NA,NA,8.95,1.46,NA,,
2018-Aug,2018-08-17,Stryker,OP,2577,2,NA,NA,NA,NA,NA,6.02,0.73,NA,,
2018-Aug,2018-08-17,Stryker,OP,2577,3,NA,NA,NA,NA,NA,3.75,0.59,NA,,
2018-Aug,2018-08-17,Stryker,OP,2577,4,NA,NA,NA,NA,NA,7.92,2.12,NA,,
2018-Aug,2018-08-17,Stryker,OP,2577,NA,NA,NA,NA,NA,NA,NA,1.43,NA,extra biomass for plant,
2018-Aug,2018-08-17,Stryker,OP,2555,1,NA,NA,NA,NA,NA,2.8,0.17,NA,,
2018-Aug,2018-08-17,Stryker,OP,2555,2,NA,NA,NA,NA,NA,1.7,0.36,NA,,
2018-Aug,2018-08-17,Stryker,OP,2555,3,NA,NA,NA,NA,NA,9.77,2.06,NA,Bag 029,
2018-Aug,2018-08-17,Stryker,OP,2555,4,NA,NA,NA,NA,NA,6.93,1.7,NA,Bag 029,
2018-Aug,2018-08-17,Stryker,OP,2555,5,NA,NA,NA,NA,NA,9.9,2.54,NA,,
2018-Aug,2018-08-17,Stryker,OP,2555,6,NA,NA,NA,NA,NA,9.68,2.57,NA,,
2018-Aug,2018-08-17,Stryker,OP,2555,7,NA,NA,NA,NA,NA,4.35,0.54,C,,
2018-Aug,2018-08-17,Stryker,OP,2555,8,NA,NA,NA,NA,NA,1.79,0.32,NA,,
2018-Aug,2018-08-17,Stryker,OP,2555,9,NA,NA,NA,NA,NA,0.9,0.07,C,,
2018-Aug,2018-08-17,Stryker,OP,2555,10,NA,NA,NA,NA,NA,2.75,0.26,C,,
2018-Aug,2018-08-17,Stryker,OP,2555,11,NA,NA,NA,NA,NA,1.76,0.2,C,,
2018-Aug,2018-08-17,Stryker,OP,2555,12,NA,NA,NA,NA,NA,2.97,0.31,C,,
2018-Aug,2018-08-17,Stryker,OP,2555,13,NA,NA,NA,NA,NA,2.2,0.2,C,,
2018-Aug,2018-08-17,Stryker,OP,2555,14,NA,NA,NA,NA,NA,1.81,0.24,C,,
2018-Aug,2018-08-17,Stryker,OP,2555,NA,NA,NA,NA,NA,NA,NA,1.92,NA,extra biomass for plant,
2018-Aug,2018-08-17,Stryker,OP,2575,1,NA,NA,NA,NA,NA,1.05,0.21,NA,Bag 09,
2018-Aug,2018-08-17,Stryker,OP,2575,2,NA,NA,NA,NA,NA,6.43,1.04,NA,Bag 09,
2018-Aug,2018-08-17,Stryker,OP,2575,3,NA,NA,NA,NA,NA,9.39,1.14,NA,,
2018-Aug,2018-08-17,Stryker,OP,2575,4,NA,NA,NA,NA,NA,0.47,0.1,NA,,
2018-Aug,2018-08-17,Stryker,OP,2575,5,NA,NA,NA,NA,NA,3.77,0.67,NA,,
2018-Aug,2018-08-17,Stryker,OP,2583,1,NA,NA,NA,NA,NA,10.08,2.43,NA,,
2018-Aug,2018-08-17,Stryker,OP,2583,2,NA,NA,NA,NA,NA,6.49,2.09,NA,Bag006,
2018-Aug,2018-08-17,Stryker,OP,2583,3,NA,NA,NA,NA,NA,11.34,1.68,C,,
2018-Aug,2018-08-17,Stryker,OP,2583,4,NA,NA,NA,NA,NA,6.25,0.49,C,,
2018-Aug,2018-08-17,Stryker,OP,2583,5,NA,NA,NA,NA,NA,1.25,0.27,C,,
2018-Aug,2018-08-17,Stryker,OP,2583,6,NA,NA,NA,NA,NA,9.25,2.4,NA,Bag 006,
2018-Aug,2018-08-17,Stryker,OP,2583,7,NA,NA,NA,NA,NA,4.71,1.07,C,,
2018-Aug,2018-08-17,Stryker,OP,2583,8,NA,NA,NA,NA,NA,1.15,0.2,NA,,
2018-Aug,2018-08-17,Stryker,OP,2583,9,NA,NA,NA,NA,NA,2.5,0.45,NA,,
2018-Aug,2018-08-17,Stryker,OP,2583,10,NA,NA,NA,NA,NA,7.68,2.74,NA,,
2018-Aug,2018-08-17,Stryker,OP,2583,11,NA,NA,NA,NA,NA,6.68,2.27,NA,,
2018-Aug,2018-08-17,Stryker,OP,2583,12,NA,NA,NA,NA,NA,7.8,0.67,C,,
2018-Aug,2018-08-17,Stryker,OP,2583,NA,NA,NA,NA,NA,NA,NA,0.07,NA,extra biomass for plant,
2018-Aug,2018-08-24,Triquet,OP/KH,1000,1,NA,NA,NA,NA,NA,0.32,0.05,NA,Bag 023/030,
2018-Aug,2018-08-24,Triquet,OP/KH,1000,2,NA,NA,NA,NA,NA,3.27,0.37,NA,,
2018-Aug,2018-08-24,Triquet,OP/KH,1000,3,NA,NA,NA,NA,NA,0.31,0.04,NA,,
2018-Aug,2018-08-24,Triquet,OP/KH,1000,4,NA,NA,NA,NA,NA,2.72,0.17,NA,,
2018-Aug,2018-08-24,Triquet,OP/KH,1000,5,NA,NA,NA,NA,NA,2.61,0.2,NA,,
2018-Aug,2018-08-24,Triquet,OP/KH,1000,6,NA,NA,NA,NA,NA,1.81,0.15,NA,,
2018-Aug,2018-08-24,Triquet,OP/KH,1000,7,NA,NA,NA,NA,NA,2.92,0.32,NA,,
2018-Aug,2018-08-24,Triquet,OP/KH,1000,8,NA,NA,NA,NA,NA,4.65,0.16,NA,,
2018-Aug,2018-08-24,Triquet,OP/KH,1000,9,NA,NA,NA,NA,NA,4.74,0.12,NA,,
2018-Aug,2018-08-24,Triquet,OP/KH,1000,10,NA,NA,NA,NA,NA,3.73,0.06,NA,,
2018-Aug,2018-08-24,Triquet,OP/KH,1001,1,NA,NA,NA,NA,NA,5.24,0.41,NA,Bag 019,
2018-Aug,2018-08-24,Triquet,OP/KH,1001,2,NA,NA,NA,NA,NA,5.67,0.24,NA,,
2018-Aug,2018-08-24,Triquet,OP/KH,1001,3,NA,NA,NA,NA,NA,3.31,0.48,NA,,
2018-Aug,2018-08-24,Triquet,OP/KH,1001,4,NA,NA,NA,NA,NA,4.94,0.36,NA,,
2018-Aug,2018-08-24,Triquet,OP/KH,1001,5,NA,NA,NA,NA,NA,5.41,0.71,NA,,
2018-Aug,2018-08-24,Triquet,OP/KH,1005,1,NA,NA,NA,NA,NA,2.3,0.44,NA,,
2018-Aug,2018-08-24,Triquet,OP/KH,1005,2,NA,NA,NA,NA,NA,3.43,0.6,NA,,
2018-Aug,2018-08-24,Triquet,OP/KH,1005,3,NA,NA,NA,NA,NA,3.56,1.08,NA,,
2018-Aug,2018-08-24,Triquet,OP/KH,1005,4,NA,NA,NA,NA,NA,2.03,0.21,NA,,
2018-Aug,2018-08-24,Triquet,OP/KH,1005,5,NA,NA,NA,NA,NA,0.4,0.18,NA,,
2018-Aug,2018-08-24,Triquet,OP/KH,1002,1,NA,NA,NA,NA,NA,2.29,0.46,NA,,
2018-Aug,2018-08-24,Triquet,OP/KH,1002,2,NA,NA,NA,NA,NA,5.03,1.04,NA,,
2018-Aug,2018-08-24,Triquet,OP/KH,1002,3,NA,NA,NA,NA,NA,7.25,0.66,NA,,
2018-Aug,2018-08-24,Triquet,OP/KH,1002,4,NA,NA,NA,NA,NA,6.09,1.2,NA,,
2018-Aug,2018-08-24,Triquet,OP/KH,1002,5,NA,NA,NA,NA,NA,7.66,0.55,NA,,
2018-Aug,2018-08-24,Triquet,OP/KH,1002,6,NA,NA,NA,NA,NA,2.39,0.42,NA,,
2018-Aug,2018-08-24,Triquet,OP/KH,1002,7,NA,NA,NA,NA,NA,7.4,0.63,NA,,
2018-Aug,2018-08-24,Triquet,OP/KH,1002,8,NA,NA,NA,NA,NA,3,0.69,NA,,
2018-Aug,2018-08-24,Triquet,OP/KH,1002,9,NA,NA,NA,NA,NA,4.72,1.01,NA,,
2018-Aug,2018-08-24,Triquet,OP/KH,1002,10,NA,NA,NA,NA,NA,5.79,1.14,NA,,
2018-Aug,2018-08-24,Triquet,OP/KH,1002,11,NA,NA,NA,NA,NA,6.6,0.79,NA,,
2018-Aug,2018-08-24,Triquet,OP/KH,1002,12,NA,NA,NA,NA,NA,6.4,1.39,NA,,
2018-Aug,2018-08-24,Triquet,OP/KH,1002,13,NA,NA,NA,NA,NA,2.33,0.36,C,,
2018-Aug,2018-08-24,Triquet,OP/KH,1002,NA,NA,NA,NA,NA,NA,NA,1.06,NA,extra biomass for plant,
2018-Aug,2018-08-24,Triquet,OP/KH,1003,1,NA,NA,NA,NA,NA,6.99,1.55,NA,,
2018-Aug,2018-08-24,Triquet,OP/KH,1003,2,NA,NA,NA,NA,NA,7.98,1.61,NA,,
2018-Aug,2018-08-24,Triquet,OP/KH,1003,3,NA,NA,NA,NA,NA,9.8,1.27,NA,,
2018-Aug,2018-08-24,Triquet,OP/KH,1003,4,NA,NA,NA,NA,NA,12.07,1.86,C,,
2018-Aug,2018-08-24,Triquet,OP/KH,1003,5,NA,NA,NA,NA,NA,3.9,0.71,NA,,
2018-Aug,2018-08-24,Triquet,OP/KH,1003,6,NA,NA,NA,NA,NA,5.4,1.16,NA,,
2018-Aug,2018-08-24,Triquet,OP/KH,1003,7,NA,NA,NA,NA,NA,2.13,0.25,NA,,
2018-Aug,2018-08-24,Triquet,OP/KH,1003,NA,NA,NA,NA,NA,NA,NA,0.48,NA,extra biomass for plant,
2018-Aug,2018-08-24,Triquet,OP/KH,1003,NA,NA,NA,NA,NA,NA,NA,0.38,NA,extra biomass for plant,
2018-Aug,2018-08-24,Triquet,OP/KH,1003,10,NA,NA,NA,NA,NA,2.56,0.48,NA,,
2018-Aug,2018-08-24,Triquet,OP/KH,1003,11,NA,NA,NA,NA,NA,2.03,0.3,NA,,
2018-Aug,2018-08-24,Triquet,OP/KH,1003,12,NA,NA,NA,NA,NA,3.94,0.16,NA,,
2018-Aug,2018-08-24,Triquet,OP/KH,1003,13,NA,NA,NA,NA,NA,2.52,0.31,NA,,
2018-Aug,2018-08-24,Triquet,OP/KH,1003,14,NA,NA,NA,NA,NA,4.1,0.22,NA,,
2018-Aug,2018-08-24,Triquet,OP/KH,1003,15,NA,NA,NA,NA,NA,0.7,0.23,NA,,
2018-Aug,2018-08-24,Triquet,OP/KH,1003,NA,NA,NA,NA,NA,NA,NA,0.5,NA,extra biomass for plant,
2018-Aug,2018-08-22,Westbeach,OP/KH,1782,1,NA,NA,NA,NA,NA,2.48,0.56,NA,,
2018-Aug,2018-08-22,Westbeach,OP/KH,1782,2,NA,NA,NA,NA,NA,0.29,0.04,NA,,
2018-Aug,2018-08-22,Westbeach,OP/KH,1782,3,NA,NA,NA,NA,NA,4.72,0.9,NA,,
2018-Aug,2018-08-22,Westbeach,OP/KH,1782,4,NA,NA,NA,NA,NA,1.54,0.35,NA,,
2018-Aug,2018-08-22,Westbeach,OP/KH,1782,5,NA,NA,NA,NA,NA,0.25,0.09,NA,,
2018-Aug,2018-08-22,Westbeach,OP/KH,1782,6,NA,NA,NA,NA,NA,2.59,0.72,NA,,
2018-Aug,2018-08-22,Westbeach,OP/KH,1782,7,NA,NA,NA,NA,NA,6.5,1.11,NA,,
2018-Aug,2018-08-22,Westbeach,OP/KH,1782,8,NA,NA,NA,NA,NA,6.02,1.3,NA,,
2018-Aug,2018-08-22,Westbeach,OP/KH,1782,9,NA,NA,NA,NA,NA,1.49,0.2,NA,,
2018-Aug,2018-08-22,Westbeach,OP/KH,1782,10,NA,NA,NA,NA,NA,2.87,0.8,NA,,
2018-Aug,2018-08-22,Westbeach,OP/KH,1782,11,NA,NA,NA,NA,NA,1.49,0.34,NA,,
2018-Aug,2018-08-22,Westbeach,OP/KH,4727,1,NA,NA,NA,NA,NA,3.51,0.66,NA,,
2018-Aug,2018-08-22,Westbeach,OP/KH,4727,2,NA,NA,NA,NA,NA,3.84,0.78,NA,,
2018-Aug,2018-08-22,Westbeach,OP/KH,4727,3,NA,NA,NA,NA,NA,5.24,0.73,NA,,
2018-Aug,2018-08-22,Westbeach,OP/KH,4727,4,NA,NA,NA,NA,NA,0.53,0.12,NA,,
2018-Aug,2018-08-22,Westbeach,OP/KH,4727,5,NA,NA,NA,NA,NA,5.47,0.85,NA,,
2018-Aug,2018-08-22,Westbeach,OP/KH,4727,6,NA,NA,NA,NA,NA,0.95,0.23,NA,,
2018-Aug,2018-08-22,Westbeach,OP/KH,4728,1,NA,NA,NA,NA,NA,1.13,0.1,NA,Bag 002/028,
2018-Aug,2018-08-22,Westbeach,OP/KH,4728,2,NA,NA,NA,NA,NA,6.82,0.82,NA,,
2018-Aug,2018-08-22,Westbeach,OP/KH,4728,3,NA,NA,NA,NA,NA,8.45,0.71,NA,,
2018-Aug,2018-08-22,Westbeach,OP/KH,4728,4,NA,NA,NA,NA,NA,0.68,0.11,NA,,
2018-Aug,2018-08-22,Westbeach,OP/KH,4728,5,NA,NA,NA,NA,NA,2.01,0.32,NA,,
2018-Aug,2018-08-22,Westbeach,OP/KH,4728,6,NA,NA,NA,NA,NA,7.27,1.14,NA,,
2018-Aug,2018-08-22,Westbeach,OP/KH,4728,7,NA,NA,NA,NA,NA,1.69,0.36,NA,,
2018-Aug,2018-08-22,Westbeach,OP/KH,4728,8,NA,NA,NA,NA,NA,2.08,0.31,NA,,
2018-Aug,2018-08-22,Westbeach,OP/KH,4728,9,NA,NA,NA,NA,NA,4.62,1.11,NA,,
2018-Aug,2018-08-22,Westbeach,OP/KH,4728,10,NA,NA,NA,NA,NA,6.32,1.4,NA,,
2018-Aug,2018-08-22,Westbeach,OP/KH,4728,11,NA,NA,NA,NA,NA,11.99,0.97,NA,,
2018-Aug,2018-08-22,Westbeach,OP/KH,4728,12,NA,NA,NA,NA,NA,1.56,0.26,NA,,
2018-Aug,2018-08-22,Westbeach,OP/KH,4729,1,NA,NA,NA,NA,NA,6.37,1.09,NA,Bag 021/022,
2018-Aug,2018-08-22,Westbeach,OP/KH,4729,2,NA,NA,NA,NA,NA,8.32,1.32,NA,,
2018-Aug,2018-08-22,Westbeach,OP/KH,4729,3,NA,NA,NA,NA,NA,7.66,1,NA,,
2018-Aug,2018-08-22,Westbeach,OP/KH,4729,4,NA,NA,NA,NA,NA,2.78,0.49,NA,,
2018-Aug,2018-08-22,Westbeach,OP/KH,4729,5,NA,NA,NA,NA,NA,8.12,1.59,NA,,
2018-Aug,2018-08-22,Westbeach,OP/KH,4729,6,NA,NA,NA,NA,NA,7.09,1.07,NA,,
2018-Aug,2018-08-22,Westbeach,OP/KH,4729,7,NA,NA,NA,NA,NA,0.8,0.13,NA,,
2018-Aug,2018-08-22,Westbeach,OP/KH,4729,8,NA,NA,NA,NA,NA,0.92,0.18,NA,,
2018-Aug,2018-08-22,Westbeach,OP/KH,4730,1,NA,NA,NA,NA,NA,1.74,0.19,NA,Bag 032/025,
2018-Aug,2018-08-22,Westbeach,OP/KH,4730,2,NA,NA,NA,NA,NA,7.07,1.6,NA,,
2018-Aug,2018-08-22,Westbeach,OP/KH,4730,3,NA,NA,NA,NA,NA,12.03,1.67,NA,,
2018-Aug,2018-08-22,Westbeach,OP/KH,4730,4,NA,NA,NA,NA,NA,8.66,1.17,NA,,
2018-Aug,2018-08-22,Westbeach,OP/KH,4730,5,NA,NA,NA,NA,NA,6.85,1.3,NA,,
2018-Aug,2018-08-22,Westbeach,OP/KH,4730,6,NA,NA,NA,NA,NA,14.15,2.01,NA,,
2018-Aug,2018-08-22,Westbeach,OP/KH,4730,7,NA,NA,NA,NA,NA,7.29,2.22,NA,,
2018-Aug,2018-08-22,Westbeach,OP/KH,4730,8,NA,NA,NA,NA,NA,11.24,1.81,NA,,
2018-Aug,2018-08-22,Westbeach,OP/KH,4730,9,NA,NA,NA,NA,NA,3.18,0.35,NA,,
2018-Aug,2018-08-22,Westbeach,OP/KH,4730,10,NA,NA,NA,NA,NA,7.68,2.06,NA,,
2018-Aug,2018-08-22,Westbeach,OP/KH,4730,11,NA,NA,NA,NA,NA,9.74,1.93,NA,,
2018-Aug,2018-08-22,Westbeach,OP/KH,4730,12,NA,NA,NA,NA,NA,2.58,0.28,NA,,
2018-Aug,2018-08-29,Womanley,NAP/OP,51,1,NA,NA,NA,NA,NA,6.74,0.54,C,,
2018-Aug,2018-08-29,Womanley,NAP/OP,51,2,NA,NA,NA,NA,NA,1.19,0.13,NA,,
2018-Aug,2018-08-29,Womanley,NAP/OP,51,3,NA,NA,NA,NA,NA,6.78,1.75,NA,,
2018-Aug,2018-08-29,Womanley,NAP/OP,51,4,NA,NA,NA,NA,NA,6.56,0.45,C,,
2018-Aug,2018-08-29,Womanley,NAP/OP,51,5,NA,NA,NA,NA,NA,0.86,0.27,C,,
2018-Aug,2018-08-29,Womanley,NAP/OP,51,6,NA,NA,NA,NA,NA,5.87,0.55,NA,,
2018-Aug,2018-08-29,Womanley,NAP/OP,51,7,NA,NA,NA,NA,NA,1.92,0.44,NA,,
2018-Aug,2018-08-29,Womanley,NAP/OP,51,8,NA,NA,NA,NA,NA,5.17,1.16,NA,,
2018-Aug,2018-08-29,Womanley,NAP/OP,51,9,NA,NA,NA,NA,NA,7.29,1.64,NA,,
2018-Aug,2018-08-29,Womanley,NAP/OP,51,10,NA,NA,NA,NA,NA,7.97,1.86,NA,,
2018-Aug,2018-08-29,Womanley,NAP/OP,51,11,NA,NA,NA,NA,NA,8.26,1.69,NA,,
2018-Aug,2018-08-29,Womanley,NAP/OP,51,12,NA,NA,NA,NA,NA,4.79,0.31,C,,
2018-Aug,2018-08-29,Womanley,NAP/OP,51,13,NA,NA,NA,NA,NA,4.79,0.27,C,,
2018-Aug,2018-08-29,Womanley,NAP/OP,51,14,NA,NA,NA,NA,NA,7.18,1.27,NA,,
2018-Aug,2018-08-29,Womanley,NAP/OP,51,15,NA,NA,NA,NA,NA,6.49,1.19,NA,,
2018-Aug,2018-08-29,Womanley,NAP/OP,51,16,NA,NA,NA,NA,NA,2.6,0.37,NA,,
2018-Aug,2018-08-29,Womanley,NAP/OP,51,17,NA,NA,NA,NA,NA,5.33,1.09,NA,,
2018-Aug,2018-08-29,Womanley,NAP/OP,51,18,NA,NA,NA,NA,NA,2.07,0.27,NA,,
2018-Aug,2018-08-29,Womanley,NAP/OP,51,19,NA,NA,NA,NA,NA,1.92,0.32,NA,,
2018-Aug,2018-08-29,Womanley,NAP/OP,51,20,NA,NA,NA,NA,NA,4.17,0.43,NA,,
2018-Aug,2018-08-29,Womanley,NAP/OP,51,NA,NA,NA,NA,NA,NA,NA,2.2,NA,extra biomass for plant,
2018-Aug,2018-08-29,Womanley,NAP/OP,25,1,NA,NA,NA,NA,NA,6.87,0.3,C,,
2018-Aug,2018-08-29,Womanley,NAP/OP,25,2,NA,NA,NA,NA,NA,3.02,1.36,NA,,
2018-Aug,2018-08-29,Womanley,NAP/OP,25,3,NA,NA,NA,NA,NA,10.6,1.04,NA,,
2018-Aug,2018-08-29,Womanley,NAP/OP,25,4,NA,NA,NA,NA,NA,5.23,0.9,NA,,
2018-Aug,2018-08-29,Womanley,NAP/OP,25,5,NA,NA,NA,NA,NA,6.77,0.98,NA,,
2018-Aug,2018-08-29,Womanley,NAP/OP,25,6,NA,NA,NA,NA,NA,1.7,0.23,NA,,
2018-Aug,2018-08-29,Womanley,NAP/OP,25,7,NA,NA,NA,NA,NA,4,0.89,NA,,
2018-Aug,2018-08-29,Womanley,NAP/OP,25,NA,NA,NA,NA,NA,NA,NA,0.75,NA,extra biomass for plant,
2018-Aug,2018-08-29,Womanley,NAP/OP,56,1,NA,NA,NA,NA,NA,6.4,0.68,NA,,
2018-Aug,2018-08-29,Womanley,NAP/OP,56,2,NA,NA,NA,NA,NA,4.45,0.66,NA,,
2018-Aug,2018-08-29,Womanley,NAP/OP,56,3,NA,NA,NA,NA,NA,5.91,0.3,NA,,
2018-Aug,2018-08-29,Womanley,NAP/OP,56,4,NA,NA,NA,NA,NA,2.82,0.49,NA,,
2018-Aug,2018-08-29,Womanley,NAP/OP,56,NA,NA,NA,NA,NA,NA,NA,2,NA,extra biomass for plant,
2018-Aug,2018-08-29,Womanley,NAP/OP,75,1,NA,NA,NA,NA,NA,2.9,0.57,NA,,
2018-Aug,2018-08-29,Womanley,NAP/OP,75,2,NA,NA,NA,NA,NA,6.41,1.3,NA,,
2018-Aug,2018-08-29,Womanley,NAP/OP,75,3,NA,NA,NA,NA,NA,5.28,0.27,NB,,
2018-Aug,2018-08-29,Womanley,NAP/OP,75,4,NA,NA,NA,NA,NA,2.82,0.64,NA,,
2018-Aug,2018-08-29,Womanley,NAP/OP,75,5,NA,NA,NA,NA,NA,4,0.13,NA,,
2018-Aug,2018-08-29,Womanley,NAP/OP,75,6,NA,NA,NA,NA,NA,3.04,1.05,NB,,
2018-Aug,2018-08-29,Womanley,NAP/OP,75,7,NA,NA,NA,NA,NA,8.03,1.68,NA,,
2018-Aug,2018-08-29,Womanley,NAP/OP,75,8,NA,NA,NA,NA,NA,7.91,2.38,NA,,
2018-Aug,2018-08-29,Womanley,NAP/OP,75,9,NA,NA,NA,NA,NA,1.96,0.29,NA,,
2018-Aug,2018-08-29,Womanley,NAP/OP,53,1,NA,NA,NA,NA,NA,8.15,2.07,NA,,
2018-Aug,2018-08-29,Womanley,NAP/OP,53,2,NA,NA,NA,NA,NA,11.35,2.45,NA,,
2018-Aug,2018-08-29,Womanley,NAP/OP,53,3,NA,NA,NA,NA,NA,2.99,0.4,NA,,
2018-Aug,2018-08-29,Womanley,NAP/OP,53,4,NA,NA,NA,NA,NA,9.25,1.68,NA,,
2018-Aug,2018-08-29,Womanley,NAP/OP,53,5,NA,NA,NA,NA,NA,2.98,0.39,C,,
2018-Aug,2018-08-29,Womanley,NAP/OP,53,6,NA,NA,NA,NA,NA,1.75,0.26,C,,
2018-Aug,2018-08-29,Womanley,NAP/OP,53,7,NA,NA,NA,NA,NA,7.21,1.15,C/NB,,
2018-Aug,2018-08-29,Womanley,NAP/OP,53,8,NA,NA,NA,NA,NA,9.8,1.23,NB,,
2018-Aug,2018-08-29,Womanley,NAP/OP,53,9,NA,NA,NA,NA,NA,1.71,0.28,NA,,
2018-Aug,2018-08-29,Womanley,NAP/OP,53,10,NA,NA,NA,NA,NA,7.22,0.44,NB,,
2018-Aug,2018-08-29,Womanley,NAP/OP,53,11,NA,NA,NA,NA,NA,11.03,2.42,NA,,
2018-Aug,2018-08-29,Womanley,NAP/OP,53,12,NA,NA,NA,NA,NA,4.77,0.95,NA,,
2018-Aug,2018-08-29,Womanley,NAP/OP,53,13,NA,NA,NA,NA,NA,9.55,1.29,NA,,
2018-Aug,2018-08-29,Womanley,NAP/OP,53,14,NA,NA,NA,NA,NA,6.96,1.18,NA,,
2018-Aug,2018-08-29,Womanley,NAP/OP,53,15,NA,NA,NA,NA,NA,8.98,2.86,NA,,
2018-Aug,2018-08-29,Womanley,NAP/OP,53,NA,NA,NA,NA,NA,NA,NA,8.86,NA,extra biomass for plant,
2014-Jun,2014-06-03,Golden,KK,838,1,NA,NA,NA,NA,NA,2.7,1.08,NA,"collected from surface, not full fronds, but the top 1/2 to 1/3 or so.",
2014-Jun,2014-06-03,Golden,KK,838,2,NA,NA,NA,NA,NA,0.7,0.19,C/NB,"collected from surface, not full fronds, but the top 1/2 to 1/3 or so.",
2014-Jun,2014-06-03,Golden,KK,838,3,NA,NA,NA,NA,NA,0.9,0.39,NA,"collected from surface, not full fronds, but the top 1/2 to 1/3 or so.",
2014-Jun,2014-06-03,Golden,KK,838,4,NA,NA,NA,NA,NA,5.85,3.25,NA,"collected from surface, not full fronds, but the top 1/2 to 1/3 or so.",
2014-Jun,2014-06-03,Golden,KK,871,1,NA,NA,NA,NA,NA,4.15,1.46,NA,"collected from surface, not full fronds, but the top 1/2 to 1/3 or so.",
2014-Jun,2014-06-03,Golden,KK,871,2,NA,NA,NA,NA,NA,10.9,2.1,C,"collected from surface, not full fronds, but the top 1/2 to 1/3 or so.",
2014-Jun,2014-06-03,Golden,KK,871,3,NA,NA,NA,NA,NA,3.6,1.86,NA,"collected from surface, not full fronds, but the top 1/2 to 1/3 or so.",
2014-Jun,2014-06-03,Golden,KK,871,4,NA,NA,NA,NA,NA,9.45,3.77,NA,"collected from surface, not full fronds, but the top 1/2 to 1/3 or so.",
2014-Jun,2014-06-03,Golden,KK,871,5,NA,NA,NA,NA,NA,4.8,0.69,NA,"collected from surface, not full fronds, but the top 1/2 to 1/3 or so.",
2014-Jun,2014-06-03,Golden,KK,871,6,NA,NA,NA,NA,NA,9.8,3.8,NA,"collected from surface, not full fronds, but the top 1/2 to 1/3 or so.",
2014-Jun,2014-06-03,Golden,KK,871,7,NA,NA,NA,NA,NA,3.7,0.54,NA,"collected from surface, not full fronds, but the top 1/2 to 1/3 or so.",
2014-Jun,2014-06-03,Golden,KK,871,8,NA,NA,NA,NA,NA,4.65,1.79,NA,"collected from surface, not full fronds, but the top 1/2 to 1/3 or so.",
2014-Jun,2014-06-03,Golden,KK,871,9,NA,NA,NA,NA,NA,5.4,2.25,NA,"collected from surface, not full fronds, but the top 1/2 to 1/3 or so.",
2014-Jun,2014-06-03,Golden,KK,871,10,NA,NA,NA,NA,NA,4.9,2.02,NA,"collected from surface, not full fronds, but the top 1/2 to 1/3 or so.",
2014-Jun,2014-06-03,Golden,KK,871,11,NA,NA,NA,NA,NA,4.5,1.05,NA,"collected from surface, not full fronds, but the top 1/2 to 1/3 or so.",
2014-Jun,2014-06-03,Golden,KK,871,12,NA,NA,NA,NA,NA,5.5,2.75,NA,"collected from surface, not full fronds, but the top 1/2 to 1/3 or so.",
2014-Jun,2014-06-03,Golden,KK,871,13,NA,NA,NA,NA,NA,4.5,1.07,NA,"collected from surface, not full fronds, but the top 1/2 to 1/3 or so.",
2014-Jun,2014-06-03,Golden,KK,871,14,NA,NA,NA,NA,NA,3.6,0.97,NA,"collected from surface, not full fronds, but the top 1/2 to 1/3 or so.",
2014-Jun,2014-06-03,Golden,KK,871,15,NA,NA,NA,NA,NA,1.7,0.74,NA,"collected from surface, not full fronds, but the top 1/2 to 1/3 or so.",
2014-Jun,2014-06-03,Golden,KK,871,16,NA,NA,NA,NA,NA,1,0.21,NA,"collected from surface, not full fronds, but the top 1/2 to 1/3 or so.",
2014-Jun,2014-06-03,Golden,KK,871,17,NA,NA,NA,NA,NA,2.6,0.38,NA,"collected from surface, not full fronds, but the top 1/2 to 1/3 or so.",
2014-Jun,2014-06-03,Golden,KK,871,18,NA,NA,NA,NA,NA,2,1.01,NA,"collected from surface, not full fronds, but the top 1/2 to 1/3 or so.",
2014-Jun,2014-06-03,Golden,KK,871,19,NA,NA,NA,NA,NA,1.2,0.53,NA,"collected from surface, not full fronds, but the top 1/2 to 1/3 or so.",
2014-Jun,2014-06-03,Golden,KK,871,20,NA,NA,NA,NA,NA,2.6,1.03,NA,"collected from surface, not full fronds, but the top 1/2 to 1/3 or so.",
2014-Jun,2014-06-03,Golden,KK,869,1,NA,NA,NA,NA,NA,2.85,0.89,NA,"collected from surface, not full fronds, but the top 1/2 to 1/3 or so.",
2014-Jun,2014-06-03,Golden,KK,869,2,NA,NA,NA,NA,NA,4.45,1.04,NA,"collected from surface, not full fronds, but the top 1/2 to 1/3 or so.",
2014-Jun,2014-06-03,Golden,KK,869,3,NA,NA,NA,NA,NA,5.1,2.34,NA,"collected from surface, not full fronds, but the top 1/2 to 1/3 or so.",
2014-Jun,2014-06-03,Golden,KK,869,4,NA,NA,NA,NA,NA,6.4,2.63,NA,"collected from surface, not full fronds, but the top 1/2 to 1/3 or so.",
2014-Jun,2014-06-03,Golden,KK,869,5,NA,NA,NA,NA,NA,2.7,0.55,NA,"collected from surface, not full fronds, but the top 1/2 to 1/3 or so.",
2014-Jun,2014-06-03,Golden,KK,869,6,NA,NA,NA,NA,NA,5.9,2.89,NA,"collected from surface, not full fronds, but the top 1/2 to 1/3 or so.",
2014-Jun,2014-06-03,Golden,KK,869,7,NA,NA,NA,NA,NA,5,1.72,NA,"collected from surface, not full fronds, but the top 1/2 to 1/3 or so.",
2014-Jun,2014-06-03,Golden,KK,869,8,NA,NA,NA,NA,NA,3.1,0.92,NA,"collected from surface, not full fronds, but the top 1/2 to 1/3 or so.",
2014-Jun,2014-06-03,Golden,KK,869,9,NA,NA,NA,NA,NA,2.7,0.69,NA,"collected from surface, not full fronds, but the top 1/2 to 1/3 or so.",
2014-Jun,2014-06-03,Golden,KK,869,10,NA,NA,NA,NA,NA,0.8,0.31,NA,"collected from surface, not full fronds, but the top 1/2 to 1/3 or so.",
2014-Jun,2014-06-03,Golden,KK,869,11,NA,NA,NA,NA,NA,1.9,0.7,NA,"collected from surface, not full fronds, but the top 1/2 to 1/3 or so.",
2014-Jun,2014-06-03,Golden,KK,869,12,NA,NA,NA,NA,NA,1.5,0.3,NA,"collected from surface, not full fronds, but the top 1/2 to 1/3 or so.",
2014-Jun,2014-06-03,Golden,KK,869,13,NA,NA,NA,NA,NA,0.7,0.1,NA,"collected from surface, not full fronds, but the top 1/2 to 1/3 or so.",
2014-Jun,2014-06-03,Golden,KK,869,14,NA,NA,NA,NA,NA,1.3,0.28,NA,"collected from surface, not full fronds, but the top 1/2 to 1/3 or so.",
2014-Jun,2014-06-03,Golden,KK,869,15,NA,NA,NA,NA,NA,1,0.54,NA,"collected from surface, not full fronds, but the top 1/2 to 1/3 or so.",
2014-Jun,2014-06-04,Meay,KK,860,1,NA,NA,NA,NA,NA,1.6,1.46,NA,"collected from surface, not full fronds, but the top 1/2 to 1/3 or so.",
2014-Jun,2014-06-04,Meay,KK,860,2,NA,NA,NA,NA,NA,1.5,1.19,NA,"collected from surface, not full fronds, but the top 1/2 to 1/3 or so.",
2014-Jun,2014-06-04,Meay,KK,860,3,NA,NA,NA,NA,NA,4.95,3.8,NA,"collected from surface, not full fronds, but the top 1/2 to 1/3 or so.",
2014-Jun,2014-06-04,Meay,KK,860,4,NA,NA,NA,NA,NA,5.95,4.68,NA,"collected from surface, not full fronds, but the top 1/2 to 1/3 or so.",
2014-Jun,2014-06-04,Meay,KK,860,5,NA,NA,NA,NA,NA,0.75,0.46,NA,"collected from surface, not full fronds, but the top 1/2 to 1/3 or so.",
2014-Jun,2014-06-04,Meay,KK,862,1,NA,NA,NA,NA,NA,0.95,0.47,NA,"collected from surface, not full fronds, but the top 1/2 to 1/3 or so.",
2014-Jun,2014-06-04,Meay,KK,862,2,NA,NA,NA,NA,NA,1.7,1.17,NA,"collected from surface, not full fronds, but the top 1/2 to 1/3 or so.",
2014-Jun,2014-06-04,Meay,KK,862,3,NA,NA,NA,NA,NA,2.25,1.44,NA,"collected from surface, not full fronds, but the top 1/2 to 1/3 or so.",
2014-Jun,2014-06-04,Meay,KK,862,4,NA,NA,NA,NA,NA,4.5,1.5,NA,"collected from surface, not full fronds, but the top 1/2 to 1/3 or so.",
2014-Jun,2014-06-04,Meay,KK,862,5,NA,NA,NA,NA,NA,3.3,1.42,NA,"collected from surface, not full fronds, but the top 1/2 to 1/3 or so.",
2014-Jun,2014-06-04,Meay,KK,862,6,NA,NA,NA,NA,NA,3,1.6,NA,"collected from surface, not full fronds, but the top 1/2 to 1/3 or so.",
2014-Jun,2014-06-04,Meay,KK,862,7,NA,NA,NA,NA,NA,4.5,3.05,NA,"collected from surface, not full fronds, but the top 1/2 to 1/3 or so.",
2014-Jun,2014-06-04,Meay,KK,862,8,NA,NA,NA,NA,NA,4.7,3.7,NA,"collected from surface, not full fronds, but the top 1/2 to 1/3 or so.",
2014-Jun,2014-06-04,Meay,KK,862,9,NA,NA,NA,NA,NA,0.95,0.27,NA,"collected from surface, not full fronds, but the top 1/2 to 1/3 or so.",
2014-Jun,2014-06-04,Meay,KK,857,1,NA,NA,NA,NA,NA,1.5,0.55,NA,"collected from surface, not full fronds, but the top 1/2 to 1/3 or so.",
2014-Jun,2014-06-04,Meay,KK,857,2,NA,NA,NA,NA,NA,0.7,0.22,NA,"collected from surface, not full fronds, but the top 1/2 to 1/3 or so.",
2014-Jun,2014-06-04,Meay,KK,857,3,NA,NA,NA,NA,NA,0.15,0.18,NA,"collected from surface, not full fronds, but the top 1/2 to 1/3 or so.",
2014-Jun,2014-06-04,Meay,KK,857,4,NA,NA,NA,NA,NA,1.6,0.62,NA,"collected from surface, not full fronds, but the top 1/2 to 1/3 or so.",
2014-Jun,2014-06-04,Meay,KK,857,5,NA,NA,NA,NA,NA,2.85,1.4,NA,"collected from surface, not full fronds, but the top 1/2 to 1/3 or so.",
2014-Jun,2014-06-04,Meay,KK,857,6,NA,NA,NA,NA,NA,4,0.85,NA,"collected from surface, not full fronds, but the top 1/2 to 1/3 or so.",
2014-Jun,2014-06-04,Meay,KK,857,7,NA,NA,NA,NA,NA,3.1,1.44,NA,"collected from surface, not full fronds, but the top 1/2 to 1/3 or so.",
2014-Jun,2014-06-04,Meay,KK,857,8,NA,NA,NA,NA,NA,2.2,0.99,NA,"collected from surface, not full fronds, but the top 1/2 to 1/3 or so.",
2014-Jun,2014-06-04,Meay,KK,857,9,NA,NA,NA,NA,NA,1.35,0.79,NA,"collected from surface, not full fronds, but the top 1/2 to 1/3 or so.",
2014-Jun,2014-06-04,Meay,KK,857,10,NA,NA,NA,NA,NA,6.05,2.23,NA,"collected from surface, not full fronds, but the top 1/2 to 1/3 or so.",
2014-Jun,2014-06-05,Simmonds,KK,855,1,NA,NA,NA,NA,NA,3,2.09,NA,"collected from surface, not full fronds, but the top 1/2 to 1/3 or so.",
2014-Jun,2014-06-05,Simmonds,KK,855,2,NA,NA,NA,NA,NA,4,0.85,C/NB,"collected from surface, not full fronds, but the top 1/2 to 1/3 or so.",
2014-Jun,2014-06-05,Simmonds,KK,855,3,NA,NA,NA,NA,NA,5.7,1.69,C,"collected from surface, not full fronds, but the top 1/2 to 1/3 or so.",
2014-Jun,2014-06-05,Simmonds,KK,855,4,NA,NA,NA,NA,NA,4.5,2.23,NA,"collected from surface, not full fronds, but the top 1/2 to 1/3 or so.",
2014-Jun,2014-06-05,Simmonds,KK,855,5,NA,NA,NA,NA,NA,3.3,0.91,C,"collected from surface, not full fronds, but the top 1/2 to 1/3 or so.",
2014-Jun,2014-06-05,Simmonds,KK,855,6,NA,NA,NA,NA,NA,4.6,2.96,NA,"collected from surface, not full fronds, but the top 1/2 to 1/3 or so.",
2014-Jun,2014-06-05,Simmonds,KK,855,7,NA,NA,NA,NA,NA,5.7,3.63,NA,"collected from surface, not full fronds, but the top 1/2 to 1/3 or so.",
2014-Jun,2014-06-05,Simmonds,KK,855,8,NA,NA,NA,NA,NA,0.75,0.63,NA,"collected from surface, not full fronds, but the top 1/2 to 1/3 or so.",
2014-Jun,2014-06-05,Simmonds,KK,855,9,NA,NA,NA,NA,NA,7,2.25,NA,"collected from surface, not full fronds, but the top 1/2 to 1/3 or so.",
2014-Jun,2014-06-05,Simmonds,KK,855,10,NA,NA,NA,NA,NA,9,3.22,NA,"collected from surface, not full fronds, but the top 1/2 to 1/3 or so.",
2014-Jun,2014-06-05,Simmonds,KK,855,11,NA,NA,NA,NA,NA,1.4,1.16,C,"collected from surface, not full fronds, but the top 1/2 to 1/3 or so.",
2014-Jun,2014-06-05,Simmonds,KK,855,12,NA,NA,NA,NA,NA,3,3.18,NA,"collected from surface, not full fronds, but the top 1/2 to 1/3 or so.",
2014-Jun,2014-06-05,Simmonds,KK,855,13,NA,NA,NA,NA,NA,1.45,1.18,NA,"collected from surface, not full fronds, but the top 1/2 to 1/3 or so.",
2014-Jun,2014-06-05,Simmonds,KK,855,14,NA,NA,NA,NA,NA,2.6,2.32,NA,"collected from surface, not full fronds, but the top 1/2 to 1/3 or so.",
2014-Jun,2014-06-05,Simmonds,KK,855,15,NA,NA,NA,NA,NA,3.95,3.41,NA,"collected from surface, not full fronds, but the top 1/2 to 1/3 or so.",
2014-Jun,2014-06-05,Simmonds,KK,873,1,NA,NA,NA,NA,NA,5.3,3.48,NA,"collected from surface, not full fronds, but the top 1/2 to 1/3 or so.",
2014-Jun,2014-06-05,Simmonds,KK,873,2,NA,NA,NA,NA,NA,3.1,1.58,NA,"collected from surface, not full fronds, but the top 1/2 to 1/3 or so.",
2014-Jun,2014-06-05,Simmonds,KK,873,3,NA,NA,NA,NA,NA,0.8,0.47,NA,"collected from surface, not full fronds, but the top 1/2 to 1/3 or so.",
2014-Jun,2014-06-05,Simmonds,KK,873,4,NA,NA,NA,NA,NA,1.5,1.12,NA,"collected from surface, not full fronds, but the top 1/2 to 1/3 or so.",
2014-Jun,2014-06-05,Simmonds,KK,873,5,NA,NA,NA,NA,NA,2.8,1.31,NA,"collected from surface, not full fronds, but the top 1/2 to 1/3 or so.",
2014-Jun,2014-06-05,Simmonds,KK,825,1,NA,NA,NA,NA,NA,1.7,1.01,NA,"collected from surface, not full fronds, but the top 1/2 to 1/3 or so.",
2014-Jun,2014-06-05,Simmonds,KK,825,2,NA,NA,NA,NA,NA,5.4,4.32,NA,"collected from surface, not full fronds, but the top 1/2 to 1/3 or so.",
2014-Jun,2014-06-05,Simmonds,KK,825,3,NA,NA,NA,NA,NA,3.9,2.83,NA,"collected from surface, not full fronds, but the top 1/2 to 1/3 or so.",
2014-Jun,2014-06-05,Simmonds,KK,825,4,NA,NA,NA,NA,NA,1.4,0.81,NA,"collected from surface, not full fronds, but the top 1/2 to 1/3 or so.",
2014-Jun,2014-06-05,Simmonds,KK,825,5,NA,NA,NA,NA,NA,2,1.24,NA,"collected from surface, not full fronds, but the top 1/2 to 1/3 or so.",
2014-Jun,2014-06-05,Simmonds,KK,825,6,NA,NA,NA,NA,NA,1.4,0.56,NA,"collected from surface, not full fronds, but the top 1/2 to 1/3 or so.",
2014-Jun,2014-06-05,Simmonds,KK,825,7,NA,NA,NA,NA,NA,3.5,3.47,NA,"collected from surface, not full fronds, but the top 1/2 to 1/3 or so.",
2014-Jun,2014-06-05,Simmonds,KK,836,1,NA,NA,NA,NA,NA,3,2.44,NA,"collected from surface, not full fronds, but the top 1/2 to 1/3 or so.",
2014-Jun,2014-06-05,Simmonds,KK,836,2,NA,NA,NA,NA,NA,1.7,1.73,NA,"collected from surface, not full fronds, but the top 1/2 to 1/3 or so.",
2014-Jun,2014-06-05,Simmonds,KK,836,3,NA,NA,NA,NA,NA,3,2.62,NA,"collected from surface, not full fronds, but the top 1/2 to 1/3 or so.",
2014-Jun,2014-06-05,Simmonds,KK,836,4,NA,NA,NA,NA,NA,0.7,0.36,NA,"collected from surface, not full fronds, but the top 1/2 to 1/3 or so.",
2014-Jun,2014-06-05,Simmonds,KK,836,5,NA,NA,NA,NA,NA,1.4,0.79,NA,"collected from surface, not full fronds, but the top 1/2 to 1/3 or so.",
2014-Jun,2014-06-05,Simmonds,KK,846,1,NA,NA,NA,NA,NA,2.1,2.34,NA,"collected from surface, not full fronds, but the top 1/2 to 1/3 or so.",
2014-Jun,2014-06-05,Simmonds,KK,846,2,NA,NA,NA,NA,NA,0.33,0.08,NA,"collected from surface, not full fronds, but the top 1/2 to 1/3 or so.",
2014-Jun,2014-06-05,Simmonds,KK,846,3,NA,NA,NA,NA,NA,5.3,2.03,NA,"collected from surface, not full fronds, but the top 1/2 to 1/3 or so.",
2014-Jun,2014-06-05,Stryker,KK,843,1,NA,NA,NA,NA,NA,5.1,1.95,NA,"collected from surface, not full fronds, but the top 1/2 to 1/3 or so.",
2014-Jun,2014-06-05,Stryker,KK,843,2,NA,NA,NA,NA,NA,1.9,1.08,NA,"collected from surface, not full fronds, but the top 1/2 to 1/3 or so.",
2014-Jun,2014-06-05,Stryker,KK,843,3,NA,NA,NA,NA,NA,7.6,2.58,NA,"collected from surface, not full fronds, but the top 1/2 to 1/3 or so.",
2014-Jun,2014-06-05,Stryker,KK,843,4,NA,NA,NA,NA,NA,6.6,1.67,NA,"collected from surface, not full fronds, but the top 1/2 to 1/3 or so.",
2014-Jun,2014-06-05,Stryker,KK,843,5,NA,NA,NA,NA,NA,6.6,2.48,NA,"collected from surface, not full fronds, but the top 1/2 to 1/3 or so.",
2014-Jun,2014-06-05,Stryker,KK,843,6,NA,NA,NA,NA,NA,5.8,2.69,NA,"collected from surface, not full fronds, but the top 1/2 to 1/3 or so.",
2014-Jun,2014-06-05,Stryker,KK,843,7,NA,NA,NA,NA,NA,6.9,2.09,NA,"collected from surface, not full fronds, but the top 1/2 to 1/3 or so.",
2014-Jun,2014-06-05,Stryker,KK,843,8,NA,NA,NA,NA,NA,6.9,1.81,NA,"collected from surface, not full fronds, but the top 1/2 to 1/3 or so.",
2014-Jun,2014-06-05,Stryker,KK,843,9,NA,NA,NA,NA,NA,0.9,0.19,NA,"collected from surface, not full fronds, but the top 1/2 to 1/3 or so.",
2014-Jun,2014-06-05,Stryker,KK,843,10,NA,NA,NA,NA,NA,0.9,0.36,NA,"collected from surface, not full fronds, but the top 1/2 to 1/3 or so.",
2014-Jun,2014-06-05,Stryker,KK,843,11,NA,NA,NA,NA,NA,6.8,2.32,NA,"collected from surface, not full fronds, but the top 1/2 to 1/3 or so.",
2014-Jun,2014-06-05,Stryker,KK,843,12,NA,NA,NA,NA,NA,7.3,2.26,NA,"collected from surface, not full fronds, but the top 1/2 to 1/3 or so.",
2014-Jun,2014-06-05,Stryker,KK,843,13,NA,NA,NA,NA,NA,0.06,0.16,NA,"collected from surface, not full fronds, but the top 1/2 to 1/3 or so.",
2014-Jun,2014-06-05,Stryker,KK,843,14,NA,NA,NA,NA,NA,2.05,0.61,C,"collected from surface, not full fronds, but the top 1/2 to 1/3 or so.",
2014-Jun,2014-06-05,Stryker,KK,876,1,NA,NA,NA,NA,NA,2.5,1.37,NA,"collected from surface, not full fronds, but the top 1/2 to 1/3 or so.",
2014-Jun,2014-06-05,Stryker,KK,876,2,NA,NA,NA,NA,NA,3.2,1.01,C,"collected from surface, not full fronds, but the top 1/2 to 1/3 or so.",
2014-Jun,2014-06-05,Stryker,KK,876,3,NA,NA,NA,NA,NA,4.7,1.58,NA,"collected from surface, not full fronds, but the top 1/2 to 1/3 or so.",
2014-Jun,2014-06-05,Stryker,KK,876,4,NA,NA,NA,NA,NA,4.9,1.67,NA,"collected from surface, not full fronds, but the top 1/2 to 1/3 or so.",
2014-Jun,2014-06-05,Stryker,KK,876,5,NA,NA,NA,NA,NA,7,2.39,NA,"collected from surface, not full fronds, but the top 1/2 to 1/3 or so.",
2014-Jun,2014-06-05,Stryker,KK,876,6,NA,NA,NA,NA,NA,2,0.46,C,"collected from surface, not full fronds, but the top 1/2 to 1/3 or so.",
2014-Jun,2014-06-05,Stryker,KK,856,1,NA,NA,NA,NA,NA,5.7,0.37,C/NB,"collected from surface, not full fronds, but the top 1/2 to 1/3 or so.",
2014-Jun,2014-06-05,Stryker,KK,856,2,NA,NA,NA,NA,NA,1.1,0.74,NA,"collected from surface, not full fronds, but the top 1/2 to 1/3 or so.",
2014-Jun,2014-06-05,Stryker,KK,856,3,NA,NA,NA,NA,NA,2.2,1.15,C,"collected from surface, not full fronds, but the top 1/2 to 1/3 or so.",
2014-Jun,2014-06-05,Stryker,KK,856,4,NA,NA,NA,NA,NA,1.1,0.65,NA,"collected from surface, not full fronds, but the top 1/2 to 1/3 or so.",
2014-Jun,2014-06-05,Stryker,KK,867,1,NA,NA,NA,NA,NA,1.2,0.63,NA,"collected from surface, not full fronds, but the top 1/2 to 1/3 or so.",
2014-Jun,2014-06-05,Stryker,KK,867,2,NA,NA,NA,NA,NA,1.3,0.75,NA,"collected from surface, not full fronds, but the top 1/2 to 1/3 or so.",
2014-Jun,2014-06-05,Stryker,KK,867,3,NA,NA,NA,NA,NA,1.1,0.56,NA,"collected from surface, not full fronds, but the top 1/2 to 1/3 or so.",
2014-Jun,2014-06-05,Stryker,KK,867,4,NA,NA,NA,NA,NA,0.9,0.22,NA,"collected from surface, not full fronds, but the top 1/2 to 1/3 or so.",
2014-Jun,2014-06-05,Stryker,KK,820,1,NA,NA,NA,NA,NA,0.7,0.12,NA,"collected from surface, not full fronds, but the top 1/2 to 1/3 or so.",
2014-Jun,2014-06-05,Stryker,KK,820,2,NA,NA,NA,NA,NA,3.6,1.26,NA,"collected from surface, not full fronds, but the top 1/2 to 1/3 or so.",
2014-Jun,2014-06-05,Stryker,KK,820,3,NA,NA,NA,NA,NA,1.9,0.49,NA,"collected from surface, not full fronds, but the top 1/2 to 1/3 or so.",
2014-Jun,2014-06-05,Stryker,KK,820,4,NA,NA,NA,NA,NA,4.4,1.04,NA,"collected from surface, not full fronds, but the top 1/2 to 1/3 or so.",
2014-Jun,2014-06-05,Stryker,KK,820,5,NA,NA,NA,NA,NA,1.8,1.16,NA,"collected from surface, not full fronds, but the top 1/2 to 1/3 or so.",
2014-Jun,2014-06-05,Stryker,KK,820,6,NA,NA,NA,NA,NA,2,0.78,NA,"collected from surface, not full fronds, but the top 1/2 to 1/3 or so.",
2014-Jun,2014-06-05,Stryker,KK,820,7,NA,NA,NA,NA,NA,1.5,0.87,NA,"collected from surface, not full fronds, but the top 1/2 to 1/3 or so.",
2014-Jun,2014-06-05,Stryker,KK,820,8,NA,NA,NA,NA,NA,2.6,0.64,NA,"collected from surface, not full fronds, but the top 1/2 to 1/3 or so.",
2014-Jun,2014-06-05,Stryker,KK,820,9,NA,NA,NA,NA,NA,3,1.72,NA,"collected from surface, not full fronds, but the top 1/2 to 1/3 or so.",
2014-Jun,2014-06-05,Stryker,KK,820,10,NA,NA,NA,NA,NA,2.6,1.22,NA,"collected from surface, not full fronds, but the top 1/2 to 1/3 or so.",
2014-Jun,2014-06-05,Stryker,KK,820,11,NA,NA,NA,NA,NA,2.8,1.49,NA,"collected from surface, not full fronds, but the top 1/2 to 1/3 or so.",
2014-Jun,2014-06-05,Stryker,KK,820,12,NA,NA,NA,NA,NA,2.25,0.65,NA,"collected from surface, not full fronds, but the top 1/2 to 1/3 or so.",
2014-Jun,2014-06-05,Stryker,KK,820,13,NA,NA,NA,NA,NA,0.8,0.58,NA,"collected from surface, not full fronds, but the top 1/2 to 1/3 or so.",
2014-Jun,2014-06-05,Stryker,KK,820,14,NA,NA,NA,NA,NA,2.5,0.57,NA,"collected from surface, not full fronds, but the top 1/2 to 1/3 or so.",
2014-Jun,2014-06-05,Stryker,KK,820,15,NA,NA,NA,NA,NA,1.5,0.45,NA,"collected from surface, not full fronds, but the top 1/2 to 1/3 or so.",
2014-Jun,2014-06-05,Stryker,KK,820,16,NA,NA,NA,NA,NA,2,0.52,NA,"collected from surface, not full fronds, but the top 1/2 to 1/3 or so.",
2014-Jun,2014-06-05,Stryker,KK,820,17,NA,NA,NA,NA,NA,1.7,0.98,NA,"collected from surface, not full fronds, but the top 1/2 to 1/3 or so.",
2014-Jun,2014-06-05,Stryker,KK,820,18,NA,NA,NA,NA,NA,4.7,2.92,NA,"collected from surface, not full fronds, but the top 1/2 to 1/3 or so.",
2014-Jun,2014-06-04,Triquet,KK,878,1,NA,NA,NA,NA,NA,4.4,1.82,NA,"collected from surface, not full fronds, but the top 1/2 to 1/3 or so.",
2014-Jun,2014-06-04,Triquet,KK,878,2,NA,NA,NA,NA,NA,4.85,5.22,NA,"collected from surface, not full fronds, but the top 1/2 to 1/3 or so.",
2014-Jun,2014-06-04,Triquet,KK,878,3,NA,NA,NA,NA,NA,2.3,0.52,C,"collected from surface, not full fronds, but the top 1/2 to 1/3 or so.",
2014-Jun,2014-06-04,Triquet,KK,878,4,NA,NA,NA,NA,NA,2.35,3.33,NA,"collected from surface, not full fronds, but the top 1/2 to 1/3 or so.",
2014-Jun,2014-06-04,Triquet,KK,878,5,NA,NA,NA,NA,NA,1.25,0.95,NA,"collected from surface, not full fronds, but the top 1/2 to 1/3 or so.",
2014-Jun,2014-06-04,Triquet,KK,878,6,NA,NA,NA,NA,NA,1.2,1.24,NA,"collected from surface, not full fronds, but the top 1/2 to 1/3 or so.",
2014-Jun,2014-06-04,Triquet,KK,878,7,NA,NA,NA,NA,NA,1.15,1.15,NA,"collected from surface, not full fronds, but the top 1/2 to 1/3 or so.",
2014-Jun,2014-06-04,Triquet,KK,833,1,NA,NA,NA,NA,NA,1.15,0.81,NA,"collected from surface, not full fronds, but the top 1/2 to 1/3 or so.",
2014-Jun,2014-06-04,Triquet,KK,833,2,NA,NA,NA,NA,NA,1.25,0.56,NA,"collected from surface, not full fronds, but the top 1/2 to 1/3 or so.",
2014-Jun,2014-06-04,Triquet,KK,821,1,NA,NA,NA,NA,NA,2.7,0.35,C,"collected from surface, not full fronds, but the top 1/2 to 1/3 or so.",
2014-Jun,2014-06-04,Triquet,KK,821,2,NA,NA,NA,NA,NA,2,0.95,NA,"collected from surface, not full fronds, but the top 1/2 to 1/3 or so.",
2014-Jun,2014-06-04,Triquet,KK,821,3,NA,NA,NA,NA,NA,0.8,0.53,NA,"collected from surface, not full fronds, but the top 1/2 to 1/3 or so.",
2014-Jun,2014-06-04,Triquet,KK,821,4,NA,NA,NA,NA,NA,1.4,1.12,NA,"collected from surface, not full fronds, but the top 1/2 to 1/3 or so.",
2014-Jun,2014-06-04,Triquet,KK,821,5,NA,NA,NA,NA,NA,2.8,1.33,NA,"collected from surface, not full fronds, but the top 1/2 to 1/3 or so.",
2014-Jun,2014-06-04,Triquet,KK,821,6,NA,NA,NA,NA,NA,2.7,1.54,NA,"collected from surface, not full fronds, but the top 1/2 to 1/3 or so.",
2014-Jun,2014-06-04,Triquet,KK,821,7,NA,NA,NA,NA,NA,2.35,0.59,NA,"collected from surface, not full fronds, but the top 1/2 to 1/3 or so.",
2014-Jun,2014-06-04,Triquet,KK,821,8,NA,NA,NA,NA,NA,0.75,0.37,NA,"collected from surface, not full fronds, but the top 1/2 to 1/3 or so.",
2014-Jun,2014-06-04,Triquet,KK,826,1,NA,NA,NA,NA,NA,2.6,0.46,C,"collected from surface, not full fronds, but the top 1/2 to 1/3 or so.",
2014-Jun,2014-06-04,Triquet,KK,826,2,NA,NA,NA,NA,NA,1.1,0.8,NA,"collected from surface, not full fronds, but the top 1/2 to 1/3 or so.",
2014-Jun,2014-06-04,Triquet,KK,826,3,NA,NA,NA,NA,NA,1.2,0.74,NA,"collected from surface, not full fronds, but the top 1/2 to 1/3 or so.",
2014-Jun,2014-06-04,Triquet,KK,826,4,NA,NA,NA,NA,NA,1.4,0.62,NA,"collected from surface, not full fronds, but the top 1/2 to 1/3 or so.",
2014-Jun,2014-06-04,Triquet,KK,826,5,NA,NA,NA,NA,NA,1.85,1.56,NA,"collected from surface, not full fronds, but the top 1/2 to 1/3 or so.",
2014-Jun,2014-06-04,Triquet,KK,826,6,NA,NA,NA,NA,NA,0.35,0.12,NA,"collected from surface, not full fronds, but the top 1/2 to 1/3 or so.",
2014-Jun,2014-06-04,Triquet,KK,826,7,NA,NA,NA,NA,NA,2.05,1.11,NA,"collected from surface, not full fronds, but the top 1/2 to 1/3 or so.",
2014-Jun,2014-06-04,Triquet,KK,849,1,NA,NA,NA,NA,NA,1.2,1.91,NA,"collected from surface, not full fronds, but the top 1/2 to 1/3 or so.",
2014-Jun,2014-06-04,Triquet,KK,849,2,NA,NA,NA,NA,NA,1.9,1.34,NA,"collected from surface, not full fronds, but the top 1/2 to 1/3 or so.",
2014-Jun,2014-06-04,Triquet,KK,849,3,NA,NA,NA,NA,NA,2.15,1.42,NA,"collected from surface, not full fronds, but the top 1/2 to 1/3 or so.",
2014-Jun,2014-06-04,Triquet,KK,849,4,NA,NA,NA,NA,NA,0.7,0.6,NA,"collected from surface, not full fronds, but the top 1/2 to 1/3 or so.",
2017-Aug,2017-08-27,Stryker,NAP/OP,2523,1,NA,NA,NA,NA,NA,4.08,0.44,C,,
2017-Aug,2017-08-27,Stryker,NAP/OP,2523,2,NA,NA,NA,NA,NA,4.53,0.77,NA,,
2017-Aug,2017-08-27,Stryker,NAP/OP,2523,3,NA,NA,NA,NA,NA,11.05,1.04,NA,,
2017-Aug,2017-08-27,Stryker,NAP/OP,2523,4,NA,NA,NA,NA,NA,3.84,0.51,NA,,
2017-Aug,2017-08-27,Stryker,NAP/OP,2526,1,NA,NA,NA,NA,NA,3.7,0.42,C,,
2017-Aug,2017-08-27,Stryker,NAP/OP,2526,2,NA,NA,NA,NA,NA,5.15,1.18,C,,
2017-Aug,2017-08-27,Stryker,NAP/OP,2526,3,NA,NA,NA,NA,NA,8.3,1.28,NA,,
2017-Aug,2017-08-27,Stryker,NAP/OP,2526,4,NA,NA,NA,NA,NA,4.45,0.35,C,,
2017-Aug,2017-08-27,Stryker,NAP/OP,127,1,NA,NA,NA,NA,NA,2.75,0.52,NA,,
2017-Aug,2017-08-27,Stryker,NAP/OP,127,2,NA,NA,NA,NA,NA,7.42,0.53,NA,,
2017-Aug,2017-08-27,Stryker,NAP/OP,127,3,NA,NA,NA,NA,NA,0.55,0.09,NA,,
2017-Aug,2017-08-27,Stryker,NAP/OP,143,1,NA,NA,NA,NA,NA,3.15,0.94,NA,,
2017-Aug,2017-08-27,Stryker,NAP/OP,143,2,NA,NA,NA,NA,NA,1.57,0.32,NA,,
2017-Aug,2017-08-27,Stryker,NAP/OP,143,3,NA,NA,NA,NA,NA,5.25,0.32,C,,
2017-Aug,2017-08-27,Stryker,NAP/OP,143,4,NA,NA,NA,NA,NA,10.2,1.53,NA,,
2017-Aug,2017-08-27,Stryker,NAP/OP,143,5,NA,NA,NA,NA,NA,3.67,1.14,NA,,
2017-Aug,2017-08-27,Stryker,NAP/OP,143,6,NA,NA,NA,NA,NA,7.9,2.18,NA,,
2017-Aug,2017-08-27,Stryker,NAP/OP,143,7,NA,NA,NA,NA,NA,5.45,0.99,C,,
2017-Aug,2017-08-27,Stryker,NAP/OP,143,8,NA,NA,NA,NA,NA,0.45,0.02,NA,,
2017-Aug,2017-08-27,Stryker,NAP/OP,143,9,NA,NA,NA,NA,NA,6.95,0.44,C,,
2017-Aug,2017-08-27,Stryker,NAP/OP,141,1,NA,NA,NA,NA,NA,1.45,0.32,C,,
2017-Aug,2017-08-27,Stryker,NAP/OP,141,2,NA,NA,NA,NA,NA,1.2,0.43,NA,,
2017-Aug,2017-08-27,Stryker,NAP/OP,141,3,NA,NA,NA,NA,NA,8,2.15,NA,,
2017-Aug,2017-08-27,Stryker,NAP/OP,141,4,NA,NA,NA,NA,NA,0.58,0.16,NA,,
2017-Aug,2017-08-27,Stryker,NAP/OP,141,5,NA,NA,NA,NA,NA,12.3,1.64,NA,,
2017-Aug,2017-08-27,Stryker,NAP/OP,141,6,NA,NA,NA,NA,NA,1.1,0.29,NA,,
2017-Aug,2017-08-27,Stryker,NAP/OP,141,7,NA,NA,NA,NA,NA,4.5,1,C,,
2017-Aug,2017-08-27,Stryker,NAP/OP,141,8,NA,NA,NA,NA,NA,7.1,1.04,C,,
2017-Aug,2017-08-27,Stryker,NAP/OP,NA,NA,NA,NA,NA,NA,NA,NA,2.25,NA,extra biomass for the entire site,
2017-Aug,2017-08-27,Simmonds,OP,2532,1,NA,NA,NA,NA,NA,4.82,0.18,NA,,
2017-Aug,2017-08-27,Simmonds,OP,2532,2,NA,NA,NA,NA,NA,7.5,0.54,NA,,
2017-Aug,2017-08-27,Simmonds,OP,2532,3,NA,NA,NA,NA,NA,8.86,1.12,NA,,
2017-Aug,2017-08-27,Simmonds,OP,2532,4,NA,NA,NA,NA,NA,4.66,0.46,NA,,
2017-Aug,2017-08-27,Simmonds,OP,2532,5,NA,NA,NA,NA,NA,1.45,0.22,NA,,
2017-Aug,2017-08-27,Simmonds,OP,2532,6,NA,NA,NA,NA,NA,2.64,0.04,NA,,
2017-Aug,2017-08-27,Simmonds,OP,2532,7,NA,NA,NA,NA,NA,6.43,0.4,NA,,
2017-Aug,2017-08-27,Simmonds,OP,2533,1,NA,NA,NA,NA,NA,1.53,0.13,NA,,
2017-Aug,2017-08-27,Simmonds,OP,2533,2,NA,NA,NA,NA,NA,3.05,0.13,NA,,
2017-Aug,2017-08-27,Simmonds,OP,2533,3,NA,NA,NA,NA,NA,5.15,0.24,NA,,
2017-Aug,2017-08-27,Simmonds,OP,2533,4,NA,NA,NA,NA,NA,3.3,0.62,NA,,
2017-Aug,2017-08-27,Simmonds,OP,2533,5,NA,NA,NA,NA,NA,5.73,0.12,C,,
2017-Aug,2017-08-27,Simmonds,OP,2533,6,NA,NA,NA,NA,NA,2.75,0.47,NA,,
2017-Aug,2017-08-27,Simmonds,OP,2533,7,NA,NA,NA,NA,NA,2.9,0.37,NA,,
2017-Aug,2017-08-27,Simmonds,OP,2533,8,NA,NA,NA,NA,NA,0.6,0.17,NA,,
2017-Aug,2017-08-27,Simmonds,OP,2533,9,NA,NA,NA,NA,NA,0.53,0.14,NA,,
2017-Aug,2017-08-27,Simmonds,OP,2533,10,NA,NA,NA,NA,NA,1,0.14,NA,,
2017-Aug,2017-08-27,Simmonds,OP,2533,11,NA,NA,NA,NA,NA,8.05,1.97,NA,,
2017-Aug,2017-08-27,Simmonds,OP,2533,12,NA,NA,NA,NA,NA,0.33,0.06,NA,,
2017-Aug,2017-08-27,Simmonds,OP,2533,13,NA,NA,NA,NA,NA,6.3,1.68,NA,,
2017-Aug,2017-08-27,Simmonds,OP,2533,14,NA,NA,NA,NA,NA,6.5,0.45,NA,,
2017-Aug,2017-08-27,Simmonds,OP,2533,15,NA,NA,NA,NA,NA,6.75,1.48,NA,,
2017-Aug,2017-08-27,Simmonds,OP,2533,16,NA,NA,NA,NA,NA,8,2.53,NA,,
2017-Aug,2017-08-27,Simmonds,OP,2533,17,NA,NA,NA,NA,NA,11.9,2.23,NA,,
2017-Aug,2017-08-27,Simmonds,OP,2533,18,NA,NA,NA,NA,NA,5.8,1.2,NA,,
2017-Aug,2017-08-27,Simmonds,OP,2533,19,NA,NA,NA,NA,NA,6.25,0.5,NA,,
2017-Aug,2017-08-27,Simmonds,OP,2533,20,NA,NA,NA,NA,NA,0.5,0.16,NA,,
2017-Aug,2017-08-27,Simmonds,OP,2533,21,NA,NA,NA,NA,NA,11.8,2.18,NA,,
2017-Aug,2017-08-27,Simmonds,OP,2533,22,NA,NA,NA,NA,NA,9.85,1.52,C,,
2017-Aug,2017-08-27,Simmonds,OP,2522,1,NA,NA,NA,NA,NA,11.8,1.57,NA,,
2017-Aug,2017-08-27,Simmonds,OP,2522,2,NA,NA,NA,NA,NA,2.5,0.5,NA,,
2017-Aug,2017-08-27,Simmonds,OP,2522,3,NA,NA,NA,NA,NA,2.4,0.2,NA,,
2017-Aug,2017-08-27,Simmonds,OP,2522,4,NA,NA,NA,NA,NA,9.9,3.29,NA,,
2017-Aug,2017-08-27,Simmonds,OP,2522,5,NA,NA,NA,NA,NA,0.5,0.06,NA,,
2017-Aug,2017-08-27,Simmonds,OP,2522,6,NA,NA,NA,NA,NA,1.25,0.24,NA,,
2017-Aug,2017-08-27,Simmonds,OP,2522,7,NA,NA,NA,NA,NA,15.1,1.65,NA,,
2017-Aug,2017-08-27,Simmonds,OP,2522,8,NA,NA,NA,NA,NA,0.25,0.03,NA,,
2017-Aug,2017-08-27,Simmonds,OP,2522,9,NA,NA,NA,NA,NA,0.5,0.09,NA,,
2017-Aug,2017-08-27,Simmonds,OP,2522,10,NA,NA,NA,NA,NA,9.15,0.58,NA,,
2017-Aug,2017-08-27,Simmonds,OP,2524,1,NA,NA,NA,NA,NA,3.25,0.36,C,,
2017-Aug,2017-08-27,Simmonds,OP,2524,2,NA,NA,NA,NA,NA,0.7,0.09,NA,,
2017-Aug,2017-08-27,Simmonds,OP,2524,3,NA,NA,NA,NA,NA,5.75,1.34,NA,,
2017-Aug,2017-08-27,Simmonds,OP,2524,4,NA,NA,NA,NA,NA,0.4,0.01,NA,frond weight less than 0.01kg (scale does not register),
2017-Aug,2017-08-27,Simmonds,OP,2524,5,NA,NA,NA,NA,NA,1.35,0.03,C,,
2017-Aug,2017-08-27,Simmonds,OP,2524,6,NA,NA,NA,NA,NA,11.8,2.11,NA,,
2017-Aug,2017-08-27,Simmonds,OP,2524,7,NA,NA,NA,NA,NA,13.25,1.46,C,,
2017-Aug,2017-08-27,Simmonds,OP,1975,1,NA,NA,NA,NA,NA,6.95,0.69,C,,
2017-Aug,2017-08-27,Simmonds,OP,1975,2,NA,NA,NA,NA,NA,2.7,0.32,NA,,
2017-Aug,2017-08-27,Simmonds,OP,1975,3,NA,NA,NA,NA,NA,11.4,1.53,NA,,
2017-Aug,2017-08-27,Simmonds,OP,1975,4,NA,NA,NA,NA,NA,7.95,0.53,NA,,
2017-Aug,2017-08-27,Simmonds,OP,1975,5,NA,NA,NA,NA,NA,3.6,0.32,NA,,
2017-Aug,2017-08-27,Simmonds,OP,1975,6,NA,NA,NA,NA,NA,8.6,0.86,NA,,
2017-Aug,2017-08-27,Simmonds,OP,1975,7,NA,NA,NA,NA,NA,10.1,0.51,NA,,
2017-Aug,2017-08-27,Simmonds,OP,2531,1,NA,NA,NA,NA,NA,10.5,2.44,NA,,
2017-Aug,2017-08-27,Simmonds,OP,2531,2,NA,NA,NA,NA,NA,1.25,0.13,NA,,
2017-Aug,2017-08-27,Simmonds,OP,2531,3,NA,NA,NA,NA,NA,8.9,1.93,NA,,
2017-Aug,2017-08-27,Simmonds,OP,2531,4,NA,NA,NA,NA,NA,9.35,1.27,C,,
2017-Aug,2017-08-27,Simmonds,OP,2531,5,NA,NA,NA,NA,NA,2.1,0.89,NA,,
2017-Aug,2017-08-27,Simmonds,OP,2531,6,NA,NA,NA,NA,NA,1.75,0.49,NA,,
2017-Aug,2017-08-27,Simmonds,OP,2531,7,NA,NA,NA,NA,NA,4.4,0.37,NA,,
2017-Aug,2017-08-27,Simmonds,OP,2531,8,NA,NA,NA,NA,NA,3.7,0.2,NA,,
2017-Aug,2017-08-27,Simmonds,OP,2531,9,NA,NA,NA,NA,NA,0.5,0.01,NA,,
2017-Aug,2017-08-27,Simmonds,OP,2531,10,NA,NA,NA,NA,NA,1.4,0.15,NA,,
2017-Aug,2017-08-27,Simmonds,OP,2531,11,NA,NA,NA,NA,NA,1.05,0.19,NA,,
2017-Aug,2017-08-27,Simmonds,OP,2531,12,NA,NA,NA,NA,NA,10.55,0.93,NA,,
2017-Aug,2017-08-27,Simmonds,OP,2531,13,NA,NA,NA,NA,NA,6.25,0.34,NA,,
2017-Aug,2017-08-27,Simmonds,OP,2531,14,NA,NA,NA,NA,NA,0.65,0.12,NA,,
2017-Aug,2017-08-27,Simmonds,OP,2531,15,NA,NA,NA,NA,NA,0.6,0.03,NA,,
2017-Aug,2017-08-27,Simmonds,OP,2531,16,NA,NA,NA,NA,NA,4.65,0.21,NA,,
2017-Aug,2017-08-27,Simmonds,OP,2531,17,NA,NA,NA,NA,NA,1.5,0.11,NA,,
2017-Aug,2017-08-27,Simmonds,OP,2531,18,NA,NA,NA,NA,NA,5.2,0.27,NA,,
2017-Aug,2017-08-27,Simmonds,OP,2531,19,NA,NA,NA,NA,NA,5.55,1.09,NA,,
2017-Aug,2017-08-27,Simmonds,OP,2531,20,NA,NA,NA,NA,NA,17.05,3.04,NA,,
2017-Aug,2017-08-27,Simmonds,OP,2531,21,NA,NA,NA,NA,NA,8.4,3.03,NA,,
2017-Aug,2017-08-27,Simmonds,OP,2531,22,NA,NA,NA,NA,NA,1.4,0.19,NA,,
2017-Aug,2017-08-27,Simmonds,OP,2531,23,NA,NA,NA,NA,NA,6.4,0.71,NA,,
2017-Aug,2017-08-27,Simmonds,OP,NA,NA,NA,NA,NA,NA,NA,NA,14.42,NA,extra biomass for the entire site,
2017-Jul,2017-07-20,Westbeach,OP,148,1,NA,NA,NA,NA,NA,5.83,1.14,NA,,
2017-Jul,2017-07-20,Westbeach,OP,148,2,NA,NA,NA,NA,NA,4.35,0.4,NA,,
2017-Jul,2017-07-20,Westbeach,OP,148,3,NA,NA,NA,NA,NA,4,0.19,NA,,
2017-Jul,2017-07-20,Westbeach,OP,148,4,NA,NA,NA,NA,NA,5,0.46,NA,,
2017-Jul,2017-07-20,Westbeach,OP,148,5,NA,NA,NA,NA,NA,4.21,0.97,NA,,
2017-Jul,2017-07-20,Westbeach,OP,148,6,NA,NA,NA,NA,NA,5.66,1.4,NA,,
2017-Jul,2017-07-20,Westbeach,OP,148,7,NA,NA,NA,NA,NA,2.75,0.35,NA,,
2017-Jul,2017-07-20,Westbeach,OP,148,8,NA,NA,NA,NA,NA,2.45,0.31,NA,,
2017-Jul,2017-07-20,Westbeach,OP,148,9,NA,NA,NA,NA,NA,4.8,0.41,NA,,
2017-Jul,2017-07-20,Westbeach,OP,148,10,NA,NA,NA,NA,NA,6.14,1.05,NA,,
2017-Jul,2017-07-20,Westbeach,OP,148,11,NA,NA,NA,NA,NA,4.19,0.31,NA,,
2017-Jul,2017-07-20,Westbeach,OP,148,12,NA,NA,NA,NA,NA,1.17,0.24,NA,,
2017-Jul,2017-07-20,Westbeach,OP,148,13,NA,NA,NA,NA,NA,0.83,0.12,NA,,
2017-Jul,2017-07-20,Westbeach,OP,148,14,NA,NA,NA,NA,NA,4.73,1.07,NA,,
2017-Jul,2017-07-20,Westbeach,OP,125,1,NA,NA,NA,NA,NA,0.22,0.23,NA,,
2017-Jul,2017-07-20,Westbeach,OP,125,2,NA,NA,NA,NA,NA,1.48,0.18,NA,,
2017-Jul,2017-07-20,Westbeach,OP,125,3,NA,NA,NA,NA,NA,2.33,0.49,NA,,
2017-Jul,2017-07-20,Westbeach,OP,125,4,NA,NA,NA,NA,NA,2.43,0.52,NA,,
2017-Jul,2017-07-20,Westbeach,OP,125,5,NA,NA,NA,NA,NA,7.32,1.21,NA,,
2017-Jul,2017-07-20,Westbeach,OP,125,6,NA,NA,NA,NA,NA,8.13,1.2,NA,,
2017-Jul,2017-07-20,Westbeach,OP,125,7,NA,NA,NA,NA,NA,5.1,1.9,NA,,
2017-Jul,2017-07-20,Westbeach,OP,125,8,NA,NA,NA,NA,NA,4.58,0.24,NA,,
2017-Jul,2017-07-20,Westbeach,OP,125,9,NA,NA,NA,NA,NA,1.64,0.21,NA,,
2017-Jul,2017-07-20,Westbeach,OP,125,10,NA,NA,NA,NA,NA,5.2,0.71,NA,,
2017-Jul,2017-07-20,Westbeach,OP,125,11,NA,NA,NA,NA,NA,4.3,0.93,NA,,
2017-Jul,2017-07-20,Westbeach,OP,125,12,NA,NA,NA,NA,NA,3.35,0.78,NA,,
2017-Jul,2017-07-20,Westbeach,OP,149,1,NA,NA,NA,NA,NA,3.1,1.21,NA,,
2017-Jul,2017-07-20,Westbeach,OP,149,2,NA,NA,NA,NA,NA,1.99,0.41,NA,,
2017-Jul,2017-07-20,Westbeach,OP,149,3,NA,NA,NA,NA,NA,3.78,1.23,NA,,
2017-Jul,2017-07-20,Westbeach,OP,149,4,NA,NA,NA,NA,NA,2.6,0.46,NA,,
2017-Jul,2017-07-20,Westbeach,OP,149,5,NA,NA,NA,NA,NA,5.68,0.4,NA,,
2017-Jul,2017-07-20,Westbeach,OP,149,6,NA,NA,NA,NA,NA,2.6,0.66,NA,,
2017-Jul,2017-07-20,Westbeach,OP,149,7,NA,NA,NA,NA,NA,8.5,1.41,NA,,
2017-Jul,2017-07-20,Westbeach,OP,149,8,NA,NA,NA,NA,NA,6.3,0.68,NA,,
2017-Jul,2017-07-20,Westbeach,OP,149,9,NA,NA,NA,NA,NA,0.9,0.04,NA,,
2017-Jul,2017-07-20,Westbeach,OP,131,1,NA,NA,NA,NA,NA,8.77,0.53,NA,,
2017-Jul,2017-07-20,Westbeach,OP,131,2,NA,NA,NA,NA,NA,0.49,0.04,NA,,
2017-Jul,2017-07-20,Westbeach,OP,131,3,NA,NA,NA,NA,NA,0.96,0.92,NA,,
2017-Jul,2017-07-20,Westbeach,OP,131,4,NA,NA,NA,NA,NA,4.6,0.65,NA,,
2017-Jul,2017-07-20,Westbeach,OP,131,5,NA,NA,NA,NA,NA,4.21,0.26,NA,,
2017-Jul,2017-07-20,Westbeach,OP,131,6,NA,NA,NA,NA,NA,9.19,0.58,NA,,
2017-Jul,2017-07-20,Westbeach,OP,131,7,NA,NA,NA,NA,NA,1.16,0.04,NA,,
2017-Jul,2017-07-20,Westbeach,OP,131,8,NA,NA,NA,NA,NA,1.3,0.08,NA,,
2017-Jul,2017-07-20,Westbeach,OP,131,9,NA,NA,NA,NA,NA,3.6,0.51,NA,,
2017-Jul,2017-07-20,Westbeach,OP,131,10,NA,NA,NA,NA,NA,14.7,1.43,NA,,
2017-Jul,2017-07-20,Westbeach,OP,131,11,NA,NA,NA,NA,NA,2.7,0.03,NA,,
2017-Jul,2017-07-20,Westbeach,OP,131,12,NA,NA,NA,NA,NA,10.3,0.86,NA,,
2017-Jul,2017-07-20,Westbeach,OP,131,13,NA,NA,NA,NA,NA,1.1,0.04,NA,,
2017-Jul,2017-07-20,Westbeach,OP,135,1,NA,NA,NA,NA,NA,2.3,0.45,NA,,
2017-Jul,2017-07-20,Westbeach,OP,135,2,NA,NA,NA,NA,NA,0.57,0.05,NA,,
2017-Jul,2017-07-20,Westbeach,OP,135,3,NA,NA,NA,NA,NA,9.16,1.23,NA,,
2017-Jul,2017-07-20,Westbeach,OP,135,4,NA,NA,NA,NA,NA,0.75,0.08,NA,,
2017-Jul,2017-07-20,Westbeach,OP,135,5,NA,NA,NA,NA,NA,1,0.12,NA,,
2017-Jul,2017-07-20,Westbeach,OP,135,6,NA,NA,NA,NA,NA,10.3,2.55,NA,,
2017-Jul,2017-07-20,Westbeach,OP,135,7,NA,NA,NA,NA,NA,4.74,1.31,NA,,
2017-Jul,2017-07-20,Westbeach,OP,135,8,NA,NA,NA,NA,NA,2.65,0.46,NA,,
2017-Jul,2017-07-20,Westbeach,OP,135,9,NA,NA,NA,NA,NA,0.86,0.08,NA,,
2017-Jul,2017-07-20,Westbeach,OP,135,10,NA,NA,NA,NA,NA,8.26,1.46,NA,,
2017-Jul,2017-07-20,Westbeach,OP,135,11,NA,NA,NA,NA,NA,8.6,1.56,NA,,
2017-Jul,2017-07-20,Westbeach,OP,135,12,NA,NA,NA,NA,NA,5.96,1.32,NA,,
2019-Jul,2019-07-05,Stryker,DVM,1885,1,SUB,3.3,NA,NA,0.78,NA,NA,NA,,
2019-Jul,2019-07-05,Stryker,DVM,1885,2,SUB,2.7,NA,NA,0.53,NA,NA,NA,,
2019-Jul,2019-07-05,Stryker,DVM,1885,3,SUB,4,NA,NA,0.3,NA,NA,NA,,
2019-Jul,2019-07-05,Stryker,DVM,1885,3,SFC,3.3,NA,NA,1.34,NA,NA,NA,,
2019-Jul,2019-07-05,Stryker,DVM,1885,4,SUB,4,NA,NA,0.49,NA,NA,NA,,
2019-Jul,2019-07-05,Stryker,DVM,1885,4,SFC,3.3,NA,NA,1.75,NA,NA,NA,,
2019-Jul,2019-07-05,Stryker,DVM,1885,5,SUB,4,NA,NA,0.56,NA,NA,NA,,
2019-Jul,2019-07-05,Stryker,DVM,1885,5,SFC,2.1,NA,NA,1.23,NA,NA,NA,,
2019-Jul,2019-07-05,Stryker,DVM,1885,6,SUB,2.7,NA,NA,0.2,NA,NA,NA,,
2019-Jul,2019-07-05,Stryker,DVM,1831,7,SUB,2.4,NA,NA,0.26,NA,NA,NA,,
2019-Jul,2019-07-05,Stryker,DVM,1831,8,SUB,2.2,NA,NA,0.32,NA,NA,NA,,
2019-Jul,2019-07-05,Stryker,DVM,1831,9,SUB,4,NA,NA,0.54,NA,NA,NA,,
2019-Jul,2019-07-05,Stryker,DVM,2073,1,SUB,2.85,NA,NA,0.37,NA,NA,NA,,
2019-Jul,2019-07-05,Stryker,DVM,2073,2,SUB,3.7,NA,NA,0.54,NA,NA,NA,,
2019-Jul,2019-07-05,Stryker,DVM,2073,3,SUB,4,NA,NA,0.16,NA,NA,NA,,
2019-Jul,2019-07-05,Stryker,DVM,2073,3,SFC,3.4,NA,NA,0.74,NA,NA,NA,,
2019-Jul,2019-07-05,Stryker,DVM,2073,4,SUB,4,NA,NA,0.16,NA,NA,NA,,
2019-Jul,2019-07-05,Stryker,DVM,2073,4,SFC,3.4,NA,NA,0.97,NA,NA,NA,,
2019-Jul,2019-07-05,Stryker,DVM,2066,1,SUB,1,NA,NA,0.22,NA,NA,NA,,
2019-Jul,2019-07-05,Stryker,DVM,2066,2,SUB,1.3,NA,NA,0.26,NA,NA,NA,,
2019-Jul,2019-07-05,Stryker,DVM,2066,3,SUB,4,NA,NA,0.62,NA,NA,NA,,
2019-Jul,2019-07-05,Stryker,DVM,2066,3,SFC,2.45,NA,NA,1.15,NA,NA,NA,,
2019-Jul,2019-07-05,Stryker,DVM,2066,4,SUB,4,NA,NA,0.73,NA,NA,NA,,
2019-Jul,2019-07-05,Stryker,DVM,2066,4,SFC,0.7,NA,NA,0.54,NA,NA,NA,,
2019-Jul,2019-07-05,Stryker,DVM,2066,5,SUB,2.9,NA,NA,0.69,NA,NA,NA,,
2019-Jul,2019-07-05,Stryker,DVM,2066,6,SUB,2.2,NA,NA,1.23,NA,NA,NA,,
2019-Jul,2019-07-05,Stryker,DVM,2066,7,SUB,4,NA,NA,0.64,NA,NA,NA,,
2019-Jul,2019-07-05,Stryker,DVM,2066,7,SFC,0.6,NA,NA,0.3,NA,NA,NA,,
2019-Jul,2019-07-05,Stryker,DVM,2409,1,SUB,4,NA,NA,0.42,NA,NA,NA,,
2019-Jul,2019-07-05,Stryker,DVM,2409,1,SFC,3.95,NA,NA,1.96,NA,NA,NA,,
2019-Jul,2019-07-05,Stryker,DVM,2409,2,SUB,4,NA,NA,0.51,NA,NA,NA,,
2019-Jul,2019-07-05,Stryker,DVM,2409,2,SUB,2.6,NA,NA,1.38,NA,NA,NA,,
2019-Jul,2019-07-05,Stryker,DVM,2409,3,SUB,3.1,NA,NA,0.4,NA,NA,NA,,
2019-Jul,2019-07-05,Stryker,DVM,2409,4,SUB,2.39,NA,NA,0.37,NA,NA,NA,,
2019-Jul,2019-07-05,Stryker,DVM,2409,5,SUB,4,NA,NA,0.19,NA,NA,NA,,
2019-Jul,2019-07-05,Stryker,DVM,2409,5,SFC,3.55,NA,NA,0.45,NA,NA,C,,
2019-Jul,2019-07-05,Stryker,DVM,2409,6,SUB,4,NA,NA,0.71,NA,NA,NA,,
2019-Jul,2019-07-05,Stryker,DVM,2409,6,SFC,0.9,NA,NA,0.47,NA,NA,NA,,
2019-Jul,2019-07-05,Stryker,DVM,NA,NA,NA,NA,NA,NA,NA,NA,2.33,NA,extra biomass for the entire site,
2019-Jul,2019-07-04,Simmonds,LL,1921,17,SUB,1.9,NA,NA,0.22,NA,NA,NA,,
2019-Jul,2019-07-04,Simmonds,LL,1921,18,SUB,1.95,NA,NA,0.16,NA,NA,NA,,
2019-Jul,2019-07-04,Simmonds,LL,1921,19,SUB,3.13,NA,NA,0.97,NA,NA,NA,,
2019-Jul,2019-07-04,Simmonds,LL,1921,1,SUB,5,NA,NA,0.57,NA,NA,NA,,
2019-Jul,2019-07-04,Simmonds,LL,1921,1,SFC,1.74,NA,NA,0.86,NA,NA,NA,,
2019-Jul,2019-07-04,Simmonds,LL,1921,2,SUB,5,NA,NA,0.64,NA,NA,NA,,
2019-Jul,2019-07-04,Simmonds,LL,1921,2,SFC,1.32,NA,NA,0.35,NA,NA,NA,,
2019-Jul,2019-07-04,Simmonds,LL,1921,3,SUB,5,NA,NA,0.56,NA,NA,NA,,
2019-Jul,2019-07-04,Simmonds,LL,1921,3,SFC,1.75,NA,NA,0.6,NA,NA,NA,,
2019-Jul,2019-07-04,Simmonds,LL,1921,4,SUB,5,NA,NA,0.91,NA,NA,NA,,
2019-Jul,2019-07-04,Simmonds,LL,1921,4,SFC,1.86,NA,NA,0.95,NA,NA,NA,,
2019-Jul,2019-07-04,Simmonds,LL,1921,5,SUB,5,NA,NA,0.58,NA,NA,NA,,
2019-Jul,2019-07-04,Simmonds,LL,1921,5,SFC,1.7,NA,NA,0.63,NA,NA,NA,,
2019-Jul,2019-07-04,Simmonds,LL,1921,6,SUB,5,NA,NA,0.14,NA,NA,NA,,
2019-Jul,2019-07-04,Simmonds,LL,1921,6,SFC,4.3,NA,NA,0.46,NA,NA,NA,,
2019-Jul,2019-07-04,Simmonds,LL,1921,7,SUB,5,NA,NA,0.28,NA,NA,NA,,
2019-Jul,2019-07-04,Simmonds,LL,1921,7,SFC,2.3,NA,NA,0.58,NA,NA,NA,,
2019-Jul,2019-07-04,Simmonds,LL,1921,8,SUB,5,NA,NA,0.29,NA,NA,NA,,
2019-Jul,2019-07-04,Simmonds,LL,1921,8,SFC,6.1,NA,NA,3.19,NA,NA,NA,,
2019-Jul,2019-07-04,Simmonds,LL,1921,9,SUB,5,NA,NA,0.32,NA,NA,NA,,
2019-Jul,2019-07-04,Simmonds,LL,1921,9,SFC,9.23,NA,NA,4.6,NA,NA,NA,,
2019-Jul,2019-07-04,Simmonds,LL,1921,10,SUB,5,NA,NA,0.42,NA,NA,NA,,
2019-Jul,2019-07-04,Simmonds,LL,1921,10,SFC,4.16,NA,NA,1.88,NA,NA,NA,,
2019-Jul,2019-07-04,Simmonds,LL,1921,11,SUB,5,NA,NA,0.3,NA,NA,NA,,
2019-Jul,2019-07-04,Simmonds,LL,1921,11,SFC,9.36,NA,NA,3.8,NA,NA,NA,,
2019-Jul,2019-07-04,Simmonds,LL,1921,12,SUB,5,NA,NA,0.31,NA,NA,NA,,
2019-Jul,2019-07-04,Simmonds,LL,1921,12,SFC,8.69,NA,NA,4.86,NA,NA,NA,,
2019-Jul,2019-07-04,Simmonds,LL,1921,13,SUB,5,NA,NA,0.45,NA,NA,NA,,
2019-Jul,2019-07-04,Simmonds,LL,1921,13,SFC,5.18,NA,NA,3.02,NA,NA,NA,,
2019-Jul,2019-07-04,Simmonds,LL,1921,14,SUB,5,NA,NA,0.28,NA,NA,NA,,
2019-Jul,2019-07-04,Simmonds,LL,1921,14,SFC,5.39,NA,NA,2.56,NA,NA,NA,,
2019-Jul,2019-07-04,Simmonds,LL,1921,15,SUB,5,NA,NA,0.32,NA,NA,NA,,
2019-Jul,2019-07-04,Simmonds,LL,1921,15,SFC,9.78,NA,NA,4.67,NA,NA,NA,,
2019-Jul,2019-07-04,Simmonds,LL,1921,16,SUB,5,NA,NA,0.32,NA,NA,NA,,
2019-Jul,2019-07-04,Simmonds,LL,1921,16,SFC,9.1,NA,NA,3.42,NA,NA,NA,,
2019-Jul,2019-07-04,Simmonds,LL,1921,20,SUB,5,NA,NA,0.35,NA,NA,NA,,
2019-Jul,2019-07-04,Simmonds,LL,1921,20,SFC,5.46,NA,NA,3.08,NA,NA,NA,,
2019-Jul,2019-07-04,Simmonds,LL,1921,21,SUB,5,NA,NA,0.33,NA,NA,NA,,
2019-Jul,2019-07-04,Simmonds,LL,1921,21,SFC,9.11,NA,NA,3.82,NA,NA,NA,,
2019-Jul,2019-07-04,Simmonds,LL,1921,22,SUB,2.58,NA,NA,0.52,NA,NA,NA,,
2019-Jul,2019-07-04,Simmonds,LL,1921,23,SUB,2.39,NA,NA,0.46,NA,NA,NA,,
2019-Jul,2019-07-04,Simmonds,LL,1921,24,SUB,5,NA,NA,0.58,NA,NA,NA,,
2019-Jul,2019-07-04,Simmonds,LL,1921,24,SFC,1.46,NA,NA,0.92,NA,NA,C,,
2019-Jul,2019-07-04,Simmonds,LL,1921,25,SUB,5,NA,NA,0.35,NA,NA,NA,,
2019-Jul,2019-07-04,Simmonds,LL,1921,25,SFC,1.1,NA,NA,0.55,NA,NA,NA,weight 5.51 (mistake?),
2019-Jul,2019-07-04,Simmonds,LL,2068,1,SUB,5,NA,NA,1.42,NA,NA,NA,,
2019-Jul,2019-07-04,Simmonds,LL,2068,1,SFC,0.3,NA,NA,0.04,NA,NA,NA,,
2019-Jul,2019-07-04,Simmonds,LL,2068,2,SUB,5,NA,NA,1.02,NA,NA,NA,,
2019-Jul,2019-07-04,Simmonds,LL,2068,2,SFC,4.65,NA,NA,1.13,NA,NA,NA,,
2019-Jul,2019-07-04,Simmonds,LL,2068,3,SUB,2.86,NA,NA,2.78,NA,NA,NA,,
2019-Jul,2019-07-04,Simmonds,LL,2044,1,SUB,4.62,NA,NA,0.24,NA,NA,NA,,
2019-Jul,2019-07-04,Simmonds,LL,2044,2,SUB,4,NA,NA,0.34,NA,NA,NA,,
2019-Jul,2019-07-04,Simmonds,LL,2044,3,SUB,1.69,NA,NA,0.16,NA,NA,NA,,
2019-Jul,2019-07-04,Simmonds,LL,1851,1,SUB,3.4,NA,NA,0.32,NA,NA,NA,,
2019-Jul,2019-07-04,Simmonds,LL,1851,2,SUB,3.58,NA,NA,0.47,NA,NA,NA,,
2019-Jul,2019-07-04,Simmonds,LL,1851,3,SUB,1.55,NA,NA,0.2,NA,NA,NA,,
2019-Jul,2019-07-04,Simmonds,LL,1851,4,SUB,1.34,NA,NA,0.21,NA,NA,NA,,
2019-Jul,2019-07-04,Simmonds,LL,1851,5,SUB,5,NA,NA,0.63,NA,NA,NA,,
2019-Jul,2019-07-04,Simmonds,LL,1851,5,SFC,1.76,NA,NA,0.66,NA,NA,NA,,
2019-Jul,2019-07-04,Simmonds,LL,1969,1,SUB,5,NA,NA,0.49,NA,NA,NA,,
2019-Jul,2019-07-04,Simmonds,LL,1969,1,SFC,1,NA,NA,0.37,NA,NA,NA,,
2019-Jul,2019-07-04,Simmonds,LL,1969,2,SUB,5,NA,NA,0.47,NA,NA,NA,,
2019-Jul,2019-07-04,Simmonds,LL,1969,2,SFC,1.8,NA,NA,0.64,NA,NA,NA,,
2019-Jul,2019-07-04,Simmonds,LL,1969,1,SUB,2.18,NA,NA,0.4,NA,NA,NA,,
2019-Jul,2019-07-04,Simmonds,LL,1969,1,SFC,2.5,NA,NA,0.37,NA,NA,NA,,
2019-Jul,2019-07-10,Triquet,OP,2084,1,SUB,2.41,0.1,0.37,0.47,NA,NA,NA,,
2019-Jul,2019-07-10,Triquet,OP,2084,2,SUB,4,0.38,0.4,0.78,NA,NA,NA,,
2019-Jul,2019-07-10,Triquet,OP,2084,2,SFC,1.65,0.16,0.75,0.91,NA,NA,NA,,
2019-Jul,2019-07-10,Triquet,OP,2084,3,SUB,3.88,0.34,0.81,1.15,NA,NA,NA,,
2019-Jul,2019-07-10,Triquet,OP,2084,4,SUB,4,0.33,0.12,0.45,NA,NA,NA,,
2019-Jul,2019-07-10,Triquet,OP,2084,4,SFC,2.96,0.3,1.48,1.78,NA,NA,NA,,
2019-Jul,2019-07-10,Triquet,OP,2084,5,SUB,4,0.31,0.06,0.37,NA,NA,NA,,
2019-Jul,2019-07-10,Triquet,OP,2084,5,SFC,2.84,0.23,0.97,1.2,NA,NA,NA,,
2019-Jul,2019-07-10,Triquet,OP,2084,6,SUB,4,0.18,0.05,0.23,NA,NA,NA,,
2019-Jul,2019-07-10,Triquet,OP,2084,6,SFC,0.93,0.06,0.42,0.48,NA,NA,NA,,
2019-Jul,2019-07-10,Triquet,OP,1861,1,SUB,3.15,0.18,0.47,0.65,NA,NA,NA,,
2019-Jul,2019-07-10,Triquet,OP,1861,2,SUB,4,0.38,0.49,0.87,NA,NA,NA,,
2019-Jul,2019-07-10,Triquet,OP,1861,2,SFC,0.78,0.06,0.49,0.55,NA,NA,NA,,
2019-Jul,2019-07-10,Triquet,OP,1861,3,SUB,3.4,0.17,0.39,0.56,NA,NA,NA,,
2019-Jul,2019-07-10,Triquet,OP,1861,4,SUB,1.5,0.09,0.29,0.38,NA,NA,NA,,
2019-Jul,2019-07-10,Triquet,OP,1861,5,SUB,4,0.22,0.13,0.35,NA,NA,NA,,
2019-Jul,2019-07-10,Triquet,OP,1861,5,SFC,1.19,0.1,0.6,0.7,NA,NA,NA,,
2019-Jul,2019-07-10,Triquet,OP,1861,6,SUB,1.45,0.09,0.34,0.43,NA,NA,NA,,
2019-Jul,2019-07-10,Triquet,OP,1861,7,SUB,0.81,0.04,0.09,0.13,NA,NA,NA,,
2019-Jul,2019-07-10,Triquet,OP,1861,8,SUB,1.24,0.07,0.4,0.47,NA,NA,NA,,
2019-Jul,2019-07-10,Triquet,OP,1861,9,SUB,1.53,0.07,0.3,0.37,NA,NA,NA,,
2019-Jul,2019-07-10,Triquet,OP,113,1,SUB,4,0.35,0.2,0.55,NA,NA,NA,,
2019-Jul,2019-07-10,Triquet,OP,113,1,SFC,1.4,0.14,0.93,1.07,NA,NA,NA,,
2019-Jul,2019-07-10,Triquet,OP,113,2,SUB,1.1,0.04,0.21,0.25,NA,NA,NA,,
2019-Jul,2019-07-10,Triquet,OP,113,3,SUB,4,0.17,0.05,0.22,NA,NA,NA,,
2019-Jul,2019-07-10,Triquet,OP,113,3,SFC,1.3,0.13,0.73,0.86,NA,NA,NA,,
2019-Jul,2019-07-10,Triquet,OP,113,4,SUB,4,0.36,0.07,0.43,NA,NA,NA,,
2019-Jul,2019-07-10,Triquet,OP,113,4,SFC,2.4,0.26,0.97,1.23,NA,NA,NA,,
2019-Jul,2019-07-10,Triquet,OP,113,5,SUB,2.29,0.07,0.04,0.11,NA,NA,NA,,
2019-Jul,2019-07-10,Triquet,OP,113,6,SUB,1.35,0.11,0.49,0.6,NA,NA,NA,,
2019-Jul,2019-07-10,Triquet,OP,632,1,SUB,4,0.38,0.02,0.4,NA,NA,NA,,
2019-Jul,2019-07-10,Triquet,OP,632,1,SFC,4.05,0.49,1.93,2.42,NA,NA,NA,,
2019-Jul,2019-07-10,Triquet,OP,632,2,SUB,4,0.15,0.04,0.19,NA,NA,NA,,
2019-Jul,2019-07-10,Triquet,OP,632,2,SFC,0.57,0.04,0.26,0.3,NA,NA,NA,,
2019-Jul,2019-07-10,Triquet,OP,1931,1,SUB,4,0.4,0.91,1.31,NA,NA,NA,,
2019-Jul,2019-07-10,Triquet,OP,1931,1,SFC,0.33,0.02,0.12,0.14,NA,NA,NA,,
2019-Jul,2019-07-10,Triquet,OP,1931,2,SUB,4,0.38,0.04,0.42,NA,NA,NA,,
2019-Jul,2019-07-10,Triquet,OP,1931,2,SFC,3.19,0.35,1.45,1.8,NA,NA,NA,,
2019-Jul,2019-07-10,Triquet,OP,1931,3,SUB,4,0.38,0.35,0.73,NA,NA,NA,,
2019-Jul,2019-07-10,Triquet,OP,1931,3,SFC,1.66,0.19,1.09,1.28,NA,NA,NA,,
2019-Jul,2019-07-10,Triquet,OP,1931,4,SUB,2.4,0.13,0.17,0.3,NA,NA,NA,,
2019-Jul,2019-07-10,Triquet,OP,1931,5,SUB,3.57,0.32,0.84,1.16,NA,NA,NA,,
2019-Jul,2019-07-10,Triquet,OP,1931,6,SUB,0.95,0.07,0.35,0.42,NA,NA,NA,,
2019-Jul,2019-07-10,Triquet,OP,253,1,SUB,4,0.34,0.05,0.39,NA,NA,NA,,
2019-Jul,2019-07-10,Triquet,OP,253,1,SFC,2.76,0.27,1,1.27,NA,NA,NA,,
2019-Jul,2019-07-10,Triquet,OP,253,2,SUB,4,0.34,0.17,0.51,NA,NA,NA,,
2019-Jul,2019-07-10,Triquet,OP,253,2,SFC,1.97,0.25,1.16,1.41,NA,NA,NA,,
2019-Jul,2019-07-10,Triquet,OP,253,3,SUB,1.1,0.09,0.43,0.52,NA,NA,NA,,
2019-Jul,2019-07-10,Triquet,OP,253,4,SUB,4,0.37,0.05,0.42,NA,NA,NA,,
2019-Jul,2019-07-10,Triquet,OP,253,4,SFC,3.2,0.32,1.59,1.91,NA,NA,NA,,
2019-Jul,2019-07-10,Triquet,OP,253,5,SUB,0.73,0.05,0.25,0.3,NA,NA,NA,,
2019-Jul,2019-07-11,Womanley,OP,1913,1,SUB,5,0.64,0.06,0.7,NA,NA,NA,,
2019-Jul,2019-07-11,Womanley,OP,1913,1,SFC,6.4,1.09,2.58,3.67,NA,NA,NA,,
2019-Jul,2019-07-11,Womanley,OP,1913,2,SUB,5,0.49,0.08,0.57,NA,NA,NA,,
2019-Jul,2019-07-11,Womanley,OP,1913,2,SFC,7.44,1.39,2.86,4.25,NA,NA,NA,,
2019-Jul,2019-07-11,Womanley,OP,1913,3,SUB,5,0.63,1.13,1.76,NA,NA,NA,,
2019-Jul,2019-07-11,Womanley,OP,1913,3,SFC,0.75,0.07,0.4,0.47,NA,NA,NA,,
2019-Jul,2019-07-11,Womanley,OP,1913,4,SUB,4,0.5,0.06,0.56,NA,NA,NA,,
2019-Jul,2019-07-11,Womanley,OP,1913,4,SFC,4.84,0.78,2.73,3.51,NA,NA,NA,,
2019-Jul,2019-07-11,Womanley,OP,1913,5,SUB,5,0.32,0.52,0.84,NA,NA,NA,,
2019-Jul,2019-07-11,Womanley,OP,1913,5,SFC,0.32,0.03,0.13,0.16,NA,NA,NA,,
2019-Jul,2019-07-11,Womanley,OP,1913,6,SUB,5,0.36,0.23,0.59,NA,NA,NA,,
2019-Jul,2019-07-11,Womanley,OP,1913,6,SFC,2.4,0.27,0.9,1.17,NA,NA,NA,,
2019-Jul,2019-07-11,Womanley,OP,1758,1,SUB,3.4,0.29,1.02,1.31,NA,NA,NA,,
2019-Jul,2019-07-11,Womanley,OP,1758,2,SUB,5,0.5,0.43,0.93,NA,NA,NA,,
2019-Jul,2019-07-11,Womanley,OP,1758,2,SFC,1.16,0.06,0.12,0.18,NA,NA,C,,
2019-Jul,2019-07-11,Womanley,OP,156,1,SUB,5,0.34,0,0.34,NA,NA,NB,,
2019-Jul,2019-07-11,Womanley,OP,156,1,SFC,2.6,0.31,0.53,0.84,NA,NA,NA,,
2019-Jul,2019-07-11,Womanley,OP,156,2,SUB,5,0.47,0,0.47,NA,NA,NB,,
2019-Jul,2019-07-11,Womanley,OP,156,2,SFC,2.89,0.46,0.23,0.69,NA,NA,C,,
2019-Jul,2019-07-11,Womanley,OP,156,3,SUB,3.28,0.19,0,0.19,NA,NA,C/NB,,
2019-Jul,2019-07-11,Womanley,OP,156,4,SUB,2.97,0.25,0.77,1.02,NA,NA,NA,,
2019-Jul,2019-07-11,Womanley,OP,156,5,SUB,2.98,0.15,0,0.15,NA,NA,C/NB,,
2019-Jul,2019-07-11,Womanley,OP,1797,1,SUB,4.09,0.33,1.36,1.69,NA,NA,NA,,
2019-Jul,2019-07-11,Womanley,OP,1797,2,SUB,2.6,0.16,0.51,0.67,NA,NA,NA,,
2019-Jul,2019-07-11,Womanley,OP,1797,3,SUB,1,0.04,0.21,0.25,NA,NA,NA,,
2019-Jul,2019-07-11,Womanley,OP,1797,4,SUB,3.8,0.32,1.21,1.53,NA,NA,NA,,
2019-Jul,2019-07-11,Womanley,OP,1797,5,SUB,0.55,0.03,0.12,0.15,NA,NA,NA,,
2019-Jul,2019-07-11,Womanley,OP,1797,6,SUB,0.26,0.01,0.04,0.05,NA,NA,NA,stipe weight is less than 0.01kg (scale does not register),
2019-Jul,2019-07-11,Womanley,OP,1797,7,SUB,1.92,0.12,0.32,0.44,NA,NA,NA,,
2019-Jul,2019-07-11,Womanley,OP,1797,8,SUB,2.55,0.17,0.66,0.83,NA,NA,NA,,
2019-Jul,2019-07-11,Womanley,OP,1820,1,SUB,5,0.31,0,0.31,NA,NA,NB,,
2019-Jul,2019-07-11,Womanley,OP,1820,1,SFC,3,0.36,0.87,1.23,NA,NA,NA,,
2019-Jul,2019-07-11,Womanley,OP,1820,2,SUB,5,0.32,0,0.32,NA,NA,NB,,
2019-Jul,2019-07-11,Womanley,OP,1820,2,SFC,3.55,0.43,1.07,1.5,NA,NA,NA,,
2019-Jul,2019-07-11,Womanley,OP,1820,3,SUB,3.49,0.19,0.35,0.54,NA,NA,NA,,
2019-Jul,2019-07-11,Womanley,OP,1820,4,SUB,2.3,0.12,0.3,0.42,NA,NA,NA,,
2019-Jul,2019-07-11,Womanley,OP,1820,5,SUB,4.06,0.26,0.37,0.63,NA,NA,NA,,
2019-Jul,2019-07-11,Womanley,OP,1820,6,SUB,2.82,0.15,0.21,0.36,NA,NA,NA,,
2019-Jul,2019-07-12,Westbeach,OP,253,1,SUB,3.04,0.26,0.29,0.55,NA,NA,NA,,
2019-Jul,2019-07-12,Westbeach,OP,253,2,SUB,2.28,0.09,0.09,0.18,NA,NA,NA,,
2019-Jul,2019-07-12,Westbeach,OP,253,3,SUB,2.01,0.16,0.25,0.41,NA,NA,NA,,
2019-Jul,2019-07-12,Westbeach,OP,253,4,SUB,3,1.37,0.07,1.44,NA,NA,NA,,
2019-Jul,2019-07-12,Westbeach,OP,253,4,SFC,3.57,0.44,0.96,1.4,NA,NA,NA,,
2019-Jul,2019-07-12,Westbeach,OP,253,5,SUB,2.06,0.24,0.24,0.48,NA,NA,C,,
2019-Jul,2019-07-12,Westbeach,OP,253,6,SUB,3,0.39,0.22,0.61,NA,NA,NA,,
2019-Jul,2019-07-12,Westbeach,OP,253,6,SFC,3.24,0.36,0.91,1.27,NA,NA,NA,,
2019-Jul,2019-07-12,Westbeach,OP,253,7,SUB,3,0.11,0,0.11,NA,NA,NB,,
2019-Jul,2019-07-12,Westbeach,OP,253,7,SFC,1.92,0.18,0,0.18,NA,NA,C/NB,,
2019-Jul,2019-07-12,Westbeach,OP,253,8,SUB,2.03,0.16,0.18,0.34,NA,NA,NA,,
2019-Jul,2019-07-12,Westbeach,OP,253,9,SUB,3,0.3,0.3,0.6,NA,NA,NA,,
2019-Jul,2019-07-12,Westbeach,OP,253,9,SFC,0.42,0.03,0.11,0.14,NA,NA,NA,,
2019-Jul,2019-07-12,Westbeach,OP,253,10,SUB,2,0.06,0,0.06,NA,NA,NB,,
2019-Jul,2019-07-12,Westbeach,OP,253,10,SFC,5.54,0.48,0.75,1.23,NA,NA,NA,,
2019-Jul,2019-07-12,Westbeach,OP,253,11,SUB,0.7,0.04,0.03,0.07,NA,NA,NA,,
2019-Jul,2019-07-12,Westbeach,OP,253,12,SUB,2,0.15,0.07,0.22,NA,NA,NA,,
2019-Jul,2019-07-12,Westbeach,OP,253,12,SFC,1.73,0.18,0.36,0.54,NA,NA,NA,,
2019-Jul,2019-07-12,Westbeach,OP,253,13,SUB,2,0.24,0.12,0.36,NA,NA,NA,,
2019-Jul,2019-07-12,Westbeach,OP,253,13,SFC,3.4,0.4,0.62,1.02,NA,NA,NA,,
2019-Jul,2019-07-12,Westbeach,OP,253,14,SUB,2,0.17,0.15,0.32,NA,NA,NA,,
2019-Jul,2019-07-12,Westbeach,OP,253,14,SUB,1.28,0.11,0.3,0.41,NA,NA,NA,,
2019-Jul,2019-07-12,Westbeach,OP,253,15,SUB,1.85,0.11,0.15,0.26,NA,NA,NA,,
2019-Jul,2019-07-12,Westbeach,OP,253,NA,NA,NA,NA,NA,NA,NA,1,NA,extra biomass for plant,
2019-Jul,2019-07-12,Westbeach,OP,1861,1,SUB,2,0.12,0,0.12,NA,NA,NB,,
2019-Jul,2019-07-12,Westbeach,OP,1861,1,SFC,6.39,0.86,0.23,1.09,NA,NA,NA,,
2019-Jul,2019-07-12,Westbeach,OP,1861,2,SUB,2,0.1,0,0.1,NA,NA,NB,,
2019-Jul,2019-07-12,Westbeach,OP,1861,2,SFC,5.53,0.43,0.22,0.65,NA,NA,NA,,
2019-Jul,2019-07-12,Westbeach,OP,1861,3,SUB,1.81,0.14,0.06,0.2,NA,NA,C,,
2019-Jul,2019-07-12,Westbeach,OP,1861,4,SUB,2,0.11,0.06,0.17,NA,NA,NA,,
2019-Jul,2019-07-12,Westbeach,OP,1861,4,SFC,1.22,0.09,0.27,0.36,NA,NA,NA,,
2019-Jul,2019-07-12,Westbeach,OP,1861,5,SUB,2,0.2,0,0.2,NA,NA,NB,,
2019-Jul,2019-07-12,Westbeach,OP,1861,5,SFC,2.95,0.44,0.14,0.58,NA,NA,NA,,
2019-Jul,2019-07-12,Westbeach,OP,1861,NA,NA,NA,NA,NA,NA,NA,0.09,NA,extra biomass for plant,
2019-Jul,2019-07-12,Westbeach,OP,113,1,SUB,1.27,0.15,0,0.15,NA,NA,C/NB,,
2019-Jul,2019-07-12,Westbeach,OP,113,2,SUB,0.78,0.03,0.02,0.05,NA,NA,NA,,
2019-Jul,2019-07-12,Westbeach,OP,113,3,SUB,0.92,0.04,0.03,0.07,NA,NA,NA,,
2019-Jul,2019-07-12,Westbeach,OP,113,4,SUB,2,0.19,0.15,0.34,NA,NA,NA,,
2019-Jul,2019-07-12,Westbeach,OP,113,4,SFC,2.22,0.25,0.75,1,NA,NA,NA,,
2019-Jul,2019-07-12,Westbeach,OP,113,5,SUB,2,0.15,0.17,0.32,NA,NA,NA,,
2019-Jul,2019-07-12,Westbeach,OP,113,5,SFC,0.37,0.01,0.07,0.08,NA,NA,NA,stipe weight is less than 0.01kg (scale does not register),
2019-Jul,2019-07-12,Westbeach,OP,113,6,SUB,2,0.2,0.07,0.27,NA,NA,NA,,
2019-Jul,2019-07-12,Westbeach,OP,113,6,SFC,3.35,0.4,1.27,1.67,NA,NA,NA,,
2019-Jul,2019-07-12,Westbeach,OP,113,7,SUB,2,0.15,0,0.15,NA,NA,NB,,
2019-Jul,2019-07-12,Westbeach,OP,113,7,SFC,7.35,1.09,2.22,3.31,NA,NA,NA,,
2019-Jul,2019-07-12,Westbeach,OP,2068,1,SUB,2,0.11,0,0.11,NA,NA,NB,,
2019-Jul,2019-07-12,Westbeach,OP,2068,1,SFC,3.83,0.28,0.79,1.07,NA,NA,NA,,
2019-Jul,2019-07-12,Westbeach,OP,2068,2,SUB,2,0.14,0.13,0.27,NA,NA,NA,,
2019-Jul,2019-07-12,Westbeach,OP,2068,2,SFC,1.8,0.09,0.37,0.46,NA,NA,NA,,
2019-Jul,2019-07-12,Westbeach,OP,2068,3,SUB,2,0.1,0,0.1,NA,NA,NB,,
2019-Jul,2019-07-12,Westbeach,OP,2068,3,SFC,4.99,0.35,0.89,1.24,NA,NA,NA,,
2019-Jul,2019-07-12,Westbeach,OP,1931,1,SUB,1.4,0.09,0.15,0.24,NA,NA,NA,,
2019-Jul,2019-07-12,Westbeach,OP,1931,2,SUB,2,0.21,0.09,0.3,NA,NA,NA,,
2019-Jul,2019-07-12,Westbeach,OP,1931,2,SFC,3.8,0.42,1.04,1.46,NA,NA,NA,,
2019-Jul,2019-07-12,Westbeach,OP,1931,3,SUB,2,0.17,0,0.17,NA,NA,NB,,
2019-Jul,2019-07-12,Westbeach,OP,1931,3,SFC,9.2,1.07,1.17,2.24,NA,NA,NA,,
2019-Jul,2019-07-12,Westbeach,OP,1931,4,SUB,2,0.09,0,0.09,NA,NA,NB,,
2019-Jul,2019-07-12,Westbeach,OP,1931,4,SFC,8.31,0.86,0.98,1.84,NA,NA,NA,,
2019-Jul,2019-07-12,Westbeach,OP,1931,5,SUB,2,0.2,0.31,0.51,NA,NA,NA,,
2019-Jul,2019-07-12,Westbeach,OP,1931,5,SFC,0.3,0.01,0.07,0.08,NA,NA,NA,stipe weight is less than 0.01kg (scale does not register),
2019-Jul,2019-07-12,Westbeach,OP,1931,6,SUB,2,0.17,0.1,0.27,NA,NA,NA,,
2019-Jul,2019-07-12,Westbeach,OP,1931,6,SFC,1.17,0.24,0.72,0.96,NA,NA,NA,,
2019-Jul,2019-07-12,Westbeach,OP,1931,7,SUB,2,0.18,0.21,0.39,NA,NA,NA,,
2019-Jul,2019-07-12,Westbeach,OP,1931,7,SFC,0.54,0.03,0.2,0.23,NA,NA,NA,,
2019-Jul,2019-07-12,Westbeach,OP,1931,8,SUB,2,0.16,0,0.16,NA,NA,NB,,
2019-Jul,2019-07-12,Westbeach,OP,1931,8,SFC,9.32,1.04,1.67,2.71,NA,NA,NA,,
2019-Jul,2019-07-12,Westbeach,OP,1931,9,SUB,2,0.12,0,0.12,NA,NA,NB,,
2019-Jul,2019-07-12,Westbeach,OP,1931,9,SFC,6.02,0.57,1.23,1.8,NA,NA,NA,,
2019-Jul,2019-07-12,Westbeach,OP,1931,10,SUB,2,0.2,0,0.2,NA,NA,NB,,
2019-Jul,2019-07-12,Westbeach,OP,1931,10,SFC,6.19,0.72,1.49,2.21,NA,NA,NA,,
2019-Jul,2019-07-12,Westbeach,OP,1931,11,SUB,1.32,0.05,0.2,0.25,NA,NA,C,,
2019-Jul,2019-07-12,Westbeach,OP,1931,12,SUB,2.89,0.33,0.84,1.17,NA,NA,C,,
2019-Jul,2019-07-12,Westbeach,OP,1931,13,SUB,2,0.23,0.12,0.35,NA,NA,NA,,
2019-Jul,2019-07-12,Westbeach,OP,1931,13,SFC,4.26,0.01,0,0.01,NA,NA,NB,stipe weight is less than 0.01kg (scale does not register),
2019-Jul,2019-07-12,Westbeach,OP,1931,14,SUB,2,0.11,0,0.11,NA,NA,NB,,
2019-Jul,2019-07-12,Westbeach,OP,1931,14,SFC,0.9,0.18,0,0.18,NA,NA,NB,,
2019-Jul,2019-07-12,Westbeach,OP,1931,15,SUB,2,0.22,0.06,0.28,NA,NA,NA,,
2019-Jul,2019-07-12,Westbeach,OP,1931,15,SFC,5.12,0.55,1,1.55,NA,NA,NA,,
2019-Jul,2019-07-12,Westbeach,OP,1931,NA,NA,NA,NA,NA,NA,NA,0.8,NA,extra biomass for plant,
2019-Aug,2019-08-22,McMullins_center,OP,MC_01,1,SUB,1.66,0.16,0.61,0.77,NA,NA,NA,,
2019-Aug,2019-08-22,McMullins_center,OP,MC_01,2,SUB,5.1,0.58,1.3,1.88,NA,NA,NA,,
2019-Aug,2019-08-22,McMullins_center,OP,MC_01,3,SUB,5,0.58,0.03,0.61,NA,NA,NA,,
2019-Aug,2019-08-22,McMullins_center,OP,MC_01,3,SFC,2.55,0.29,0.4,0.69,NA,NA,NA,,
2019-Aug,2019-08-22,McMullins_center,OP,MC_01,4,SUB,4.08,0.43,0.98,1.41,NA,NA,NA,,
2019-Aug,2019-08-22,McMullins_center,OP,MC_01,5,SUB,1.76,0.15,0.42,0.57,NA,NA,NA,,
2019-Aug,2019-08-22,McMullins_center,OP,MC_01,6,SUB,4.57,0.48,1,1.48,NA,NA,NA,,
2019-Aug,2019-08-22,McMullins_center,OP,MC_01,7,SUB,4.76,0.56,1.48,2.04,NA,NA,NA,,
2019-Aug,2019-08-22,McMullins_center,OP,MC_01,8,SUB,5,0.73,0.07,0.8,NA,NA,NA,,
2019-Aug,2019-08-22,McMullins_center,OP,MC_01,9,SFC,0.32,0.01,0.08,0.09,NA,NA,NA,stipe weight is less than 0.01kg (scale does not register),
2019-Aug,2019-08-22,McMullins_center,OP,MC_01,9,SUB,5,0.6,1.25,1.85,NA,NA,NA,,
2019-Aug,2019-08-22,McMullins_center,OP,MC_01,8,SFC,3.2,0.38,0.64,1.02,NA,NA,NA,,
2019-Aug,2019-08-22,McMullins_center,OP,MC_01,10,SUB,5,0.64,0,0.64,NA,NA,NB,,
2019-Aug,2019-08-22,McMullins_center,OP,MC_01,10,SFC,3.01,0.33,0.73,1.06,NA,NA,NA,,
2019-Aug,2019-08-22,McMullins_center,OP,MC_01,11,SUB,5,0.35,0.05,0.4,NA,NA,NA,,
2019-Aug,2019-08-22,McMullins_center,OP,MC_01,11,SFC,1.51,0.13,0.28,0.41,NA,NA,NA,,
2019-Aug,2019-08-22,McMullins_center,OP,MC_01,12,SUB,5,0.69,0.39,1.08,NA,NA,NA,,
2019-Aug,2019-08-22,McMullins_center,OP,MC_01,12,SFC,2.51,0.28,1.11,1.39,NA,NA,NA,,
2019-Aug,2019-08-22,McMullins_center,OP,MC_01,NA,NA,NA,NA,NA,NA,NA,1.59,NA,extra biomass for plant,
2019-Aug,2019-08-22,McMullins_center,OP,MC_03,1,SUB,4.4,0.4,1,1.4,NA,NA,NA,,
2019-Aug,2019-08-22,McMullins_center,OP,MC_03,2,SUB,5,0.31,0,0.31,NA,NA,NB,,
2019-Aug,2019-08-22,McMullins_center,OP,MC_03,2,SFC,1.71,0.13,0.1,0.23,NA,NA,NA,,
2019-Aug,2019-08-22,McMullins_center,OP,MC_03,3,SUB,0.99,0.08,0.17,0.25,NA,NA,NA,,
2019-Aug,2019-08-22,McMullins_center,OP,MC_03,4,SUB,5,0.4,0.52,0.92,NA,NA,NA,,
2019-Aug,2019-08-22,McMullins_center,OP,MC_03,4,SFC,0.76,0.02,0.24,0.26,NA,NA,NA,,
2019-Aug,2019-08-22,McMullins_center,OP,MC_03,NA,NA,NA,NA,NA,NA,NA,0.25,NA,extra biomass for plant,
2019-Aug,2019-08-22,McMullins_center,OP,MC_02,1,SUB,4.3,0.29,0.02,0.31,NA,NA,C,,
2019-Aug,2019-08-22,McMullins_center,OP,MC_02,2,SUB,5,0.55,0.06,0.61,NA,NA,NA,,
2019-Aug,2019-08-22,McMullins_center,OP,MC_02,2,SFC,4.91,0.58,0.12,0.7,NA,NA,NA,,
2019-Aug,2019-08-22,McMullins_center,OP,MC_02,3,SUB,5,0.48,0.76,1.24,NA,NA,NA,,
2019-Aug,2019-08-22,McMullins_center,OP,MC_02,3,SFC,0.4,0.01,0.15,0.16,NA,NA,NA,stipe weight is less than 0.01kg (scale does not register),
2019-Aug,2019-08-22,McMullins_center,OP,MC_02,4,SUB,5,0.63,0.63,1.26,NA,NA,NA,,
2019-Aug,2019-08-22,McMullins_center,OP,MC_02,4,SFC,2.3,0.21,0.7,0.91,NA,NA,NA,,
2019-Aug,2019-08-22,McMullins_center,OP,MC_02,5,SUB,5,0.74,0.05,0.79,NA,NA,NA,,
2019-Aug,2019-08-22,McMullins_center,OP,MC_02,5,SFC,3.74,0.41,0.61,1.02,NA,NA,NA,,
2019-Aug,2019-08-22,McMullins_center,OP,MC_02,6,SUB,3.71,0.32,0.54,0.86,NA,NA,NA,,
2019-Aug,2019-08-22,McMullins_center,OP,MC_02,7,SUB,0.46,0.03,0.11,0.14,NA,NA,NA,,
2019-Aug,2019-08-22,McMullins_center,OP,MC_02,8,SUB,0.78,0.05,0.12,0.17,NA,NA,NA,,
2019-Aug,2019-08-22,McMullins_center,OP,MC_02,9,SUB,5,0.44,0.03,0.47,NA,NA,NA,,
2019-Aug,2019-08-22,McMullins_center,OP,MC_02,9,SFC,5.87,0.5,0.02,0.52,NA,NA,NA,,
2019-Aug,2019-08-22,McMullins_center,OP,MC_02,10,SUB,1.57,0.1,0.21,0.31,NA,NA,NA,,
2019-Aug,2019-08-22,McMullins_center,OP,MC_02,11,SUB,1.46,0.12,0.13,0.25,NA,NA,C,,
2019-Aug,2019-08-22,McMullins_center,OP,MC_02,12,SUB,1.45,0.12,0.12,0.24,NA,NA,C,,
2019-Aug,2019-08-22,McMullins_center,OP,MC_02,13,SUB,0.84,0.06,0.05,0.11,NA,NA,C,,
2019-Aug,2019-08-22,McMullins_center,OP,MC_02,14,SUB,0.6,0.03,0.02,0.05,NA,NA,NA,,
2019-Aug,2019-08-22,McMullins_center,OP,MC_02,15,SUB,0.83,0.04,0.09,0.13,NA,NA,C,,
2019-Aug,2019-08-22,McMullins_center,OP,MC_02,NA,NA,NA,NA,NA,NA,NA,0.25,NA,extra biomass for plant,
2019-Aug,2019-08-22,McMullins_center,OP,MC_04,1,SUB,5,0.23,0.04,0.27,NA,NA,NA,,
2019-Aug,2019-08-22,McMullins_center,OP,MC_04,1,SFC,1.04,0.03,0.06,0.09,NA,NA,NA,,
2019-Aug,2019-08-22,McMullins_center,OP,MC_04,2,SUB,4.49,0.41,0.57,0.98,NA,NA,C,,
2019-Aug,2019-08-22,McMullins_center,OP,MC_04,3,SUB,1.86,0.09,0.28,0.37,NA,NA,NA,,
2019-Aug,2019-08-22,McMullins_center,OP,MC_04,4,SUB,0.63,0.04,0.22,0.26,NA,NA,NA,,
2019-Aug,2019-08-22,McMullins_center,OP,MC_04,5,SUB,1.44,0.03,0.16,0.19,NA,NA,NA,,
2019-Aug,2019-08-22,McMullins_center,OP,MC_04,6,SUB,1.2,0.08,0.08,0.16,NA,NA,C,,
2019-Aug,2019-08-22,McMullins_center,OP,MC_04,7,SUB,5,0.4,0.13,0.53,NA,NA,NA,,
2019-Aug,2019-08-22,McMullins_center,OP,MC_04,7,SFC,1.12,0.09,0.45,0.54,NA,NA,NA,,
2019-Aug,2019-08-22,McMullins_center,OP,MC_04,8,SUB,5,0.24,0,0.24,NA,NA,NB,,
2019-Aug,2019-08-22,McMullins_center,OP,MC_04,8,SFC,0.25,0.15,0.08,0.23,NA,NA,C,,
2019-Aug,2019-08-22,McMullins_center,OP,MC_04,9,SUB,2.29,0.16,0.37,0.53,NA,NA,NA,,
2019-Aug,2019-08-22,McMullins_center,OP,MC_05,1,SUB,3.68,0.42,1,1.42,NA,NA,NA,,
2019-Aug,2019-08-22,McMullins_center,OP,MC_05,2,SUB,2.23,0.25,0.04,0.29,NA,NA,C,,
2019-Aug,2019-08-22,McMullins_center,OP,MC_05,3,SUB,5,0.52,0.04,0.56,NA,NA,NA,,
2019-Aug,2019-08-22,McMullins_center,OP,MC_05,3,SFC,2.56,0.2,0.39,0.59,NA,NA,NA,,
2019-Aug,2019-08-22,McMullins_center,OP,MC_05,4,SUB,3.37,0.38,0.91,1.29,NA,NA,NA,,
2019-Aug,2019-08-21,Triquet_beach,OP,1,1,SUB,1.85,0.09,0.07,0.16,NA,NA,NA,,
2019-Aug,2019-08-21,Triquet_beach,OP,1,2,SUB,2.45,0.07,0,0.07,NA,NA,NB,,
2019-Aug,2019-08-21,Triquet_beach,OP,1,3,SUB,3.28,0.18,0.03,0.21,NA,NA,NA,,
2019-Aug,2019-08-21,Triquet_beach,OP,1,4,SUB,3.8,0.13,0.01,0.14,NA,NA,NA,blade weight less than 0.01 (scale does not register),
2019-Aug,2019-08-21,Triquet_beach,OP,2475,1,SUB,0.66,0.04,0.15,0.19,NA,NA,NA,,
2019-Aug,2019-08-21,Triquet_beach,OP,2475,2,SUB,4,0.37,0.31,0.68,NA,NA,NA,,
2019-Aug,2019-08-21,Triquet_beach,OP,2475,2,SFC,2.03,0.15,0.41,0.56,NA,NA,NA,,
2019-Aug,2019-08-21,Triquet_beach,OP,2475,3,SUB,4,0.29,0.05,0.34,NA,NA,NA,,
2019-Aug,2019-08-21,Triquet_beach,OP,2475,3,SFC,4.98,0.43,0.86,1.29,NA,NA,NA,,
2019-Aug,2019-08-21,Triquet_beach,OP,2475,4,SUB,4,0.27,0.03,0.3,NA,NA,NA,,
2019-Aug,2019-08-21,Triquet_beach,OP,2475,4,SFC,6.76,0.56,0.29,0.85,NA,NA,NA,,
2019-Aug,2019-08-21,Triquet_beach,OP,2475,5,SUB,1.79,0.14,0.33,0.47,NA,NA,NA,,
2019-Aug,2019-08-21,Triquet_beach,OP,2475,NA,NA,NA,NA,NA,NA,NA,0.29,NA,extra biomass for plant,
2019-Aug,2019-08-21,Triquet_beach,OP,1795,2,SUB,4,0.45,0.32,0.77,NA,NA,NA,,
2019-Aug,2019-08-21,Triquet_beach,OP,1795,1,SFC,2.3,0.32,0.01,0.33,NA,NA,C,blade weight less than 0.01 (scale does not register),
2019-Aug,2019-08-21,Triquet_beach,OP,1795,1,SUB,4,0.32,0,0.32,NA,NA,NB,,
2019-Aug,2019-08-21,Triquet_beach,OP,1795,2,SFC,0.54,0.05,0.08,0.13,NA,NA,NA,,
2019-Aug,2019-08-21,Triquet_beach,OP,1795,3,SUB,0.43,0.01,0.06,0.07,NA,NA,NA,stipe weight is less than 0.01kg (scale does not register),
2019-Aug,2019-08-21,Triquet_beach,OP,1795,4,SUB,4,0.34,0.08,0.42,NA,NA,NA,,
2019-Aug,2019-08-21,Triquet_beach,OP,1795,4,SFC,2.9,0.3,0.2,0.5,NA,NA,NA,,
2019-Aug,2019-08-21,Triquet_beach,OP,1795,5,SUB,4,0.46,0,0.46,NA,NA,NB,,
2019-Aug,2019-08-21,Triquet_beach,OP,1795,5,SFC,0.77,0.1,0.01,0.11,NA,NA,NA,blade weight less than 0.01 (scale does not register),
2019-Aug,2019-08-21,Triquet_beach,OP,1795,6,SUB,4,0.49,0,0.49,NA,NA,NB,,
2019-Aug,2019-08-21,Triquet_beach,OP,1795,6,SFC,2.74,0.34,0.6,0.94,NA,NA,NA,,
2019-Aug,2019-08-21,Triquet_beach,OP,1795,7,SUB,1.61,0.18,0.03,0.21,NA,NA,C,,
2019-Aug,2019-08-21,Triquet_beach,OP,1795,8,SUB,3.9,0.54,0.13,0.67,NA,NA,C,,
2019-Aug,2019-08-21,Triquet_beach,OP,1795,9,SUB,2.14,0.25,0.08,0.33,NA,NA,C,,
2019-Aug,2019-08-21,Triquet_beach,OP,1795,NA,NA,NA,NA,NA,NA,NA,0.27,NA,extra biomass for plant,
2019-Aug,2019-08-21,Triquet_beach,OP,2012,1,SUB,1.05,0.02,0,0.02,NA,NA,C/NB,,
2019-Aug,2019-08-21,Triquet_beach,OP,2012,2,SUB,1.03,0.05,0,0.05,NA,NA,C/NB,,
2019-Aug,2019-08-21,Triquet_beach,OP,2012,3,SUB,0.52,0.04,0.07,0.11,NA,NA,NA,,
2019-Aug,2019-08-21,Triquet_beach,OP,2012,4,SUB,0.71,0.11,0.24,0.35,NA,NA,NA,,
2019-Aug,2019-08-21,Triquet_beach,OP,1740,1,SUB,4,0.37,0.17,0.54,NA,NA,NA,,
2019-Aug,2019-08-21,Triquet_beach,OP,1740,1,SFC,1.65,0.17,0.4,0.57,NA,NA,NA,,
2019-Aug,2019-08-21,Triquet_beach,OP,1740,2,SUB,1.1,0.08,0.18,0.26,NA,NA,NA,,
2019-Aug,2019-08-21,Triquet_beach,OP,1740,3,SUB,3.35,0.21,0.17,0.38,NA,NA,NA,,
2019-Aug,2019-08-21,Triquet_beach,OP,1740,4,SUB,4,0.29,0.02,0.31,NA,NA,NA,,
2019-Aug,2019-08-21,Triquet_beach,OP,1740,4,SFC,6.2,0.69,0.61,1.3,NA,NA,NA,,
2019-Aug,2019-08-21,Triquet_beach,OP,1740,5,SUB,4,0.38,0.45,0.83,NA,NA,NA,,
2019-Aug,2019-08-21,Triquet_beach,OP,1740,5,SFC,1.35,0.1,0.42,0.52,NA,NA,NA,,
2019-Aug,2019-08-21,Triquet_beach,OP,1740,6,SUB,4,0.33,0,0.33,NA,NA,NB,,
2019-Aug,2019-08-21,Triquet_beach,OP,1740,6,SFC,4.53,0.48,0.86,1.34,NA,NA,NA,,
2019-Aug,2019-08-21,Triquet_beach,OP,1740,7,SUB,1.3,0.07,0.09,0.16,NA,NA,NA,,
2019-Aug,2019-08-21,Triquet_beach,OP,1740,8,SUB,1.13,0.09,0.01,0.1,NA,NA,C,check data sheet,
2019-Aug,2019-08-21,Triquet_beach,OP,1740,NA,NA,NA,NA,NA,NA,NA,0.08,NA,extra biomass for plant,
2019-Aug,2019-08-20,Westbeach_north,OP,w_01,1,SUB,2,0.18,0,0.18,NA,NA,NB,,
2019-Aug,2019-08-20,Westbeach_north,OP,w_01,1,SFC,5.45,0.59,0.16,0.75,NA,NA,NA,,
2019-Aug,2019-08-20,Westbeach_north,OP,w_01,2,SUB,2,0.23,0.26,0.49,NA,NA,NA,,
2019-Aug,2019-08-20,Westbeach_north,OP,w_01,2,SFC,0.38,0.03,0.15,0.18,NA,NA,NA,,
2019-Aug,2019-08-20,Westbeach_north,OP,w_01,3,SUB,2,0.23,0.13,0.36,NA,NA,NA,,
2019-Aug,2019-08-20,Westbeach_north,OP,w_01,5,SUB,2.7,0.23,0.58,0.81,NA,NA,NA,,
2019-Aug,2019-08-20,Westbeach_north,OP,w_01,4,SUB,2,0.18,0.07,0.25,NA,NA,NA,,
2019-Aug,2019-08-20,Westbeach_north,OP,w_01,4,SFC,3.16,0.37,0.1,0.47,NA,NA,NA,,
2019-Aug,2019-08-20,Westbeach_north,OP,w_01,3,SUB,0.34,0.05,0.09,0.14,NA,NA,NA,,
2019-Aug,2019-08-20,Westbeach_north,OP,w_02,6,SUB,2,0.11,0.01,0.12,NA,NA,NA,blade weight less than 0.01 (scale does not register),
2019-Aug,2019-08-20,Westbeach_north,OP,w_02,6,SFC,3.75,0.41,0.28,0.69,NA,NA,NA,,
2019-Aug,2019-08-20,Westbeach_north,OP,w_02,7,SUB,2,0.21,0.12,0.33,NA,NA,NA,,
2019-Aug,2019-08-20,Westbeach_north,OP,w_02,7,SFC,2.2,0.25,0.66,0.91,NA,NA,NA,,
2019-Aug,2019-08-20,Westbeach_north,OP,w_02,8,SUB,2,0.15,0.04,0.19,NA,NA,NA,,
2019-Aug,2019-08-20,Westbeach_north,OP,w_02,8,SFC,4.93,0.6,0.48,1.08,NA,NA,NA,,
2019-Aug,2019-08-20,Westbeach_north,OP,w_02,9,SUB,1.9,0.16,0.21,0.37,NA,NA,NA,,
2019-Aug,2019-08-20,Westbeach_north,OP,w_02,10,SUB,2.53,0.12,0,0.12,NA,NA,C/NB,,
2019-Aug,2019-08-20,Westbeach_north,OP,w_02,11,SUB,2,0.19,0.06,0.25,NA,NA,NA,,
2019-Aug,2019-08-20,Westbeach_north,OP,w_02,11,SFC,3.42,0.43,0.73,1.16,NA,NA,NA,,
2019-Aug,2019-08-20,Westbeach_north,OP,w_02,12,SUB,1.15,0.09,0.14,0.23,NA,NA,NA,,
2019-Aug,2019-08-20,Westbeach_north,OP,w_02,13,SUB,0.38,0.02,0.02,0.04,NA,NA,NA,,
2019-Aug,2019-08-20,Westbeach_north,OP,w_03,1,SUB,1.32,0.12,0.24,0.36,NA,NA,NA,,
2019-Aug,2019-08-20,Westbeach_north,OP,w_03,2,SUB,2,0.18,0.06,0.24,NA,NA,NA,,
2019-Aug,2019-08-20,Westbeach_north,OP,w_03,2,SFC,3.1,0.38,0.83,1.21,NA,NA,NA,,
2019-Aug,2019-08-20,Westbeach_north,OP,w_03,3,SUB,2,0.21,0.16,0.37,NA,NA,NA,,
2019-Aug,2019-08-20,Westbeach_north,OP,w_03,3,SFC,1.45,0.17,0.49,0.66,NA,NA,NA,,
2019-Aug,2019-08-20,Westbeach_north,OP,w_03,4,SUB,2,0.17,0.02,0.19,NA,NA,NA,,
2019-Aug,2019-08-20,Westbeach_north,OP,w_03,4,SFC,4.7,0.46,0.04,0.5,NA,NA,C,,
2019-Aug,2019-08-20,Westbeach_north,OP,w_03,5,SUB,2,0.18,0.07,0.25,NA,NA,NA,,
2019-Aug,2019-08-20,Westbeach_north,OP,w_03,5,SFC,3.84,0.47,0.41,0.88,NA,NA,NA,,
2019-Aug,2019-08-20,Westbeach_north,OP,w_03,6,SUB,1.1,0.09,0,0.09,NA,NA,NB,,
2019-Aug,2019-08-20,Westbeach_north,OP,w_04,1,SUB,2,0.14,0.15,0.29,NA,NA,NA,,
2019-Aug,2019-08-20,Westbeach_north,OP,w_04,1,SFC,0.97,0.06,0.22,0.28,NA,NA,NA,,
2019-Aug,2019-08-20,Westbeach_north,OP,w_04,2,SUB,2,0.15,0.02,0.17,NA,NA,NA,,
2019-Aug,2019-08-20,Westbeach_north,OP,w_04,2,SFC,1.26,0.12,0.42,0.54,NA,NA,NA,,
2019-Aug,2019-08-20,Westbeach_north,OP,w_04,3,SUB,2,0.16,0.1,0.26,NA,NA,NA,,
2019-Aug,2019-08-20,Westbeach_north,OP,w_04,3,SFC,2.37,0.24,0.21,0.45,NA,NA,NA,,
2019-Aug,2019-08-20,Westbeach_north,OP,w_04,4,SUB,2,0.09,0.04,0.13,NA,NA,NA,,
2019-Aug,2019-08-20,Westbeach_north,OP,w_04,4,SFC,0.88,0.03,0,0.03,NA,NA,C/NB,,
2019-Aug,2019-08-20,Westbeach_north,OP,w_04,5,SUB,2,0.07,0,0.07,NA,NA,NB,,
2019-Aug,2019-08-20,Westbeach_north,OP,w_04,5,SFC,1.66,0.05,0,0.05,NA,NA,NB,,
2019-Aug,2019-08-20,Westbeach_north,OP,w_04,6,SUB,1.2,0.07,0.14,0.21,NA,NA,C,,
2019-Aug,2019-08-20,Westbeach_north,OP,168,1,SUB,2,0.14,0.04,0.18,NA,NA,NA,,
2019-Aug,2019-08-20,Westbeach_north,OP,168,1,SFC,2.16,0.23,0.43,0.66,NA,NA,NA,,
2019-Aug,2019-08-20,Westbeach_north,OP,168,2,SUB,0.73,0.04,0.05,0.09,NA,NA,NA,,
2019-Aug,2019-08-20,Westbeach_north,OP,168,3,SUB,2,0.09,0.01,0.1,NA,NA,NA,blade weight less than 0.01 (scale does not register),
2019-Aug,2019-08-20,Westbeach_north,OP,168,3,SFC,1.29,0.07,0,0.07,NA,NA,C/NB,,
2019-Aug,2019-08-20,Westbeach_north,OP,168,4,SUB,2,0.13,0,0.13,NA,NA,NB,,
2019-Aug,2019-08-20,Westbeach_north,OP,168,4,SFC,4.53,0.28,0.01,0.29,NA,NA,NA,blade weight less than 0.01 (scale does not register),
2019-Aug,2019-08-20,Westbeach_north,OP,168,5,SUB,1.2,0.1,0.08,0.18,NA,NA,C,,
2019-Aug,2019-08-20,Westbeach_north,OP,168,7,SUB,2,0.12,0.02,0.14,NA,NA,NA,,
2019-Aug,2019-08-20,Westbeach_north,OP,168,6,SFC,0.7,0.05,0.07,0.12,NA,NA,NA,,
2019-Aug,2019-08-20,Westbeach_north,OP,168,7,SFC,3.58,0.33,0.37,0.7,NA,NA,NA,,
2019-Aug,2019-08-20,Westbeach_north,OP,168,8,SUB,0.2,0.01,0.03,0.04,NA,NA,NA,stipe weight is less than 0.01kg (scale does not register),
2019-Aug,2019-08-20,Westbeach_north,OP,168,9,SUB,1.39,0.11,0.18,0.29,NA,NA,NA,,
2019-Aug,2019-08-20,Westbeach_north,OP,168,10,SUB,2,0.09,0.02,0.11,NA,NA,NA,,
2019-Aug,2019-08-20,Westbeach_north,OP,168,10,SFC,4.4,0.35,0.12,0.47,NA,NA,NA,,
2019-Aug,2019-08-20,Westbeach_north,OP,168,11,SUB,2,0.12,0.03,0.15,NA,NA,NA,,
2019-Aug,2019-08-20,Westbeach_north,OP,168,11,SFC,1.7,0.15,0.23,0.38,NA,NA,NA,,
2019-Aug,2019-08-20,Westbeach_north,OP,68,1,SUB,2,0.09,0.01,0.1,NA,NA,NA,blade weight less than 0.01 (scale does not register),
2019-Aug,2019-08-20,Westbeach_north,OP,68,1,SFC,2.42,0.16,0,0.16,NA,NA,NB,,
2019-Aug,2019-08-20,Westbeach_north,OP,68,2,SUB,2,0.08,0.02,0.1,NA,NA,NA,,
2019-Aug,2019-08-20,Westbeach_north,OP,68,2,SFC,0.88,0.06,0.16,0.22,NA,NA,NA,,
2019-Aug,2019-08-20,Westbeach_north,OP,68,3,SUB,2,0.12,0.09,0.21,NA,NA,NA,,
2019-Aug,2019-08-20,Westbeach_north,OP,68,3,SFC,0.34,0.03,0.12,0.15,NA,NA,NA,,
2019-Aug,2019-08-20,Westbeach_north,OP,68,4,SUB,0.58,0.03,0.05,0.08,NA,NA,NA,,
2019-Aug,2019-08-20,Westbeach_north,OP,68,5,SUB,2,0.11,0.03,0.14,NA,NA,NA,,
2019-Aug,2019-08-20,Westbeach_north,OP,68,5,SFC,2.65,0.18,0.05,0.23,NA,NA,NA,,
2019-Aug,2019-08-20,Westbeach_north,OP,68,6,SUB,2,0.12,0.07,0.19,NA,NA,NA,,
2019-Aug,2019-08-20,Westbeach_north,OP,68,6,SFC,3.32,0.21,0,0.21,NA,NA,C/NB,,
2019-Aug,2019-08-20,Westbeach_north,OP,68,7,SUB,2,0.11,0.05,0.16,NA,NA,NA,,
2019-Aug,2019-08-20,Westbeach_north,OP,68,7,SFC,1.6,0.16,0.45,0.61,NA,NA,NA,,
2019-Aug,2019-08-20,Westbeach_north,OP,68,8,SUB,2,0.07,0.03,0.1,NA,NA,NA,,
2019-Aug,2019-08-20,Westbeach_north,OP,68,8,SFC,1.29,0.1,0.12,0.22,NA,NA,NA,,
2019-Aug,2019-08-20,Westbeach_north,OP,68,9,SUB,2,0.08,0.01,0.09,NA,NA,NA,blade weight less than 0.01 (scale does not register),
2019-Aug,2019-08-20,Westbeach_north,OP,68,9,SFC,1.35,0.1,0.1,0.2,NA,NA,NA,,
2019-Aug,2019-08-20,Westbeach_north,OP,263,1,SUB,0.77,0.07,0.09,0.16,NA,NA,NA,,
2019-Aug,2019-08-20,Westbeach_north,OP,263,2,SUB,0.13,0.01,0.02,0.03,NA,NA,NA,stipe weight is less than 0.01kg (scale does not register),
2019-Aug,2019-08-20,Westbeach_north,OP,263,3,SUB,2,0.2,0.31,0.51,NA,NA,NA,,
2019-Aug,2019-08-20,Westbeach_north,OP,263,3,SFC,0.63,0.05,0.24,0.29,NA,NA,NA,,
2019-Aug,2019-08-20,Westbeach_north,OP,263,4,SUB,2,0.18,0.14,0.32,NA,NA,NA,,
2019-Aug,2019-08-20,Westbeach_north,OP,263,4,SFC,1.55,0.13,0.38,0.51,NA,NA,NA,,
2019-Aug,2019-08-20,Westbeach_north,OP,263,5,SUB,2,0.07,0.02,0.09,NA,NA,NA,,
2019-Aug,2019-08-20,Westbeach_north,OP,263,5,SFC,2.46,0.14,0,0.14,NA,NA,C/NB,,
2019-Aug,2019-08-21,Edna,OP,4,1,SUB,3.93,0.17,0,0.17,NA,NA,NB,,
2019-Aug,2019-08-21,Edna,OP,4,2,SUB,2.6,0.19,0.47,0.66,NA,NA,NA,,
2019-Aug,2019-08-21,Edna,OP,4,3,SUB,4.5,0.43,0.38,0.81,NA,NA,NA,,
2019-Aug,2019-08-21,Edna,OP,4,4,SUB,2.03,0.15,0.31,0.46,NA,NA,NA,,
2019-Aug,2019-08-21,Edna,OP,4,5,SUB,0.3,0.01,0.04,0.05,NA,NA,NA,stipe weight is less than 0.01kg (scale does not register),
2019-Aug,2019-08-21,Edna,OP,1758,2,SUB,5,0.41,0.02,0.43,NA,NA,NA,,
2019-Aug,2019-08-21,Edna,OP,1758,1,SUB,4.92,0.36,0.04,0.4,NA,NA,C,,
2019-Aug,2019-08-21,Edna,OP,1758,2,SFC,1.06,0.06,0.04,0.1,NA,NA,NA,,
2019-Aug,2019-08-21,Edna,OP,1758,3,SUB,1.95,0.05,0,0.05,NA,NA,NB,,
2019-Aug,2019-08-21,Edna,OP,1758,4,SUB,0.74,0.05,0.16,0.21,NA,NA,NA,,
2019-Aug,2019-08-21,Edna,OP,1758,5,SUB,3.5,0.3,0.43,0.73,NA,NA,NA,,
2019-Aug,2019-08-21,Edna,OP,1758,6,SUB,2.41,0.22,0.28,0.5,NA,NA,NA,,
2019-Aug,2019-08-21,Edna,OP,1758,7,SUB,1.02,0.11,0.31,0.42,NA,NA,NA,,
2019-Aug,2019-08-21,Edna,OP,1758,NA,NA,NA,NA,NA,NA,NA,0.17,NA,extra biomass for plant,
2019-Aug,2019-08-21,Edna,OP,297,1,SUB,1.32,0.06,0,0.06,NA,NA,NB,,
2019-Aug,2019-08-21,Edna,OP,297,2,SUB,1.52,0.11,0.28,0.39,NA,NA,NA,,
2019-Aug,2019-08-21,Edna,OP,297,3,SUB,5,0.54,0.56,1.1,NA,NA,NA,,
2019-Aug,2019-08-21,Edna,OP,297,3,SFC,0.64,0.04,0.18,0.22,NA,NA,NA,,
2019-Aug,2019-08-21,Edna,OP,297,4,SUB,0.71,0.03,0.09,0.12,NA,NA,NA,,
2019-Aug,2019-08-21,Edna,OP,297,6,SUB,5,0.5,0,0.5,NA,NA,NB,,
2019-Aug,2019-08-21,Edna,OP,297,6,SFC,1.69,0.17,0,0.17,NA,NA,C/NB,,
2019-Aug,2019-08-21,Edna,OP,297,7,SUB,0.18,0.01,0.03,0.04,NA,NA,C/NB,stipe weight is less than 0.01kg (scale does not register),
2019-Aug,2019-08-21,Edna,OP,297,8,SUB,0.19,0.01,0.02,0.03,NA,NA,C/NB,stipe weight is less than 0.01kg (scale does not register),
2019-Aug,2019-08-21,Edna,OP,1859,1,SUB,4.13,0.41,0.68,1.09,NA,NA,NA,,
2019-Aug,2019-08-21,Edna,OP,1859,2,SUB,1.03,0.05,0.17,0.22,NA,NA,NA,,
2019-Aug,2019-08-21,Edna,OP,1859,3,SUB,5,0.22,0,0.22,NA,NA,NB,,
2019-Aug,2019-08-21,Edna,OP,1859,3,SFC,0.7,0.07,0.01,0.08,NA,NA,NA,blade weight less than 0.01 (scale does not register),
2019-Aug,2019-08-21,Edna,OP,1859,4,SUB,5,0.29,0.06,0.35,NA,NA,NA,,
2019-Aug,2019-08-21,Edna,OP,1859,4,SFC,1.29,0.07,0.25,0.32,NA,NA,NA,,
2019-Aug,2019-08-21,Edna,OP,1859,5,SUB,5,0.2,0,0.2,NA,NA,NB,,
2019-Aug,2019-08-21,Edna,OP,1859,5,SFC,3,0.26,0.07,0.33,NA,NA,NA,,
2019-Aug,2019-08-21,Edna,OP,1859,6,SUB,3.45,0.23,0.37,0.6,NA,NA,NA,,
2019-Aug,2019-08-21,Edna,OP,2510,1,SUB,3.22,0.09,0,0.09,NA,NA,NB,,
2019-Aug,2019-08-21,Edna,OP,2510,2,SUB,4.65,0.37,0.04,0.41,NA,NA,NA,,
2019-Aug,2019-08-21,Edna,OP,2510,3,SUB,4.17,0.31,0.07,0.38,NA,NA,NA,,
2019-Aug,2019-08-21,Edna,OP,2510,4,SUB,2.08,0.16,0.11,0.27,NA,NA,NA,,
2019-Aug,2019-08-21,Edna,OP,2510,5,SUB,1.64,0.11,0.23,0.34,NA,NA,NA,,
2019-Aug,2019-08-21,Edna,OP,1684,1,SUB,5,0.35,0.01,0.36,NA,NA,NA,blade weight less than 0.01 (scale does not register),
2019-Aug,2019-08-21,Edna,OP,1684,1,SFC,2.86,0.38,0.6,0.98,NA,NA,NA,,
2019-Aug,2019-08-21,Edna,OP,1684,2,SUB,5,0.41,0.04,0.45,NA,NA,NA,,
2019-Aug,2019-08-21,Edna,OP,1684,2,SFC,2.79,0.37,0.79,1.16,NA,NA,NA,,
2019-Aug,2019-08-21,Edna,OP,1684,3,SUB,5,0.23,0,0.23,NA,NA,NB,,
2019-Aug,2019-08-21,Edna,OP,1684,3,SFC,5.26,0.66,0,0.66,NA,NA,NB,,
2019-Aug,2019-08-21,Edna,OP,1684,4,SUB,5,0.22,0,0.22,NA,NA,NB,,
2019-Aug,2019-08-21,Edna,OP,1684,4,SFC,7.06,0.88,0.16,1.04,NA,NA,NA,,
2019-Aug,2019-08-21,Edna,OP,1684,5,SUB,2.08,0.22,0.21,0.43,NA,NA,NA,,
2019-Aug,2019-08-21,Edna,OP,1684,NA,NA,NA,NA,NA,NA,NA,0.35,NA,extra biomass for plant,
2019-Aug,2019-08-21,Edna,OP,2437,1,SUB,4.94,0.7,0,0.7,NA,NA,NB,,
2019-Aug,2019-08-21,Edna,OP,2437,2,SUB,2.24,0.24,0,0.24,NA,NA,NB,,
2019-Aug,2019-08-21,Edna,OP,2437,3,SUB,2.83,0.25,0.45,0.7,NA,NA,NA,,
2019-Aug,2019-08-21,Edna,OP,2437,4,SUB,3.9,0.39,0.67,1.06,NA,NA,NA,,
2019-Aug,2019-08-21,Edna,OP,2437,5,SUB,1.82,0.13,0.29,0.42,NA,NA,NA,,
2019-Aug,2019-08-21,Edna,OP,2437,6,SUB,5,0.64,0.73,1.37,NA,NA,NA,,
2019-Aug,2019-08-21,Edna,OP,2437,6,SFC,0.84,0.07,0.29,0.36,NA,NA,NA,,
2019-Aug,2019-08-21,Edna,OP,2437,NA,NA,NA,NA,NA,NA,NA,0.96,NA,extra biomass for plant,
2020-Jul,2020-07-05,Womanley,OP/DVM,1,1,SUB,5,0.47,0.16,0.63,NA,NA,NA,,
2020-Jul,2020-07-05,Womanley,OP/DVM,1,1,SFC,4.9,0.47,3.66,4.13,NA,NA,NA,,
2020-Jul,2020-07-05,Womanley,OP/DVM,1,2,SUB,5,0.88,1.38,2.26,NA,NA,NA,,
2020-Jul,2020-07-05,Womanley,OP/DVM,1,2,SFC,1.8,0.6,1.19,1.79,NA,NA,NA,,
2020-Jul,2020-07-05,Womanley,OP/DVM,1,4,SUB,2.5,0.29,0.39,0.68,NA,NA,NA,,
2020-Jul,2020-07-05,Womanley,OP/DVM,1,5,SUB,1.2,0.21,0.14,0.35,NA,NA,NA,,
2020-Jul,2020-07-05,Womanley,OP/DVM,1,3,SUB,5,0.11,0.85,0.96,NA,NA,NA,,
2020-Jul,2020-07-05,Womanley,OP/DVM,1,3,SFC,0.35,0.57,0.11,0.68,NA,NA,NA,,
2020-Jul,2020-07-05,Womanley,OP/DVM,1,6,SUB,5,0.04,0,0.04,NA,NA,NB,,
2020-Jul,2020-07-05,Womanley,OP/DVM,1,6,SFC,1.8,0.27,0,0.27,NA,NA,C/NB,,
2020-Jul,2020-07-05,Womanley,OP/DVM,1,7,SUB,2.6,0.15,0,0.15,NA,NA,NB,,
2020-Jul,2020-07-05,Womanley,OP/DVM,"1,2",NA,NA,NA,NA,NA,NA,NA,1.4,NA,extra biomass for plant,
2020-Jul,2020-07-05,Womanley,OP/DVM,2,1,SUB,2.35,0.17,0.22,0.39,NA,NA,NA,,
2020-Jul,2020-07-05,Womanley,OP/DVM,2,2,SUB,5,0.42,0.96,1.38,NA,NA,NA,,
2020-Jul,2020-07-05,Womanley,OP/DVM,2,3,SUB,5,0.28,0.42,0.7,NA,NA,NA,,
2020-Jul,2020-07-05,Womanley,OP/DVM,2,3,SFC,2.5,0.22,0.65,0.87,NA,NA,NA,,
2020-Jul,2020-07-05,Womanley,OP/DVM,2,4,SUB,0.4,0.04,0.06,0.1,NA,NA,NA,,
2020-Jul,2020-07-05,Womanley,OP/DVM,2,4,SFC,0.34,0.05,0.08,0.13,NA,NA,NA,,
2020-Jul,2020-07-05,Womanley,OP/DVM,2,5,SUB,2.4,0.19,0.39,0.58,NA,NA,NA,,
2020-Jul,2020-07-05,Womanley,OP/DVM,2,6,SUB,5,0.33,0.06,0.39,NA,NA,NA,,
2020-Jul,2020-07-05,Womanley,OP/DVM,2,6,SFC,4.4,0.63,3.93,4.56,NA,NA,NA,,
2020-Jul,2020-07-05,Womanley,OP/DVM,2,7,SUB,5,0.28,0.21,0.49,NA,NA,NA,,
2020-Jul,2020-07-05,Womanley,OP/DVM,2,7,SFC,2.5,0.27,1.12,1.39,NA,NA,NA,,
2020-Jul,2020-07-05,Womanley,OP/DVM,3,1,SUB,4.2,0.47,0.94,1.41,NA,NA,NA,,
2020-Jul,2020-07-05,Womanley,OP/DVM,3,2,SUB,5,0.4,0,0.4,NA,NA,NB,,
2020-Jul,2020-07-05,Womanley,OP/DVM,3,2,SFC,4.62,0.83,0.11,0.94,NA,NA,C,,
2020-Jul,2020-07-05,Womanley,OP/DVM,3,3,SUB,5,0.53,0.07,0.6,NA,NA,NA,,
2020-Jul,2020-07-05,Womanley,OP/DVM,3,3,SFC,5.85,0.96,1.41,2.37,NA,NA,NA,,
2020-Jul,2020-07-05,Womanley,OP/DVM,3,4,SUB,4.2,0.18,0.04,0.22,NA,NA,NA,,
2020-Jul,2020-07-05,Womanley,OP/DVM,3,5,SUB,5,0.38,0.11,0.49,NA,NA,NA,,
2020-Jul,2020-07-05,Womanley,OP/DVM,3,5,SFC,5.75,0.76,0.19,0.95,NA,NA,C,,
2020-Jul,2020-07-05,Womanley,OP/DVM,3,6,SUB,1.5,0.08,0.12,0.2,NA,NA,NA,,
2020-Jul,2020-07-05,Womanley,OP/DVM,3,7,SUB,5,0.42,0.03,0.45,NA,NA,NA,,
2020-Jul,2020-07-05,Womanley,OP/DVM,3,7,SFC,4.24,0.49,0.37,0.86,NA,NA,NA,,
2020-Jul,2020-07-05,Womanley,OP/DVM,3,8,SUB,5,0.36,0,0.36,NA,NA,NB,,
2020-Jul,2020-07-05,Womanley,OP/DVM,3,8,SFC,12.75,2.04,3.01,5.05,NA,NA,NA,,
2020-Jul,2020-07-05,Womanley,OP/DVM,3,9,SUB,3.8,0.14,0,0.14,NA,NA,NB,,
2020-Jul,2020-07-05,Womanley,OP/DVM,3,10,SUB,0.9,0.05,0.13,0.18,NA,NA,NA,,
2020-Jul,2020-07-05,Womanley,OP/DVM,3,11,SUB,5,0.5,0.2,0.7,NA,NA,NA,,
2020-Jul,2020-07-05,Womanley,OP/DVM,3,11,SFC,2.9,0.35,0.57,0.92,NA,NA,NA,,
2020-Jul,2020-07-05,Womanley,OP/DVM,3,NA,NA,NA,NA,NA,NA,NA,0.76,NA,extra biomass for plant,
2020-Jul,2020-07-05,Womanley,OP/DVM,4,1,SUB,3.06,0.23,0,0.23,NA,NA,C/NB,,
2020-Jul,2020-07-05,Womanley,OP/DVM,4,2,SFC,5,0.42,0.06,0.48,NA,NA,NA,,
2020-Jul,2020-07-05,Womanley,OP/DVM,4,2,SUB,2.87,0.35,0.51,0.86,NA,NA,NA,,
2020-Jul,2020-07-05,Womanley,OP/DVM,4,3,SUB,1.8,0.11,0.15,0.26,NA,NA,NA,,
2020-Jul,2020-07-05,Womanley,OP/DVM,4,4,SUB,0.9,0.02,0,0.02,NA,NA,C/NB,,
2020-Jul,2020-07-05,Womanley,OP/DVM,4,5,SUB,2.3,0.11,0,0.11,NA,NA,C/NB,,
2020-Jul,2020-07-05,Womanley,OP/DVM,4,6,SUB,5,0.35,0,0.35,NA,NA,NB,,
2020-Jul,2020-07-05,Womanley,OP/DVM,4,7,SUB,4.3,0.51,0.21,0.72,NA,NA,C,,
2020-Jul,2020-07-05,Womanley,OP/DVM,4,6,SFC,7.3,0.95,0.78,1.73,NA,NA,NA,,
2020-Jul,2020-07-05,Womanley,OP/DVM,4,8,SUB,5,0.46,0.05,0.51,NA,NA,NA,,
2020-Jul,2020-07-05,Womanley,OP/DVM,4,8,SFC,4.2,0.57,0.63,1.2,NA,NA,NA,,
2020-Jul,2020-07-05,Womanley,OP/DVM,4,9,SUB,5,0.31,0,0.31,NA,NA,NB,,
2020-Jul,2020-07-05,Womanley,OP/DVM,4,9,SFC,3.8,0.52,0.03,0.55,NA,NA,C,,
2020-Jul,2020-07-05,Womanley,OP/DVM,4,10,SUB,5,0.3,0,0.3,NA,NA,NB,,
2020-Jul,2020-07-05,Womanley,OP/DVM,4,10,SFC,12.92,2.06,2.61,4.67,NA,NA,NA,,
2020-Jul,2020-07-05,Womanley,OP/DVM,4,NA,NA,NA,NA,NA,NA,NA,0.25,NA,extra biomass for plant,
2020-Jul,2020-07-05,Womanley,OP/DVM,5,1,SUB,1.1,0.08,0.26,0.34,NA,NA,NA,,
2020-Jul,2020-07-05,Womanley,OP/DVM,5,2,SUB,5,0.38,0.2,0.58,NA,NA,NA,,
2020-Jul,2020-07-05,Womanley,OP/DVM,5,2,SFC,1.62,0.19,0.84,1.03,NA,NA,NA,,
2020-Jul,2020-07-05,Womanley,OP/DVM,5,3,SUB,0.72,0.06,0.17,0.23,NA,NA,NA,,
2020-Jul,2020-07-05,Womanley,OP/DVM,5,4,SUB,5,0.23,0.23,0.46,NA,NA,NA,,
2020-Jul,2020-07-05,Womanley,OP/DVM,5,4,SFC,1.23,0.1,0.52,0.62,NA,NA,NA,,
2020-Jul,2020-07-05,Womanley,OP/DVM,5,5,SUB,5,0.22,0,0.22,NA,NA,NB,,
2020-Jul,2020-07-05,Womanley,OP/DVM,5,5,SFC,5.85,0.62,0.81,1.43,NA,NA,NA,,
2020-Jul,2020-07-05,Womanley,OP/DVM,5,6,SUB,3.23,0.22,0.57,0.79,NA,NA,NA,,
2020-Jul,2020-07-05,Womanley,OP/DVM,5,7,SUB,3.54,0.12,0,0.12,NA,NA,C/NB,,
2020-Jul,2020-07-05,Womanley,OP/DVM,5,8,SUB,0.25,0.14,0.03,0.17,NA,NA,C,,
2020-Jul,2020-07-05,Womanley,OP/DVM,NA,NA,NA,NA,NA,NA,NA,NA,16.29,NA,extra biomass for the entire site,
2020-Jul,2020-07-10,Triquet,OP,1,1,SUB,2.26,0.33,1.01,1.34,NA,NA,NA,,
2020-Jul,2020-07-10,Triquet,OP,1,2,SUB,3.95,0.53,1.5,2.03,NA,NA,NA,,
2020-Jul,2020-07-10,Triquet,OP,1,3,SUB,4,0.16,0,0.16,NA,NA,NB,,
2020-Jul,2020-07-10,Triquet,OP,1,3,SFC,3.91,0.37,0.6,0.97,NA,NA,NA,,
2020-Jul,2020-07-10,Triquet,OP,1,4,SUB,4,0.25,0,0.25,NA,NA,NB,,
2020-Jul,2020-07-10,Triquet,OP,1,4,SFC,3.8,0.57,1.05,1.62,NA,NA,NA,,
2020-Jul,2020-07-10,Triquet,OP,1,5,SUB,4,0.24,0,0.24,NA,NA,NB,,
2020-Jul,2020-07-10,Triquet,OP,1,5,SFC,8.67,0.93,1.17,2.1,NA,NA,NA,,
2020-Jul,2020-07-10,Triquet,OP,1,6,SUB,4,0.27,0,0.27,NA,NA,NB,,
2020-Jul,2020-07-10,Triquet,OP,1,6,SFC,6.95,0.84,0.57,1.41,NA,NA,C,,
2020-Jul,2020-07-10,Triquet,OP,1,NA,NA,NA,NA,NA,NA,NA,0.25,NA,extra biomass for plant,
2020-Jul,2020-07-10,Triquet,OP,1,7,SUB,0.5,0.03,0.2,0.23,NA,NA,NA,,
2020-Jul,2020-07-10,Triquet,OP,2,1,SUB,4,0.4,0.44,0.84,NA,NA,NA,,
2020-Jul,2020-07-10,Triquet,OP,2,1,SFC,1.35,0.2,0.66,0.86,NA,NA,NA,,
2020-Jul,2020-07-10,Triquet,OP,2,2,SUB,1.21,0.17,0.53,0.7,NA,NA,NA,,
2020-Jul,2020-07-10,Triquet,OP,2,3,SUB,4,0.34,0.1,0.44,NA,NA,NA,,
2020-Jul,2020-07-10,Triquet,OP,2,3,SFC,2.85,0.42,1.39,1.81,NA,NA,NA,,
2020-Jul,2020-07-10,Triquet,OP,2,4,SUB,4,0.3,0,0.3,NA,NA,NB,,
2020-Jul,2020-07-10,Triquet,OP,2,4,SFC,3.88,0.34,0.37,0.71,NA,NA,NA,,
2020-Jul,2020-07-10,Triquet,OP,2,5,SUB,4,0.32,0.33,0.65,NA,NA,NA,,
2020-Jul,2020-07-10,Triquet,OP,2,5,SFC,1.59,0.2,0.96,1.16,NA,NA,NA,,
2020-Jul,2020-07-10,Triquet,OP,2,6,SUB,0.54,NA,NA,0.08,NA,NA,NA,,
2020-Jul,2020-07-10,Triquet,OP,2,7,SUB,0.56,NA,NA,0.1,NA,NA,NA,,
2020-Jul,2020-07-10,Triquet,OP,2,8,SUB,0.63,NA,NA,0.12,NA,NA,NA,,
2020-Jul,2020-07-10,Triquet,OP,2,9,SUB,0.53,NA,NA,0.16,NA,NA,NA,holdfast weigh 0.32kg,
2020-Jul,2020-07-10,Triquet,OP,6,7,SUB,4,0.48,0.66,1.14,NA,NA,NA,,
2020-Jul,2020-07-10,Triquet,OP,6,7,SFC,0.55,0.07,0.23,0.3,NA,NA,NA,,
2020-Jul,2020-07-10,Triquet,OP,6,8,SUB,4,0.35,0.1,0.45,NA,NA,NA,,
2020-Jul,2020-07-10,Triquet,OP,6,8,SFC,3.37,1.66,0.53,2.19,NA,NA,NA,,
2020-Jul,2020-07-10,Triquet,OP,3,1,SUB,1.85,0.15,0.54,0.69,NA,NA,NA,holdfast 0.46 kg,
2020-Jul,2020-07-10,Triquet,OP,3,2,SUB,4,0.25,0,0.25,NA,NA,NB,,
2020-Jul,2020-07-10,Triquet,OP,3,2,SFC,4.93,0.64,1.31,1.95,NA,NA,NA,,
2020-Jul,2020-07-10,Triquet,OP,3,3,SUB,4,0.28,0,0.28,NA,NA,NB,,
2020-Jul,2020-07-10,Triquet,OP,3,3,SFC,2.96,0.33,0.92,1.25,NA,NA,NA,,
2020-Jul,2020-07-10,Triquet,OP,3,4,SUB,2.85,NA,0.22,NA,NA,NA,NA,missing stipe weight,
2020-Jul,2020-07-10,Triquet,OP,4,1,SUB,0.52,0.05,0.06,0.11,NA,NA,NA,,
2020-Jul,2020-07-10,Triquet,OP,4,2,SUB,0.72,0.06,0.09,0.15,NA,NA,NA,,
2020-Jul,2020-07-10,Triquet,OP,4,3,SUB,4,0.41,0.45,0.86,NA,NA,NA,,
2020-Jul,2020-07-10,Triquet,OP,4,3,SFC,1.85,0.29,0.88,1.17,NA,NA,NA,,
2020-Jul,2020-07-10,Triquet,OP,4,4,SUB,4,0.3,0,0.3,NA,NA,NB,,
2020-Jul,2020-07-10,Triquet,OP,4,4,SFC,3.3,0.46,0.71,1.17,NA,NA,NA,,
2020-Jul,2020-07-10,Triquet,OP,4,NA,NA,NA,NA,NA,NA,NA,0.5,NA,extra biomass for plant,
2020-Jul,2020-07-10,Triquet,OP,4,5,SUB,3.03,0.29,0.74,1.03,NA,NA,NA,,
2020-Jul,2020-07-10,Triquet,OP,4,6,SUB,4,0.34,0.64,0.98,NA,NA,NA,,
2020-Jul,2020-07-10,Triquet,OP,4,6,SFC,2.72,0.04,1.13,1.17,NA,NA,NA,,
2020-Jul,2020-07-10,Triquet,OP,5,1,SUB,4,0.16,0,0.16,NA,NA,NB,,
2020-Jul,2020-07-10,Triquet,OP,5,1,SFC,3.9,0.4,0.5,0.9,NA,NA,NA,holdfast 0.23 kg,
2020-Jul,2020-07-10,Triquet,OP,5,2,SUB,1.82,0.18,0.76,0.94,NA,NA,NA,,
2020-Jul,2020-07-10,Triquet,OP,6,1,SUB,0.32,0.04,0.13,0.17,NA,NA,NA,,
2020-Jul,2020-07-10,Triquet,OP,6,2,SUB,2.26,0.25,0.84,1.09,NA,NA,NA,,
2020-Jul,2020-07-10,Triquet,OP,6,3,SUB,0.2,NA,NA,0.05,NA,NA,NA,,
2020-Jul,2020-07-10,Triquet,OP,6,4,SUB,0.3,NA,NA,0.07,NA,NA,NA,,
2020-Jul,2020-07-10,Triquet,OP,6,5,SUB,4,0.26,0,0.26,NA,NA,NB,,
2020-Jul,2020-07-10,Triquet,OP,6,5,SFC,7.86,0.93,1,1.93,NA,NA,NA,,
2020-Jul,2020-07-10,Triquet,OP,6,6,SUB,4,0.26,0,0.26,NA,NA,NB,,
2020-Jul,2020-07-10,Triquet,OP,6,6,SFC,8.84,1.21,1.09,2.3,NA,NA,NA,,
2020-Jul,2020-07-10,Triquet,OP,6,NA,NA,NA,NA,NA,NA,NA,0.72,NA,extra biomass for plant,
2020-Jul,2020-07-18,Westbeach,OP,1,1,SUB,2,0.22,0.3,0.52,NA,NA,NA,,
2020-Jul,2020-07-18,Westbeach,OP,1,1,SFC,0.1,0.01,0.01,0.02,NA,NA,NA,,
2020-Jul,2020-07-18,Westbeach,OP,1,2,SUB,2,0.26,0.15,0.41,NA,NA,NA,,
2020-Jul,2020-07-18,Westbeach,OP,1,2,SFC,2.91,0.28,0.66,0.94,NA,NA,NA,,
2020-Jul,2020-07-18,Westbeach,OP,2,1,SUB,2,0.21,0.15,0.36,NA,NA,NA,,
2020-Jul,2020-07-18,Westbeach,OP,2,1,SFC,3.35,0.44,1.05,1.49,NA,NA,NA,,
2020-Jul,2020-07-18,Westbeach,OP,2,2,SUB,1.12,0.16,0.25,0.41,NA,NA,NA,,
2020-Jul,2020-07-18,Westbeach,OP,2,3,SUB,0.82,0.14,0.2,0.34,NA,NA,NA,,
2020-Jul,2020-07-18,Westbeach,OP,2,4,SUB,2,0.17,0,0.17,NA,NA,NB,,
2020-Jul,2020-07-18,Westbeach,OP,2,4,SFC,6.79,0.77,0.43,1.2,NA,NA,C,,
2020-Jul,2020-07-18,Westbeach,OP,2,5,SUB,2,0.27,0.1,0.37,NA,NA,NA,,
2020-Jul,2020-07-18,Westbeach,OP,2,5,SFC,3.57,0.44,1.38,1.82,NA,NA,NA,,
2020-Jul,2020-07-18,Westbeach,OP,2,6,SUB,2,0.23,0.16,0.39,NA,NA,NA,,
2020-Jul,2020-07-18,Westbeach,OP,2,6,SFC,3.19,0.41,0.97,1.38,NA,NA,NA,,
2020-Jul,2020-07-18,Westbeach,OP,2,7,SUB,2,0.17,0.08,0.25,NA,NA,NA,,
2020-Jul,2020-07-18,Westbeach,OP,2,6,SFC,2.48,0.28,0.6,0.88,NA,NA,NA,,
2020-Jul,2020-07-18,Westbeach,OP,3,1,SUB,2.04,0.2,0.23,0.43,NA,NA,NA,,
2020-Jul,2020-07-18,Westbeach,OP,3,2,SUB,2,0.24,0.09,0.33,NA,NA,NA,,
2020-Jul,2020-07-18,Westbeach,OP,3,2,SFC,3.15,0.36,0.91,1.27,NA,NA,NA,,
2020-Jul,2020-07-18,Westbeach,OP,3,3,SUB,2,0.19,0.22,0.41,NA,NA,NA,,
2020-Jul,2020-07-18,Westbeach,OP,3,3,SFC,0.59,0.15,0.2,0.35,NA,NA,NA,,
2020-Jul,2020-07-18,Westbeach,OP,3,4,SUB,2,0.22,0,0.22,NA,NA,NB,,
2020-Jul,2020-07-18,Westbeach,OP,3,4,SFC,7.6,0.84,1.14,1.98,NA,NA,NA,,
2020-Jul,2020-07-18,Westbeach,OP,3,5,SUB,2,0.25,0.13,0.38,NA,NA,NA,,
2020-Jul,2020-07-18,Westbeach,OP,3,5,SFC,3.98,0.41,1.24,1.65,NA,NA,NA,,
2020-Jul,2020-07-18,Westbeach,OP,3,6,SUB,2,0.18,0,0.18,NA,NA,NB,,
2020-Jul,2020-07-18,Westbeach,OP,3,6,SFC,4.53,0.38,0,0.38,NA,NA,C/NB,,
2020-Jul,2020-07-18,Westbeach,OP,3,7,SUB,2,0.26,0,0.26,NA,NA,NB,,
2020-Jul,2020-07-18,Westbeach,OP,3,7,SFC,3.43,0.47,0.95,1.42,NA,NA,NA,,
2020-Jul,2020-07-18,Westbeach,OP,4,1,SUB,2,0.26,0.12,0.38,NA,NA,NA,,
2020-Jul,2020-07-18,Westbeach,OP,4,1,SFC,2.39,0.32,0.69,1.01,NA,NA,NA,,
2020-Jul,2020-07-18,Westbeach,OP,4,2,SUB,2.06,0.22,0.31,0.53,NA,NA,NA,,
2020-Jul,2020-07-18,Westbeach,OP,4,3,SUB,2,0.24,0,0.24,NA,NA,NB,,
2020-Jul,2020-07-18,Westbeach,OP,4,3,SFC,4.23,0.55,1.25,1.8,NA,NA,NA,,
2020-Jul,2020-07-18,Westbeach,OP,4,3,SUB,2,0.13,0,0.13,NA,NA,NB,,
2020-Jul,2020-07-18,Westbeach,OP,4,4,SFC,7.82,0.79,0.57,1.36,NA,NA,C,,
2020-Jul,2020-07-18,Westbeach,OP,4,5,SUB,2,0.13,0,0.13,NA,NA,NB,,
2020-Jul,2020-07-18,Westbeach,OP,4,5,SFC,8.83,0.92,0.69,1.61,NA,NA,C,,
2020-Jul,2020-07-18,Westbeach,OP,4,6,SUB,2,0.14,0,0.14,NA,NA,NB,,
2020-Jul,2020-07-18,Westbeach,OP,4,6,SFC,8.81,0.86,0.54,1.4,NA,NA,C,,
2020-Jul,2020-07-18,Westbeach,OP,5,1,SUB,2,0.16,0,0.16,NA,NA,NB,,
2020-Jul,2020-07-18,Westbeach,OP,5,1,SFC,7.21,0.8,1.38,2.18,NA,NA,NA,,
2020-Jul,2020-07-18,Westbeach,OP,5,2,SUB,2,0.16,0,0.16,NA,NA,NB,,
2020-Jul,2020-07-18,Westbeach,OP,5,2,SFC,10,0.99,1.37,2.36,NA,NA,NA,,
2020-Jul,2020-07-18,Westbeach,OP,5,3,SUB,2,0.2,0,0.2,NA,NA,NB,,
2020-Jul,2020-07-18,Westbeach,OP,5,3,SFC,6.26,0.76,1.68,2.44,NA,NA,NA,,
2020-Jul,2020-07-18,Westbeach,OP,5,4,SUB,2,0.23,0,0.23,NA,NA,NB,,
2020-Jul,2020-07-18,Westbeach,OP,5,4,SFC,3.68,0.49,1.37,1.86,NA,NA,NA,,
2020-Jul,2020-07-18,Westbeach,OP,5,5,SUB,2.39,0.25,0.52,0.77,NA,NA,NA,,
2020-Jul,2020-07-18,Westbeach,OP,2,NA,NA,NA,NA,NA,NA,NA,0.22,NA,extra biomass for plant,
2020-Jul,2020-07-18,Westbeach,OP,3,NA,NA,NA,NA,NA,NA,NA,0.42,NA,extra biomass for plant,
2020-Jul,2020-07-18,Westbeach,OP,4,NA,NA,NA,NA,NA,NA,NA,0.31,NA,extra biomass for plant,
2020-Jul,2020-07-18,Westbeach,OP,5,NA,NA,NA,NA,NA,NA,NA,0.28,NA,extra biomass for plant,
2020-Jul,2020-07-18,Westbeach,OP,NA,NA,NA,NA,NA,NA,NA,NA,2,NA,extra biomass for the entire site,
2020-Jul,2020-07-18,Stryker,OP,1,1,SUB,4,0.14,0,0.14,NA,NA,NB,,
2020-Jul,2020-07-18,Stryker,OP,1,1,SFC,4.83,0.32,0.51,0.83,NA,NA,NA,,
2020-Jul,2020-07-18,Stryker,OP,1,2,SUB,4,0.17,0,0.17,NA,NA,NB,,
2020-Jul,2020-07-18,Stryker,OP,1,2,SFC,8.07,0.55,0.49,1.04,NA,NA,NA,,
2020-Jul,2020-07-18,Stryker,OP,1,3,SUB,4,0.38,0.04,0.42,NA,NA,NA,,
2020-Jul,2020-07-18,Stryker,OP,1,3,SFC,8.08,1.17,1.36,2.53,NA,NA,NA,,
2020-Jul,2020-07-18,Stryker,OP,1,4,SUB,4,0.2,0,0.2,NA,NA,NB,,
2020-Jul,2020-07-18,Stryker,OP,1,4,SFC,9.17,1.19,0.06,1.25,NA,NA,C,,
2020-Jul,2020-07-18,Stryker,OP,1,5,SUB,4,0.37,0.03,0.4,NA,NA,NA,,
2020-Jul,2020-07-18,Stryker,OP,1,5,SFC,7.35,0.99,1.61,2.6,NA,NA,NA,,
2020-Jul,2020-07-18,Stryker,OP,1,6,SUB,1.93,0.16,0,0.16,NA,NA,NB,,
2020-Jul,2020-07-18,Stryker,OP,1,7,SUB,2.67,0.14,0,0.14,NA,NA,NB,,
2020-Jul,2020-07-18,Stryker,OP,1,8,SUB,2.36,0.11,0,0.11,NA,NA,NB,,
2020-Jul,2020-07-18,Stryker,OP,2,1,SUB,4,0.21,0,0.21,NA,NA,NB,,
2020-Jul,2020-07-18,Stryker,OP,2,1,SFC,8.42,0.92,0.4,1.32,NA,NA,NA,,
2020-Jul,2020-07-18,Stryker,OP,2,2,SUB,4,0.18,0,0.18,NA,NA,NB,,
2020-Jul,2020-07-18,Stryker,OP,2,2,SFC,8.8,0.71,0.24,0.95,NA,NA,NA,,
2020-Jul,2020-07-18,Stryker,OP,2,3,SUB,4,0.11,0,0.11,NA,NA,NB,,
2020-Jul,2020-07-18,Stryker,OP,2,3,SFC,2.39,0.17,0.09,0.26,NA,NA,NA,,
2020-Jul,2020-07-18,Stryker,OP,2,4,SUB,4,0.41,0,0.41,NA,NA,NB,,
2020-Jul,2020-07-18,Stryker,OP,2,4,SFC,2.87,0.35,0.23,0.58,NA,NA,NA,,
2020-Jul,2020-07-18,Stryker,OP,2,5,SUB,2.55,0.16,0.31,0.47,NA,NA,NA,,
2020-Jul,2020-07-18,Stryker,OP,2,6,SUB,4,0.21,0.01,0.22,NA,NA,NA,,
2020-Jul,2020-07-18,Stryker,OP,2,6,SFC,0.92,0.03,0.07,0.1,NA,NA,NA,,
2020-Jul,2020-07-18,Stryker,OP,3,1,SUB,2.95,0.16,0.23,0.39,NA,NA,NA,,
2020-Jul,2020-07-18,Stryker,OP,3,2,SUB,4,0.27,0,0.27,NA,NA,NB,,
2020-Jul,2020-07-18,Stryker,OP,3,2,SFC,7.12,0.84,0.53,1.37,NA,NA,NA,,
2020-Jul,2020-07-18,Stryker,OP,3,3,SUB,4,0.26,0,0.26,NA,NA,NB,,
2020-Jul,2020-07-18,Stryker,OP,3,3,SFC,9.45,1.18,0.69,1.87,NA,NA,NA,,
2020-Jul,2020-07-18,Stryker,OP,4,15,SUB,4,0.25,0,0.25,NA,NA,NB,,
2020-Jul,2020-07-18,Stryker,OP,4,15,SFC,7.79,0.84,0.7,1.54,NA,NA,NA,,
2020-Jul,2020-07-18,Stryker,OP,4,16,SUB,4,0.32,0.1,0.42,NA,NA,NA,,
2020-Jul,2020-07-18,Stryker,OP,4,16,SFC,2.95,0.34,1.01,1.35,NA,NA,NA,,
2020-Jul,2020-07-18,Stryker,OP,3,4,SUB,4,0.34,0.08,0.42,NA,NA,NA,,
2020-Jul,2020-07-18,Stryker,OP,3,4,SFC,2.58,0.27,0.51,0.78,NA,NA,NA,,
2020-Jul,2020-07-18,Stryker,OP,3,5,SUB,4,0.34,0.25,0.59,NA,NA,NA,,
2020-Jul,2020-07-18,Stryker,OP,3,5,SFC,0.85,0.08,0.29,0.37,NA,NA,NA,,
2020-Jul,2020-07-18,Stryker,OP,3,6,SUB,4,0.3,0,0.3,NA,NA,NB,,
2020-Jul,2020-07-18,Stryker,OP,3,6,SFC,7.72,1.06,1.08,2.14,NA,NA,NA,,
2020-Jul,2020-07-18,Stryker,OP,3,7,SUB,4,0.23,0,0.23,NA,NA,NB,,
2020-Jul,2020-07-18,Stryker,OP,3,7,SFC,0.61,0.03,0,0.03,NA,NA,C/NB,,
2020-Jul,2020-07-18,Stryker,OP,3,8,SUB,4,0.36,0.08,0.44,NA,NA,NA,,
2020-Jul,2020-07-18,Stryker,OP,3,8,SFC,4.71,0.59,0.97,1.56,NA,NA,NA,,
2020-Jul,2020-07-18,Stryker,OP,4,1,SUB,2.06,0.19,0.07,0.26,NA,NA,C,,
2020-Jul,2020-07-18,Stryker,OP,4,3,SUB,4,0.2,0,0.2,NA,NA,NB,,
2020-Jul,2020-07-18,Stryker,OP,4,3,SFC,4.49,0.44,1,1.44,NA,NA,NA,,
2020-Jul,2020-07-18,Stryker,OP,4,4,SUB,4,0.21,0.05,0.26,NA,NA,NA,,
2020-Jul,2020-07-18,Stryker,OP,4,4,SFC,2.05,0.15,0.27,0.42,NA,NA,NA,,
2020-Jul,2020-07-18,Stryker,OP,4,5,SUB,4,0.27,0,0.27,NA,NA,NB,,
2020-Jul,2020-07-18,Stryker,OP,4,5,SFC,5.36,0.6,1.14,1.74,NA,NA,NA,,
2020-Jul,2020-07-18,Stryker,OP,4,6,SUB,4,0.25,0,0.25,NA,NA,NB,,
2020-Jul,2020-07-18,Stryker,OP,4,6,SFC,4.8,0.47,0.97,1.44,NA,NA,NA,,
2020-Jul,2020-07-18,Stryker,OP,4,7,SUB,1.39,0.1,0.12,0.22,NA,NA,NA,,
2020-Jul,2020-07-18,Stryker,OP,4,8,SUB,4,0.26,0,0.26,NA,NA,NB,,
2020-Jul,2020-07-18,Stryker,OP,4,8,SFC,8.32,0.78,0.01,0.79,NA,NA,C,,
2020-Jul,2020-07-18,Stryker,OP,4,9,SUB,4,0.22,0.1,0.32,NA,NA,NA,,
2020-Jul,2020-07-18,Stryker,OP,4,9,SFC,1.01,0.08,0.23,0.31,NA,NA,NA,,
2020-Jul,2020-07-18,Stryker,OP,4,10,SUB,4,0.26,0,0.26,NA,NA,NB,,
2020-Jul,2020-07-18,Stryker,OP,4,10,SFC,4.92,0.56,0.36,0.92,NA,NA,NA,,
2020-Jul,2020-07-18,Stryker,OP,4,11,SUB,2.79,0.14,0.15,0.29,NA,NA,NA,,
2020-Jul,2020-07-18,Stryker,OP,4,12,SUB,1.78,0.14,0.18,0.32,NA,NA,NA,,
2020-Jul,2020-07-18,Stryker,OP,4,13,SUB,1.29,0.11,0.39,0.5,NA,NA,NA,,
2020-Jul,2020-07-18,Stryker,OP,4,14,SUB,4,0.22,0,0.22,NA,NA,NB,,
2020-Jul,2020-07-18,Stryker,OP,4,14,SFC,7.85,0.75,0.93,1.68,NA,NA,NA,,
2020-Jul,2020-07-18,Stryker,OP,1,NA,NA,NA,NA,NA,NA,NA,0.78,NA,extra biomass for plant,
2020-Jul,2020-07-18,Stryker,OP,2,NA,NA,NA,NA,NA,NA,NA,0.37,NA,extra biomass for plant,
2020-Jul,2020-07-18,Stryker,OP,3,NA,NA,NA,NA,NA,NA,NA,0.54,NA,extra biomass for plant,
2020-Jul,2020-07-18,Stryker,OP,4,NA,NA,NA,NA,NA,NA,NA,1.19,NA,extra biomass for plant,
2020-Jul,2020-07-18,Stryker,OP,5,NA,NA,NA,NA,NA,NA,NA,1.16,NA,extra biomass for plant,
2020-Jul,2020-07-18,Stryker,OP,6,NA,NA,NA,NA,NA,NA,NA,2.06,NA,extra biomass for plant,
2020-Jul,2020-07-18,Stryker,OP,4,17,SUB,4,0.26,0,0.26,NA,NA,NB,,
2020-Jul,2020-07-18,Stryker,OP,4,17,SFC,7.92,0.84,0.85,1.69,NA,NA,NA,,
2020-Jul,2020-07-18,Stryker,OP,4,18,SUB,4,0.21,0,0.21,NA,NA,NB,,
2020-Jul,2020-07-18,Stryker,OP,4,18,SFC,6.43,0.63,0.68,1.31,NA,NA,NA,,
2020-Jul,2020-07-18,Stryker,OP,4,19,SUB,4,0.22,0,0.22,NA,NA,NB,,
2020-Jul,2020-07-18,Stryker,OP,4,19,SFC,8.07,0.7,0.88,1.58,NA,NA,NA,,
2020-Jul,2020-07-18,Stryker,OP,5,1,NA,NA,NA,NA,NA,3.26,0.56,NA,,
2020-Jul,2020-07-18,Stryker,OP,5,2,NA,NA,NA,NA,NA,3.28,0.74,C,,
2020-Jul,2020-07-18,Stryker,OP,5,3,NA,NA,NA,NA,NA,3.21,0.21,C,,
2020-Jul,2020-07-18,Stryker,OP,5,4,NA,NA,NA,NA,NA,0.91,0.37,C,,
2020-Jul,2020-07-18,Stryker,OP,5,5,NA,NA,NA,NA,NA,0.86,0.3,NA,,
2020-Jul,2020-07-18,Stryker,OP,5,6,NA,NA,NA,NA,NA,6.62,2.19,NA,,
2020-Jul,2020-07-18,Stryker,OP,5,7,NA,NA,NA,NA,NA,1.72,0.6,NA,,
2020-Jul,2020-07-18,Stryker,OP,5,8,NA,NA,NA,NA,NA,1.34,0.41,NA,,
2020-Jul,2020-07-18,Stryker,OP,5,9,NA,NA,NA,NA,NA,4.09,1.17,NA,,
2020-Jul,2020-07-18,Stryker,OP,5,10,NA,NA,NA,NA,NA,9.03,2.52,NA,,
2020-Jul,2020-07-18,Stryker,OP,5,11,NA,NA,NA,NA,NA,10.22,3.56,NA,,
2020-Jul,2020-07-18,Stryker,OP,5,12,NA,NA,NA,NA,NA,2.54,0.52,NA,,
2020-Jul,2020-07-18,Stryker,OP,5,13,NA,NA,NA,NA,NA,7.13,2.47,NA,,
2020-Jul,2020-07-18,Stryker,OP,5,14,NA,NA,NA,NA,NA,6.74,1.76,NA,,
2020-Jul,2020-07-18,Stryker,OP,5,15,NA,NA,NA,NA,NA,1.73,0.31,NA,,
2020-Jul,2020-07-18,Stryker,OP,5,16,NA,NA,NA,NA,NA,4.85,0.46,C,,
2020-Jul,2020-07-18,Stryker,OP,5,17,NA,NA,NA,NA,NA,3.9,0.51,C,,
2020-Jul,2020-07-18,Stryker,OP,5,18,NA,NA,NA,NA,NA,9.24,2.35,NA,,
2020-Jul,2020-07-18,Stryker,OP,5,19,NA,NA,NA,NA,NA,6.83,1.81,NA,,
2020-Jul,2020-07-18,Stryker,OP,5,20,NA,NA,NA,NA,NA,5.29,0.67,NA,,
2020-Jul,2020-07-18,Stryker,OP,5,21,NA,NA,NA,NA,NA,8.5,1,NA,,
2020-Jul,2020-07-18,Stryker,OP,5,22,NA,NA,NA,NA,NA,5.56,0.31,C,,
2020-Jul,2020-07-18,Stryker,OP,5,23,NA,NA,NA,NA,NA,5.05,0.22,C,,
2020-Jul,2020-07-18,Stryker,OP,5,24,NA,NA,NA,NA,NA,10.82,1.84,NA,,
2020-Jul,2020-07-18,Stryker,OP,6,1,NA,NA,NA,NA,NA,1.6,0.41,NA,,
2020-Jul,2020-07-18,Stryker,OP,6,2,NA,NA,NA,NA,NA,12.74,3.25,NA,,
2020-Jul,2020-07-18,Stryker,OP,6,3,NA,NA,NA,NA,NA,8.09,2.29,C,,
2020-Jul,2020-07-18,Stryker,OP,6,4,NA,NA,NA,NA,NA,7.34,2.22,C,,
2020-Jul,2020-07-18,Stryker,OP,6,5,NA,NA,NA,NA,NA,8.19,2.83,C,,
2020-Jul,2020-07-18,Stryker,OP,6,6,NA,NA,NA,NA,NA,8.89,3.41,NA,,
2020-Jul,2020-07-18,Stryker,OP,6,7,NA,NA,NA,NA,NA,4.65,1.65,NA,,
2020-Jul,2020-07-18,Stryker,OP,6,8,NA,NA,NA,NA,NA,7.6,2.21,NA,,
2020-Jul,2020-07-18,Stryker,OP,6,9,NA,NA,NA,NA,NA,11.68,2.48,NA,,
2020-Jul,2020-07-18,Stryker,OP,6,10,NA,NA,NA,NA,NA,12.83,4.02,NA,,
2020-Jul,2020-07-18,Stryker,OP,6,11,NA,NA,NA,NA,NA,6.66,0.45,NA,,
2020-Jul,2020-07-18,Stryker,OP,6,12,NA,NA,NA,NA,NA,4.02,0.38,C,,
2020-Jul,2020-07-18,Stryker,OP,6,13,NA,NA,NA,NA,NA,0.86,0.27,NA,,
2020-Jul,2020-07-18,Stryker,OP,6,14,NA,NA,NA,NA,NA,0.93,0.28,NA,,
2020-Jul,2020-07-18,Stryker,OP,6,15,NA,NA,NA,NA,NA,0.7,0.2,NA,,
2020-Jul,2020-07-18,Stryker,OP,6,16,NA,NA,NA,NA,NA,0.58,0.1,NA,,
2020-Jul,2020-07-18,Stryker,OP,6,17,NA,NA,NA,NA,NA,0.48,0.15,C,,
2020-Jul,2020-07-18,Stryker,OP,NA,NA,NA,NA,NA,NA,NA,NA,3.05,NA,extra biomass for the entire site,
2020-Jul,2020-07-21,Triqster,OP,1,1,SUB,1.34,0.08,0.19,0.27,NA,NA,NA,,
2020-Jul,2020-07-21,Triqster,OP,1,2,SUB,4,0.32,0.25,0.57,NA,NA,NA,,
2020-Jul,2020-07-21,Triqster,OP,1,2,SFC,1.64,0.13,0.64,0.77,NA,NA,NA,,
2020-Jul,2020-07-21,Triqster,OP,1,3,SUB,3.81,0.25,0.46,0.71,NA,NA,NA,,
2020-Jul,2020-07-21,Triqster,OP,1,4,SUB,4,0.25,0.31,0.56,NA,NA,NA,,
2020-Jul,2020-07-21,Triqster,OP,1,4,SFC,0.36,0.03,0.21,0.24,NA,NA,NA,,
2020-Jul,2020-07-21,Triqster,OP,1,5,SUB,1.95,0.1,0,0.1,NA,NA,C/NB,,
2020-Jul,2020-07-21,Triqster,OP,1,6,SUB,3.65,0.18,0.18,0.36,NA,NA,NA,,
2020-Jul,2020-07-21,Triqster,OP,1,7,SUB,1.22,0.06,0.1,0.16,NA,NA,NA,,
2020-Jul,2020-07-21,Triqster,OP,2,1,SUB,3.05,0.3,0.72,1.02,NA,NA,NA,,
2020-Jul,2020-07-21,Triqster,OP,2,2,SUB,4,0.24,0,0.24,NA,NA,NB,,
2020-Jul,2020-07-21,Triqster,OP,2,2,SFC,4.87,0.63,0.75,1.38,NA,NA,NA,,
2020-Jul,2020-07-21,Triqster,OP,2,3,SUB,4,0.37,0.3,0.67,NA,NA,NA,,
2020-Jul,2020-07-21,Triqster,OP,2,3,SFC,2.23,0.25,0.74,0.99,NA,NA,NA,,
2020-Jul,2020-07-21,Triqster,OP,2,4,SUB,0.86,0.05,0.06,0.11,NA,NA,NA,,
2020-Jul,2020-07-21,Triqster,OP,2,5,SUB,4,0.41,0.4,0.81,NA,NA,NA,,
2020-Jul,2020-07-21,Triqster,OP,2,5,SFC,1.56,0.27,0.69,0.96,NA,NA,NA,,
2020-Jul,2020-07-21,Triqster,OP,3,1,SUB,2.7,0.18,0.4,0.58,NA,NA,NA,,
2020-Jul,2020-07-21,Triqster,OP,3,2,SUB,4,0.37,0.27,0.64,NA,NA,NA,,
2020-Jul,2020-07-21,Triqster,OP,3,2,SFC,4.5,0.54,1.33,1.87,NA,NA,NA,,
2020-Jul,2020-07-21,Triqster,OP,3,3,SUB,4,0.49,0,0.49,NA,NA,NB,,
2020-Jul,2020-07-21,Triqster,OP,3,3,SFC,8.2,1.38,1.88,3.26,NA,NA,NA,,
2020-Jul,2020-07-21,Triqster,OP,3,4,SUB,4,0.3,0,0.3,NA,NA,NB,,
2020-Jul,2020-07-21,Triqster,OP,3,4,SFC,6.09,0.85,1.88,2.73,NA,NA,C,,
2020-Jul,2020-07-21,Triqster,OP,3,5,SUB,4,0.45,0,0.45,NA,NA,NB,,
2020-Jul,2020-07-21,Triqster,OP,3,5,SFC,10,1.61,1.14,2.75,NA,NA,NA,,
2020-Jul,2020-07-21,Triqster,OP,4,1,SUB,4,0.54,0.56,1.1,NA,NA,NA,,
2020-Jul,2020-07-21,Triqster,OP,4,1,SFC,3.28,0.31,0.58,0.89,NA,NA,NA,,
2020-Jul,2020-07-21,Triqster,OP,4,2,SUB,4.7,0.18,0,0.18,NA,NA,NB,,
2020-Jul,2020-07-21,Triqster,OP,4,3,SUB,4,0.41,0.45,0.86,NA,NA,NA,,
2020-Jul,2020-07-21,Triqster,OP,4,3,SFC,1.6,0.18,0.61,0.79,NA,NA,NA,,
2020-Jul,2020-07-21,Triqster,OP,4,4,SUB,4,0.47,0.3,0.77,NA,NA,NA,,
2020-Jul,2020-07-21,Triqster,OP,4,4,SFC,3.7,0.61,0.79,1.4,NA,NA,C,,
2020-Jul,2020-07-21,Triqster,OP,4,5,SUB,4,0.41,0.03,0.44,NA,NA,NA,,
2020-Jul,2020-07-21,Triqster,OP,4,5,SFC,8.57,1.32,2.23,3.55,NA,NA,NA,,
2020-Jul,2020-07-21,Triqster,OP,4,6,SUB,4,0.34,0.31,0.65,NA,NA,NA,,
2020-Jul,2020-07-21,Triqster,OP,4,6,SFC,1.53,0.14,0.47,0.61,NA,NA,NA,,
2020-Jul,2020-07-21,Triqster,OP,4,7,SUB,2.47,0.16,0.23,0.39,NA,NA,NA,,
2020-Jul,2020-07-21,Triqster,OP,4,8,SUB,1.3,0.04,0.17,0.21,NA,NA,NA,,
2020-Jul,2020-07-21,Triqster,OP,4,9,SUB,1,0.04,0.09,0.13,NA,NA,NA,,
2020-Jul,2020-07-21,Triqster,OP,5,1,SUB,2.39,0.15,0.3,0.45,NA,NA,NA,,
2020-Jul,2020-07-21,Triqster,OP,5,2,SUB,4,0.22,0.04,0.26,NA,NA,NA,,
2020-Jul,2020-07-21,Triqster,OP,5,2,SFC,2.3,0.22,0.77,0.99,NA,NA,NA,,
2020-Jul,2020-07-21,Triqster,OP,5,3,SUB,4,0.2,0,0.2,NA,NA,NB,,
2020-Jul,2020-07-21,Triqster,OP,5,3,SFC,3.63,0.37,1.38,1.75,NA,NA,NA,,
2020-Jul,2020-07-21,Triqster,OP,5,4,SUB,4,0.25,0.2,0.45,NA,NA,NA,,
2020-Jul,2020-07-21,Triqster,OP,5,4,SUB,0.98,0.05,0.27,0.32,NA,NA,NA,,
2020-Jul,2020-07-21,Triqster,OP,5,5,SUB,4,0.18,0,0.18,NA,NA,NB,,
2020-Jul,2020-07-21,Triqster,OP,5,5,SFC,3.24,0.39,1.21,1.6,NA,NA,NA,,
2020-Jul,2020-07-21,Triqster,OP,5,6,SUB,4,0.22,0.07,0.29,NA,NA,NA,,
2020-Jul,2020-07-21,Triqster,OP,5,6,SFC,2.07,0.17,0.5,0.67,NA,NA,NA,,
2020-Jul,2020-07-21,Triqster,OP,5,7,SUB,0.37,0.06,0.14,0.2,NA,NA,NA,,
2020-Jul,2020-07-21,Triqster,OP,5,8,SUB,4,0.24,0.14,0.38,NA,NA,NA,,
2020-Jul,2020-07-21,Triqster,OP,5,8,SFC,1.7,0.15,0.51,0.66,NA,NA,NA,,
2020-Jul,2020-07-21,Triqster,OP,"3,4",NA,NA,NA,NA,NA,NA,NA,1.2,NA,extra biomass for plant,
2020-Jul,2020-07-21,Triqster,OP,5,NA,NA,NA,NA,NA,NA,NA,0.46,NA,extra biomass for plant,
2020-Jul,2020-07-25,Simmonds,KH,1,1,SUB,5,0.47,0,0.47,NA,NA,NB,,
2020-Jul,2020-07-25,Simmonds,KH,1,1,SFC,5.63,0.88,3.49,4.37,NA,NA,NA,,
2020-Jul,2020-07-25,Simmonds,KH,1,2,SUB,5,0.41,0.49,0.9,NA,NA,NA,,
2020-Jul,2020-07-25,Simmonds,KH,1,2,SFC,1.12,0.15,0.73,0.88,NA,NA,NA,,
2020-Jul,2020-07-25,Simmonds,KH,1,3,SUB,4.9,0.37,0.73,1.1,NA,NA,NA,,
2020-Jul,2020-07-25,Simmonds,KH,1,4,SUB,3.06,0.21,0.4,0.61,NA,NA,NA,,
2020-Jul,2020-07-25,Simmonds,KH,1,5,SUB,0.52,0.04,0.06,0.1,NA,NA,NA,,
2020-Jul,2020-07-25,Simmonds,KH,1,6,SUB,1.87,0.11,0.15,0.26,NA,NA,NA,,
2020-Jul,2020-07-25,Simmonds,KH,1,7,SUB,1.08,0.05,0.04,0.09,NA,NA,NA,,
2020-Jul,2020-07-25,Simmonds,KH,1,8,SUB,2.45,0.11,0,0.11,NA,NA,C/NB,,
2020-Jul,2020-07-25,Simmonds,KH,1,9,SUB,2,0.04,0,0.04,NA,NA,NB,,
2020-Jul,2020-07-25,Simmonds,KH,1,10,SUB,0.53,0.04,0.05,0.09,NA,NA,NA,,
2020-Jul,2020-07-25,Simmonds,KH,1,NA,NA,NA,NA,NA,NA,NA,0.76,NA,extra biomass for plant,
2020-Jul,2020-07-25,Simmonds,KH,2,1,SUB,3.6,0.25,0.41,0.66,NA,NA,NA,,
2020-Jul,2020-07-25,Simmonds,KH,2,2,SUB,5,0.43,0,0.43,NA,NA,NB,,
2020-Jul,2020-07-25,Simmonds,KH,2,2,SFC,7.46,0.91,1.71,2.62,NA,NA,NA,,
2020-Jul,2020-07-25,Simmonds,KH,2,3,SUB,5,0.39,0.14,0.53,NA,NA,NA,,
2020-Jul,2020-07-25,Simmonds,KH,2,3,SFC,2.62,0.29,0.91,1.2,NA,NA,NA,,
2020-Jul,2020-07-25,Simmonds,KH,2,4,SUB,5,0.43,0,0.43,NA,NA,NB,,
2020-Jul,2020-07-25,Simmonds,KH,2,4,SFC,11.33,1.78,2.45,4.23,NA,NA,NA,,
2020-Jul,2020-07-25,Simmonds,KH,2,5,SUB,5,0.25,0,0.25,NA,NA,NB,,
2020-Jul,2020-07-25,Simmonds,KH,2,5,SFC,5.82,0.5,0.47,0.97,NA,NA,NA,,
2020-Jul,2020-07-25,Simmonds,KH,2,6,SUB,5,0.31,0,0.31,NA,NA,NB,,
2020-Jul,2020-07-25,Simmonds,KH,2,6,SFC,4.48,0.48,1.16,1.64,NA,NA,NA,,
2020-Jul,2020-07-25,Simmonds,KH,2,7,SUB,1.06,0.06,0.24,0.3,NA,NA,NA,,
2020-Jul,2020-07-25,Simmonds,KH,2,8,SUB,1.28,0.12,0.26,0.38,NA,NA,NA,,
2020-Jul,2020-07-25,Simmonds,KH,2,9,SUB,5,0.62,0.46,1.08,NA,NA,NA,,
2020-Jul,2020-07-25,Simmonds,KH,2,9,SFC,1.86,0.32,1.01,1.33,NA,NA,NA,,
2020-Jul,2020-07-25,Simmonds,KH,2,10,SUB,1.4,0.1,0.19,0.29,NA,NA,C,,
2020-Jul,2020-07-25,Simmonds,KH,2,NA,NA,NA,NA,NA,NA,NA,2.55,NA,extra biomass for plant,
2020-Jul,2020-07-25,Simmonds,KH,3,1,SUB,3.12,0.26,0.3,0.56,NA,NA,NA,,
2020-Jul,2020-07-25,Simmonds,KH,3,2,SUB,4.54,0.32,0.27,0.59,NA,NA,NA,,
2020-Jul,2020-07-25,Simmonds,KH,3,3,SUB,5,0.28,0.39,0.67,NA,NA,NA,,
2020-Jul,2020-07-25,Simmonds,KH,3,3,SFC,0.89,0.11,0.01,0.12,NA,NA,NA,,
2020-Jul,2020-07-25,Simmonds,KH,3,4,SUB,5,0.27,0.24,0.51,NA,NA,NA,,
2020-Jul,2020-07-25,Simmonds,KH,3,4,SFC,2.01,0.3,0.09,0.39,NA,NA,C,,
2020-Jul,2020-07-25,Simmonds,KH,3,5,SUB,5,0.42,0,0.42,NA,NA,NB,,
2020-Jul,2020-07-25,Simmonds,KH,3,5,SFC,2.02,0.19,0.31,0.5,NA,NA,NA,,
2020-Jul,2020-07-25,Simmonds,KH,3,6,SUB,2.58,0.14,0.19,0.33,NA,NA,NA,,
2020-Jul,2020-07-25,Simmonds,KH,3,NA,NA,NA,NA,NA,NA,NA,0.12,NA,extra biomass for plant,
2020-Jul,2020-07-25,Simmonds,KH,4,1,SUB,5,0.48,0.8,1.28,NA,NA,NA,,
2020-Jul,2020-07-25,Simmonds,KH,4,1,SFC,1.67,0.23,0.92,1.15,NA,NA,NA,,
2020-Jul,2020-07-25,Simmonds,KH,4,2,SUB,3.98,0.36,0.72,1.08,NA,NA,NA,,
2020-Jul,2020-07-25,Simmonds,KH,4,3,SUB,4.95,0.51,0.79,1.3,NA,NA,C,,
2020-Jul,2020-07-25,Simmonds,KH,4,NA,NA,NA,NA,NA,NA,NA,0.15,NA,extra biomass for plant,
2020-Jul,2020-07-25,Simmonds,KH,5,1,SUB,3.44,0.23,0.32,0.55,NA,NA,NA,,
2020-Jul,2020-07-25,Simmonds,KH,5,2,SUB,5,0.57,0.58,1.15,NA,NA,NA,,
2020-Jul,2020-07-25,Simmonds,KH,5,2,SFC,4.06,0.5,1.26,1.76,NA,NA,NA,,
2020-Jul,2020-07-25,Simmonds,KH,5,3,SUB,5,0.49,0.5,0.99,NA,NA,NA,,
2020-Jul,2020-07-25,Simmonds,KH,5,3,SFC,2.8,0.31,0.91,1.22,NA,NA,NA,,
2020-Jul,2020-07-25,Simmonds,KH,5,4,SUB,3.41,0.33,0.64,0.97,NA,NA,NA,,
2020-Jul,2020-07-25,Simmonds,KH,5,5,SUB,2.57,0.2,0.27,0.47,NA,NA,NA,,
2020-Jul,2020-07-25,Simmonds,KH,5,NA,NA,NA,NA,NA,NA,NA,0.2,NA,extra biomass for plant,
2021-Jul,2021-07-11,Triquet,NA,1,1,SUB,2.4,0.33,0.18,0.51,NA,NA,NA,,
2021-Jul,2021-07-11,Triquet,NA,1,2,SUB,4,0.13,0.54,0.67,NA,NA,NA,,
2021-Jul,2021-07-11,Triquet,NA,1,2,SFC,5.32,0.69,2.76,3.45,NA,NA,NA,,
2021-Jul,2021-07-11,Triquet,NA,1,3,SUB,4.3,0.5,1.97,2.47,NA,NA,NA,,
2021-Jul,2021-07-11,Triquet,NA,1,NA,NA,NA,NA,NA,NA,NA,0.17,NA,extra biomass for plant,
2021-Jul,2021-07-11,Triquet,NA,2,1,SUB,1.79,0.16,0.68,0.84,NA,NA,NA,,
2021-Jul,2021-07-11,Triquet,NA,2,2,SUB,4,0.55,1.07,1.62,NA,NA,NA,,
2021-Jul,2021-07-11,Triquet,NA,2,2,SFC,1.67,0.2,0.82,1.02,NA,NA,NA,,
2021-Jul,2021-07-11,Triquet,NA,2,3,SUB,3.92,0.55,1.65,2.2,NA,NA,NA,,
2021-Jul,2021-07-11,Triquet,NA,2,4,SUB,4,0.51,0.4,0.91,NA,NA,NA,,
2021-Jul,2021-07-11,Triquet,NA,2,4,SFC,4.87,0.65,1.46,2.11,NA,NA,NA,,
2021-Jul,2021-07-11,Triquet,NA,2,5,SUB,4,0.32,0,0.32,NA,NA,NB,,
2021-Jul,2021-07-11,Triquet,NA,2,5,SFC,5.39,0.94,0.11,1.05,NA,NA,NA,,
2021-Jul,2021-07-11,Triquet,NA,2,6,SUB,1.71,0.18,0.45,0.63,NA,NA,NA,,
2021-Jul,2021-07-11,Triquet,NA,2,7,SUB,0.63,0.04,0.1,0.14,NA,NA,NA,,
2021-Jul,2021-07-11,Triquet,NA,2,NA,NA,NA,NA,NA,NA,NA,0.12,NA,extra biomass for plant,
2021-Jul,2021-07-11,Triquet,NA,3,1,SUB,4,0.24,0.19,0.43,NA,NA,NA,,
2021-Jul,2021-07-11,Triquet,NA,3,1,SFC,2.95,0.24,0.45,0.69,NA,NA,NA,,
2021-Jul,2021-07-11,Triquet,NA,3,2,SUB,2.11,0.15,0.2,0.35,NA,NA,C,,
2021-Jul,2021-07-11,Triquet,NA,3,3,SUB,4,0.19,0,0.19,NA,NA,NB,,
2021-Jul,2021-07-11,Triquet,NA,3,3,SFC,0.64,0.05,0.02,0.07,NA,NA,NA,,
2021-Jul,2021-07-11,Triquet,NA,3,4,SUB,0.61,0.02,0,0.02,NA,NA,NB,,
2021-Jul,2021-07-11,Triquet,NA,3,5,SUB,0.67,0.03,0.13,0.16,NA,NA,NA,,
2021-Jul,2021-07-11,Triquet,NA,3,6,SUB,1.74,0.04,0.1,0.14,NA,NA,NA,,
2021-Jul,2021-07-11,Triquet,NA,4,1,SUB,2.9,0.27,0.79,1.06,NA,NA,NA,,
2021-Jul,2021-07-11,Triquet,NA,4,2,SUB,4,0.38,0.11,0.49,NA,NA,NA,,
2021-Jul,2021-07-11,Triquet,NA,4,2,SFC,1.81,0.27,0.08,0.35,NA,NA,C,,
2021-Jul,2021-07-11,Triquet,NA,4,3,SUB,4,0.35,0,0.35,NA,NA,NB,,
2021-Jul,2021-07-11,Triquet,NA,4,3,SFC,8.66,1.37,0.24,1.61,NA,NA,C,,
2021-Jul,2021-07-11,Triquet,NA,4,4,SUB,4,0.36,0.19,0.55,NA,NA,NA,,
2021-Jul,2021-07-11,Triquet,NA,4,4,SFC,2.6,0.35,0.87,1.22,NA,NA,NA,,
2021-Jul,2021-07-11,Triquet,NA,4,5,SUB,4,0.23,0,0.23,NA,NA,NB,,
2021-Jul,2021-07-11,Triquet,NA,4,5,SFC,9.1,0.98,0.1,1.08,NA,NA,C,,
2021-Jul,2021-07-11,Triquet,NA,4,6,SUB,4,0.36,0,0.36,NA,NA,NB,,
2021-Jul,2021-07-11,Triquet,NA,4,6,SFC,10.22,1.43,1.32,2.75,NA,NA,NA,,
2021-Jul,2021-07-11,Triquet,NA,4,7,SUB,4,0.24,0,0.24,NA,NA,NB,,
2021-Jul,2021-07-11,Triquet,NA,4,7,SFC,8.51,1.24,0.32,1.56,NA,NA,C,,
2021-Jul,2021-07-11,Triquet,NA,4,8,SUB,4,0.24,0,0.24,NA,NA,NB,,
2021-Jul,2021-07-11,Triquet,NA,4,8,SFC,11.91,1.41,1.04,2.45,NA,NA,NA,,
2021-Jul,2021-07-11,Triquet,NA,4,9,SUB,4,0.54,0.58,1.12,NA,NA,NA,,
2021-Jul,2021-07-11,Triquet,NA,4,9,SFC,1.37,0.16,0.96,1.12,NA,NA,NA,,
2021-Jul,2021-07-11,Triquet,NA,4,10,SUB,4,0.38,0.26,0.64,NA,NA,NA,,
2021-Jul,2021-07-11,Triquet,NA,4,10,SFC,1.61,0.15,0.5,0.65,NA,NA,NA,,
2021-Jul,2021-07-11,Triquet,NA,4,11,SUB,4,0.45,0.23,0.68,NA,NA,NA,,
2021-Jul,2021-07-11,Triquet,NA,4,11,SFC,4.66,0.64,1.54,2.18,NA,NA,NA,,
2021-Jul,2021-07-11,Triquet,NA,4,12,SUB,4,0.44,0.41,0.85,NA,NA,NA,,
2021-Jul,2021-07-11,Triquet,NA,4,12,SFC,2.22,0.27,1.14,1.41,NA,NA,NA,,
2021-Jul,2021-07-11,Triquet,NA,4,13,SUB,2.93,0.23,0.6,0.83,NA,NA,NA,,
2021-Jul,2021-07-11,Triquet,NA,4,14,SUB,4,0.35,0.23,0.58,NA,NA,NA,,
2021-Jul,2021-07-11,Triquet,NA,4,14,SFC,2.7,0.32,0.6,0.92,NA,NA,NA,,
2021-Jul,2021-07-11,Triquet,NA,4,15,SUB,0.49,0.02,0.04,0.06,NA,NA,NA,,
2021-Jul,2021-07-11,Triquet,NA,5,1,SUB,1.52,0.06,0.19,0.25,NA,NA,NA,,
2021-Jul,2021-07-11,Triquet,NA,5,2,SUB,1.7,0.07,0.28,0.35,NA,NA,NA,,
2021-Jul,2021-07-11,Triquet,NA,5,3,SUB,1.8,0.09,0.4,0.49,NA,NA,NA,,
2021-Jul,2021-07-11,Triquet,NA,5,4,SUB,4,0.45,0.38,0.83,NA,NA,NA,,
2021-Jul,2021-07-11,Triquet,NA,5,4,SFC,4.52,0.54,1.94,2.48,NA,NA,NA,,
2021-Jul,2021-07-11,Triquet,NA,5,5,SUB,4,0.21,0.07,0.28,NA,NA,NA,,
2021-Jul,2021-07-11,Triquet,NA,5,5,SFC,2.87,0.25,0.94,1.19,NA,NA,NA,,
2021-Jul,2021-07-11,Triquet,NA,5,6,SUB,4,0.41,0.6,1.01,NA,NA,NA,,
2021-Jul,2021-07-11,Triquet,NA,5,6,SFC,1.86,0.18,0.85,1.03,NA,NA,NA,,
2021-Jul,2021-07-11,Triquet,NA,5,7,SUB,4,0.24,0.37,0.61,NA,NA,NA,,
2021-Jul,2021-07-11,Triquet,NA,5,7,SFC,1.61,0.09,0.45,0.54,NA,NA,NA,,
2021-Jul,2021-07-11,Triquet,NA,5,8,SUB,0.45,0.01,0.03,0.04,NA,NA,NA,,
2021-Jul,2021-07-11,Triquet,NA,5,9,SUB,4,0.32,0.74,1.06,NA,NA,NA,,
2021-Jul,2021-07-11,Triquet,NA,5,9,SFC,0.57,0.05,0.13,0.18,NA,NA,NA,,
2021-Jul,2021-07-11,Triquet,NA,5,10,SUB,2.25,0.14,0.43,0.57,NA,NA,NA,,
2021-Jul,2021-07-11,Triquet,NA,5,11,SUB,1.59,0.07,0,0.07,NA,NA,C/NB,,
2021-Jul,2021-07-11,Triquet,NA,5,12,SUB,4,0.23,0,0.23,NA,NA,NB,,
2021-Jul,2021-07-11,Triquet,NA,5,12,SFC,4.07,0.62,0.5,1.12,NA,NA,C,,
2021-Jul,2021-07-11,Triquet,NA,5,13,SUB,0.57,0.02,0.03,0.05,NA,NA,NA,,
2021-Jul,2021-07-11,Triquet,NA,5,14,SUB,4,0.33,0,0.33,NA,NA,NB,,
2021-Jul,2021-07-11,Triquet,NA,5,14,SFC,7.52,0.96,2.68,3.64,NA,NA,NA,,
2021-Jul,2021-07-11,Triquet,NA,5,15,SUB,4,0.39,0.01,0.4,NA,NA,NA,,
2021-Jul,2021-07-11,Triquet,NA,5,15,SFC,3.28,0.53,1.05,1.58,NA,NA,C,,
2021-Jul,2021-07-11,Triquet,NA,5,NA,NA,NA,NA,NA,NA,NA,2.42,NA,extra biomass for plant,
2021-Jul,2021-07-11,Triquet,NA,NA,NA,NA,NA,NA,NA,NA,NA,2.96,NA,extra biomass for the entire site,
2021-Jul,2021-07-10,Womanley,NA,1,1,SUB,3.27,0.39,0.7,1.09,NA,NA,NA,,
2021-Jul,2021-07-10,Womanley,NA,1,2,SUB,5,0.39,0,0.39,NA,NA,NB,,
2021-Jul,2021-07-10,Womanley,NA,1,2,SFC,1.3,0.17,0,0.17,NA,NA,C/NB,,
2021-Jul,2021-07-10,Womanley,NA,1,3,SUB,4.81,0.64,1.7,2.34,NA,NA,NA,,
2021-Jul,2021-07-10,Womanley,NA,1,4,SUB,4.7,0.62,0,0.62,NA,NA,NB,,
2021-Jul,2021-07-10,Womanley,NA,1,5,SUB,4.7,0.79,2.15,2.94,NA,NA,NA,,
2021-Jul,2021-07-10,Womanley,NA,1,6,SUB,5,0.46,0,0.46,NA,NA,NB,,
2021-Jul,2021-07-10,Womanley,NA,1,6,SFC,2.4,0.58,0,0.58,NA,NA,C/NB,,
2021-Jul,2021-07-10,Womanley,NA,1,7,SUB,5,0.48,0,0.48,NA,NA,NB,,
2021-Jul,2021-07-10,Womanley,NA,1,7,SFC,3.24,0.9,0.62,1.52,NA,NA,C,,
2021-Jul,2021-07-10,Womanley,NA,1,8,SUB,3.9,0.53,0.15,0.68,NA,NA,C,,
2021-Jul,2021-07-10,Womanley,NA,1,9,SUB,1.51,0.09,0.02,0.11,NA,NA,C,,
2021-Jul,2021-07-10,Womanley,NA,1,10,SUB,4.15,0.53,1.07,1.6,NA,NA,NA,,
2021-Jul,2021-07-10,Womanley,NA,1,11,SUB,4.11,0.56,1.16,1.72,NA,NA,NA,,
2021-Jul,2021-07-10,Womanley,NA,1,NA,NA,NA,NA,NA,NA,NA,0.97,NA,extra biomass for plant,
2021-Jul,2021-07-10,Womanley,NA,2,1,SUB,5,0.28,0,0.28,NA,NA,C/NB,,
2021-Jul,2021-07-10,Womanley,NA,2,2,SUB,5,0.48,0.36,0.84,NA,NA,NA,,
2021-Jul,2021-07-10,Womanley,NA,2,2,SFC,3.59,0.64,2.03,2.67,NA,NA,NA,,
2021-Jul,2021-07-10,Womanley,NA,2,3,SUB,5,0.61,1.33,1.94,NA,NA,NA,,
2021-Jul,2021-07-10,Womanley,NA,2,4,SUB,3.02,0.27,0.68,0.95,NA,NA,NA,,
2021-Jul,2021-07-10,Womanley,NA,2,5,SUB,2.93,0.16,0.4,0.56,NA,NA,NA,,
2021-Jul,2021-07-10,Womanley,NA,2,6,SUB,1.28,0.06,0.04,0.1,NA,NA,NA,,
2021-Jul,2021-07-10,Womanley,NA,2,NA,NA,NA,NA,NA,NA,NA,0.03,NA,extra biomass for plant,
2021-Jul,2021-07-10,Womanley,NA,3,1,SUB,5,0.4,0,0.4,NA,NA,NB,,
2021-Jul,2021-07-10,Womanley,NA,3,1,SFC,2.73,0.39,0.03,0.42,NA,NA,NA,,
2021-Jul,2021-07-10,Womanley,NA,3,2,SUB,2.1,0.14,0.18,0.32,NA,NA,NA,,
2021-Jul,2021-07-10,Womanley,NA,3,3,SUB,5,0.49,0.49,0.98,NA,NA,NA,,
2021-Jul,2021-07-10,Womanley,NA,3,3,SFC,0.41,0.03,0.12,0.15,NA,NA,NA,,
2021-Jul,2021-07-10,Womanley,NA,3,4,SUB,5.03,0.51,0.62,1.13,NA,NA,NA,,
2021-Jul,2021-07-10,Womanley,NA,3,5,SUB,0.83,0.02,0.01,0.03,NA,NA,NA,,
2021-Jul,2021-07-10,Womanley,NA,3,6,SUB,4.58,0.31,0.2,0.51,NA,NA,NA,,
2021-Jul,2021-07-10,Womanley,NA,3,7,SUB,5,0.31,0,0.31,NA,NA,NB,,
2021-Jul,2021-07-10,Womanley,NA,3,7,SFC,1.66,0.16,0,0.16,NA,NA,C/NB,,
2021-Jul,2021-07-10,Womanley,NA,3,8,SUB,0.44,0.03,0.03,0.06,NA,NA,NA,,
2021-Jul,2021-07-10,Womanley,NA,4,1,SUB,3.49,0.24,0.71,0.95,NA,NA,NA,,
2021-Jul,2021-07-10,Womanley,NA,4,2,SUB,3.53,0.25,0,0.25,NA,NA,NB,,
2021-Jul,2021-07-10,Womanley,NA,4,3,SUB,1.47,0.08,0.2,0.28,NA,NA,NA,,
2021-Jul,2021-07-10,Womanley,NA,4,4,SUB,5,0.46,1.82,2.28,NA,NA,NA,,
2021-Jul,2021-07-10,Womanley,NA,4,4,SFC,0.65,0.05,0.49,0.54,NA,NA,NA,,
2021-Jul,2021-07-10,Womanley,NA,4,NA,NA,NA,NA,NA,NA,NA,0.05,NA,extra biomass for plant,
2021-Jul,2021-07-10,Womanley,NA,5,1,SUB,5,0.58,0.32,0.9,NA,NA,NA,,
2021-Jul,2021-07-10,Womanley,NA,5,1,SFC,1.79,0.31,1.42,1.73,NA,NA,NA,,
2021-Jul,2021-07-10,Womanley,NA,5,2,SUB,5,0.5,0.55,1.05,NA,NA,NA,,
2021-Jul,2021-07-10,Womanley,NA,5,2,SFC,1.32,0.22,1.02,1.24,NA,NA,NA,,
2021-Jul,2021-07-10,Womanley,NA,5,3,SUB,5,0.48,0,0.48,NA,NA,NB,,
2021-Jul,2021-07-10,Womanley,NA,5,3,SFC,3.44,0.53,2,2.53,NA,NA,NA,,
2021-Jul,2021-07-10,Womanley,NA,5,4,SUB,5,0.31,0,0.31,NA,NA,NB,,
2021-Jul,2021-07-10,Womanley,NA,5,4,SFC,3.32,0.41,1.38,1.79,NA,NA,NA,,
2021-Jul,2021-07-10,Womanley,NA,5,5,SUB,5,0.52,0.42,0.94,NA,NA,NA,,
2021-Jul,2021-07-10,Womanley,NA,5,5,SFC,1.78,0.28,1.38,1.66,NA,NA,NA,,
2021-Jul,2021-07-10,Womanley,NA,5,6,SUB,3.68,0.18,0,0.18,NA,NA,C/NB,,
2021-Jul,2021-07-10,Womanley,NA,5,7,SUB,2.26,0.23,0.78,1.01,NA,NA,NA,,
2021-Jul,2021-07-10,Womanley,NA,5,8,SUB,5,0.55,0.31,0.86,NA,NA,NA,,
2021-Jul,2021-07-10,Womanley,NA,5,8,SFC,2.45,0.39,1.85,2.24,NA,NA,NA,,
2021-Jul,2021-07-10,Womanley,NA,5,9,SUB,2.74,0.34,1.4,1.74,NA,NA,NA,,
2021-Jul,2021-07-10,Womanley,NA,5,10,SUB,5.16,0.66,1.49,2.15,NA,NA,NA,,
2021-Jul,2021-07-10,Womanley,NA,5,11,SUB,5,0.45,0.22,0.67,NA,NA,NA,,
2021-Jul,2021-07-10,Womanley,NA,5,11,SFC,3.33,0.34,1.8,2.14,NA,NA,NA,,
2021-Jul,2021-07-10,Womanley,NA,5,NA,NA,NA,NA,NA,NA,NA,2.78,NA,extra biomass for plant,
2021-Jul,2021-07-10,Womanley,NA,NA,NA,NA,NA,NA,NA,NA,NA,2.55,NA,extra biomass for the entire site,
2021-Jul,2021-07-12,Westbeach,NA,1,1,SUB,1.4,0.09,0.22,0.31,NA,NA,NA,,
2021-Jul,2021-07-12,Westbeach,NA,1,2,SUB,2,0.14,0.02,0.16,NA,NA,NA,,
2021-Jul,2021-07-12,Westbeach,NA,1,2,SFC,1.9,0.24,0.27,0.51,NA,NA,NA,,
2021-Jul,2021-07-12,Westbeach,NA,1,3,SUB,2,0.16,0.12,0.28,NA,NA,NA,,
2021-Jul,2021-07-12,Westbeach,NA,1,3,SFC,1.78,0.2,0.7,0.9,NA,NA,NA,,
2021-Jul,2021-07-12,Westbeach,NA,1,4,SUB,1.54,0.8,0.2,1,NA,NA,NA,,
2021-Jul,2021-07-12,Westbeach,NA,1,5,SUB,2,0.15,0,0.15,NA,NA,NB,,
2021-Jul,2021-07-12,Westbeach,NA,1,5,SFC,2.34,0.3,0.41,0.71,NA,NA,C,,
2021-Jul,2021-07-12,Westbeach,NA,1,6,SUB,2,0.15,0.18,0.33,NA,NA,NA,,
2021-Jul,2021-07-12,Westbeach,NA,1,6,SFC,0.72,0.08,0.31,0.39,NA,NA,NA,,
2021-Jul,2021-07-12,Westbeach,NA,1,7,SUB,2,0.15,0.23,0.38,NA,NA,NA,,
2021-Jul,2021-07-12,Westbeach,NA,1,8,SUB,2,0.27,0.08,0.35,NA,NA,NA,,
2021-Jul,2021-07-12,Westbeach,NA,1,8,SFC,4.87,0.77,1.59,2.36,NA,NA,NA,,
2021-Jul,2021-07-12,Westbeach,NA,1,9,SUB,2,0.23,0.1,0.33,NA,NA,NA,,
2021-Jul,2021-07-12,Westbeach,NA,1,9,SFC,1.29,0.14,0.49,0.63,NA,NA,NA,,
2021-Jul,2021-07-12,Westbeach,NA,1,10,SUB,2,0.23,0.04,0.27,NA,NA,NA,,
2021-Jul,2021-07-12,Westbeach,NA,1,10,SFC,4.17,0.6,1.11,1.71,NA,NA,NA,,
2021-Jul,2021-07-12,Westbeach,NA,1,NA,NA,NA,NA,NA,NA,NA,0.06,NA,extra biomass for plant,
2021-Jul,2021-07-12,Westbeach,NA,2,1,SUB,2,0.19,0.06,0.25,NA,NA,NA,,
2021-Jul,2021-07-12,Westbeach,NA,2,1,SFC,2.87,0.31,0.15,0.46,NA,NA,C,,
2021-Jul,2021-07-12,Westbeach,NA,2,2,SUB,1.42,0.05,0.1,0.15,NA,NA,NA,,
2021-Jul,2021-07-12,Westbeach,NA,2,3,SUB,1.68,0.13,0,0.13,NA,NA,C/NB,,
2021-Jul,2021-07-12,Westbeach,NA,3,1,SUB,2.55,0.29,0,0.29,NA,NA,C/NB,,
2021-Jul,2021-07-12,Westbeach,NA,3,2,SUB,2,0.18,0.18,0.36,NA,NA,NA,,
2021-Jul,2021-07-12,Westbeach,NA,3,2,SFC,1.35,0.15,0.65,0.8,NA,NA,NA,,
2021-Jul,2021-07-12,Westbeach,NA,3,3,SUB,2,0.19,0.02,0.21,NA,NA,NA,,
2021-Jul,2021-07-12,Westbeach,NA,3,3,SFC,6.1,0.67,1.58,2.25,NA,NA,NA,,
2021-Jul,2021-07-12,Westbeach,NA,3,4,SUB,1.25,0.11,0.24,0.35,NA,NA,NA,,
2021-Jul,2021-07-12,Westbeach,NA,3,5,SUB,0.98,0.07,0.08,0.15,NA,NA,NA,,
2021-Jul,2021-07-12,Westbeach,NA,3,6,SUB,2,0.24,0,0.24,NA,NA,NB,,
2021-Jul,2021-07-12,Westbeach,NA,3,6,SFC,8.42,1.31,1.63,2.94,NA,NA,C,,
2021-Jul,2021-07-12,Westbeach,NA,3,7,SUB,0.86,0.04,0.09,0.13,NA,NA,C,,
2021-Jul,2021-07-12,Westbeach,NA,3,8,SUB,2,0.07,0,0.07,NA,NA,NB,,
2021-Jul,2021-07-12,Westbeach,NA,3,8,SFC,5.89,0.58,0,0.58,NA,NA,NB,,
2021-Jul,2021-07-12,Westbeach,NA,3,9,SUB,2,0.24,0,0.24,NA,NA,NB,,
2021-Jul,2021-07-12,Westbeach,NA,3,9,SFC,3.48,0.37,0,0.37,NA,NA,NB,,
2021-Jul,2021-07-12,Westbeach,NA,3,10,SUB,2,0.1,0,0.1,NA,NA,NB,,
2021-Jul,2021-07-12,Westbeach,NA,3,10,SFC,6.08,1.66,1.6,3.26,NA,NA,C,,
2021-Jul,2021-07-12,Westbeach,NA,3,11,SUB,2,0.14,0,0.14,NA,NA,NB,,
2021-Jul,2021-07-12,Westbeach,NA,3,11,SFC,6.46,0.99,0.25,1.24,NA,NA,C,,
2021-Jul,2021-07-12,Westbeach,NA,3,12,SUB,2,0.15,0.09,0.24,NA,NA,NA,,
2021-Jul,2021-07-12,Westbeach,NA,3,12,SFC,1.76,0.26,1.42,1.68,NA,NA,C,,
2021-Jul,2021-07-12,Westbeach,NA,3,13,SUB,2,0.17,0,0.17,NA,NA,NB,,
2021-Jul,2021-07-12,Westbeach,NA,3,13,SFC,8.99,1.82,2.63,4.45,NA,NA,NA,,
2021-Jul,2021-07-12,Westbeach,NA,3,NA,NA,NA,NA,NA,NA,NA,0.57,NA,extra biomass for plant,
2021-Jul,2021-07-12,Westbeach,NA,4,1,SUB,2,0.18,0,0.18,NA,NA,NB,,
2021-Jul,2021-07-12,Westbeach,NA,4,1,SFC,2.3,0.33,0.21,0.54,NA,NA,NA,,
2021-Jul,2021-07-12,Westbeach,NA,4,2,SUB,2,0.19,0.04,0.23,NA,NA,NA,,
2021-Jul,2021-07-12,Westbeach,NA,4,2,SFC,9.59,1.23,1.8,3.03,NA,NA,NA,,
2021-Jul,2021-07-12,Westbeach,NA,4,3,SUB,2,0.17,0.05,0.22,NA,NA,NA,,
2021-Jul,2021-07-12,Westbeach,NA,4,3,SFC,5,0.56,1.06,1.62,NA,NA,NA,,
2021-Jul,2021-07-12,Westbeach,NA,4,4,SUB,2,0.2,0.07,0.27,NA,NA,NA,,
2021-Jul,2021-07-12,Westbeach,NA,4,4,SFC,5.74,0.61,1.05,1.66,NA,NA,C,,
2021-Jul,2021-07-12,Westbeach,NA,4,5,SUB,2,0.23,0.07,0.3,NA,NA,NA,,
2021-Jul,2021-07-12,Westbeach,NA,4,5,SFC,6.12,0.85,1.06,1.91,NA,NA,C,,
2021-Jul,2021-07-12,Westbeach,NA,4,6,SUB,1.03,0.08,0.12,0.2,NA,NA,NA,,
2021-Jul,2021-07-12,Westbeach,NA,4,7,SUB,2,0.21,0.04,0.25,NA,NA,NA,,
2021-Jul,2021-07-12,Westbeach,NA,4,7,SFC,6.21,0.75,0.95,1.7,NA,NA,C,,
2021-Jul,2021-07-12,Westbeach,NA,4,8,SUB,2,0.17,0,0.17,NA,NA,NB,,
2021-Jul,2021-07-12,Westbeach,NA,4,8,SFC,9.38,1.09,1.73,2.82,NA,NA,NA,,
2021-Jul,2021-07-12,Westbeach,NA,4,9,SUB,2,0.19,0,0.19,NA,NA,NB,,
2021-Jul,2021-07-12,Westbeach,NA,4,9,SFC,8.68,1.08,1.93,3.01,NA,NA,NA,,
2021-Jul,2021-07-12,Westbeach,NA,4,10,SUB,2,0.21,0.08,0.29,NA,NA,NA,,
2021-Jul,2021-07-12,Westbeach,NA,4,10,SFC,4.42,0.51,0.89,1.4,NA,NA,NA,,
2021-Jul,2021-07-12,Westbeach,NA,4,11,SUB,1.05,0.09,0.12,0.21,NA,NA,NA,,
2021-Jul,2021-07-12,Westbeach,NA,4,12,SUB,2,0.11,0.02,0.13,NA,NA,NA,,
2021-Jul,2021-07-12,Westbeach,NA,4,12,SFC,4.53,0.3,0.4,0.7,NA,NA,NA,,
2021-Jul,2021-07-12,Westbeach,NA,4,13,SUB,2,0.15,0,0.15,NA,NA,NB,,
2021-Jul,2021-07-12,Westbeach,NA,4,13,SFC,5.74,0.62,1.1,1.72,NA,NA,NA,,
2021-Jul,2021-07-12,Westbeach,NA,4,14,SUB,2,0.23,0.1,0.33,NA,NA,NA,,
2021-Jul,2021-07-12,Westbeach,NA,4,14,SFC,1.81,0.19,0.48,0.67,NA,NA,NA,,
2021-Jul,2021-07-12,Westbeach,NA,4,15,SUB,1.81,0.23,0.38,0.61,NA,NA,NA,,
2021-Jul,2021-07-12,Westbeach,NA,4,15,SFC,3.11,0.11,0.03,0.14,NA,NA,NA,,
2021-Jul,2021-07-12,Westbeach,NA,4,16,SUB,1.57,0.09,0.09,0.18,NA,NA,NA,,
2021-Jul,2021-07-12,Westbeach,NA,4,17,SUB,2,0.06,0.19,0.25,NA,NA,NA,,
2021-Jul,2021-07-12,Westbeach,NA,4,17,SFC,3.07,0.35,0.56,0.91,NA,NA,NA,,
2021-Jul,2021-07-12,Westbeach,NA,4,18,SUB,1.51,0.08,0.08,0.16,NA,NA,NA,,
2021-Jul,2021-07-12,Westbeach,NA,4,19,SUB,2.22,0.15,0.18,0.33,NA,NA,NA,,
2021-Jul,2021-07-12,Westbeach,NA,4,20,SUB,2,0.17,0.05,0.22,NA,NA,NA,,
2021-Jul,2021-07-12,Westbeach,NA,4,20,SFC,2.9,0.22,0.36,0.58,NA,NA,NA,,
2021-Jul,2021-07-12,Westbeach,NA,4,21,SUB,1.74,0.09,0.09,0.18,NA,NA,NA,,
2021-Jul,2021-07-12,Westbeach,NA,4,22,SUB,1.93,0.13,0.11,0.24,NA,NA,NA,,
2021-Jul,2021-07-12,Westbeach,NA,4,23,SUB,0.58,0.02,0.04,0.06,NA,NA,NA,,
2021-Jul,2021-07-12,Westbeach,NA,4,24,SUB,2,0.05,0,0.05,NA,NA,NB,,
2021-Jul,2021-07-12,Westbeach,NA,4,24,SFC,3.89,0.33,0,0.33,NA,NA,NB,,
2021-Jul,2021-07-12,Westbeach,NA,4,NA,NA,NA,NA,NA,NA,NA,0.43,NA,extra biomass for plant,"Sporphylls, not included in biomass; lots of sporophylls at site"
2021-Jul,2021-07-12,Westbeach,NA,NA,NA,NA,NA,NA,NA,NA,NA,0.56,NA,extra biomass for the entire site,
2021-Jul,2021-07-13,Simmonds,NA,1,1,SUB,4.5,3.1,0.54,3.64,NA,NA,NA,,
2021-Jul,2021-07-13,Simmonds,NA,1,2,SUB,5,0.22,0,0.22,NA,NA,NB,,
2021-Jul,2021-07-13,Simmonds,NA,1,2,SFC,7.5,0.8,1.59,2.39,NA,NA,NA,,
2021-Jul,2021-07-13,Simmonds,NA,1,3,SUB,5,0.38,0.72,1.1,NA,NA,NA,,
2021-Jul,2021-07-13,Simmonds,NA,1,3,SFC,0.94,0.08,0.92,1,NA,NA,NA,,
2021-Jul,2021-07-13,Simmonds,NA,1,4,SUB,5,0.36,0.07,0.43,NA,NA,NA,,
2021-Jul,2021-07-13,Simmonds,NA,1,4,SFC,2.62,0.29,0.51,0.8,NA,NA,NA,,
2021-Jul,2021-07-13,Simmonds,NA,1,5,SUB,5,0.29,0.5,0.79,NA,NA,NA,,
2021-Jul,2021-07-13,Simmonds,NA,1,5,SFC,6.86,0.24,0,0.24,NA,NA,NB,,
2021-Jul,2021-07-13,Simmonds,NA,1,6,SUB,5,0.73,1.21,1.94,NA,NA,NA,,
2021-Jul,2021-07-13,Simmonds,NA,1,6,SFC,7.54,0.72,1.33,2.05,NA,NA,NA,,
2021-Jul,2021-07-13,Simmonds,NA,1,7,SUB,2.07,0.21,0.64,0.85,NA,NA,NA,,
2021-Jul,2021-07-13,Simmonds,NA,1,8,SUB,5,0.24,0,0.24,NA,NA,NB,,
2021-Jul,2021-07-13,Simmonds,NA,1,8,SFC,10.64,0.76,2.09,2.85,NA,NA,NA,,
2021-Jul,2021-07-13,Simmonds,NA,1,9,SUB,5.85,0.47,0.72,1.19,NA,NA,NA,,
2021-Jul,2021-07-13,Simmonds,NA,1,9,SFC,8.32,1.11,3.22,4.33,NA,NA,NA,,
2021-Jul,2021-07-13,Simmonds,NA,1,10,SUB,2.33,0.11,0.23,0.34,NA,NA,NA,,
2021-Jul,2021-07-13,Simmonds,NA,1,11,SUB,1.62,0.08,0.12,0.2,NA,NA,NA,,
2021-Jul,2021-07-13,Simmonds,NA,1,12,SUB,5,0.23,0,0.23,NA,NA,NB,,
2021-Jul,2021-07-13,Simmonds,NA,1,12,SFC,12.3,1.21,3.28,4.49,NA,NA,NA,,
2021-Jul,2021-07-13,Simmonds,NA,1,13,SUB,5,0.19,0,0.19,NA,NA,NB,,
2021-Jul,2021-07-13,Simmonds,NA,1,13,SFC,9.28,1,2.44,3.44,NA,NA,NA,,
2021-Jul,2021-07-13,Simmonds,NA,1,NA,NA,NA,NA,NA,NA,NA,2.15,NA,extra biomass for plant,
2021-Jul,2021-07-13,Simmonds,NA,5,1,SUB,5,0.22,0,0.22,NA,NA,NB,,
2021-Jul,2021-07-13,Simmonds,NA,5,1,SFC,0.83,0.07,0,0.07,NA,NA,NB,,
2021-Jul,2021-07-13,Simmonds,NA,5,2,SUB,4.89,0.2,0.04,0.24,NA,NA,NA,,
2021-Jul,2021-07-13,Simmonds,NA,5,3,SUB,5,0.36,0.03,0.39,NA,NA,NA,,
2021-Jul,2021-07-13,Simmonds,NA,5,3,SFC,0.67,0.1,0.03,0.13,NA,NA,NA,,
2021-Jul,2021-07-13,Simmonds,NA,5,4,SUB,5,0.3,0.11,0.41,NA,NA,NA,,
2021-Jul,2021-07-13,Simmonds,NA,5,4,SFC,0.51,0.07,0.12,0.19,NA,NA,NA,,
2021-Jul,2021-07-13,Simmonds,NA,5,5,SUB,5,0.26,0.02,0.28,NA,NA,NA,,
2021-Jul,2021-07-13,Simmonds,NA,5,5,SFC,2.49,0.21,0.32,0.53,NA,NA,NA,,
2021-Jul,2021-07-13,Simmonds,NA,5,6,SUB,2.19,0.17,0.16,0.33,NA,NA,NA,,
2021-Jul,2021-07-13,Simmonds,NA,5,7,SUB,5,0.43,0.15,0.58,NA,NA,NA,,
2021-Jul,2021-07-13,Simmonds,NA,5,7,SFC,3.01,0.29,0.32,0.61,NA,NA,NA,,
2021-Jul,2021-07-13,Simmonds,NA,5,NA,NA,NA,NA,NA,NA,NA,0.11,NA,extra biomass for plant,
2021-Jul,2021-07-13,Simmonds,NA,2,1,SUB,5,0.52,0.39,0.91,NA,NA,NA,,
2021-Jul,2021-07-13,Simmonds,NA,2,1,SFC,2.87,0.38,1.62,2,NA,NA,NA,,
2021-Jul,2021-07-13,Simmonds,NA,2,2,SUB,5,0.25,0,0.25,NA,NA,NB,,
2021-Jul,2021-07-13,Simmonds,NA,2,2,SFC,0.49,0.04,0.14,0.18,NA,NA,NA,,
2021-Jul,2021-07-13,Simmonds,NA,2,3,SUB,2.91,0.26,0.35,0.61,NA,NA,NA,,
2021-Jul,2021-07-13,Simmonds,NA,2,4,SUB,5,0.46,0.25,0.71,NA,NA,NA,,
2021-Jul,2021-07-13,Simmonds,NA,2,4,SFC,1.72,0.16,0.76,0.92,NA,NA,NA,,
2021-Jul,2021-07-13,Simmonds,NA,2,NA,NA,NA,NA,NA,NA,NA,0.33,NA,extra biomass for plant,
2021-Jul,2021-07-13,Simmonds,NA,3,1,SUB,2.82,0.27,0.76,1.03,NA,NA,NA,,
2021-Jul,2021-07-13,Simmonds,NA,3,2,SUB,2.04,0.26,0.76,1.02,NA,NA,NA,,
2021-Jul,2021-07-13,Simmonds,NA,3,3,SUB,1.52,0.24,0.02,0.26,NA,NA,NA,,
2021-Jul,2021-07-13,Simmonds,NA,3,4,SUB,5,0.6,1.09,1.69,NA,NA,NA,,
2021-Jul,2021-07-13,Simmonds,NA,3,5,SUB,0.54,0.03,0.09,0.12,NA,NA,NA,,
2021-Jul,2021-07-13,Simmonds,NA,3,6,SUB,0.53,0.08,0.12,0.2,NA,NA,NA,,
2021-Jul,2021-07-13,Simmonds,NA,3,7,SUB,1.17,0.17,0.1,0.27,NA,NA,NA,,
2021-Jul,2021-07-13,Simmonds,NA,3,8,SUB,2.54,0.24,0.47,0.71,NA,NA,NA,,
2021-Jul,2021-07-13,Simmonds,NA,3,9,SUB,4.41,0.27,0.1,0.37,NA,NA,NA,,
2021-Jul,2021-07-13,Simmonds,NA,3,NA,NA,NA,NA,NA,NA,NA,0.17,NA,extra biomass for plant,
2021-Jul,2021-07-13,Simmonds,NA,4,1,SUB,3,0.27,0.47,0.74,NA,NA,NA,,
2021-Jul,2021-07-13,Simmonds,NA,4,2,SUB,1.63,0.14,0.32,0.46,NA,NA,NA,,
2021-Jul,2021-07-13,Simmonds,NA,4,3,SUB,5,0.45,0.63,1.08,NA,NA,NA,,
2021-Jul,2021-07-13,Simmonds,NA,4,3,SFC,3.62,0.44,1.74,2.18,NA,NA,NA,,
2021-Jul,2021-07-13,Simmonds,NA,4,4,SUB,0.73,0.07,0.19,0.26,NA,NA,NA,,
2021-Jul,2021-07-13,Simmonds,NA,4,5,SUB,1.26,0.12,0.35,0.47,NA,NA,NA,,
2021-Jul,2021-07-13,Simmonds,NA,4,NA,NA,NA,NA,NA,NA,NA,0.16,NA,extra biomass for plant,
2021-Jul,2021-07-13,Simmonds,NA,NA,NA,NA,NA,NA,NA,NA,NA,0.19,NA,extra biomass for the entire site,
2021-Jul,2021-07-16,Stryker,NA,4,1,SUB,4,0.44,0,0.44,NA,NA,NB,,
2021-Jul,2021-07-16,Stryker,NA,4,1,SFC,6.43,1.54,1.14,2.68,NA,NA,C,,
2021-Jul,2021-07-16,Stryker,NA,4,2,SUB,3.43,0.26,0.27,0.53,NA,NA,NA,,
2021-Jul,2021-07-16,Stryker,NA,4,3,SUB,2.12,0.14,0.16,0.3,NA,NA,NA,,
2021-Jul,2021-07-16,Stryker,NA,4,4,SUB,4,0.21,0,0.21,NA,NA,NB,,
2021-Jul,2021-07-16,Stryker,NA,4,4,SFC,7.88,1.01,2.08,3.09,NA,NA,NA,,
2021-Jul,2021-07-16,Stryker,NA,4,5,SUB,4,0.37,0.41,0.78,NA,NA,NA,,
2021-Jul,2021-07-16,Stryker,NA,4,5,SFC,0.44,0.03,0.07,0.1,NA,NA,NA,,
2021-Jul,2021-07-16,Stryker,NA,4,6,SUB,4,0.28,0.28,0.56,NA,NA,NA,,
2021-Jul,2021-07-16,Stryker,NA,4,6,SFC,0.89,0.07,0.17,0.24,NA,NA,NA,,
2021-Jul,2021-07-16,Stryker,NA,4,7,SUB,1.51,0.09,0.11,0.2,NA,NA,NA,,
2021-Jul,2021-07-16,Stryker,NA,4,8,SUB,4,0.23,0.12,0.35,NA,NA,NA,,
2021-Jul,2021-07-16,Stryker,NA,4,8,SFC,1.44,0.13,0.22,0.35,NA,NA,NA,,
2021-Jul,2021-07-16,Stryker,NA,4,9,SUB,4,0.38,0.11,0.49,NA,NA,NA,,
2021-Jul,2021-07-16,Stryker,NA,4,9,SFC,5.52,0.84,1.55,2.39,NA,NA,NA,,
2021-Jul,2021-07-16,Stryker,NA,4,10,SUB,4,0.41,0.27,0.68,NA,NA,NA,,
2021-Jul,2021-07-16,Stryker,NA,4,10,SFC,2.67,0.33,0.7,1.03,NA,NA,NA,,
2021-Jul,2021-07-16,Stryker,NA,4,11,SUB,4,0.48,0.24,0.72,NA,NA,NA,,
2021-Jul,2021-07-16,Stryker,NA,4,11,SFC,4.64,0.67,1.2,1.87,NA,NA,NA,,
2021-Jul,2021-07-16,Stryker,NA,4,12,SUB,4,0.39,0.35,0.74,NA,NA,NA,,
2021-Jul,2021-07-16,Stryker,NA,4,12,SFC,4.42,0.15,0.41,0.56,NA,NA,NA,,
2021-Jul,2021-07-16,Stryker,NA,4,13,SUB,4,0.38,0.28,0.66,NA,NA,NA,,
2021-Jul,2021-07-16,Stryker,NA,4,13,SFC,1.87,0.25,0.61,0.86,NA,NA,NA,,
2021-Jul,2021-07-16,Stryker,NA,4,14,SUB,4,0.3,0,0.3,NA,NA,NB,,
2021-Jul,2021-07-16,Stryker,NA,4,14,SFC,9.3,1.55,1.63,3.18,NA,NA,NA,,
2021-Jul,2021-07-16,Stryker,NA,4,15,SUB,4,0.43,0.03,0.46,NA,NA,NA,,
2021-Jul,2021-07-16,Stryker,NA,4,15,SFC,8.1,1.47,2.01,3.48,NA,NA,NA,,
2021-Jul,2021-07-16,Stryker,NA,4,16,SUB,4,0.44,0.1,0.54,NA,NA,NA,,
2021-Jul,2021-07-16,Stryker,NA,4,16,SFC,7.22,1.16,1.78,2.94,NA,NA,NA,,
2021-Jul,2021-07-16,Stryker,NA,4,17,SUB,1.61,0.1,0.13,0.23,NA,NA,NA,,
2021-Jul,2021-07-16,Stryker,NA,4,18,SUB,0.83,0.07,0.18,0.25,NA,NA,NA,,
2021-Jul,2021-07-16,Stryker,NA,4,19,SUB,0.62,0.05,0.02,0.07,NA,NA,NA,,
2021-Jul,2021-07-16,Stryker,NA,5,1,SUB,4,0.02,0,0.02,NA,NA,NB,,
2021-Jul,2021-07-16,Stryker,NA,5,1,SFC,6.22,0.52,0.01,0.53,NA,NA,C,,
2021-Jul,2021-07-16,Stryker,NA,5,2,SUB,4,0.25,0,0.25,NA,NA,NB,,
2021-Jul,2021-07-16,Stryker,NA,5,2,SFC,0.6,0.03,0,0.03,NA,NA,C/NB,,
2021-Jul,2021-07-16,Stryker,NA,5,3,SUB,4,0.09,0,0.09,NA,NA,NB,,
2021-Jul,2021-07-16,Stryker,NA,5,3,SFC,3.69,0.11,0.04,0.15,NA,NA,NA,,
2021-Jul,2021-07-16,Stryker,NA,5,4,SUB,4,0.19,0,0.19,NA,NA,NB,,
2021-Jul,2021-07-16,Stryker,NA,5,4,SFC,9.02,0.77,0.88,1.65,NA,NA,NA,,
2021-Jul,2021-07-16,Stryker,NA,5,5,SUB,4,0.25,0,0.25,NA,NA,NB,,
2021-Jul,2021-07-16,Stryker,NA,5,5,SFC,12.01,1.79,1.78,3.57,NA,NA,NA,,
2021-Jul,2021-07-16,Stryker,NA,5,6,SUB,4,0.2,0,0.2,NA,NA,NB,,
2021-Jul,2021-07-16,Stryker,NA,5,6,SFC,4.21,0.54,0.94,1.48,NA,NA,NA,,
2021-Jul,2021-07-16,Stryker,NA,5,7,SUB,4,0.29,0.03,0.32,NA,NA,NA,,
2021-Jul,2021-07-16,Stryker,NA,5,7,SFC,6.88,1.02,1.89,2.91,NA,NA,NA,,
2021-Jul,2021-07-16,Stryker,NA,5,8,SUB,4,0.14,0,0.14,NA,NA,NB,,
2021-Jul,2021-07-16,Stryker,NA,5,8,SFC,7.74,0.75,0.88,1.63,NA,NA,NA,,
2021-Jul,2021-07-16,Stryker,NA,5,9,SUB,4.86,0.28,0.22,0.5,NA,NA,NA,,
2021-Jul,2021-07-16,Stryker,NA,5,10,SUB,4,0.24,0,0.24,NA,NA,NB,,
2021-Jul,2021-07-16,Stryker,NA,5,10,SFC,12.99,0.96,0.4,1.36,NA,NA,C,,
2021-Jul,2021-07-16,Stryker,NA,5,11,SUB,4,0.28,0,0.28,NA,NA,NB,,
2021-Jul,2021-07-16,Stryker,NA,5,11,SFC,9.53,1.49,2.09,3.58,NA,NA,NA,,
2021-Jul,2021-07-16,Stryker,NA,5,12,SUB,4,0.23,0.04,0.27,NA,NA,NA,,
2021-Jul,2021-07-16,Stryker,NA,5,12,SFC,5.55,0.52,0.93,1.45,NA,NA,NA,,
2021-Jul,2021-07-16,Stryker,NA,5,13,SUB,4,0.22,0.18,0.4,NA,NA,NA,,
2021-Jul,2021-07-16,Stryker,NA,5,13,SFC,1.33,0.09,0.27,0.36,NA,NA,NA,,
2021-Jul,2021-07-16,Stryker,NA,5,14,SUB,4,0.33,0.12,0.45,NA,NA,NA,,
2021-Jul,2021-07-16,Stryker,NA,5,14,SFC,3.51,0.43,1,1.43,NA,NA,NA,,
2021-Jul,2021-07-16,Stryker,NA,5,15,SUB,2.49,0.17,0.4,0.57,NA,NA,NA,,
2021-Jul,2021-07-16,Stryker,NA,5,16,SUB,1.16,0.04,0.04,0.08,NA,NA,NA,,
2021-Jul,2021-07-16,Stryker,NA,5,17,SUB,2.15,0.06,0.08,0.14,NA,NA,NA,,
2021-Jul,2021-07-16,Stryker,NA,5,18,SUB,2.21,0.06,0.03,0.09,NA,NA,NA,,
2021-Jul,2021-07-16,Stryker,NA,1,NA,NA,NA,NA,NA,NA,NA,0.24,NA,extra biomass for plant,
2021-Jul,2021-07-16,Stryker,NA,3,NA,NA,NA,NA,NA,NA,NA,0.71,NA,extra biomass for plant,
2021-Jul,2021-07-16,Stryker,NA,4,NA,NA,NA,NA,NA,NA,NA,1.93,NA,extra biomass for plant,
2021-Jul,2021-07-16,Stryker,NA,5,NA,NA,NA,NA,NA,NA,NA,1.39,NA,extra biomass for plant,
2021-Jul,2021-07-16,Stryker,NA,NA,NA,NA,NA,NA,NA,NA,NA,1.81,NA,extra biomass for the entire site,
2021-Jul,2021-07-16,Stryker,NA,1,1,SUB,4,0.37,0.24,0.61,NA,NA,NA,,
2021-Jul,2021-07-16,Stryker,NA,1,1,SFC,2.17,0.29,0.68,0.97,NA,NA,NA,,
2021-Jul,2021-07-16,Stryker,NA,1,2,SUB,4.18,0.41,0.7,1.11,NA,NA,NA,,
2021-Jul,2021-07-16,Stryker,NA,1,3,SUB,4,0.35,0.02,0.37,NA,NA,NA,,
2021-Jul,2021-07-16,Stryker,NA,1,3,SFC,6.2,0.95,1.42,2.37,NA,NA,NA,,
2021-Jul,2021-07-16,Stryker,NA,1,4,SUB,4,0.34,0,0.34,NA,NA,NB,,
2021-Jul,2021-07-16,Stryker,NA,1,4,SFC,7.88,1.34,1.38,2.72,NA,NA,NA,,
2021-Jul,2021-07-16,Stryker,NA,1,5,SUB,4,0.4,0.29,0.69,NA,NA,NA,,
2021-Jul,2021-07-16,Stryker,NA,1,5,SFC,2.64,0.37,0.99,1.36,NA,NA,NA,,
2021-Jul,2021-07-16,Stryker,NA,1,6,SUB,3.05,0.25,0.34,0.59,NA,NA,NA,,
2021-Jul,2021-07-16,Stryker,NA,1,7,SUB,2.55,0.14,0,0.14,NA,NA,C/NB,,
2021-Jul,2021-07-16,Stryker,NA,1,8,SUB,0.62,0.02,0.03,0.05,NA,NA,NA,,
2021-Jul,2021-07-16,Stryker,NA,2,1,SUB,4,0.21,0.06,0.27,NA,NA,NA,,
2021-Jul,2021-07-16,Stryker,NA,2,1,SFC,2.08,0.12,0.43,0.55,NA,NA,NA,,
2021-Jul,2021-07-16,Stryker,NA,2,2,SUB,4,0.02,0,0.02,NA,NA,NB,,
2021-Jul,2021-07-16,Stryker,NA,2,2,SFC,5.56,0.54,1.71,2.25,NA,NA,NA,,
2021-Jul,2021-07-16,Stryker,NA,2,3,SUB,4,0.15,0,0.15,NA,NA,NB,,
2021-Jul,2021-07-16,Stryker,NA,2,3,SFC,5.34,0.4,1.11,1.51,NA,NA,NA,,
2021-Jul,2021-07-16,Stryker,NA,3,1,SUB,4,0.33,0.01,0.34,NA,NA,NA,,
2021-Jul,2021-07-16,Stryker,NA,3,1,SFC,4.15,0.66,1.25,1.91,NA,NA,NA,,
2021-Jul,2021-07-16,Stryker,NA,3,2,SUB,4,0.15,0,0.15,NA,NA,NB,,
2021-Jul,2021-07-16,Stryker,NA,3,2,SFC,5.56,0.43,0.92,1.35,NA,NA,NA,,
2021-Jul,2021-07-16,Stryker,NA,3,3,SUB,4,0.25,0.32,0.57,NA,NA,NA,,
2021-Jul,2021-07-16,Stryker,NA,3,3,SFC,4.9,0.5,1.24,1.74,NA,NA,NA,,
2021-Jul,2021-07-16,Stryker,NA,3,4,SUB,3.8,0.1,0,0.1,NA,NA,C/NB,,
2021-Jul,2021-07-16,Stryker,NA,3,5,SUB,4,0.17,0,0.17,NA,NA,NB,,
2021-Jul,2021-07-16,Stryker,NA,3,5,SFC,2.85,0.13,0,0.13,NA,NA,C/NB,,
2021-Jul,2021-07-16,Stryker,NA,3,6,SUB,2.55,0.13,0.21,0.34,NA,NA,NA,,
2021-Jul,2021-07-16,Stryker,NA,3,7,SUB,4,0.29,0.32,0.61,NA,NA,NA,,
2021-Jul,2021-07-16,Stryker,NA,3,7,SFC,1.15,0.1,0.21,0.31,NA,NA,NA,,
2021-Jul,2021-07-16,Stryker,NA,3,8,SUB,4,0.23,0,0.23,NA,NA,NB,,
2021-Jul,2021-07-16,Stryker,NA,3,8,SFC,8.11,1.01,0.74,1.75,NA,NA,C,,
2021-Jul,2021-07-16,Stryker,NA,3,9,SUB,4.1,0.2,0.5,0.7,NA,NA,NA,,
2021-Jul,2021-07-16,Stryker,NA,3,10,SUB,4,0.32,0.15,0.47,NA,NA,NA,,
2021-Jul,2021-07-16,Stryker,NA,3,10,SFC,5.3,0.51,1.22,1.73,NA,NA,NA,,
2021-Jul,2021-07-16,Stryker,NA,3,11,SUB,4,0.9,0,0.9,NA,NA,NB,,
2021-Jul,2021-07-16,Stryker,NA,3,11,SFC,4.22,0.18,0.29,0.47,NA,NA,NA,,
2021-Jul,2021-07-16,Stryker,NA,3,12,SUB,4,0.17,0,0.17,NA,NA,NB,,
2021-Jul,2021-07-16,Stryker,NA,3,12,SFC,5.56,0.56,0.14,0.7,NA,NA,C,,
2021-Jul,2021-07-16,Stryker,NA,3,13,SUB,2.09,0.03,0.05,0.08,NA,NA,NA,,
2022-Jul,2022-07-15,Westbeach,NA,1,1,SUB,2,0.17,0.01,0.18,NA,NA,NA,,
2022-Jul,2022-07-15,Westbeach,NA,1,1,SFC,3.9,0.46,1.21,1.67,NA,NA,NA,,
2022-Jul,2022-07-15,Westbeach,NA,1,2,SUB,1.19,0.1,0.46,0.56,NA,NA,NA,,
2022-Jul,2022-07-15,Westbeach,NA,1,3,SUB,2,0.33,0.12,0.45,NA,NA,NA,,
2022-Jul,2022-07-15,Westbeach,NA,1,3,SFC,1.3,0.16,0.54,0.7,NA,NA,C,,
2022-Jul,2022-07-15,Westbeach,NA,2,1,SUB,2,0.31,0.13,0.44,NA,NA,NA,,
2022-Jul,2022-07-15,Westbeach,NA,2,1,SFC,0.52,0.03,0.13,0.16,NA,NA,NA,,
2022-Jul,2022-07-15,Westbeach,NA,2,2,SUB,2,0.31,0.13,0.44,NA,NA,NA,,
2022-Jul,2022-07-15,Westbeach,NA,2,2,SFC,1.02,0.07,0.2,0.27,NA,NA,NA,,
2022-Jul,2022-07-15,Westbeach,NA,2,3,SUB,2,0.33,0.16,0.49,NA,NA,NA,,
2022-Jul,2022-07-15,Westbeach,NA,2,3,SFC,1.62,0.14,0.38,0.52,NA,NA,NA,,
2022-Jul,2022-07-15,Westbeach,NA,2,4,SUB,2,0.31,0.13,0.44,NA,NA,NA,,
2022-Jul,2022-07-15,Westbeach,NA,2,4,SFC,1.91,0.18,0.42,0.6,NA,NA,NA,,
2022-Jul,2022-07-15,Westbeach,NA,2,5,SUB,2,0.31,0.06,0.37,NA,NA,NA,,
2022-Jul,2022-07-15,Westbeach,NA,2,5,SFC,4.22,0.4,0.59,0.99,NA,NA,NA,,
2022-Jul,2022-07-15,Westbeach,NA,2,6,SUB,2,0.19,0.28,0.47,NA,NA,NA,,
2022-Jul,2022-07-15,Westbeach,NA,2,6,SFC,4.58,0.52,0.89,1.41,NA,NA,NA,,
2022-Jul,2022-07-15,Westbeach,NA,2,7,SUB,2,0.37,0.1,0.47,NA,NA,NA,,
2022-Jul,2022-07-15,Westbeach,NA,2,7,SFC,4.54,0.52,1.11,1.63,NA,NA,NA,,
2022-Jul,2022-07-15,Westbeach,NA,2,8,SUB,2,0.18,0.23,0.41,NA,NA,NA,,
2022-Jul,2022-07-15,Westbeach,NA,2,8,SFC,2.58,0.43,0.68,1.11,NA,NA,NA,,
2022-Jul,2022-07-15,Westbeach,NA,2,NA,NA,NA,NA,NA,NA,NA,0.35,NA,extra biomass for plant,
2022-Jul,2022-07-15,Westbeach,NA,3,1,SUB,2,0.17,0.03,0.2,NA,NA,NA,,
2022-Jul,2022-07-15,Westbeach,NA,3,1,SFC,6.18,0.82,1.98,2.8,NA,NA,NA,,
2022-Jul,2022-07-15,Westbeach,NA,3,2,SUB,1.97,0.21,0.4,0.61,NA,NA,NA,,
2022-Jul,2022-07-15,Westbeach,NA,3,3,SUB,2,0.35,0.08,0.43,NA,NA,NA,,
2022-Jul,2022-07-15,Westbeach,NA,3,3,SFC,2.42,0.25,0.6,0.85,NA,NA,NA,,
2022-Jul,2022-07-15,Westbeach,NA,3,4,SUB,2,0.33,0.03,0.36,NA,NA,NA,,
2022-Jul,2022-07-15,Westbeach,NA,3,4,SFC,5.77,0.88,1.68,2.56,NA,NA,NA,,
2022-Jul,2022-07-15,Westbeach,NA,3,5,SUB,2,0.23,0.11,0.34,NA,NA,NA,,
2022-Jul,2022-07-15,Westbeach,NA,3,5,SFC,2.83,0.46,0.79,1.25,NA,NA,C,,
2022-Jul,2022-07-15,Westbeach,NA,3,6,SUB,0.71,0.03,0.1,0.13,NA,NA,NA,,
2022-Jul,2022-07-15,Westbeach,NA,3,7,SUB,2,0.13,0,0.13,NA,NA,NA,,
2022-Jul,2022-07-15,Westbeach,NA,3,7,SFC,9.83,1.22,0.39,1.61,NA,NA,NA,,
2022-Jul,2022-07-15,Westbeach,NA,3,8,SUB,2,0.1,0,0.1,NA,NA,NA,,
2022-Jul,2022-07-15,Westbeach,NA,3,8,SFC,9.24,1.14,1.39,2.53,NA,NA,NA,,
2022-Jul,2022-07-15,Westbeach,NA,3,9,SUB,2,0.28,0,0.28,NA,NA,NA,,
2022-Jul,2022-07-15,Westbeach,NA,3,9,SFC,7.79,1.04,1.07,2.11,NA,NA,C,,
2022-Jul,2022-07-15,Westbeach,NA,3,NA,NA,NA,NA,NA,NA,NA,1.27,NA,extra biomass for plant,
2022-Jul,2022-07-15,Westbeach,NA,4,1,SUB,2,0.36,0,0.36,NA,NA,NA,,
2022-Jul,2022-07-15,Westbeach,NA,4,1,SFC,7.34,0.96,0.49,1.45,NA,NA,C,,
2022-Jul,2022-07-15,Westbeach,NA,4,2,SUB,2,0.37,0,0.37,NA,NA,NA,,
2022-Jul,2022-07-15,Westbeach,NA,4,2,SFC,10.98,1.45,1.4,2.85,NA,NA,NA,,
2022-Jul,2022-07-15,Westbeach,NA,4,3,SUB,2,0.21,0.04,0.25,NA,NA,NA,,
2022-Jul,2022-07-15,Westbeach,NA,4,3,SFC,5.41,0.57,1.33,1.9,NA,NA,NA,,
2022-Jul,2022-07-15,Westbeach,NA,4,4,SUB,2,0.2,0,0.2,NA,NA,NA,,
2022-Jul,2022-07-15,Westbeach,NA,4,4,SFC,8.32,1.04,1.71,2.75,NA,NA,NA,,
2022-Jul,2022-07-15,Westbeach,NA,4,5,SUB,2,0.21,0,0.21,NA,NA,NA,,
2022-Jul,2022-07-15,Westbeach,NA,4,5,SFC,8.5,1.11,1.86,2.97,NA,NA,C,,
2022-Jul,2022-07-15,Westbeach,NA,4,6,SUB,2,0.33,0,0.33,NA,NA,NA,,
2022-Jul,2022-07-15,Westbeach,NA,4,6,SFC,8.6,1.24,0.36,1.6,NA,NA,C,,
2022-Jul,2022-07-15,Westbeach,NA,4,7,SUB,2,0.18,0,0.18,NA,NA,NA,,
2022-Jul,2022-07-15,Westbeach,NA,4,7,SFC,11.4,1.38,1.47,2.85,NA,NA,NA,,
2022-Jul,2022-07-15,Westbeach,NA,4,8,SUB,2,0.17,0,0.17,NA,NA,NA,,
2022-Jul,2022-07-15,Westbeach,NA,4,8,SFC,7.31,0.86,1.65,2.51,NA,NA,NA,,
2022-Jul,2022-07-15,Westbeach,NA,4,9,SUB,2,0.16,0.03,0.19,NA,NA,NA,,
2022-Jul,2022-07-15,Westbeach,NA,4,9,SFC,5.26,0.52,0.7,1.22,NA,NA,NA,,
2022-Jul,2022-07-15,Westbeach,NA,4,10,SUB,2,0.19,0.34,0.53,NA,NA,NA,,
2022-Jul,2022-07-15,Westbeach,NA,4,10,SFC,0.39,0.03,0.05,0.08,NA,NA,NA,,
2022-Jul,2022-07-15,Westbeach,NA,4,11,SUB,2,0.17,0.28,0.45,NA,NA,NA,,
2022-Jul,2022-07-15,Westbeach,NA,4,11,SFC,1.49,0.1,0.12,0.22,NA,NA,NA,,
2022-Jul,2022-07-15,Westbeach,NA,4,12,SUB,2,0.19,0.19,0.38,NA,NA,NA,,
2022-Jul,2022-07-15,Westbeach,NA,4,12,SFC,4.25,0.45,0.62,1.07,NA,NA,NA,,
2022-Jul,2022-07-15,Westbeach,NA,4,13,SUB,2,0.16,0,0.16,NA,NA,NA,,
2022-Jul,2022-07-15,Westbeach,NA,4,13,SFC,5.72,0.63,1.11,1.74,NA,NA,NA,,
2022-Jul,2022-07-15,Westbeach,NA,4,14,SUB,2,0.15,0.16,0.31,NA,NA,NA,,
2022-Jul,2022-07-15,Westbeach,NA,4,14,SFC,5.43,0.53,1.02,1.55,NA,NA,NA,,
2022-Jul,2022-07-15,Westbeach,NA,4,15,SUB,2,0.14,0.21,0.35,NA,NA,NA,,
2022-Jul,2022-07-15,Westbeach,NA,4,15,SFC,0.21,0.01,0.15,0.16,NA,NA,NA,,
2022-Jul,2022-07-15,Westbeach,NA,4,16,SUB,1.77,0.24,0.1,0.34,NA,NA,NA,,
2022-Jul,2022-07-15,Westbeach,NA,4,17,SUB,2,0.12,0.1,0.22,NA,NA,NA,,
2022-Jul,2022-07-15,Westbeach,NA,4,17,SFC,0.62,0.04,0.24,0.28,NA,NA,NA,,
2022-Jul,2022-07-15,Westbeach,NA,4,18,SUB,0.65,0.02,0.03,0.05,NA,NA,NA,,
2022-Jul,2022-07-15,Westbeach,NA,4,19,SUB,1.21,0.06,0.22,0.28,NA,NA,NA,,
2022-Jul,2022-07-15,Westbeach,NA,4,20,SUB,0.88,0.18,0.03,0.21,NA,NA,NA,,
2022-Jul,2022-07-15,Westbeach,NA,4,NA,NA,NA,NA,NA,NA,NA,2.4,NA,extra biomass for plant,
2022-Jul,2022-07-15,Westbeach,NA,5,1,SUB,2,0.16,0,0.16,NA,NA,NA,,
2022-Jul,2022-07-15,Westbeach,NA,5,1,SFC,6.44,0.59,1.24,1.83,NA,NA,NA,,
2022-Jul,2022-07-15,Westbeach,NA,5,2,SUB,2,0.05,0.08,0.13,NA,NA,NA,,
2022-Jul,2022-07-15,Westbeach,NA,5,2,SFC,1.92,0.07,0.42,0.49,NA,NA,NA,,
2022-Jul,2022-07-15,Westbeach,NA,5,3,SUB,2,0.18,0,0.18,NA,NA,NA,,
2022-Jul,2022-07-15,Westbeach,NA,5,3,SFC,3.43,0.33,0.22,0.55,NA,NA,C,,
2022-Jul,2022-07-15,Westbeach,NA,5,4,SUB,2,0.15,0,0.15,NA,NA,NA,,
2022-Jul,2022-07-15,Westbeach,NA,5,4,SFC,6.15,0.71,1.58,2.29,NA,NA,NA,,
2022-Jul,2022-07-15,Westbeach,NA,5,5,SUB,2,0.16,0,0.16,NA,NA,NA,,
2022-Jul,2022-07-15,Westbeach,NA,5,5,SFC,6.81,0.85,1.85,2.7,NA,NA,NA,,
2022-Jul,2022-07-15,Westbeach,NA,5,6,SUB,1.49,0.24,0.15,0.39,NA,NA,NA,,
2022-Jul,2022-07-15,Westbeach,NA,5,7,SUB,1.68,0.14,0.23,0.37,NA,NA,NA,,
2022-Jul,2022-07-15,Westbeach,NA,5,NA,NA,NA,NA,NA,NA,NA,0.65,NA,extra biomass for plant,
2022-Jul,2022-07-15,Westbeach,NA,NA,NA,NA,NA,NA,NA,NA,NA,2.27,NA,extra biomass for the entire site,
2022-Jul,2022-07-16,Simmonds_HIRMD,NA,1,1,SUB,5,0.2,0,0.2,NA,NA,NA,lots of hydriods on blades,
2022-Jul,2022-07-16,Simmonds_HIRMD,NA,1,1,SFC,14.52,1.53,1.43,2.96,NA,NA,NA,lots of hydriods on blades,
2022-Jul,2022-07-16,Simmonds_HIRMD,NA,1,2,SUB,5,0.25,0,0.25,NA,NA,NA,lots of hydriods on blades,
2022-Jul,2022-07-16,Simmonds_HIRMD,NA,1,2,SFC,11.6,1.13,0.04,1.17,NA,NA,C,lots of hydriods on blades,
2022-Jul,2022-07-16,Simmonds_HIRMD,NA,1,3,SUB,5,0.66,0.19,0.85,NA,NA,NA,lots of hydriods on blades,
2022-Jul,2022-07-16,Simmonds_HIRMD,NA,1,3,SFC,5.56,0.69,1.68,2.37,NA,NA,NA,lots of hydriods on blades,
2022-Jul,2022-07-16,Simmonds_HIRMD,NA,1,4,SUB,1.07,0.05,0.1,0.15,NA,NA,NA,lots of hydriods on blades,
2022-Jul,2022-07-16,Simmonds_HIRMD,NA,1,5,SUB,5,0.48,0.04,0.52,NA,NA,NA,lots of hydriods on blades,
2022-Jul,2022-07-16,Simmonds_HIRMD,NA,1,5,SFC,6.02,0.63,0.94,1.57,NA,NA,NA,lots of hydriods on blades,
2022-Jul,2022-07-16,Simmonds_HIRMD,NA,1,6,SUB,5,0.5,0.06,0.56,NA,NA,NA,lots of hydriods on blades,
2022-Jul,2022-07-16,Simmonds_HIRMD,NA,1,6,SFC,5,0.45,0.64,1.09,NA,NA,NA,lots of hydriods on blades,
2022-Jul,2022-07-16,Simmonds_HIRMD,NA,1,7,SUB,5,0.43,0.09,0.52,NA,NA,NA,lots of hydriods on blades,
2022-Jul,2022-07-16,Simmonds_HIRMD,NA,1,7,SFC,2.61,0.05,0.33,0.38,NA,NA,NA,lots of hydriods on blades,
2022-Jul,2022-07-16,Simmonds_HIRMD,NA,1,8,SUB,5,0.32,0.08,0.4,NA,NA,NA,lots of hydriods on blades,
2022-Jul,2022-07-16,Simmonds_HIRMD,NA,1,8,SFC,0.53,0.01,0.01,0.02,NA,NA,NA,lots of hydriods on blades,
2022-Jul,2022-07-16,Simmonds_HIRMD,NA,1,9,SUB,2.91,0.15,0.02,0.17,NA,NA,NA,lots of hydriods on blades,
2022-Jul,2022-07-16,Simmonds_HIRMD,NA,1,10,SUB,3.61,0.3,0.01,0.31,NA,NA,C,lots of hydriods on blades,
2022-Jul,2022-07-16,Simmonds_HIRMD,NA,1,11,SUB,5,0.33,0,0.33,NA,NA,NA,lots of hydriods on blades,
2022-Jul,2022-07-16,Simmonds_HIRMD,NA,1,11,SFC,0.37,0.04,0,0.04,NA,NA,C,lots of hydriods on blades,
2022-Jul,2022-07-16,Simmonds_HIRMD,NA,1,12,SUB,2.13,0.26,0.13,0.39,NA,NA,C,lots of hydriods on blades,
2022-Jul,2022-07-16,Simmonds_HIRMD,NA,1,13,SUB,5,0.19,0,0.19,NA,NA,NA,lots of hydriods on blades,
2022-Jul,2022-07-16,Simmonds_HIRMD,NA,1,13,SFC,6.74,0.25,0,0.25,NA,NA,NA,lots of hydriods on blades,
2022-Jul,2022-07-16,Simmonds_HIRMD,NA,1,14,SUB,2.92,0.26,0,0.26,NA,NA,NA,lots of hydriods on blades,
2022-Jul,2022-07-16,Simmonds_HIRMD,NA,1,NA,NA,NA,NA,NA,NA,NA,1.65,NA,extra biomass for plant,
2022-Jul,2022-07-16,Simmonds_HIRMD,NA,2,1,SUB,5,0.33,0,0.33,NA,NA,NA,lots of hydriods on blades,
2022-Jul,2022-07-16,Simmonds_HIRMD,NA,2,1,SFC,8.96,0.9,1.35,2.25,NA,NA,NA,lots of hydriods on blades,
2022-Jul,2022-07-16,Simmonds_HIRMD,NA,2,2,SUB,5,0.34,0,0.34,NA,NA,NA,lots of hydriods on blades,
2022-Jul,2022-07-16,Simmonds_HIRMD,NA,2,2,SFC,7.43,0.75,1.14,1.89,NA,NA,NA,lots of hydriods on blades,
2022-Jul,2022-07-16,Simmonds_HIRMD,NA,2,3,SUB,5,0.32,0,0.32,NA,NA,NA,lots of hydriods on blades,
2022-Jul,2022-07-16,Simmonds_HIRMD,NA,2,3,SFC,8.9,0.6,1.47,2.07,NA,NA,NA,lots of hydriods on blades,
2022-Jul,2022-07-16,Simmonds_HIRMD,NA,2,4,SUB,5,0.37,0,0.37,NA,NA,NA,lots of hydriods on blades,
2022-Jul,2022-07-16,Simmonds_HIRMD,NA,2,4,SFC,10.75,1.24,2.26,3.5,NA,NA,NA,lots of hydriods on blades,
2022-Jul,2022-07-16,Simmonds_HIRMD,NA,2,5,SUB,3.45,0.24,0.3,0.54,NA,NA,NA,lots of hydriods on blades,
2022-Jul,2022-07-16,Simmonds_HIRMD,NA,2,6,SUB,5,0.37,0,0.37,NA,NA,NA,lots of hydriods on blades,
2022-Jul,2022-07-16,Simmonds_HIRMD,NA,2,6,SFC,12.15,1.54,1.91,3.45,NA,NA,NA,lots of hydriods on blades,
2022-Jul,2022-07-16,Simmonds_HIRMD,NA,2,7,SUB,5,0.4,0.11,0.51,NA,NA,NA,lots of hydriods on blades,
2022-Jul,2022-07-16,Simmonds_HIRMD,NA,2,7,SFC,3.52,0.36,0.97,1.33,NA,NA,NA,lots of hydriods on blades,
2022-Jul,2022-07-16,Simmonds_HIRMD,NA,2,8,SUB,5,0.42,0.11,0.53,NA,NA,NA,lots of hydriods on blades,
2022-Jul,2022-07-16,Simmonds_HIRMD,NA,2,8,SFC,4.32,0.41,1.33,1.74,NA,NA,NA,lots of hydriods on blades,
2022-Jul,2022-07-16,Simmonds_HIRMD,NA,2,9,SUB,5,0.35,0,0.35,NA,NA,NA,lots of hydriods on blades,
2022-Jul,2022-07-16,Simmonds_HIRMD,NA,2,9,SFC,10.43,1.26,0.88,2.14,NA,NA,C,lots of hydriods on blades,
2022-Jul,2022-07-16,Simmonds_HIRMD,NA,2,10,SUB,5,0.36,0,0.36,NA,NA,NA,lots of hydriods on blades,
2022-Jul,2022-07-16,Simmonds_HIRMD,NA,2,10,SFC,7.8,0.79,1.44,2.23,NA,NA,NA,lots of hydriods on blades,
2022-Jul,2022-07-16,Simmonds_HIRMD,NA,2,11,SUB,5,0.31,0,0.31,NA,NA,NA,lots of hydriods on blades,
2022-Jul,2022-07-16,Simmonds_HIRMD,NA,2,11,SFC,12.75,1.34,1.12,2.46,NA,NA,NA,lots of hydriods on blades,
2022-Jul,2022-07-16,Simmonds_HIRMD,NA,2,12,SUB,1.63,0.05,0.04,0.09,NA,NA,NA,lots of hydriods on blades,
2022-Jul,2022-07-16,Simmonds_HIRMD,NA,2,13,SUB,5,0.34,0,0.34,NA,NA,NA,lots of hydriods on blades,
2022-Jul,2022-07-16,Simmonds_HIRMD,NA,2,13,SFC,8.29,0.74,0.1,0.84,NA,NA,C,lots of hydriods on blades,
2022-Jul,2022-07-16,Simmonds_HIRMD,NA,2,14,SUB,5,0.37,0,0.37,NA,NA,NA,lots of hydriods on blades,
2022-Jul,2022-07-16,Simmonds_HIRMD,NA,2,14,SFC,9.55,1.11,1.55,2.66,NA,NA,NA,lots of hydriods on blades,
2022-Jul,2022-07-16,Simmonds_HIRMD,NA,2,15,SUB,3.26,0.19,0.14,0.33,NA,NA,NA,lots of hydriods on blades,
2022-Jul,2022-07-16,Simmonds_HIRMD,NA,2,16,SUB,5,0.33,0.08,0.41,NA,NA,NA,lots of hydriods on blades,
2022-Jul,2022-07-16,Simmonds_HIRMD,NA,2,16,SFC,2.73,0.23,0.59,0.82,NA,NA,NA,lots of hydriods on blades,
2022-Jul,2022-07-16,Simmonds_HIRMD,NA,2,17,SUB,5,0.25,0,0.25,NA,NA,NA,lots of hydriods on blades,
2022-Jul,2022-07-16,Simmonds_HIRMD,NA,2,17,SFC,6.41,0.74,1,1.74,NA,NA,NA,lots of hydriods on blades,
2022-Jul,2022-07-16,Simmonds_HIRMD,NA,2,18,SUB,5,0.33,0,0.33,NA,NA,NA,lots of hydriods on blades,
2022-Jul,2022-07-16,Simmonds_HIRMD,NA,2,18,SFC,8.3,0.85,1.83,2.68,NA,NA,NA,lots of hydriods on blades,
2022-Jul,2022-07-16,Simmonds_HIRMD,NA,2,19,SUB,5,0.46,0.26,0.72,NA,NA,NA,lots of hydriods on blades,
2022-Jul,2022-07-16,Simmonds_HIRMD,NA,2,19,SFC,2.95,0.25,0.55,0.8,NA,NA,NA,lots of hydriods on blades,
2022-Jul,2022-07-16,Simmonds_HIRMD,NA,2,20,SUB,5,0.38,0,0.38,NA,NA,NA,lots of hydriods on blades,
2022-Jul,2022-07-16,Simmonds_HIRMD,NA,2,20,SFC,8.56,0.03,0.24,0.27,NA,NA,C,lots of hydriods on blades,
2022-Jul,2022-07-16,Simmonds_HIRMD,NA,2,21,SUB,5,0.39,0,0.39,NA,NA,NA,lots of hydriods on blades,
2022-Jul,2022-07-16,Simmonds_HIRMD,NA,2,22,SUB,5,0.24,0.05,0.29,NA,NA,NA,lots of hydriods on blades,
2022-Jul,2022-07-16,Simmonds_HIRMD,NA,2,22,SFC,1.05,0.08,0.16,0.24,NA,NA,NA,lots of hydriods on blades,
2022-Jul,2022-07-16,Simmonds_HIRMD,NA,2,23,SUB,5,0.17,0.11,0.28,NA,NA,NA,lots of hydriods on blades,
2022-Jul,2022-07-16,Simmonds_HIRMD,NA,2,23,SFC,1.63,0.11,0.24,0.35,NA,NA,NA,lots of hydriods on blades,
2022-Jul,2022-07-16,Simmonds_HIRMD,NA,2,24,SUB,5,0.39,0.11,0.5,NA,NA,NA,lots of hydriods on blades,
2022-Jul,2022-07-16,Simmonds_HIRMD,NA,2,24,SFC,2.02,0.17,0.31,0.48,NA,NA,NA,lots of hydriods on blades,
2022-Jul,2022-07-16,Simmonds_HIRMD,NA,2,25,SUB,5,0.39,0,0.39,NA,NA,NA,lots of hydriods on blades,
2022-Jul,2022-07-16,Simmonds_HIRMD,NA,2,25,SFC,10.64,0.65,0,0.65,NA,NA,C,lots of hydriods on blades,
2022-Jul,2022-07-16,Simmonds_HIRMD,NA,2,26,SUB,5,0.34,0.18,0.52,NA,NA,NA,lots of hydriods on blades,
2022-Jul,2022-07-16,Simmonds_HIRMD,NA,2,26,SFC,0.57,0.01,0.06,0.07,NA,NA,NA,lots of hydriods on blades,
2022-Jul,2022-07-16,Simmonds_HIRMD,NA,2,27,SUB,1.31,0.08,0,0.08,NA,NA,NA,lots of hydriods on blades,
2022-Jul,2022-07-16,Simmonds_HIRMD,NA,2,28,SFC,4.66,0.31,0,0.31,NA,NA,NA,lots of hydriods on blades,
2022-Jul,2022-07-16,Simmonds_HIRMD,NA,2,29,SUB,1.51,0.09,0.01,0.1,NA,NA,C,lots of hydriods on blades,
2022-Jul,2022-07-16,Simmonds_HIRMD,NA,2,NA,NA,NA,NA,NA,NA,NA,10.27,NA,extra biomass for plant,
2022-Jul,2022-07-16,Simmonds_HIRMD,NA,3,1,SUB,0.42,0.02,0.02,0.04,NA,NA,NA,lots of hydriods on blades,
2022-Jul,2022-07-16,Simmonds_HIRMD,NA,3,2,SUB,5,0.16,0,0.16,NA,NA,NA,lots of hydriods on blades,
2022-Jul,2022-07-16,Simmonds_HIRMD,NA,3,2,SFC,6.92,0.34,0.09,0.43,NA,NA,NA,lots of hydriods on blades,
2022-Jul,2022-07-16,Simmonds_HIRMD,NA,3,3,SUB,3.58,0.13,0.09,0.22,NA,NA,NA,lots of hydriods on blades,
2022-Jul,2022-07-16,Simmonds_HIRMD,NA,3,4,SUB,3.71,0.14,0.08,0.22,NA,NA,NA,lots of hydriods on blades,
2022-Jul,2022-07-16,Simmonds_HIRMD,NA,3,5,SUB,5,0.13,0.01,0.14,NA,NA,NA,lots of hydriods on blades,
2022-Jul,2022-07-16,Simmonds_HIRMD,NA,3,5,SFC,1.46,0.05,0.04,0.09,NA,NA,NA,lots of hydriods on blades,
2022-Jul,2022-07-16,Simmonds_HIRMD,NA,3,6,SUB,5,0.36,0.01,0.37,NA,NA,NA,lots of hydriods on blades,
2022-Jul,2022-07-16,Simmonds_HIRMD,NA,3,6,SFC,6.43,1.33,1.75,3.08,NA,NA,C,lots of hydriods on blades,
2022-Jul,2022-07-16,Simmonds_HIRMD,NA,3,7,SUB,5,0.22,0,0.22,NA,NA,NA,lots of hydriods on blades,
2022-Jul,2022-07-16,Simmonds_HIRMD,NA,3,7,SFC,8.58,0.96,0.09,1.05,NA,NA,NA,lots of hydriods on blades,
2022-Jul,2022-07-16,Simmonds_HIRMD,NA,3,8,SUB,5,0.13,0,0.13,NA,NA,NA,lots of hydriods on blades,
2022-Jul,2022-07-16,Simmonds_HIRMD,NA,3,8,SFC,4.88,0.03,0.1,0.13,NA,NA,NA,lots of hydriods on blades,
2022-Jul,2022-07-16,Simmonds_HIRMD,NA,3,9,SUB,5,0.13,0.04,0.17,NA,NA,NA,lots of hydriods on blades,
2022-Jul,2022-07-16,Simmonds_HIRMD,NA,3,9,SFC,0.33,0.01,0.04,0.05,NA,NA,NA,lots of hydriods on blades,
2022-Jul,2022-07-16,Simmonds_HIRMD,NA,3,10,SUB,3.33,0.11,0.13,0.24,NA,NA,NA,lots of hydriods on blades,
2022-Jul,2022-07-16,Simmonds_HIRMD,NA,3,11,SUB,0.41,0.01,0.01,0.02,NA,NA,NA,lots of hydriods on blades,
2022-Jul,2022-07-16,Simmonds_HIRMD,NA,3,12,SUB,0.34,0.01,0.03,0.04,NA,NA,NA,lots of hydriods on blades,
2022-Jul,2022-07-16,Simmonds_HIRMD,NA,3,13,SUB,0.89,0.01,0.01,0.02,NA,NA,NA,lots of hydriods on blades,
2022-Jul,2022-07-16,Simmonds_HIRMD,NA,3,NA,NA,NA,NA,NA,NA,NA,0.72,NA,extra biomass for plant,
2022-Jul,2022-07-16,Simmonds_HIRMD,NA,4,1,SUB,2.9,0.07,0,0.07,NA,NA,NA,lots of hydriods on blades,
2022-Jul,2022-07-16,Simmonds_HIRMD,NA,4,2,SUB,5,0.14,0.04,0.18,NA,NA,NA,lots of hydriods on blades,
2022-Jul,2022-07-16,Simmonds_HIRMD,NA,4,2,SFC,0.93,0.05,0.05,0.1,NA,NA,NA,lots of hydriods on blades,
2022-Jul,2022-07-16,Simmonds_HIRMD,NA,5,1,SUB,2.72,0.08,0.02,0.1,NA,NA,NA,lots of hydriods on blades,
2022-Jul,2022-07-16,Simmonds_HIRMD,NA,5,2,SFC,4.55,0.13,0.16,0.29,NA,NA,NA,lots of hydriods on blades,
2022-Jul,2022-07-16,Simmonds_HIRMD,NA,5,3,SUB,5,0.16,0.01,0.17,NA,NA,NA,lots of hydriods on blades,
2022-Jul,2022-07-16,Simmonds_HIRMD,NA,5,3,SFC,1.69,0.1,0.06,0.16,NA,NA,NA,lots of hydriods on blades,
2022-Jul,2022-07-16,Simmonds_HIRMD,NA,5,4,SUB,1.27,0.05,0.13,0.18,NA,NA,NA,lots of hydriods on blades,
2022-Jul,2022-07-16,Simmonds_HIRMD,NA,5,5,SUB,0.64,0.01,0.01,0.02,NA,NA,NA,lots of hydriods on blades,
2022-Jul,2022-07-16,Simmonds_HIRMD,NA,5,NA,NA,NA,NA,NA,NA,NA,5.4,NA,extra biomass for plant,
2022-Jul,2022-07-18,Spider_HIRMD,NA,1,1,SUB,4,0.48,0,0.48,NA,NA,NA,,
2022-Jul,2022-07-18,Spider_HIRMD,NA,1,1,SFC,4.59,0.64,0.66,1.3,NA,NA,NA,,
2022-Jul,2022-07-18,Spider_HIRMD,NA,1,2,SUB,4,0.24,0,0.24,NA,NA,NA,,
2022-Jul,2022-07-18,Spider_HIRMD,NA,1,2,SFC,14.08,1.69,2.43,4.12,NA,NA,NA,,
2022-Jul,2022-07-18,Spider_HIRMD,NA,1,3,SUB,4,0.23,0,0.23,NA,NA,NA,,
2022-Jul,2022-07-18,Spider_HIRMD,NA,1,3,SFC,11,0.135,0.66,0.795,NA,NA,NA,,
2022-Jul,2022-07-18,Spider_HIRMD,NA,1,4,SUB,4,0.2,0,0.2,NA,NA,NA,,
2022-Jul,2022-07-18,Spider_HIRMD,NA,1,4,SFC,5.56,0.51,1.03,1.54,NA,NA,NA,,
2022-Jul,2022-07-18,Spider_HIRMD,NA,1,5,SUB,4,0.43,5.18,5.61,NA,NA,NA,,
2022-Jul,2022-07-18,Spider_HIRMD,NA,1,5,SFC,15.42,1.85,0,1.85,NA,NA,NA,,
2022-Jul,2022-07-18,Spider_HIRMD,NA,1,6,SUB,4,0.21,2.27,2.48,NA,NA,NA,,
2022-Jul,2022-07-18,Spider_HIRMD,NA,1,6,SFC,14.08,1.66,0,1.66,NA,NA,NA,,
2022-Jul,2022-07-18,Spider_HIRMD,NA,1,7,SUB,4,0.19,1,1.19,NA,NA,NA,,
2022-Jul,2022-07-18,Spider_HIRMD,NA,1,7,SFC,8.9,0.97,0,0.97,NA,NA,NA,,
2022-Jul,2022-07-18,Spider_HIRMD,NA,1,8,SUB,4,0.15,1.18,1.33,NA,NA,NA,,
2022-Jul,2022-07-18,Spider_HIRMD,NA,1,8,SFC,9.32,0.81,0.53,1.34,NA,NA,NA,,
2022-Jul,2022-07-18,Spider_HIRMD,NA,1,9,SUB,4,0.26,0.01,0.27,NA,NA,NA,,
2022-Jul,2022-07-18,Spider_HIRMD,NA,1,9,SFC,7.06,0.55,0.85,1.4,NA,NA,NA,,
2022-Jul,2022-07-18,Spider_HIRMD,NA,1,10,SUB,4,0.28,0,0.28,NA,NA,NA,,
2022-Jul,2022-07-18,Spider_HIRMD,NA,1,10,SFC,7.12,0.58,1.29,1.87,NA,NA,NA,,
2022-Jul,2022-07-18,Spider_HIRMD,NA,1,11,SUB,4,0.1,0.05,0.15,NA,NA,NA,,
2022-Jul,2022-07-18,Spider_HIRMD,NA,1,11,SFC,3.95,0.41,0.99,1.4,NA,NA,NA,,
2022-Jul,2022-07-18,Spider_HIRMD,NA,1,12,SUB,4,0.19,0,0.19,NA,NA,NA,,
2022-Jul,2022-07-18,Spider_HIRMD,NA,1,12,SFC,6.32,0.47,0.13,0.6,NA,NA,NA,,
2022-Jul,2022-07-18,Spider_HIRMD,NA,1,13,SUB,4,0.31,0.16,0.47,NA,NA,NA,,
2022-Jul,2022-07-18,Spider_HIRMD,NA,1,13,SFC,4,0.35,0.75,1.1,NA,NA,NA,,
2022-Jul,2022-07-18,Spider_HIRMD,NA,1,14,SUB,2.11,0.12,0.12,0.24,NA,NA,NA,,
2022-Jul,2022-07-18,Spider_HIRMD,NA,1,15,SUB,2.62,0.11,0,0.11,NA,NA,C,,
2022-Jul,2022-07-18,Spider_HIRMD,NA,1,16,SUB,4,0.3,0.29,0.59,NA,NA,NA,,
2022-Jul,2022-07-18,Spider_HIRMD,NA,1,16,SFC,0.22,0.04,0.49,0.53,NA,NA,NA,,
2022-Jul,2022-07-18,Spider_HIRMD,NA,1,17,SUB,3.46,0.21,3.38,3.59,NA,NA,NA,,
2022-Jul,2022-07-18,Spider_HIRMD,NA,1,18,SUB,4,0.25,0,0.25,NA,NA,NA,,
2022-Jul,2022-07-18,Spider_HIRMD,NA,1,18,SFC,6.28,0.72,0.45,1.17,NA,NA,C,,
2022-Jul,2022-07-18,Spider_HIRMD,NA,1,NA,NA,NA,NA,NA,NA,NA,2.42,NA,extra biomass for plant,
2022-Jul,2022-07-18,Spider_HIRMD,NA,2,1,SUB,4,0.2,0,0.2,NA,NA,NA,,
2022-Jul,2022-07-18,Spider_HIRMD,NA,2,1,SFC,5.37,0.56,0.58,1.14,NA,NA,NA,,
2022-Jul,2022-07-18,Spider_HIRMD,NA,2,2,SUB,4,0.22,0,0.22,NA,NA,NA,,
2022-Jul,2022-07-18,Spider_HIRMD,NA,2,2,SFC,7.8,0.82,0.032,0.852,NA,NA,NA,,
2022-Jul,2022-07-18,Spider_HIRMD,NA,2,3,SUB,4,0.19,0,0.19,NA,NA,NA,,
2022-Jul,2022-07-18,Spider_HIRMD,NA,2,3,SFC,5.82,0.54,0.29,0.83,NA,NA,NA,,
2022-Jul,2022-07-18,Spider_HIRMD,NA,2,4,SUB,2.99,0.25,0.59,0.84,NA,NA,NA,,
2022-Jul,2022-07-18,Spider_HIRMD,NA,2,5,SUB,4,0.25,0.16,0.41,NA,NA,NA,,
2022-Jul,2022-07-18,Spider_HIRMD,NA,2,5,SFC,2.26,0.27,0.86,1.13,NA,NA,NA,,
2022-Jul,2022-07-18,Spider_HIRMD,NA,2,6,SUB,4,0.13,0,0.13,NA,NA,NA,,
2022-Jul,2022-07-18,Spider_HIRMD,NA,2,6,SFC,2.63,0.24,0,0.24,NA,NA,C,,
2022-Jul,2022-07-18,Spider_HIRMD,NA,2,7,SUB,4,0.26,0.15,0.41,NA,NA,NA,,
2022-Jul,2022-07-18,Spider_HIRMD,NA,2,7,SFC,1.65,0.16,0.49,0.65,NA,NA,NA,,
2022-Jul,2022-07-18,Spider_HIRMD,NA,2,8,SUB,4,0.24,0.01,0.25,NA,NA,NA,,
2022-Jul,2022-07-18,Spider_HIRMD,NA,2,8,SFC,2.7,0.31,0.89,1.2,NA,NA,NA,,
2022-Jul,2022-07-18,Spider_HIRMD,NA,2,9,SUB,1.94,0.18,0.27,0.45,NA,NA,NA,,
2022-Jul,2022-07-18,Spider_HIRMD,NA,2,10,SUB,1.77,0.12,0.16,0.28,NA,NA,NA,,
2022-Jul,2022-07-18,Spider_HIRMD,NA,2,NA,NA,NA,NA,NA,NA,NA,0.16,NA,extra biomass for plant,
2022-Jul,2022-07-18,Spider_HIRMD,NA,3,1,SUB,1.17,0.06,0.18,0.24,NA,NA,NA,,
2022-Jul,2022-07-18,Spider_HIRMD,NA,3,2,SUB,4,0.02,0,0.02,NA,NA,NA,,
2022-Jul,2022-07-18,Spider_HIRMD,NA,3,2,SFC,4.34,0.44,0.31,0.75,NA,NA,C,,
2022-Jul,2022-07-18,Spider_HIRMD,NA,3,3,SUB,4,0.31,0.27,0.58,NA,NA,NA,,
2022-Jul,2022-07-18,Spider_HIRMD,NA,3,3,SFC,2.92,0.45,1.55,2,NA,NA,NA,,
2022-Jul,2022-07-18,Spider_HIRMD,NA,3,4,SUB,0.72,0.66,0.27,0.93,NA,NA,NA,,
2022-Jul,2022-07-18,Spider_HIRMD,NA,3,5,SUB,1.91,0.1,0,0.1,NA,NA,NA,,
2022-Jul,2022-07-18,Spider_HIRMD,NA,3,6,SUB,3.58,0.37,0.75,1.12,NA,NA,NA,,
2022-Jul,2022-07-18,Spider_HIRMD,NA,3,7,SUB,1.34,0.08,0.01,0.09,NA,NA,NA,,
2022-Jul,2022-07-18,Spider_HIRMD,NA,3,8,SUB,4,0.13,0,0.13,NA,NA,NA,,
2022-Jul,2022-07-18,Spider_HIRMD,NA,3,8,SFC,2.07,0.19,0.21,0.4,NA,NA,NA,,
2022-Jul,2022-07-18,Spider_HIRMD,NA,3,NA,NA,NA,NA,NA,NA,NA,0.24,NA,extra biomass for plant,
2022-Jul,2022-07-18,Spider_HIRMD,NA,4,1,SUB,4,0.35,0,0.35,NA,NA,NA,,
2022-Jul,2022-07-18,Spider_HIRMD,NA,4,1,SFC,7.94,1.32,0.82,2.14,NA,NA,NA,,
2022-Jul,2022-07-18,Spider_HIRMD,NA,4,2,SUB,4,0.39,0.01,0.4,NA,NA,NA,,
2022-Jul,2022-07-18,Spider_HIRMD,NA,4,2,SFC,6.63,1.08,0.9,1.98,NA,NA,NA,,
2022-Jul,2022-07-18,Spider_HIRMD,NA,4,3,SUB,4,0.26,0,0.26,NA,NA,NA,,
2022-Jul,2022-07-18,Spider_HIRMD,NA,4,3,SFC,2.77,0.29,0.66,0.95,NA,NA,NA,,
2022-Jul,2022-07-18,Spider_HIRMD,NA,4,4,SUB,4,0.48,0.34,0.82,NA,NA,NA,,
2022-Jul,2022-07-18,Spider_HIRMD,NA,4,4,SFC,2.3,0.29,0.62,0.91,NA,NA,NA,,
2022-Jul,2022-07-18,Spider_HIRMD,NA,4,5,SUB,1.74,0.12,0.18,0.3,NA,NA,NA,,
2022-Jul,2022-07-18,Spider_HIRMD,NA,4,6,SFC,4.1,0.47,0.53,1,NA,NA,NA,,
2022-Jul,2022-07-18,Spider_HIRMD,NA,4,7,SUB,4,0.44,0,0.44,NA,NA,NA,,
2022-Jul,2022-07-18,Spider_HIRMD,NA,4,7,SFC,8.74,1.6,0.89,2.49,NA,NA,NA,,
2022-Jul,2022-07-18,Spider_HIRMD,NA,4,8,SUB,4,0.18,0,0.18,NA,NA,NA,,
2022-Jul,2022-07-18,Spider_HIRMD,NA,4,8,SFC,6.64,0.56,0.01,0.57,NA,NA,NA,,
2022-Jul,2022-07-18,Spider_HIRMD,NA,4,9,SUB,4,0.19,0,0.19,NA,NA,NA,,
2022-Jul,2022-07-18,Spider_HIRMD,NA,4,9,SFC,3,0.19,0,0.19,NA,NA,NA,,
2022-Jul,2022-07-18,Spider_HIRMD,NA,4,10,SUB,4,0.42,0.16,0.58,NA,NA,NA,,
2022-Jul,2022-07-18,Spider_HIRMD,NA,4,10,SFC,2.65,0.41,0.91,1.32,NA,NA,NA,,
2022-Jul,2022-07-18,Spider_HIRMD,NA,4,11,SUB,2.82,0.24,0,0.24,NA,NA,C,,
2022-Jul,2022-07-18,Spider_HIRMD,NA,4,12,SUB,3.44,0.33,0.4,0.73,NA,NA,NA,,
2022-Jul,2022-07-18,Spider_HIRMD,NA,4,13,SUB,2.9,0.24,0.46,0.7,NA,NA,NA,,
2022-Jul,2022-07-18,Spider_HIRMD,NA,4,14,SUB,4,0.48,0,0.48,NA,NA,NA,,
2022-Jul,2022-07-18,Spider_HIRMD,NA,4,14,SFC,6.25,0.71,0,0.71,NA,NA,C,,
2022-Jul,2022-07-18,Spider_HIRMD,NA,4,15,SUB,2.53,0.22,0.25,0.47,NA,NA,NA,,
2022-Jul,2022-07-18,Spider_HIRMD,NA,4,NA,NA,NA,NA,NA,NA,NA,1.33,NA,extra biomass for plant,
2022-Jul,2022-07-18,Spider_HIRMD,NA,5,1,SUB,4,0.16,0,0.16,NA,NA,NA,,
2022-Jul,2022-07-18,Spider_HIRMD,NA,5,1,SFC,5.53,0.24,0,0.24,NA,NA,NA,,
2022-Jul,2022-07-18,Spider_HIRMD,NA,5,2,SUB,4,0.28,0,0.28,NA,NA,NA,,
2022-Jul,2022-07-18,Spider_HIRMD,NA,5,2,SFC,8.02,1.11,0.8,1.91,NA,NA,NA,,
2022-Jul,2022-07-18,Spider_HIRMD,NA,5,3,SUB,4,0.24,0.05,0.29,NA,NA,NA,,
2022-Jul,2022-07-18,Spider_HIRMD,NA,5,3,SFC,2.77,0.27,0.51,0.78,NA,NA,NA,,
2022-Jul,2022-07-18,Spider_HIRMD,NA,5,4,SUB,4,0.15,0,0.15,NA,NA,NA,,
2022-Jul,2022-07-18,Spider_HIRMD,NA,5,4,SFC,4.33,0.51,0.14,0.65,NA,NA,NA,,
2022-Jul,2022-07-18,Spider_HIRMD,NA,5,5,SUB,4,0.17,0.03,0.2,NA,NA,NA,,
2022-Jul,2022-07-18,Spider_HIRMD,NA,5,5,SFC,1.22,0.07,0.28,0.35,NA,NA,NA,,
2022-Jul,2022-07-18,Spider_HIRMD,NA,5,6,SUB,4,0.29,0,0.29,NA,NA,NA,,
2022-Jul,2022-07-18,Spider_HIRMD,NA,5,6,SFC,5.33,0.19,0.69,0.88,NA,NA,NA,,
2022-Jul,2022-07-18,Spider_HIRMD,NA,5,7,SUB,4,0.3,0,0.3,NA,NA,NA,,
2022-Jul,2022-07-18,Spider_HIRMD,NA,5,7,SFC,12.85,1.72,0.46,2.18,NA,NA,NA,,
2022-Jul,2022-07-18,Spider_HIRMD,NA,5,8,SUB,1.26,0.04,0,0.04,NA,NA,NA,,
2022-Jul,2022-07-18,Spider_HIRMD,NA,5,9,SUB,3.26,0.24,0.36,0.6,NA,NA,NA,,
2022-Jul,2022-07-18,Spider_HIRMD,NA,5,10,SUB,2.2,0.3,0.18,0.48,NA,NA,NA,,
2022-Jul,2022-07-18,Spider_HIRMD,NA,5,11,SUB,4,0.42,0,0.42,NA,NA,NA,,
2022-Jul,2022-07-18,Spider_HIRMD,NA,5,11,SFC,1.95,0.14,0,0.14,NA,NA,NA,,
2022-Jul,2022-07-18,Spider_HIRMD,NA,5,12,SUB,4,0.14,0,0.14,NA,NA,NA,,
2022-Jul,2022-07-18,Spider_HIRMD,NA,5,12,SFC,3.9,0.29,0.11,0.4,NA,NA,NA,,
2022-Jul,2022-07-18,Spider_HIRMD,NA,5,NA,NA,NA,NA,NA,NA,NA,0.52,NA,extra biomass for plant,
2022-Jul,2022-07-18,Spider_HIRMD,NA,NA,NA,NA,NA,NA,NA,NA,NA,3.46,NA,extra biomass for the entire site,
2022-Jul,2022-07-17,Stryker_HIRMD,NA,1,1,SUB,6,0.43,0,0.43,NA,NA,NA,,
2022-Jul,2022-07-17,Stryker_HIRMD,NA,1,1,SFC,10.11,1.69,3.27,4.96,NA,NA,NA,,
2022-Jul,2022-07-17,Stryker_HIRMD,NA,1,2,SUB,6,0.4,0,0.4,NA,NA,NA,,
2022-Jul,2022-07-17,Stryker_HIRMD,NA,1,2,SFC,10.02,1.5,3.35,4.85,NA,NA,NA,,
2022-Jul,2022-07-17,Stryker_HIRMD,NA,1,3,SUB,3.35,0.18,0.29,0.47,NA,NA,NA,,
2022-Jul,2022-07-17,Stryker_HIRMD,NA,1,4,SUB,1.29,0.06,0.18,0.24,NA,NA,NA,,
2022-Jul,2022-07-17,Stryker_HIRMD,NA,1,5,SUB,3.01,0.18,0.18,0.36,NA,NA,NA,,
2022-Jul,2022-07-17,Stryker_HIRMD,NA,1,6,SUB,6,0.47,0.14,0.61,NA,NA,NA,,
2022-Jul,2022-07-17,Stryker_HIRMD,NA,1,6,SFC,4.26,0.51,1.48,1.99,NA,NA,NA,,
2022-Jul,2022-07-17,Stryker_HIRMD,NA,2,1,SUB,1.24,0.07,0.07,0.14,NA,NA,NA,,
2022-Jul,2022-07-17,Stryker_HIRMD,NA,2,2,SFC,6,0.31,0,0.31,NA,NA,NA,,
2022-Jul,2022-07-17,Stryker_HIRMD,NA,2,2,SFC,1.83,1.5,1.53,3.03,NA,NA,C,,
2022-Jul,2022-07-17,Stryker_HIRMD,NA,2,3,SUB,2.53,0.22,0.4,0.62,NA,NA,C,,
2022-Jul,2022-07-17,Stryker_HIRMD,NA,2,4,SUB,3.41,0.11,0.09,0.2,NA,NA,NA,,
2022-Jul,2022-07-17,Stryker_HIRMD,NA,2,5,SUB,6,0.43,0.39,0.82,NA,NA,NA,,
2022-Jul,2022-07-17,Stryker_HIRMD,NA,2,6,SUB,5.69,0.41,0.34,0.75,NA,NA,NA,,
2022-Jul,2022-07-17,Stryker_HIRMD,NA,2,7,SUB,6,0.39,0,0.39,NA,NA,NA,,
2022-Jul,2022-07-17,Stryker_HIRMD,NA,2,7,SFC,9.53,1.33,0.82,2.15,NA,NA,NA,,
2022-Jul,2022-07-17,Stryker_HIRMD,NA,2,8,SUB,6,0.34,0,0.34,NA,NA,NA,,
2022-Jul,2022-07-17,Stryker_HIRMD,NA,2,8,SFC,12,1.56,1.58,3.14,NA,NA,NA,,
2022-Jul,2022-07-17,Stryker_HIRMD,NA,2,9,SUB,6,0.36,0,0.36,NA,NA,NA,,
2022-Jul,2022-07-17,Stryker_HIRMD,NA,2,9,SFC,9.92,1.26,0.56,1.82,NA,NA,C,,
2022-Jul,2022-07-17,Stryker_HIRMD,NA,2,10,SUB,6,0.43,0,0.43,NA,NA,NA,,
2022-Jul,2022-07-17,Stryker_HIRMD,NA,2,10,SFC,7.21,1.08,2.32,3.4,NA,NA,NA,,
2022-Jul,2022-07-17,Stryker_HIRMD,NA,2,11,SUB,0.78,0.04,0,0.04,NA,NA,C,,
2022-Jul,2022-07-17,Stryker_HIRMD,NA,2,12,SUB,0.42,0.04,0.01,0.05,NA,NA,NA,,
2022-Jul,2022-07-17,Stryker_HIRMD,NA,2,NA,NA,NA,NA,NA,NA,NA,0.56,NA,extra biomass for plant,
2022-Jul,2022-07-17,Stryker_HIRMD,NA,3,1,SUB,6,0.32,0,0.32,NA,NA,NA,,
2022-Jul,2022-07-17,Stryker_HIRMD,NA,3,1,SFC,7.69,0.61,0,0.61,NA,NA,C,,
2022-Jul,2022-07-17,Stryker_HIRMD,NA,3,2,SUB,6,0.28,0,0.28,NA,NA,NA,,
2022-Jul,2022-07-17,Stryker_HIRMD,NA,3,2,SFC,13.96,1.46,0,1.46,NA,NA,C,,
2022-Jul,2022-07-17,Stryker_HIRMD,NA,3,3,SUB,6,0.41,0,0.41,NA,NA,NA,,
2022-Jul,2022-07-17,Stryker_HIRMD,NA,3,3,SFC,7.05,0.77,0.55,1.32,NA,NA,NA,,
2022-Jul,2022-07-17,Stryker_HIRMD,NA,3,4,SUB,6,0.98,0,0.98,NA,NA,NA,,
2022-Jul,2022-07-17,Stryker_HIRMD,NA,3,4,SFC,12.36,1.71,1.38,3.09,NA,NA,NA,,
2022-Jul,2022-07-17,Stryker_HIRMD,NA,3,5,SUB,6,0.47,0.29,0.76,NA,NA,NA,,
2022-Jul,2022-07-17,Stryker_HIRMD,NA,3,5,SFC,8.66,0.85,1.28,2.13,NA,NA,NA,,
2022-Jul,2022-07-17,Stryker_HIRMD,NA,3,6,SUB,6,0.47,0,0.47,NA,NA,NA,,
2022-Jul,2022-07-17,Stryker_HIRMD,NA,3,6,SFC,11.15,1.77,0.17,1.94,NA,NA,C,,
2022-Jul,2022-07-17,Stryker_HIRMD,NA,3,7,SUB,1.83,0.13,0,0.13,NA,NA,C,,
2022-Jul,2022-07-17,Stryker_HIRMD,NA,3,8,SUB,6,0.32,0.12,0.44,NA,NA,NA,,
2022-Jul,2022-07-17,Stryker_HIRMD,NA,3,8,SFC,2.52,0.3,0.44,0.74,NA,NA,NA,,
2022-Jul,2022-07-17,Stryker_HIRMD,NA,3,9,SUB,6,0.36,0,0.36,NA,NA,NA,,
2022-Jul,2022-07-17,Stryker_HIRMD,NA,3,9,SFC,10.8,1.22,1.35,2.57,NA,NA,NA,,
2022-Jul,2022-07-17,Stryker_HIRMD,NA,3,10,SUB,6,0.32,0,0.32,NA,NA,NA,,
2022-Jul,2022-07-17,Stryker_HIRMD,NA,3,10,SFC,7.19,0.58,0,0.58,NA,NA,C,,
2022-Jul,2022-07-17,Stryker_HIRMD,NA,3,11,SUB,6,0.41,0.03,0.44,NA,NA,NA,,
2022-Jul,2022-07-17,Stryker_HIRMD,NA,3,11,SFC,4.72,0.48,0.48,0.96,NA,NA,C,,
2022-Jul,2022-07-17,Stryker_HIRMD,NA,3,12,SUB,0.38,0.05,0.1,0.15,NA,NA,NA,,
2022-Jul,2022-07-17,Stryker_HIRMD,NA,3,13,SUB,1.62,0.11,0.14,0.25,NA,NA,NA,,
2022-Jul,2022-07-17,Stryker_HIRMD,NA,3,14,SUB,6,0.26,0,0.26,NA,NA,NA,,
2022-Jul,2022-07-17,Stryker_HIRMD,NA,3,14,SFC,9,0.47,0,0.47,NA,NA,C,,
2022-Jul,2022-07-17,Stryker_HIRMD,NA,3,15,SUB,6,0.26,0.15,0.41,NA,NA,NA,,
2022-Jul,2022-07-17,Stryker_HIRMD,NA,3,15,SFC,2.43,0.2,0.38,0.58,NA,NA,NA,,
2022-Jul,2022-07-17,Stryker_HIRMD,NA,3,16,SUB,4.41,0.33,0.19,0.52,NA,NA,C,,
2022-Jul,2022-07-17,Stryker_HIRMD,NA,3,17,SUB,1.86,0.13,0.18,0.31,NA,NA,NA,,
2022-Jul,2022-07-17,Stryker_HIRMD,NA,3,18,SUB,1.7,0.11,0,0.11,NA,NA,NA,,
2022-Jul,2022-07-17,Stryker_HIRMD,NA,3,NA,NA,NA,NA,NA,NA,NA,1.49,NA,extra biomass for plant,
2022-Jul,2022-07-17,Stryker_HIRMD,NA,4,1,SUB,6,0.41,0,0.41,NA,NA,NA,,
2022-Jul,2022-07-17,Stryker_HIRMD,NA,4,1,SFC,14.48,2.33,2.79,5.12,NA,NA,NA,,
2022-Jul,2022-07-17,Stryker_HIRMD,NA,4,2,SUB,6,0.45,0,0.45,NA,NA,NA,,
2022-Jul,2022-07-17,Stryker_HIRMD,NA,4,2,SFC,15.17,2.96,0.66,3.62,NA,NA,C,,
2022-Jul,2022-07-17,Stryker_HIRMD,NA,4,3,SUB,6,0.24,0,0.24,NA,NA,NA,,
2022-Jul,2022-07-17,Stryker_HIRMD,NA,4,3,SFC,6.56,0.53,0.71,1.24,NA,NA,NA,,
2022-Jul,2022-07-17,Stryker_HIRMD,NA,4,4,SUB,6,0.64,0,0.64,NA,NA,NA,,
2022-Jul,2022-07-17,Stryker_HIRMD,NA,4,4,SFC,10.4,4.64,2.51,7.15,NA,NA,NA,,
2022-Jul,2022-07-17,Stryker_HIRMD,NA,4,5,SUB,6,0.67,0.48,1.15,NA,NA,NA,,
2022-Jul,2022-07-17,Stryker_HIRMD,NA,4,5,SFC,1.36,0.13,0.34,0.47,NA,NA,NA,,
2022-Jul,2022-07-17,Stryker_HIRMD,NA,4,6,SUB,6,0.16,0,0.16,NA,NA,NA,,
2022-Jul,2022-07-17,Stryker_HIRMD,NA,4,6,SFC,4.61,0.28,0.17,0.45,NA,NA,NA,,
2022-Jul,2022-07-17,Stryker_HIRMD,NA,4,7,SUB,6,0.338,0,0.338,NA,NA,NA,,
2022-Jul,2022-07-17,Stryker_HIRMD,NA,4,7,SFC,8.01,0.96,0.01,0.97,NA,NA,C,,
2022-Jul,2022-07-17,Stryker_HIRMD,NA,4,8,SUB,4.87,0.53,0.61,1.14,NA,NA,NA,,
2022-Jul,2022-07-17,Stryker_HIRMD,NA,4,9,SUB,2.96,0.96,0.28,1.24,NA,NA,NA,,
2022-Jul,2022-07-17,Stryker_HIRMD,NA,4,10,SUB,4.55,0.31,0,0.31,NA,NA,NA,,
2022-Jul,2022-07-17,Stryker_HIRMD,NA,4,11,SUB,2.41,0.1,0.01,0.11,NA,NA,NA,,
2022-Jul,2022-07-17,Stryker_HIRMD,NA,4,NA,NA,NA,NA,NA,NA,NA,0.85,NA,extra biomass for plant,
2022-Jul,2022-07-17,Stryker_HIRMD,NA,5,1,SUB,6,0.56,0,0.56,NA,NA,NA,,
2022-Jul,2022-07-17,Stryker_HIRMD,NA,5,1,SFC,4.32,0.52,1.15,1.67,NA,NA,NA,,
2022-Jul,2022-07-17,Stryker_HIRMD,NA,5,2,SUB,5.37,0.4,0.49,0.89,NA,NA,NA,,
2022-Jul,2022-07-17,Stryker_HIRMD,NA,5,3,SUB,2.86,0.23,0.25,0.48,NA,NA,NA,,
2022-Jul,2022-07-17,Stryker_HIRMD,NA,5,4,SUB,2.31,0.15,0.01,0.16,NA,NA,NA,,
2022-Jul,2022-07-17,Stryker_HIRMD,NA,5,5,SUB,5.52,0.41,0.43,0.84,NA,NA,NA,,
2022-Jul,2022-07-17,Stryker_HIRMD,NA,5,6,SUB,1.55,0.15,0.22,0.37,NA,NA,NA,,
2022-Jul,2022-07-17,Stryker_HIRMD,NA,5,7,SUB,2.71,0.14,0.26,0.4,NA,NA,NA,,
2022-Jul,2022-07-17,Stryker_HIRMD,NA,5,8,SUB,0.46,0.07,0.09,0.16,NA,NA,NA,,
2022-Jul,2022-07-17,Stryker_HIRMD,NA,5,NA,NA,NA,NA,NA,NA,NA,0.27,NA,extra biomass for plant,
2022-Jul,2022-07-21,Goose_HIRMD,NA,1,1,SUB,4,0.25,0,0.25,NA,NA,NA,clean blades,
2022-Jul,2022-07-21,Goose_HIRMD,NA,1,1,SFC,1.69,0.32,0.34,0.66,NA,NA,NA,clean blades,
2022-Jul,2022-07-21,Goose_HIRMD,NA,1,2,SUB,3.99,0.13,0.31,0.44,NA,NA,NA,clean blades,
2022-Jul,2022-07-21,Goose_HIRMD,NA,1,3,SUB,1.34,0.08,0.03,0.11,NA,NA,NA,clean blades,
2022-Jul,2022-07-21,Goose_HIRMD,NA,1,4,SUB,2.85,0.26,0.26,0.52,NA,NA,NA,clean blades,
2022-Jul,2022-07-21,Goose_HIRMD,NA,1,5,SUB,1.31,0.11,0.14,0.25,NA,NA,NA,clean blades,
2022-Jul,2022-07-21,Goose_HIRMD,NA,2,1,SUB,4,0.3,0,0.3,NA,NA,NA,clean blades,
2022-Jul,2022-07-21,Goose_HIRMD,NA,2,2,SUB,2.56,0.21,0.29,0.5,NA,NA,NA,clean blades,
2022-Jul,2022-07-21,Goose_HIRMD,NA,2,3,SUB,4,0.39,0.2,0.59,NA,NA,NA,clean blades,
2022-Jul,2022-07-21,Goose_HIRMD,NA,2,3,SFC,1.33,0.22,0.61,0.83,NA,NA,NA,clean blades,
2022-Jul,2022-07-21,Goose_HIRMD,NA,2,4,SUB,4,0.36,0.4,0.76,NA,NA,NA,clean blades,
2022-Jul,2022-07-21,Goose_HIRMD,NA,2,4,SFC,6.27,1.17,1.85,3.02,NA,NA,NA,clean blades,
2022-Jul,2022-07-21,Goose_HIRMD,NA,2,5,SUB,4,0.37,0,0.37,NA,NA,NA,clean blades,
2022-Jul,2022-07-21,Goose_HIRMD,NA,2,5,SFC,3.34,0.57,1.45,2.02,NA,NA,NA,clean blades,
2022-Jul,2022-07-21,Goose_HIRMD,NA,3,1,SUB,4,0.33,0,0.33,NA,NA,NA,clean blades,
2022-Jul,2022-07-21,Goose_HIRMD,NA,3,2,SUB,4,0.45,0.14,0.59,NA,NA,NA,clean blades,
2022-Jul,2022-07-21,Goose_HIRMD,NA,3,2,SFC,1.84,0.28,0.8,1.08,NA,NA,NA,clean blades,
2022-Jul,2022-07-21,Goose_HIRMD,NA,3,3,SUB,1.35,0.16,0.2,0.36,NA,NA,NA,clean blades,
2022-Jul,2022-07-21,Goose_HIRMD,NA,3,4,SUB,2.2,0.23,0.27,0.5,NA,NA,NA,clean blades,
2022-Jul,2022-07-21,Goose_HIRMD,NA,3,5,SUB,3.42,0.4,0.34,0.74,NA,NA,NA,clean blades,
2022-Jul,2022-07-21,Goose_HIRMD,NA,3,6,SUB,4,0.58,0,0.58,NA,NA,NA,clean blades,
2022-Jul,2022-07-21,Goose_HIRMD,NA,3,6,SFC,2.24,0.98,1.61,2.59,NA,NA,NA,clean blades,
2022-Jul,2022-07-21,Goose_HIRMD,NA,3,7,SUB,3.14,0.48,0.64,1.12,NA,NA,NA,clean blades,
2022-Jul,2022-07-21,Goose_HIRMD,NA,3,8,SUB,4,0.74,0.41,1.15,NA,NA,NA,clean blades,
2022-Jul,2022-07-21,Goose_HIRMD,NA,3,8,SFC,1.83,0.38,0.94,1.32,NA,NA,NA,clean blades,
2022-Jul,2022-07-21,Goose_HIRMD,NA,3,9,SUB,4,0.33,0,0.33,NA,NA,NA,clean blades,
2022-Jul,2022-07-21,Goose_HIRMD,NA,3,9,SFC,2.31,0.42,0.87,1.29,NA,NA,NA,clean blades,
2022-Jul,2022-07-21,Goose_HIRMD,NA,3,10,SUB,4,0.28,0,0.28,NA,NA,NA,clean blades,
2022-Jul,2022-07-21,Goose_HIRMD,NA,3,10,SFC,7.62,1.37,1.47,2.84,NA,NA,NA,clean blades,
2022-Jul,2022-07-21,Goose_HIRMD,NA,3,11,SUB,4,0.69,0.69,1.38,NA,NA,NA,clean blades,
2022-Jul,2022-07-21,Goose_HIRMD,NA,3,11,SFC,0.37,0.1,0.27,0.37,NA,NA,NA,clean blades,
2022-Jul,2022-07-21,Goose_HIRMD,NA,3,12,SUB,4,0.3,0,0.3,NA,NA,NA,clean blades,
2022-Jul,2022-07-21,Goose_HIRMD,NA,3,12,SFC,9.55,1.58,1.27,2.85,NA,NA,NA,clean blades,
2022-Jul,2022-07-21,Goose_HIRMD,NA,3,13,SUB,4,0.5,0.45,0.95,NA,NA,NA,clean blades,
2022-Jul,2022-07-21,Goose_HIRMD,NA,3,13,SFC,2.27,0.43,0.91,1.34,NA,NA,NA,clean blades,
2022-Jul,2022-07-21,Goose_HIRMD,NA,3,14,SUB,4,0.69,0.25,0.94,NA,NA,NA,clean blades,
2022-Jul,2022-07-21,Goose_HIRMD,NA,3,14,SFC,2.93,0.74,2.07,2.81,NA,NA,NA,clean blades,
2022-Jul,2022-07-21,Goose_HIRMD,NA,3,NA,NA,NA,NA,NA,NA,NA,1.62,NA,extra biomass for plant,
2022-Jul,2022-07-21,Goose_HIRMD,NA,4,1,SUB,4,0.26,0,0.26,NA,NA,NA,clean blades,
2022-Jul,2022-07-21,Goose_HIRMD,NA,4,1,SFC,4.71,0.65,0.93,1.58,NA,NA,NA,clean blades,
2022-Jul,2022-07-21,Goose_HIRMD,NA,4,2,SUB,4,0.25,0,0.25,NA,NA,NA,clean blades,
2022-Jul,2022-07-21,Goose_HIRMD,NA,4,2,SFC,5.72,0.78,0.84,1.62,NA,NA,NA,clean blades,
2022-Jul,2022-07-21,Goose_HIRMD,NA,4,3,SUB,4,0.32,0.01,0.33,NA,NA,NA,clean blades,
2022-Jul,2022-07-21,Goose_HIRMD,NA,4,3,SFC,3.71,0.53,0.93,1.46,NA,NA,NA,clean blades,
2022-Jul,2022-07-21,Goose_HIRMD,NA,4,4,SUB,4,0.19,0,0.19,NA,NA,NA,clean blades,
2022-Jul,2022-07-21,Goose_HIRMD,NA,4,4,SFC,3.79,0.45,0.5,0.95,NA,NA,NA,clean blades,
2022-Jul,2022-07-21,Goose_HIRMD,NA,4,5,SUB,4,0.37,0.27,0.64,NA,NA,NA,clean blades,
2022-Jul,2022-07-21,Goose_HIRMD,NA,4,5,SFC,1.35,0.2,0.36,0.56,NA,NA,NA,clean blades,
2022-Jul,2022-07-21,Goose_HIRMD,NA,4,6,SUB,4,0.33,0.21,0.54,NA,NA,NA,clean blades,
2022-Jul,2022-07-21,Goose_HIRMD,NA,4,6,SFC,0.31,0.09,0.1,0.19,NA,NA,NA,clean blades,
2022-Jul,2022-07-21,Goose_HIRMD,NA,4,7,SUB,1.33,0.14,0.13,0.27,NA,NA,NA,clean blades,
2022-Jul,2022-07-21,McMullins_north_HIRMD,NA,1,1,SUB,1.41,0.08,0.08,0.16,NA,NA,NA,clean blades,
2022-Jul,2022-07-21,McMullins_north_HIRMD,NA,1,2,SUB,6,0.31,0,0.31,NA,NA,NA,clean blades,
2022-Jul,2022-07-21,McMullins_north_HIRMD,NA,1,2,SFC,7.8,1.09,0.65,1.74,NA,NA,C,clean blades,
2022-Jul,2022-07-21,McMullins_north_HIRMD,NA,1,3,SUB,6,0.53,0.02,0.55,NA,NA,NA,clean blades,
2022-Jul,2022-07-21,McMullins_north_HIRMD,NA,1,3,SFC,7.27,1.23,3,4.23,NA,NA,NA,clean blades,
2022-Jul,2022-07-21,McMullins_north_HIRMD,NA,1,4,SUB,6,0.19,0,0.19,NA,NA,NA,clean blades,
2022-Jul,2022-07-21,McMullins_north_HIRMD,NA,1,4,SFC,1.63,0.07,0.13,0.2,NA,NA,NA,clean blades,
2022-Jul,2022-07-21,McMullins_north_HIRMD,NA,1,5,SUB,3.13,0.23,0.05,0.28,NA,NA,NA,clean blades,
2022-Jul,2022-07-21,McMullins_north_HIRMD,NA,1,6,SUB,6,0.15,0,0.15,NA,NA,NA,clean blades,
2022-Jul,2022-07-21,McMullins_north_HIRMD,NA,1,6,SFC,2.45,0.12,0.11,0.23,NA,NA,NA,clean blades,
2022-Jul,2022-07-21,McMullins_north_HIRMD,NA,1,7,SUB,1.84,0.06,0,0.06,NA,NA,NA,clean blades,
2022-Jul,2022-07-21,McMullins_north_HIRMD,NA,1,8,SUB,6,0.45,0.03,0.48,NA,NA,NA,clean blades,
2022-Jul,2022-07-21,McMullins_north_HIRMD,NA,1,8,SFC,5.06,0.67,1.41,2.08,NA,NA,NA,clean blades,
2022-Jul,2022-07-21,McMullins_north_HIRMD,NA,1,9,SUB,6,0.36,0,0.36,NA,NA,NA,clean blades,
2022-Jul,2022-07-21,McMullins_north_HIRMD,NA,1,9,SFC,5.95,0.7,1.12,1.82,NA,NA,NA,clean blades,
2022-Jul,2022-07-21,McMullins_north_HIRMD,NA,1,10,SUB,1.53,0.08,0.16,0.24,NA,NA,NA,clean blades,
2022-Jul,2022-07-21,McMullins_north_HIRMD,NA,1,11,SUB,5.68,0.3,0,0.3,NA,NA,C,clean blades,
2022-Jul,2022-07-21,McMullins_north_HIRMD,NA,1,12,SUB,6,0.34,0,0.34,NA,NA,NA,clean blades,
2022-Jul,2022-07-21,McMullins_north_HIRMD,NA,1,12,SFC,3.82,0.16,0,0.16,NA,NA,C,clean blades,
2022-Jul,2022-07-21,McMullins_north_HIRMD,NA,1,13,SUB,4.1,0.2,0.5,0.7,NA,NA,NA,clean blades,
2022-Jul,2022-07-21,McMullins_north_HIRMD,NA,1,NA,NA,NA,NA,NA,NA,NA,0.17,NA,extra biomass for plant,
2022-Jul,2022-07-21,McMullins_north_HIRMD,NA,2,1,SUB,5.58,0.44,0.69,1.13,NA,NA,NA,clean blades,
2022-Jul,2022-07-21,McMullins_north_HIRMD,NA,2,2,SUB,6,0.25,0,0.25,NA,NA,NA,clean blades,
2022-Jul,2022-07-21,McMullins_north_HIRMD,NA,2,3,SUB,6,0.22,0,0.22,NA,NA,NA,clean blades,
2022-Jul,2022-07-21,McMullins_north_HIRMD,NA,2,3,SFC,7.32,0.89,0.42,1.31,NA,NA,NA,clean blades,
2022-Jul,2022-07-21,McMullins_north_HIRMD,NA,2,2,SUB,5.66,0.28,0.83,1.11,NA,NA,NA,clean blades,
2022-Jul,2022-07-21,McMullins_north_HIRMD,NA,2,4,SUB,2.52,0.12,0,0.12,NA,NA,C,clean blades,
2022-Jul,2022-07-21,McMullins_north_HIRMD,NA,2,5,SUB,3.52,0.17,0,0.17,NA,NA,C,clean blades,
2022-Jul,2022-07-21,McMullins_north_HIRMD,NA,2,6,SUB,4.12,0.4,0.01,0.41,NA,NA,C,clean blades,
2022-Jul,2022-07-21,McMullins_north_HIRMD,NA,2,7,SUB,3.48,0.15,0,0.15,NA,NA,NA,clean blades,
2022-Jul,2022-07-21,McMullins_north_HIRMD,NA,2,8,SUB,5.44,0.27,0,0.27,NA,NA,NA,clean blades,
2022-Jul,2022-07-21,McMullins_north_HIRMD,NA,2,9,SUB,4.74,0.46,0.56,1.02,NA,NA,NA,clean blades,
2022-Jul,2022-07-21,McMullins_north_HIRMD,NA,2,10,SUB,6,0.24,0,0.24,NA,NA,NA,clean blades,
2022-Jul,2022-07-21,McMullins_north_HIRMD,NA,2,10,SFC,1.72,0.18,0.01,0.19,NA,NA,C,clean blades,
2022-Jul,2022-07-21,McMullins_north_HIRMD,NA,2,11,SUB,6,0.22,0,0.22,NA,NA,NA,clean blades,
2022-Jul,2022-07-21,McMullins_north_HIRMD,NA,2,11,SFC,2.85,0.18,0,0.18,NA,NA,NA,clean blades,
2022-Jul,2022-07-21,McMullins_north_HIRMD,NA,2,12,SUB,2.84,0.23,0.23,0.46,NA,NA,NA,clean blades,
2022-Jul,2022-07-21,McMullins_north_HIRMD,NA,2,13,SUB,1.87,0.12,0.19,0.31,NA,NA,NA,clean blades,
2022-Jul,2022-07-21,McMullins_north_HIRMD,NA,2,13,SFC,1.72,0.4,0,0.4,NA,NA,C,clean blades,
2022-Jul,2022-07-21,McMullins_north_HIRMD,NA,2,14,SUB,6,0.27,0.01,0.28,NA,NA,NA,clean blades,
2022-Jul,2022-07-21,McMullins_north_HIRMD,NA,2,14,SFC,2.41,0.29,0.42,0.71,NA,NA,NA,clean blades,
2022-Jul,2022-07-21,McMullins_north_HIRMD,NA,3,1,SUB,6,0.48,0,0.48,NA,NA,NA,clean blades,
2022-Jul,2022-07-21,McMullins_north_HIRMD,NA,3,1,SFC,0.66,0.06,0,0.06,NA,NA,C,clean blades,
2022-Jul,2022-07-21,McMullins_north_HIRMD,NA,3,2,SUB,1.6,0.08,0,0.08,NA,NA,C,clean blades,
2022-Jul,2022-07-21,McMullins_north_HIRMD,NA,3,3,SUB,1.73,0.08,0.12,0.2,NA,NA,NA,clean blades,
2022-Jul,2022-07-21,McMullins_north_HIRMD,NA,3,4,SUB,6,0.63,0.28,0.91,NA,NA,NA,clean blades,
2022-Jul,2022-07-21,McMullins_north_HIRMD,NA,3,4,SFC,2.05,0.22,0.72,0.94,NA,NA,NA,clean blades,
2022-Jul,2022-07-21,McMullins_north_HIRMD,NA,3,5,SUB,1.52,0.1,0,0.1,NA,NA,NA,clean blades,
2022-Jul,2022-07-21,McMullins_north_HIRMD,NA,3,6,SUB,6,0.59,0.36,0.95,NA,NA,NA,clean blades,
2022-Jul,2022-07-21,McMullins_north_HIRMD,NA,3,6,SFC,1.73,0.18,0.52,0.7,NA,NA,NA,clean blades,
2022-Jul,2022-07-21,McMullins_north_HIRMD,NA,3,7,SUB,6,0.65,0.1,0.75,NA,NA,NA,clean blades,
2022-Jul,2022-07-21,McMullins_north_HIRMD,NA,3,7,SFC,6.15,0.86,1.77,2.63,NA,NA,NA,clean blades,
2022-Jul,2022-07-21,McMullins_north_HIRMD,NA,3,8,SUB,2.33,0.14,0.17,0.31,NA,NA,NA,clean blades,
2022-Jul,2022-07-21,McMullins_north_HIRMD,NA,3,9,SUB,6,0.51,0,0.51,NA,NA,NA,clean blades,
2022-Jul,2022-07-21,McMullins_north_HIRMD,NA,3,9,SFC,11.45,2.2,0.3,2.5,NA,NA,C,clean blades,
2022-Jul,2022-07-21,McMullins_north_HIRMD,NA,3,10,SUB,6,0.6,0.26,0.86,NA,NA,NA,clean blades,
2022-Jul,2022-07-21,McMullins_north_HIRMD,NA,3,10,SFC,1.92,0.22,0.67,0.89,NA,NA,NA,clean blades,
2022-Jul,2022-07-21,McMullins_north_HIRMD,NA,3,NA,NA,NA,NA,NA,NA,NA,0.42,NA,extra biomass for plant,
2022-Jul,2022-07-21,McMullins_north_HIRMD,NA,4,1,SUB,6,0.51,0.05,0.56,NA,NA,NA,clean blades,
2022-Jul,2022-07-21,McMullins_north_HIRMD,NA,4,1,SFC,2.52,0.29,0.51,0.8,NA,NA,NA,clean blades,
2022-Jul,2022-07-21,McMullins_north_HIRMD,NA,4,2,SUB,6,0.38,0,0.38,NA,NA,NA,clean blades,
2022-Jul,2022-07-21,McMullins_north_HIRMD,NA,4,2,SFC,11.34,1.65,1.26,2.91,NA,NA,NA,clean blades,
2022-Jul,2022-07-21,McMullins_north_HIRMD,NA,4,3,SUB,0.55,0.01,0.01,0.02,NA,NA,NA,clean blades,
2022-Jul,2022-07-21,McMullins_north_HIRMD,NA,4,4,SUB,2.78,0.22,0.2,0.42,NA,NA,NA,clean blades,
2022-Jul,2022-07-21,McMullins_north_HIRMD,NA,4,5,SUB,1.05,0.6,0.5,1.1,NA,NA,NA,clean blades,
2022-Jul,2022-07-21,McMullins_north_HIRMD,NA,4,6,SUB,6,0.47,0,0.47,NA,NA,NA,clean blades,
2022-Jul,2022-07-21,McMullins_north_HIRMD,NA,4,6,SFC,10.9,1.65,1.18,2.83,NA,NA,NA,clean blades,
2022-Jul,2022-07-21,McMullins_north_HIRMD,NA,4,7,SUB,1.34,0.1,0.19,0.29,NA,NA,NA,clean blades,
2022-Jul,2022-07-21,McMullins_north_HIRMD,NA,4,8,SUB,1.57,0.94,0.77,1.71,NA,NA,NA,clean blades,
2022-Jul,2022-07-21,McMullins_north_HIRMD,NA,4,9,SUB,6,0.48,0,0.48,NA,NA,NA,clean blades,
2022-Jul,2022-07-21,McMullins_north_HIRMD,NA,4,9,SFC,6.79,0.77,0.6,1.37,NA,NA,NA,clean blades,
2022-Jul,2022-07-21,McMullins_north_HIRMD,NA,4,10,SUB,3.17,0.26,0.12,0.38,NA,NA,NA,clean blades,
2022-Jul,2022-07-21,McMullins_north_HIRMD,NA,4,11,SUB,1.5,0.09,0.12,0.21,NA,NA,NA,clean blades,
2022-Jul,2022-07-21,McMullins_north_HIRMD,NA,4,12,SUB,0.92,0.05,0,0.05,NA,NA,NA,clean blades,
2022-Jul,2022-07-21,McMullins_north_HIRMD,NA,4,13,SUB,6,0.43,0,0.43,NA,NA,C,clean blades,
2022-Jul,2022-07-21,McMullins_north_HIRMD,NA,4,14,SUB,1.58,0.13,0.08,0.21,NA,NA,NA,clean blades,
2022-Jul,2022-07-21,McMullins_north_HIRMD,NA,4,15,SUB,6,0.69,0.15,0.84,NA,NA,NA,clean blades,
2022-Jul,2022-07-21,McMullins_north_HIRMD,NA,4,15,SFC,3.04,0.4,0.76,1.16,NA,NA,NA,clean blades,
2022-Jul,2022-07-21,McMullins_north_HIRMD,NA,NA,NA,NA,NA,NA,NA,NA,NA,1.98,NA,extra biomass for the entire site,
2023-Jul,2023-07-17,Golden,NA,1,1,SUB,4,0.23,0,0.23,NA,NA,NA,,
2023-Jul,2023-07-17,Golden,NA,1,1,SFC,7.5,0.51,0.04,0.55,NA,NA,NA,,
2023-Jul,2023-07-17,Golden,NA,1,2,SUB,3.9,0.19,0,0.19,NA,NA,C,,
2023-Jul,2023-07-17,Golden,NA,1,3,SUB,4,0.2,0,0.2,NA,NA,NA,,
2023-Jul,2023-07-17,Golden,NA,1,3,SFC,6.3,0.52,0.02,0.54,NA,NA,NA,,
2023-Jul,2023-07-17,Golden,NA,1,4,SUB,2.21,0.09,0.06,0.15,NA,NA,NA,,
2023-Jul,2023-07-17,Golden,NA,1,5,SUB,4,0.34,0.19,0.53,NA,NA,NA,,
2023-Jul,2023-07-17,Golden,NA,1,5,SFC,2.7,0.3,0.8,1.1,NA,NA,NA,,
2023-Jul,2023-07-17,Golden,NA,1,6,SUB,4,0.62,0.32,0.94,NA,NA,NA,,
2023-Jul,2023-07-17,Golden,NA,1,6,SFC,5.77,0.21,0,0.21,NA,NA,NA,,
2023-Jul,2023-07-17,Golden,NA,1,7,SUB,4,0.26,0.23,0.49,NA,NA,NA,,
2023-Jul,2023-07-17,Golden,NA,1,7,SFC,0.75,0.18,0.08,0.26,NA,NA,NA,,
2023-Jul,2023-07-17,Golden,NA,3,NA,NA,NA,NA,NA,NA,NA,3.83,NA,extra biomass for plant,
2023-Jul,2023-07-17,Golden,NA,2,1,SUB,3.55,0.21,0.45,0.66,NA,NA,NA,,
2023-Jul,2023-07-17,Golden,NA,2,2,SUB,4,0.26,0.22,0.48,NA,NA,NA,,
2023-Jul,2023-07-17,Golden,NA,2,2,SFC,2.13,0.2,0.5,0.7,NA,NA,NA,,
2023-Jul,2023-07-17,Golden,NA,2,3,SUB,4,0.37,0.36,0.73,NA,NA,NA,,
2023-Jul,2023-07-17,Golden,NA,2,3,SFC,3.83,0.36,0.86,1.22,NA,NA,NA,,
2023-Jul,2023-07-17,Golden,NA,2,4,SUB,4,0.14,0.14,0.28,NA,NA,NA,,
2023-Jul,2023-07-17,Golden,NA,2,4,SFC,0.75,0.04,0.11,0.15,NA,NA,NA,,
2023-Jul,2023-07-17,Golden,NA,2,5,SUB,2.83,0.16,0.36,0.52,NA,NA,NA,,
2023-Jul,2023-07-17,Golden,NA,3,1,SUB,4,0.29,0.27,0.56,NA,NA,NA,,
2023-Jul,2023-07-17,Golden,NA,3,1,SFC,1.52,0.15,0.29,0.44,NA,NA,NA,,
2023-Jul,2023-07-17,Golden,NA,3,2,SUB,4,0.31,0.28,0.59,NA,NA,NA,,
2023-Jul,2023-07-17,Golden,NA,3,2,SFC,2.44,0.17,0.48,0.65,NA,NA,NA,,
2023-Jul,2023-07-17,Golden,NA,3,3,SUB,4,0.17,0,0.17,NA,NA,NA,,
2023-Jul,2023-07-17,Golden,NA,3,3,SFC,5.74,0.31,0.61,0.92,NA,NA,NA,,
2023-Jul,2023-07-17,Golden,NA,3,4,SUB,4,0.24,0.02,0.26,NA,NA,NA,,
2023-Jul,2023-07-17,Golden,NA,3,4,SFC,5.8,0.48,0.52,1,NA,NA,NA,,
2023-Jul,2023-07-17,Golden,NA,3,5,SUB,4,0.3,0.04,0.34,NA,NA,NA,,
2023-Jul,2023-07-17,Golden,NA,3,5,SFC,8.22,0.95,1.84,2.79,NA,NA,NA,,
2023-Jul,2023-07-17,Golden,NA,3,6,SUB,4,0.15,0,0.15,NA,NA,NA,,
2023-Jul,2023-07-17,Golden,NA,3,6,SFC,5.71,0.48,1.09,1.57,NA,NA,C,,
2023-Jul,2023-07-17,Golden,NA,3,7,SUB,4,0.21,0.02,0.23,NA,NA,NA,,
2023-Jul,2023-07-17,Golden,NA,3,7,SFC,6.08,0.57,0.46,1.03,NA,NA,NA,,
2023-Jul,2023-07-17,Golden,NA,3,8,SUB,4,0.2,0,0.2,NA,NA,NA,,
2023-Jul,2023-07-17,Golden,NA,3,8,SFC,2.24,0.17,0.02,0.19,NA,NA,C,,
2023-Jul,2023-07-17,Golden,NA,3,9,SUB,4.3,0.29,0.04,0.33,NA,NA,C,,
2023-Jul,2023-07-17,Golden,NA,3,10,SUB,4.34,0.25,0.49,0.74,NA,NA,NA,,
2023-Jul,2023-07-17,Golden,NA,3,11,SUB,2.64,0.09,0.19,0.28,NA,NA,NA,,
2023-Jul,2023-07-17,Golden,NA,3,12,SUB,2.76,0.12,0.68,0.8,NA,NA,NA,,
2023-Jul,2023-07-17,Golden,NA,3,13,SUB,1.5,0.14,0,0.14,NA,NA,NA,,
2023-Jul,2023-07-17,Golden,NA,4,1,SUB,4,0.15,0,0.15,NA,NA,NA,,
2023-Jul,2023-07-17,Golden,NA,4,1,SFC,1.24,0.02,0,0.02,NA,NA,NA,,
2023-Jul,2023-07-17,Golden,NA,4,2,SUB,4,0.33,0.7,1.03,NA,NA,NA,,
2023-Jul,2023-07-17,Golden,NA,4,2,SFC,0.36,0.01,0.04,0.05,NA,NA,NA,,
2023-Jul,2023-07-17,Golden,NA,4,3,SUB,4,0.21,0.08,0.29,NA,NA,NA,,
2023-Jul,2023-07-17,Golden,NA,4,3,SFC,3.77,0.34,0.39,0.73,NA,NA,NA,,
2023-Jul,2023-07-17,Golden,NA,4,4,SUB,4,0.3,0,0.3,NA,NA,NA,,
2023-Jul,2023-07-17,Golden,NA,4,4,SFC,5.34,0.49,0.14,0.63,NA,NA,NA,,
2023-Jul,2023-07-17,Golden,NA,4,5,SUB,4,0.31,0.01,0.32,NA,NA,NA,,
2023-Jul,2023-07-17,Golden,NA,4,5,SFC,5.81,0.67,1,1.67,NA,NA,NA,,
2023-Jul,2023-07-17,Golden,NA,4,6,SUB,4,0.25,0,0.25,NA,NA,NA,,
2023-Jul,2023-07-17,Golden,NA,4,6,SFC,9.47,0.97,0,0.97,NA,NA,NA,,
2023-Jul,2023-07-17,Golden,NA,4,7,SUB,2.58,0.19,0.02,0.21,NA,NA,C,,
2023-Jul,2023-07-17,Golden,NA,4,8,SUB,4,0.2,0,0.2,NA,NA,NA,,
2023-Jul,2023-07-17,Golden,NA,4,8,SFC,3.61,0.28,0,0.28,NA,NA,C,,
2023-Jul,2023-07-17,Golden,NA,5,1,SUB,4.3,0.48,0.08,0.56,NA,NA,NA,,
2023-Jul,2023-07-17,Golden,NA,5,2,SUB,4,0.41,0.02,0.43,NA,NA,NA,,
2023-Jul,2023-07-17,Golden,NA,5,2,SFC,5.31,0.61,1.34,1.95,NA,NA,NA,,
2023-Jul,2023-07-17,Golden,NA,5,3,SUB,4,0.38,0.25,0.63,NA,NA,NA,,
2023-Jul,2023-07-17,Golden,NA,5,3,SFC,1.98,0.2,0.83,1.03,NA,NA,NA,,
2023-Jul,2023-07-17,Golden,NA,5,4,SUB,4,0.28,0,0.28,NA,NA,NA,,
2023-Jul,2023-07-17,Golden,NA,5,4,SFC,12,1.73,2.3,4.03,NA,NA,NA,,
2023-Jul,2023-07-17,Golden,NA,5,5,SUB,4,0.4,0,0.4,NA,NA,NA,,
2023-Jul,2023-07-17,Golden,NA,5,5,SFC,8.78,1.12,1.8,2.92,NA,NA,NA,,
2023-Jul,2023-07-17,Golden,NA,5,6,SUB,4,0.33,0.23,0.56,NA,NA,NA,,
2023-Jul,2023-07-17,Golden,NA,5,6,SFC,1.78,0.13,0.45,0.58,NA,NA,NA,,
2023-Jul,2023-07-17,Golden,NA,5,6,SFC,1.78,0.13,0.45,0.58,NA,NA,NA,,
2023-Jul,2023-07-17,Golden,NA,5,7,SUB,4,0.62,0.28,0.9,NA,NA,NA,,
2023-Jul,2023-07-17,Golden,NA,5,7,SFC,1.38,0.25,0.16,0.41,NA,NA,C,,
2023-Jul,2023-07-17,Golden,NA,5,8,SUB,4,0.46,0.31,0.77,NA,NA,NA,,
2023-Jul,2023-07-17,Golden,NA,5,8,SFC,2.26,0.27,1.29,1.56,NA,NA,NA,,
2023-Jul,2023-07-17,Golden,NA,5,9,SUB,4,0.41,0.41,0.82,NA,NA,NA,,
2023-Jul,2023-07-17,Golden,NA,5,9,SFC,3.14,0.37,1.19,1.56,NA,NA,NA,,
2023-Jul,2023-07-17,Golden,NA,5,10,SUB,4,0.69,0.02,0.71,NA,NA,NA,,
2023-Jul,2023-07-17,Golden,NA,5,10,SFC,4.62,0.69,1.05,1.74,NA,NA,C,,
2023-Jul,2023-07-17,Golden,NA,5,11,SUB,4,0.4,0.22,0.62,NA,NA,NA,,
2023-Jul,2023-07-17,Golden,NA,5,11,SFC,3.36,0.44,1.7,2.14,NA,NA,NA,,
2023-Jul,2023-07-17,Golden,NA,5,12,SUB,3.76,0.33,0.73,1.06,NA,NA,NA,,
2023-Jul,2023-07-17,Golden,NA,5,13,SUB,4,0.48,0.04,0.52,NA,NA,NA,,
2023-Jul,2023-07-17,Golden,NA,5,13,SFC,5.77,0.74,1.69,2.43,NA,NA,C,,
2023-Jul,2023-07-17,Golden,NA,5,14,SUB,4,0.42,0,0.42,NA,NA,NA,,
2023-Jul,2023-07-17,Golden,NA,5,14,SFC,4.06,0.48,2.23,2.71,NA,NA,NA,,
2023-Jul,2023-07-17,Golden,NA,5,15,SUB,4,0.43,0.23,0.66,NA,NA,NA,,
2023-Jul,2023-07-17,Golden,NA,5,15,SFC,3.31,0.38,0.175,0.555,NA,NA,NA,,
2023-Jul,2023-07-17,Golden,NA,5,16,SUB,4,0.23,0,0.23,NA,NA,NA,,
2023-Jul,2023-07-17,Golden,NA,5,16,SFC,11.49,1.59,0.7,2.29,NA,NA,NA,,
2023-Jul,2023-07-17,Golden,NA,5,17,SUB,4,0.15,0,0.15,NA,NA,NA,,
2023-Jul,2023-07-17,Golden,NA,5,17,SFC,10.05,0.99,0.2,1.19,NA,NA,C,,
2023-Jul,2023-07-17,Golden,NA,5,18,SUB,4,0.17,0,0.17,NA,NA,NA,,
2023-Jul,2023-07-17,Golden,NA,5,18,SFC,11.52,1.22,0.22,1.44,NA,NA,C,,
2023-Jul,2023-07-17,Golden,NA,5,19,SUB,4,0.45,0.29,0.74,NA,NA,NA,,
2023-Jul,2023-07-17,Golden,NA,5,19,SFC,2.43,0.5,1.31,1.81,NA,NA,NA,,
2023-Jul,2023-07-17,Golden,NA,5,20,SUB,4,0.47,0.04,0.51,NA,NA,NA,,
2023-Jul,2023-07-17,Golden,NA,5,20,SFC,9.78,2.22,1.38,3.6,NA,NA,NA,,
2023-Jul,2023-07-17,Golden,NA,5,21,SUB,4,0.34,0,0.34,NA,NA,NA,,
2023-Jul,2023-07-17,Golden,NA,5,21,SFC,12.2,1.61,0.88,2.49,NA,NA,NA,,
2023-Jul,2023-07-17,Golden,NA,5,22,SUB,3.59,0.55,0.6,1.15,NA,NA,NA,,
2023-Jul,2023-07-17,Golden,NA,5,23,SUB,4.42,0.37,0.44,0.81,NA,NA,NA,,
2023-Jul,2023-07-17,Golden,NA,5,24,SUB,4,0.52,0.44,0.96,NA,NA,NA,,
2023-Jul,2023-07-17,Golden,NA,5,24,SFC,3.28,0.42,1.54,1.96,NA,NA,NA,,
2023-Jul,2023-07-17,Golden,NA,5,25,SUB,2.54,0.49,0.47,0.96,NA,NA,C,,
2023-Jul,2023-07-17,Golden,NA,5,26,SUB,4,0.2,0.06,0.26,NA,NA,NA,,
2023-Jul,2023-07-17,Golden,NA,5,26,SFC,0.7,0.04,0.31,0.35,NA,NA,C,,
2023-Jul,2023-07-17,Golden,NA,5,27,SUB,4,0.46,0.45,0.91,NA,NA,NA,,
2023-Jul,2023-07-17,Golden,NA,5,27,SFC,1.2,0.19,0.64,0.83,NA,NA,NA,,
2023-Jul,2023-07-17,Golden,NA,5,28,SUB,2.17,0.16,0.17,0.33,NA,NA,NA,,
2023-Jul,2023-07-17,Golden,NA,5,29,SUB,2,0.17,0.34,0.51,NA,NA,NA,,
2023-Jul,2023-07-17,Golden,NA,5,30,SUB,2.04,0.13,0.27,0.4,NA,NA,NA,,
2023-Jul,2023-07-17,Golden,NA,6,1,SUB,3.7,0.14,0.49,0.63,NA,NA,NA,,
2023-Jul,2023-07-17,Golden,NA,6,2,SUB,4,0.36,0.19,0.55,NA,NA,NA,,
2023-Jul,2023-07-17,Golden,NA,6,2,SFC,3.36,0.34,0.96,1.3,NA,NA,NA,,
2023-Jul,2023-07-17,Golden,NA,6,3,SUB,2.3,0.18,0.14,0.32,NA,NA,C,,
2023-Jul,2023-07-17,Golden,NA,6,4,SUB,4,0.37,0.48,0.85,NA,NA,NA,,
2023-Jul,2023-07-17,Golden,NA,6,5,SUB,2.1,0.13,0.22,0.35,NA,NA,NA,,
2023-Jul,2023-07-17,Golden,NA,6,5,SFC,2.3,0.25,0.98,1.23,NA,NA,NA,,
2023-Jul,2023-07-17,Golden,NA,6,6,SUB,4,0.35,0.07,0.42,NA,NA,NA,,
2023-Jul,2023-07-17,Golden,NA,6,6,SFC,2.86,0.19,0.49,0.68,NA,NA,NA,,
2023-Jul,2023-07-17,Golden,NA,6,7,SUB,4,0.27,0.62,0.89,NA,NA,NA,,
2023-Jul,2023-07-17,Golden,NA,6,7,SFC,0.77,0.03,0.37,0.4,NA,NA,NA,,
2023-Jul,2023-07-17,Golden,NA,6,8,SUB,2.36,0.14,0.17,0.31,NA,NA,NA,,
2023-Jul,2023-07-17,Golden,NA,6,9,SUB,4,0.37,0.53,0.9,NA,NA,NA,,
2023-Jul,2023-07-17,Golden,NA,6,9,SFC,2.83,0.33,1.33,1.66,NA,NA,NA,,
2023-Jul,2023-07-17,Golden,NA,6,10,SUB,2.78,0.19,0.14,0.33,NA,NA,C,,
2023-Jul,2023-07-17,Golden,NA,6,NA,NA,NA,NA,NA,NA,NA,1.37,NA,extra biomass for plant,
2023-Jul,2023-07-17,Golden,NA,NA,NA,NA,NA,NA,NA,NA,NA,5.46,NA,extra biomass for the entire site,
2023-Jul,2023-07-17,Golden,NA,5,NA,NA,NA,NA,NA,NA,NA,7.92,NA,extra biomass for plant,
2023-Jul,2023-07-23,McMullins_north_HIRMD,NA,1,1,SUB,4.7,0.4,0,0.4,NA,NA,NA,,
2023-Jul,2023-07-23,McMullins_north_HIRMD,NA,1,2,SUB,5,0.36,0.06,0.42,NA,NA,NA,,
2023-Jul,2023-07-23,McMullins_north_HIRMD,NA,1,2,SFC,7.5,0.95,0.28,1.23,NA,NA,T,terminal end,
2023-Jul,2023-07-23,McMullins_north_HIRMD,NA,1,3,SUB,5,0.47,1.09,1.56,NA,NA,NA,,
2023-Jul,2023-07-23,McMullins_north_HIRMD,NA,1,3,SFC,2.31,0.29,0.85,1.14,NA,NA,NA,,
2023-Jul,2023-07-23,McMullins_north_HIRMD,NA,1,4,SUB,3.65,0.29,0,0.29,NA,NA,NA,,
2023-Jul,2023-07-23,McMullins_north_HIRMD,NA,1,5,SUB,5,0.28,0.68,0.96,NA,NA,NA,,
2023-Jul,2023-07-23,McMullins_north_HIRMD,NA,1,5,SFC,4.1,0.48,0.24,0.72,NA,NA,NA,,
2023-Jul,2023-07-23,McMullins_north_HIRMD,NA,1,6,SUB,5,0.58,2,2.58,NA,NA,NA,,
2023-Jul,2023-07-23,McMullins_north_HIRMD,NA,1,6,SFC,4.31,0.66,0.47,1.13,NA,NA,NA,,
2023-Jul,2023-07-23,McMullins_north_HIRMD,NA,1,7,SUB,2.6,0.19,0,0.19,NA,NA,NA,,
2023-Jul,2023-07-23,McMullins_north_HIRMD,NA,1,8,SUB,5,0.51,0.89,1.4,NA,NA,NA,,
2023-Jul,2023-07-23,McMullins_north_HIRMD,NA,1,8,SFC,5.7,0.89,0,0.89,NA,NA,NA,,
2023-Jul,2023-07-23,McMullins_north_HIRMD,NA,1,9,SUB,5,0.28,0.14,0.42,NA,NA,NA,,
2023-Jul,2023-07-23,McMullins_north_HIRMD,NA,1,9,SFC,5.2,0.54,0.18,0.72,NA,NA,NA,,
2023-Jul,2023-07-23,McMullins_north_HIRMD,NA,2,1,SUB,5,0.3,0.92,1.22,NA,NA,NA,,
2023-Jul,2023-07-23,McMullins_north_HIRMD,NA,2,1,SFC,2.87,0.37,0,0.37,NA,NA,NA,,
2023-Jul,2023-07-23,McMullins_north_HIRMD,NA,2,2,SUB,5,0.24,1.06,1.3,NA,NA,NA,,
2023-Jul,2023-07-23,McMullins_north_HIRMD,NA,2,2,SFC,3.9,0.49,0.42,0.91,NA,NA,NA,,
2023-Jul,2023-07-23,McMullins_north_HIRMD,NA,2,3,SUB,3.89,0.17,0.32,0.49,NA,NA,NA,,
2023-Jul,2023-07-23,McMullins_north_HIRMD,NA,2,4,SUB,4.6,0.31,0,0.31,NA,NA,NA,,
2023-Jul,2023-07-23,McMullins_north_HIRMD,NA,2,5,SUB,5,0.23,0.12,0.35,NA,NA,NA,,
2023-Jul,2023-07-23,McMullins_north_HIRMD,NA,2,5,SFC,0.65,0.4,0,0.4,NA,NA,NA,,
2023-Jul,2023-07-23,McMullins_north_HIRMD,NA,2,6,SUB,5,0.35,1.34,1.69,NA,NA,NA,,
2023-Jul,2023-07-23,McMullins_north_HIRMD,NA,2,6,SFC,5.18,0.7,0.32,1.02,NA,NA,NA,,
2023-Jul,2023-07-23,McMullins_north_HIRMD,NA,2,7,SUB,5,0.3,0.39,0.69,NA,NA,NA,,
2023-Jul,2023-07-23,McMullins_north_HIRMD,NA,2,7,SFC,1,0.16,0.38,0.54,NA,NA,NA,,
2023-Jul,2023-07-23,McMullins_north_HIRMD,NA,3,1,SUB,5,0.73,0.81,1.54,NA,NA,NA,,
2023-Jul,2023-07-23,McMullins_north_HIRMD,NA,3,1,SFC,1.3,0.33,0,0.33,NA,NA,NA,,
2023-Jul,2023-07-23,McMullins_north_HIRMD,NA,3,2,SUB,5,0.73,0,0.73,NA,NA,NA,,
2023-Jul,2023-07-23,McMullins_north_HIRMD,NA,3,2,SFC,4.4,1.02,0.26,1.28,NA,NA,C,,
2023-Jul,2023-07-23,McMullins_north_HIRMD,NA,3,3,SUB,5,0.84,1.5,2.34,NA,NA,NA,,
2023-Jul,2023-07-23,McMullins_north_HIRMD,NA,3,3,SFC,3.8,0.64,0.77,1.41,NA,NA,NA,,
2023-Jul,2023-07-23,McMullins_north_HIRMD,NA,3,4,SUB,5,0.97,1.99,2.96,NA,NA,NA,,
2023-Jul,2023-07-23,McMullins_north_HIRMD,NA,3,4,SFC,2.92,0.62,0,0.62,NA,NA,NA,,
2023-Jul,2023-07-23,McMullins_north_HIRMD,NA,3,5,SUB,5,0.89,1.8,2.69,NA,NA,NA,,
2023-Jul,2023-07-23,McMullins_north_HIRMD,NA,3,5,SFC,5.8,1.34,1.18,2.52,NA,NA,NA,,
2023-Jul,2023-07-23,McMullins_north_HIRMD,NA,3,6,SUB,5,0.94,0.26,1.2,NA,NA,NA,,
2023-Jul,2023-07-23,McMullins_north_HIRMD,NA,3,6,SFC,0.52,0.06,0.44,0.5,NA,NA,NA,,
2023-Jul,2023-07-23,McMullins_north_HIRMD,NA,3,7,SUB,5,0.8,1.28,2.08,NA,NA,NA,,
2023-Jul,2023-07-23,McMullins_north_HIRMD,NA,3,7,SFC,2.18,0.35,0,0.35,NA,NA,NA,,
2023-Jul,2023-07-23,McMullins_north_HIRMD,NA,3,8,SUB,5,0.55,0.48,1.03,NA,NA,NA,,
2023-Jul,2023-07-23,McMullins_north_HIRMD,NA,3,8,SFC,7.25,1.41,0,1.41,NA,NA,NA,,
2023-Jul,2023-07-23,McMullins_north_HIRMD,NA,3,9,SUB,5,0.38,0.26,0.64,NA,NA,NA,,
2023-Jul,2023-07-23,McMullins_north_HIRMD,NA,3,9,SFC,9.1,1.33,0,1.33,NA,NA,NA,,
2023-Jul,2023-07-23,McMullins_north_HIRMD,NA,3,10,SUB,5,0.76,0.36,1.12,NA,NA,NA,,
2023-Jul,2023-07-23,McMullins_north_HIRMD,NA,3,10,SFC,3.03,0.63,0.12,0.75,NA,NA,C,,
2023-Jul,2023-07-23,McMullins_north_HIRMD,NA,3,11,SUB,5,0.89,2.68,3.57,NA,NA,NA,,
2023-Jul,2023-07-23,McMullins_north_HIRMD,NA,3,11,SFC,5.76,1.41,0.27,1.68,NA,NA,NA,,
2023-Jul,2023-07-23,McMullins_north_HIRMD,NA,3,12,SUB,5,0.98,1.44,2.42,NA,NA,NA,,
2023-Jul,2023-07-23,McMullins_north_HIRMD,NA,3,12,SFC,3.54,0.87,0,0.87,NA,NA,C,,
2023-Jul,2023-07-23,McMullins_north_HIRMD,NA,3,13,SUB,5,0.91,2.98,3.89,NA,NA,NA,,
2023-Jul,2023-07-23,McMullins_north_HIRMD,NA,3,13,SFC,5.9,1.31,0,1.31,NA,NA,NA,,
2023-Jul,2023-07-23,McMullins_north_HIRMD,NA,3,14,SUB,5.34,0.8,0.29,1.09,NA,NA,C,,
2023-Jul,2023-07-23,McMullins_north_HIRMD,NA,3,15,SUB,5,0.83,1.61,2.44,NA,NA,NA,,
2023-Jul,2023-07-23,McMullins_north_HIRMD,NA,3,15,SFC,3.1,0.55,0,0.55,NA,NA,NA,,
2023-Jul,2023-07-23,McMullins_north_HIRMD,NA,3,16,SUB,4.6,0.21,0,0.21,NA,NA,C,,
2023-Jul,2023-07-23,McMullins_north_HIRMD,NA,3,17,SUB,3.19,0.34,0.2,0.54,NA,NA,C,,
2023-Jul,2023-07-23,McMullins_north_HIRMD,NA,4,1,SUB,1.5,0.18,0,0.18,NA,NA,NA,,
2023-Jul,2023-07-23,McMullins_north_HIRMD,NA,4,2,SUB,3.7,0.18,0.75,0.93,NA,NA,NA,,
2023-Jul,2023-07-23,McMullins_north_HIRMD,NA,4,3,SUB,4.46,0.65,0,0.65,NA,NA,NA,,
2023-Jul,2023-07-23,McMullins_north_HIRMD,NA,4,4,SUB,3.28,0.15,0.3,0.45,NA,NA,C,,
2023-Jul,2023-07-23,McMullins_north_HIRMD,NA,4,5,SUB,3.23,0.31,0,0.31,NA,NA,NA,,
2023-Jul,2023-07-23,McMullins_north_HIRMD,NA,4,6,SUB,4.95,0.35,3.92,4.27,NA,NA,NA,,
2023-Jul,2023-07-23,McMullins_north_HIRMD,NA,3,NA,NA,NA,NA,NA,NA,NA,0.3,NA,extra biomass for plant,
2023-Jul,2023-07-23,McMullins_north_HIRMD,NA,5,1,SUB,5,0.28,0.47,0.75,NA,NA,NA,,
2023-Jul,2023-07-23,McMullins_north_HIRMD,NA,5,1,SFC,1.48,0.11,0,0.11,NA,NA,NA,,
2023-Jul,2023-07-23,McMullins_north_HIRMD,NA,5,2,SUB,5,0.14,0.06,0.2,NA,NA,NA,,
2023-Jul,2023-07-23,McMullins_north_HIRMD,NA,5,2,SFC,2.1,0.04,0.92,0.96,NA,NA,NA,,
2023-Jul,2023-07-23,McMullins_north_HIRMD,NA,5,3,SUB,4.4,0.38,0.35,0.73,NA,NA,NA,,
2023-Jul,2023-07-23,McMullins_north_HIRMD,NA,5,4,SUB,3.53,0.13,0.17,0.3,NA,NA,NA,,
2023-Jul,2023-07-23,McMullins_north_HIRMD,NA,5,5,SUB,5,0.34,0.84,1.18,NA,NA,NA,,
2023-Jul,2023-07-23,McMullins_north_HIRMD,NA,5,5,SFC,2.87,0.22,0.63,0.85,NA,NA,NA,,
2023-Jul,2023-07-23,McMullins_north_HIRMD,NA,5,6,SUB,5.28,0.3,0,0.3,NA,NA,NA,,
2023-Jul,2023-07-23,McMullins_north_HIRMD,NA,5,7,SUB,5,0.17,0.39,0.56,NA,NA,NA,,
2023-Jul,2023-07-23,McMullins_north_HIRMD,NA,5,7,SFC,3.2,0.21,0,0.21,NA,NA,NA,,
2023-Jul,2023-07-23,McMullins_north_HIRMD,NA,5,8,SUB,5,0.18,0.46,0.64,NA,NA,NA,,
2023-Jul,2023-07-23,McMullins_north_HIRMD,NA,5,8,SFC,5.68,0.37,0.14,0.51,NA,NA,NA,,
2023-Jul,2023-07-23,McMullins_north_HIRMD,NA,5,9,SUB,5,0.32,0.82,1.14,NA,NA,NA,,
2023-Jul,2023-07-23,McMullins_north_HIRMD,NA,5,9,SFC,2.76,0.2,0,0.2,NA,NA,NA,,
2023-Jul,2023-07-23,McMullins_north_HIRMD,NA,5,10,SUB,5,0.26,0.76,1.02,NA,NA,NA,,
2023-Jul,2023-07-23,McMullins_north_HIRMD,NA,5,10,SFC,4.12,0.32,0,0.32,NA,NA,NA,,
2023-Jul,2023-07-23,McMullins_north_HIRMD,NA,5,11,SUB,5,0.14,0.45,0.59,NA,NA,NA,,
2023-Jul,2023-07-23,McMullins_north_HIRMD,NA,5,11,SFC,4.44,0.25,0,0.25,NA,NA,NA,,
2023-Jul,2023-07-23,McMullins_north_HIRMD,NA,5,12,SUB,5,0.21,0.07,0.28,NA,NA,NA,,
2023-Jul,2023-07-23,McMullins_north_HIRMD,NA,5,12,SFC,3.41,0.28,0,0.28,NA,NA,C,,
2023-Jul,2023-07-23,McMullins_north_HIRMD,NA,5,13,SUB,5,0.23,0.35,0.58,NA,NA,NA,,
2023-Jul,2023-07-23,McMullins_north_HIRMD,NA,5,13,SFC,2.54,0.17,0,0.17,NA,NA,NA,,
2023-Jul,2023-07-23,McMullins_north_HIRMD,NA,5,NA,NA,NA,NA,NA,NA,NA,1.69,NA,extra biomass for plant,
2023-Jul,2023-07-23,Goose_HIRMD,NA,1,1,SFC,1.82,0.25,0.6,0.85,NA,NA,NA,,
2023-Jul,2023-07-23,Goose_HIRMD,NA,1,2,SUB,3.24,0.31,0.51,0.82,NA,NA,NA,,
2023-Jul,2023-07-23,Goose_HIRMD,NA,1,1,SUB,3,0.2,0.19,0.39,NA,NA,NA,,
2023-Jul,2023-07-23,Goose_HIRMD,NA,1,3,SUB,3,0.18,0.33,0.51,NA,NA,NA,,
2023-Jul,2023-07-23,Goose_HIRMD,NA,1,3,SFC,1.44,0.08,0.1,0.18,NA,NA,NA,,
2023-Jul,2023-07-23,Goose_HIRMD,NA,1,4,SUB,3,0.23,0,0.23,NA,NA,NA,,
2023-Jul,2023-07-23,Goose_HIRMD,NA,1,4,SFC,4.57,0.55,1.24,1.79,NA,NA,NA,,
2023-Jul,2023-07-23,Goose_HIRMD,NA,1,5,SUB,3,0.35,0.27,0.62,NA,NA,NA,,
2023-Jul,2023-07-23,Goose_HIRMD,NA,1,5,SFC,3,0.48,1.46,1.94,NA,NA,NA,,
2023-Jul,2023-07-23,Goose_HIRMD,NA,1,6,SUB,3,0.32,0,0.32,NA,NA,NA,,
2023-Jul,2023-07-23,Goose_HIRMD,NA,1,6,SFC,5,0.77,1.78,2.55,NA,NA,NA,,
2023-Jul,2023-07-23,Goose_HIRMD,NA,1,7,SUB,3,0.37,0.11,0.48,NA,NA,NA,,
2023-Jul,2023-07-23,Goose_HIRMD,NA,1,7,SFC,5,0.87,2.3,3.17,NA,NA,NA,,
2023-Jul,2023-07-23,Goose_HIRMD,NA,1,8,SUB,3,0.27,0,0.27,NA,NA,NA,,
2023-Jul,2023-07-23,Goose_HIRMD,NA,1,8,SFC,3.2,0.37,1.41,1.78,NA,NA,NA,,
2023-Jul,2023-07-23,Goose_HIRMD,NA,2,1,SUB,3,0.29,0.29,0.58,NA,NA,NA,,
2023-Jul,2023-07-23,Goose_HIRMD,NA,2,1,SFC,2.08,0.31,1.12,1.43,NA,NA,NA,,
2023-Jul,2023-07-23,Goose_HIRMD,NA,2,2,SUB,3,0.25,0.02,0.27,NA,NA,NA,,
2023-Jul,2023-07-23,Goose_HIRMD,NA,2,2,SFC,2.91,0.21,0.15,0.36,NA,NA,NA,,
2023-Jul,2023-07-23,Goose_HIRMD,NA,2,3,SUB,3,0.26,0.24,0.5,NA,NA,NA,,
2023-Jul,2023-07-23,Goose_HIRMD,NA,2,3,SFC,2.46,0.31,0.7,1.01,NA,NA,NA,,
2023-Jul,2023-07-23,Goose_HIRMD,NA,2,4,SUB,3,0.34,0.36,0.7,NA,NA,NA,,
2023-Jul,2023-07-23,Goose_HIRMD,NA,2,4,SFC,1.3,0.17,0.41,0.58,NA,NA,NA,,
2023-Jul,2023-07-23,Goose_HIRMD,NA,2,5,SUB,3,0.23,0,0.23,NA,NA,NA,,
2023-Jul,2023-07-23,Goose_HIRMD,NA,2,5,SFC,2.48,0.22,0.27,0.49,NA,NA,NA,,
2023-Jul,2023-07-23,Goose_HIRMD,NA,2,6,SUB,3,0.18,0,0.18,NA,NA,NA,,
2023-Jul,2023-07-23,Goose_HIRMD,NA,2,6,SFC,2.96,0.41,0.46,0.87,NA,NA,NA,,
2023-Jul,2023-07-23,Goose_HIRMD,NA,2,7,SUB,3,0.31,0.18,0.49,NA,NA,NA,,
2023-Jul,2023-07-23,Goose_HIRMD,NA,2,7,SFC,2.77,0.41,1.63,2.04,NA,NA,NA,,
2023-Jul,2023-07-23,Goose_HIRMD,NA,2,8,SUB,3,0.18,0,0.18,NA,NA,NA,,
2023-Jul,2023-07-23,Goose_HIRMD,NA,2,8,SFC,2.4,0.25,0.83,1.08,NA,NA,NA,,
2023-Jul,2023-07-23,Goose_HIRMD,NA,2,9,SUB,3,0.33,0.13,0.46,NA,NA,NA,,
2023-Jul,2023-07-23,Goose_HIRMD,NA,2,9,SFC,4.2,0.52,1.4,1.92,NA,NA,NA,,
2023-Jul,2023-07-23,Goose_HIRMD,NA,2,10,SUB,3,0.17,0,0.17,NA,NA,NA,,
2023-Jul,2023-07-23,Goose_HIRMD,NA,2,10,SFC,2.62,0.37,0.87,1.24,NA,NA,NA,,
2023-Jul,2023-07-23,Goose_HIRMD,NA,2,NA,NA,NA,NA,NA,NA,NA,1.7,NA,extra biomass for plant,
2023-Jul,2023-07-23,Goose_HIRMD,NA,3,1,SUB,3,0.38,0.28,0.66,NA,NA,NA,,
2023-Jul,2023-07-23,Goose_HIRMD,NA,3,1,SFC,3.86,0.55,1.39,1.94,NA,NA,NA,,
2023-Jul,2023-07-23,Goose_HIRMD,NA,3,2,SUB,3,0.27,0.17,0.44,NA,NA,NA,,
2023-Jul,2023-07-23,Goose_HIRMD,NA,3,2,SFC,1.57,0.2,0.49,0.69,NA,NA,NA,,
2023-Jul,2023-07-23,Goose_HIRMD,NA,3,3,SUB,2.76,0.31,0.46,0.77,NA,NA,NA,,
2023-Jul,2023-07-23,Goose_HIRMD,NA,3,4,SUB,3,0.34,0.38,0.72,NA,NA,NA,,
2023-Jul,2023-07-23,Goose_HIRMD,NA,3,4,SFC,0.7,0.02,0.11,0.13,NA,NA,NA,,
2023-Jul,2023-07-23,Goose_HIRMD,NA,3,5,SUB,1.55,0.16,0.23,0.39,NA,NA,NA,,
2023-Jul,2023-07-23,Goose_HIRMD,NA,3,6,SUB,2.5,0.21,0.4,0.61,NA,NA,NA,,
2023-Jul,2023-07-23,Goose_HIRMD,NA,3,7,SUB,3,0.15,0.1,0.25,NA,NA,NA,,
2023-Jul,2023-07-23,Goose_HIRMD,NA,3,7,SFC,3.32,0.4,0.86,1.26,NA,NA,NA,,
2023-Jul,2023-07-23,Goose_HIRMD,NA,3,8,SUB,3,0.3,0.29,0.59,NA,NA,NA,,
2023-Jul,2023-07-23,Goose_HIRMD,NA,3,8,SFC,4.03,0.58,1.48,2.06,NA,NA,NA,,
2023-Jul,2023-07-23,Goose_HIRMD,NA,3,9,SUB,3,0.25,0.19,0.44,NA,NA,NA,,
2023-Jul,2023-07-23,Goose_HIRMD,NA,3,9,SFC,1.7,0.22,0.58,0.8,NA,NA,NA,,
2023-Jul,2023-07-23,Goose_HIRMD,NA,3,10,SUB,3,0.25,0.1,0.35,NA,NA,NA,,
2023-Jul,2023-07-23,Goose_HIRMD,NA,3,10,SFC,3.56,0.47,1.23,1.7,NA,NA,NA,,
2023-Jul,2023-07-23,Goose_HIRMD,NA,3,11,SUB,3,0.18,0.17,0.35,NA,NA,NA,,
2023-Jul,2023-07-23,Goose_HIRMD,NA,3,11,SFC,1.14,0.16,0.66,0.82,NA,NA,C,,
2023-Jul,2023-07-23,Goose_HIRMD,NA,3,12,SUB,3,0.33,0.38,0.71,NA,NA,NA,,
2023-Jul,2023-07-23,Goose_HIRMD,NA,3,12,SFC,2.15,0.29,0.84,1.13,NA,NA,NA,,
2023-Jul,2023-07-23,Goose_HIRMD,NA,3,13,SUB,3,0.19,0,0.19,NA,NA,NA,,
2023-Jul,2023-07-23,Goose_HIRMD,NA,3,13,SFC,3.32,0.41,0.82,1.23,NA,NA,NA,,
2023-Jul,2023-07-23,Goose_HIRMD,NA,3,14,SUB,3,0.19,0,0.19,NA,NA,NA,,
2023-Jul,2023-07-23,Goose_HIRMD,NA,3,14,SFC,3.3,0.4,0.81,1.21,NA,NA,NA,,
2023-Jul,2023-07-23,Goose_HIRMD,NA,3,15,SUB,3,0.14,0,0.14,NA,NA,NA,,
2023-Jul,2023-07-23,Goose_HIRMD,NA,3,15,SFC,5.8,0.85,1.26,2.11,NA,NA,NA,,
2023-Jul,2023-07-23,Goose_HIRMD,NA,4,1,SUB,3,0.44,0.89,1.33,NA,NA,NA,,
2023-Jul,2023-07-23,Goose_HIRMD,NA,4,1,SFC,0.7,0.14,0.62,0.76,NA,NA,T,terminal end,
2023-Jul,2023-07-23,Goose_HIRMD,NA,4,2,SUB,3,0.33,0.1,0.43,NA,NA,NA,,
2023-Jul,2023-07-23,Goose_HIRMD,NA,4,2,SFC,3.9,0.64,2.67,3.31,NA,NA,NA,,
2023-Jul,2023-07-23,Goose_HIRMD,NA,4,3,SUB,3,0.29,0,0.29,NA,NA,NA,,
2023-Jul,2023-07-23,Goose_HIRMD,NA,4,3,SFC,3.93,0.64,2.77,3.41,NA,NA,NA,,
2023-Jul,2023-07-23,Goose_HIRMD,NA,4,4,SUB,3,0.14,0.08,0.22,NA,NA,NA,,
2023-Jul,2023-07-23,Goose_HIRMD,NA,4,5,SUB,3.2,0.38,1.11,1.49,NA,NA,NA,,
2023-Jul,2023-07-23,Goose_HIRMD,NA,4,4,SFC,1.05,0.06,0.31,0.37,NA,NA,NA,,
2023-Jul,2023-07-23,Goose_HIRMD,NA,4,6,SUB,2.2,0.11,0.16,0.27,NA,NA,NA,,
2023-Jul,2023-07-23,Goose_HIRMD,NA,3,NA,NA,NA,NA,NA,NA,NA,0.7,NA,extra biomass for plant,
2023-Jul,2023-07-23,Goose_HIRMD,NA,4,NA,NA,NA,NA,NA,NA,NA,0.29,NA,extra biomass for plant,
2023-Jul,2023-07-23,Goose_HIRMD,NA,5,1,SUB,3,0.41,0,0.41,NA,NA,NA,,
2023-Jul,2023-07-23,Goose_HIRMD,NA,5,1,SFC,3.3,0.62,2,2.62,NA,NA,NA,,
2023-Jul,2023-07-23,Goose_HIRMD,NA,5,2,SUB,3,0.32,0.17,0.49,NA,NA,NA,,
2023-Jul,2023-07-23,Goose_HIRMD,NA,5,2,SFC,0.6,0.12,0.42,0.54,NA,NA,NA,,
2023-Jul,2023-07-23,Goose_HIRMD,NA,5,3,SUB,3,0.31,0,0.31,NA,NA,NA,,
2023-Jul,2023-07-23,Goose_HIRMD,NA,5,3,SFC,4.7,0.75,1.36,2.11,NA,NA,NA,,
2023-Jul,2023-07-23,Goose_HIRMD,NA,5,4,SUB,3,0.44,0.35,0.79,NA,NA,NA,,
2023-Jul,2023-07-23,Goose_HIRMD,NA,5,4,SFC,2.29,0.37,1.33,1.7,NA,NA,NA,,
2023-Jul,2023-07-23,Goose_HIRMD,NA,5,5,SUB,3,0.36,0.44,0.8,NA,NA,NA,,
2023-Jul,2023-07-23,Goose_HIRMD,NA,5,5,SFC,0.85,0.2,0.79,0.99,NA,NA,NA,,
2023-Jul,2023-07-23,Goose_HIRMD,NA,5,6,SUB,3,0.13,0,0.13,NA,NA,NA,,
2023-Jul,2023-07-23,Goose_HIRMD,NA,5,6,SFC,3.18,0.48,1.03,1.51,NA,NA,NA,,
2023-Jul,2023-07-23,Goose_HIRMD,NA,5,7,SUB,3,0.33,0,0.33,NA,NA,NA,,
2023-Jul,2023-07-23,Goose_HIRMD,NA,5,7,SFC,5.74,0.88,1.47,2.35,NA,NA,NA,,
2023-Jul,2023-07-23,Goose_HIRMD,NA,5,8,SUB,3,0.2,0,0.2,NA,NA,NA,,
2023-Jul,2023-07-23,Goose_HIRMD,NA,5,8,SFC,6.5,0.85,1.64,2.49,NA,NA,NA,,
2023-Jul,2023-07-23,Goose_HIRMD,NA,5,9,SUB,3,0.15,0,0.15,NA,NA,NA,,
2023-Jul,2023-07-23,Goose_HIRMD,NA,5,9,SFC,8,1.02,1.13,2.15,NA,NA,NA,,
2023-Jul,2023-07-23,Goose_HIRMD,NA,5,10,SUB,1.52,0.1,0.26,0.36,NA,NA,NA,,
2023-Jul,2023-07-23,Goose_HIRMD,NA,5,11,SFC,3,0.2,0,0.2,NA,NA,NA,,
2023-Jul,2023-07-23,Goose_HIRMD,NA,5,11,SUB,2.35,0.24,0,0.24,NA,NA,NA,,
2023-Jul,2023-07-23,Goose_HIRMD,NA,5,12,SFC,2.3,0.2,0.2,0.4,NA,NA,NA,,
2023-Jul,2023-07-23,Goose_HIRMD,NA,5,NA,NA,NA,NA,0,NA,NA,0.99,NA,extra biomass for plant,
2024-Jul,2024-07-17,Simmonds_HIRMD,NA,1,1,SUB,5,0.11,0,NA,NA,NA,NA,,
2024-Jul,2024-07-17,Simmonds_HIRMD,NA,1,1,SFC,1.46,0.06,0.08,0.14,NA,NA,NA,,
2024-Jul,2024-07-17,Simmonds_HIRMD,NA,1,2,SUB,5,0.13,0.04,0.17,NA,NA,NA,,
2024-Jul,2024-07-17,Simmonds_HIRMD,NA,1,2,SFC,0.5,0.03,0.06,0.09,NA,NA,NA,,
2024-Jul,2024-07-17,Simmonds_HIRMD,NA,1,3,SUB,3.3,0.18,0.29,0.47,NA,NA,NA,,
2024-Jul,2024-07-17,Simmonds_HIRMD,NA,1,4,SUB,5,0.14,0,NA,NA,NA,NA,,
2024-Jul,2024-07-17,Simmonds_HIRMD,NA,1,4,SFC,0.97,0.08,0.22,0.3,NA,NA,NA,,
2024-Jul,2024-07-17,Simmonds_HIRMD,NA,1,5,SUB,3.41,0.16,0.35,0.51,NA,NA,NA,,
2024-Jul,2024-07-17,Simmonds_HIRMD,NA,2,1,SUB,3.98,0.29,0.85,1.14,NA,NA,NA,,
2024-Jul,2024-07-17,Simmonds_HIRMD,NA,2,2,SUB,0.87,0.04,0.2,0.24,NA,NA,NA,,
2024-Jul,2024-07-17,Simmonds_HIRMD,NA,2,3,SUB,1,0.07,0.17,0.24,NA,NA,NA,,
2024-Jul,2024-07-17,Simmonds_HIRMD,NA,2,4,SUB,3.58,0.28,0.93,1.21,NA,NA,NA,,
2024-Jul,2024-07-17,Simmonds_HIRMD,NA,2,5,SUB,4.48,0.3,0.77,1.07,NA,NA,NA,,
2024-Jul,2024-07-17,Simmonds_HIRMD,NA,2,6,SUB,2.44,0.7,0.28,0.98,NA,NA,NA,,
2024-Jul,2024-07-17,Simmonds_HIRMD,NA,3,1,SUB,2.1,0.09,0.06,0.15,NA,NA,NA,,
2024-Jul,2024-07-17,Simmonds_HIRMD,NA,3,2,SUB,4.17,0.18,0.09,0.27,NA,NA,NA,,
2024-Jul,2024-07-17,Simmonds_HIRMD,NA,3,3,SUB,3.84,0.14,0.09,0.23,NA,NA,NA,,
2024-Jul,2024-07-17,Simmonds_HIRMD,NA,3,4,SUB,4.25,0.11,0,NA,NA,NA,NA,,
2024-Jul,2024-07-17,Simmonds_HIRMD,NA,4,1,SUB,3.97,0.35,0.87,1.22,NA,NA,NA,,
2024-Jul,2024-07-17,Simmonds_HIRMD,NA,4,2,SUB,5.05,0.39,0.55,0.94,NA,NA,NA,,
2024-Jul,2024-07-17,Simmonds_HIRMD,NA,4,3,SUB,5,0.51,0.51,1.02,NA,NA,NA,,
2024-Jul,2024-07-17,Simmonds_HIRMD,NA,4,3,SFC,1.38,0.13,0.8,0.93,NA,NA,NA,,
2024-Jul,2024-07-17,Simmonds_HIRMD,NA,4,4,SUB,5,0.36,0,NA,NA,NA,NA,,
2024-Jul,2024-07-17,Simmonds_HIRMD,NA,4,4,SFC,2.04,0.13,0.31,0.44,NA,NA,NA,,
2024-Jul,2024-07-17,Simmonds_HIRMD,NA,4,5,SUB,5,0.43,0.24,0.67,NA,NA,NA,,
2024-Jul,2024-07-17,Simmonds_HIRMD,NA,4,5,SFC,1.85,0.21,1.07,1.28,NA,NA,NA,,
2024-Jul,2024-07-17,Simmonds_HIRMD,NA,4,6,SUB,4.32,0.29,0,NA,NA,NA,NA,,
2024-Jul,2024-07-17,Simmonds_HIRMD,NA,5,8,SUB,5,0.21,0,NA,NA,NA,NA,,
2024-Jul,2024-07-17,Simmonds_HIRMD,NA,5,8,SFC,1.2,0.1,0.26,0.36,NA,NA,NA,,
2024-Jul,2024-07-17,Simmonds_HIRMD,NA,4,7,SUB,2.4,0.12,0.11,0.23,NA,NA,NA,,
2024-Jul,2024-07-17,Simmonds_HIRMD,NA,4,8,SUB,5,0.45,0,NA,NA,NA,NA,,
2024-Jul,2024-07-17,Simmonds_HIRMD,NA,4,8,SFC,4.48,0.54,0.65,1.19,NA,NA,NA,,
2024-Jul,2024-07-17,Simmonds_HIRMD,NA,4,9,SUB,5,0.24,0,NA,NA,NA,NA,,
2024-Jul,2024-07-17,Simmonds_HIRMD,NA,4,9,SFC,2.86,0.18,0.02,0.2,NA,NA,NA,,
2024-Jul,2024-07-17,Simmonds_HIRMD,NA,4,10,SUB,5,0.35,0,NA,NA,NA,NA,,
2024-Jul,2024-07-17,Simmonds_HIRMD,NA,4,10,SFC,1.26,0.1,0,NA,NA,NA,NA,,
2024-Jul,2024-07-17,Simmonds_HIRMD,NA,4,11,SUB,1.48,0.08,0.23,0.31,NA,NA,NA,,
2024-Jul,2024-07-17,Simmonds_HIRMD,NA,4,12,SUB,5,0.51,0.51,1.02,NA,NA,NA,,
2024-Jul,2024-07-17,Simmonds_HIRMD,NA,4,12,SFC,1.77,0.21,0.76,0.97,NA,NA,NA,,
2024-Jul,2024-07-17,Simmonds_HIRMD,NA,4,13,SUB,5,0.35,0,NA,NA,NA,NA,,
2024-Jul,2024-07-17,Simmonds_HIRMD,NA,4,13,SFC,3,0.41,0,NA,NA,NA,NA,,
2024-Jul,2024-07-17,Simmonds_HIRMD,NA,4,14,SUB,3.45,0.33,0.52,0.85,NA,NA,NA,,
2024-Jul,2024-07-17,Simmonds_HIRMD,NA,4,15,SUB,4.9,0.47,0.05,0.52,NA,NA,NA,,
2024-Jul,2024-07-17,Simmonds_HIRMD,NA,4,15,SFC,1.82,0.15,0,NA,NA,NA,NA,,
2024-Jul,2024-07-17,Simmonds_HIRMD,NA,5,1,SUB,5,0.15,0,NA,NA,NA,NA,,
2024-Jul,2024-07-17,Simmonds_HIRMD,NA,5,1,SFC,2.04,0.15,0.41,0.56,NA,NA,NA,,
2024-Jul,2024-07-17,Simmonds_HIRMD,NA,5,2,SUB,5,0.27,0.71,0.98,NA,NA,NA,,
2024-Jul,2024-07-17,Simmonds_HIRMD,NA,5,3,SUB,5,0.31,0,NA,NA,NA,NA,,
2024-Jul,2024-07-17,Simmonds_HIRMD,NA,5,3,SFC,3.45,0.46,1.66,2.12,NA,NA,NA,,
2024-Jul,2024-07-17,Simmonds_HIRMD,NA,5,4,SUB,5,0.36,0.52,0.88,NA,NA,NA,,
2024-Jul,2024-07-17,Simmonds_HIRMD,NA,5,4,SFC,1.81,0.22,1.53,1.75,NA,NA,NA,,
2024-Jul,2024-07-17,Simmonds_HIRMD,NA,5,5,SUB,5,0.12,0,NA,NA,NA,NA,,
2024-Jul,2024-07-17,Simmonds_HIRMD,NA,5,5,SFC,0.87,0.03,0.11,0.14,NA,NA,NA,,
2024-Jul,2024-07-17,Simmonds_HIRMD,NA,5,6,SUB,5,0.23,0,NA,NA,NA,NA,,
2024-Jul,2024-07-17,Simmonds_HIRMD,NA,5,6,SFC,2.05,0.2,0.38,0.58,NA,NA,NA,,
2024-Jul,2024-07-17,Simmonds_HIRMD,NA,5,9,SUB,5,0.17,0,NA,NA,NA,NA,,
2024-Jul,2024-07-17,Simmonds_HIRMD,NA,5,9,SFC,1.85,0.18,0.66,0.84,NA,NA,NA,,
2024-Jul,2024-07-17,Simmonds_HIRMD,NA,5,7,SUB,4.71,0.22,0,NA,NA,NA,NA,,
2024-Jul,2024-07-17,Simmonds_HIRMD,NA,5,10,SUB,4.43,0.26,0,NA,NA,NA,NA,,
2024-Jul,2024-07-17,Simmonds_HIRMD,NA,5,11,SUB,4.71,0.26,0.29,0.55,NA,NA,NA,,
2024-Jul,2024-07-17,Simmonds_HIRMD,NA,5,12,SUB,5,0.26,0,NA,NA,NA,NA,,
2024-Jul,2024-07-17,Simmonds_HIRMD,NA,5,12,SFC,4.26,0.35,0.45,0.8,NA,NA,NA,,
2024-Jul,2024-07-17,Simmonds_HIRMD,NA,5,13,SUB,3,0.16,0.38,0.54,NA,NA,NA,,
2024-Jul,2024-07-17,Simmonds_HIRMD,NA,5,14,SUB,4.8,0.36,0.77,1.13,NA,NA,NA,,
2024-Jul,2024-07-17,Simmonds_HIRMD,NA,5,15,SUB,5,0.2,0.06,0.26,NA,NA,NA,,
2024-Jul,2024-07-17,Simmonds_HIRMD,NA,5,15,SFC,1.32,0.12,0.55,0.67,NA,NA,NA,,
2024-Jul,2024-07-17,Simmonds_HIRMD,NA,5,16,SUB,4.74,0.31,0,NA,NA,NA,NA,,
2024-Jul,2024-07-17,Simmonds_HIRMD,NA,5,17,SUB,3.4,0.06,0.68,0.74,NA,NA,NA,,
2024-Jul,2024-07-17,Simmonds_HIRMD,NA,5,18,SUB,5,0.13,0,0.13,NA,NA,NA,,
2024-Jul,2024-07-17,Simmonds_HIRMD,NA,5,18,SFC,2.92,0.1,0,0.1,NA,NA,NA,,
2024-Jul,2024-07-17,Simmonds_HIRMD,NA,5,19,SUB,3.13,0.17,0,0.17,NA,NA,NA,,
2024-Jul,2024-07-13,McMullins_HIRMD,NA,1,1,SUB,2,0.17,0.02,0.19,NA,NA,NA,,
2024-Jul,2024-07-13,McMullins_HIRMD,NA,1,1,SFC,5.3,0.57,1.27,1.84,NA,NA,NA,,
2024-Jul,2024-07-13,McMullins_HIRMD,NA,1,2,SUB,2,0.09,0,0.09,NA,NA,NA,,
2024-Jul,2024-07-13,McMullins_HIRMD,NA,1,2,SFC,8.17,0.87,0.69,1.56,NA,NA,NA,,
2024-Jul,2024-07-13,McMullins_HIRMD,NA,1,3,SUB,2,0.16,0.03,0.19,NA,NA,NA,,
2024-Jul,2024-07-13,McMullins_HIRMD,NA,1,3,SFC,5.22,0.65,1.37,2.02,NA,NA,NA,,
2024-Jul,2024-07-13,McMullins_HIRMD,NA,1,4,SUB,0.7,0.05,0.11,0.16,NA,NA,NA,,
2024-Jul,2024-07-13,McMullins_HIRMD,NA,1,5,SUB,1.02,0.08,0.11,0.19,NA,NA,C,,
2024-Jul,2024-07-13,McMullins_HIRMD,NA,1,6,SUB,1.03,0.08,0.13,0.21,NA,NA,C,,
2024-Jul,2024-07-13,McMullins_HIRMD,NA,2,1,SUB,2,0.15,0,0.15,NA,NA,NA,,
2024-Jul,2024-07-13,McMullins_HIRMD,NA,2,1,SFC,3.36,0.33,0.57,0.9,NA,NA,NA,,
2024-Jul,2024-07-13,McMullins_HIRMD,NA,2,2,SUB,2,0.15,0.31,0.46,NA,NA,NA,,
2024-Jul,2024-07-13,McMullins_HIRMD,NA,2,2,SFC,0.3,0.02,0.09,0.11,NA,NA,NA,,
2024-Jul,2024-07-13,McMullins_HIRMD,NA,2,3,SUB,2,0.13,0,0.13,NA,NA,NA,,
2024-Jul,2024-07-13,McMullins_HIRMD,NA,2,3,SFC,5.68,0.4,0.05,0.45,NA,NA,NA,,
2024-Jul,2024-07-13,McMullins_HIRMD,NA,2,4,SUB,2,0.14,0.14,0.28,NA,NA,NA,,
2024-Jul,2024-07-13,McMullins_HIRMD,NA,2,4,SFC,1.12,0.11,0.58,0.69,NA,NA,NA,,
2024-Jul,2024-07-13,McMullins_HIRMD,NA,2,5,SUB,2,0.14,0,0.14,NA,NA,NA,,
2024-Jul,2024-07-13,McMullins_HIRMD,NA,2,5,SFC,1.62,0.14,0,0.14,NA,NA,NA,,
2024-Jul,2024-07-13,McMullins_HIRMD,NA,2,6,SUB,2,0.19,0,0.19,NA,NA,NA,,
2024-Jul,2024-07-13,McMullins_HIRMD,NA,2,7,SUB,2,0.17,0.56,0.73,NA,NA,NA,,
2024-Jul,2024-07-13,McMullins_HIRMD,NA,2,7,SFC,1.8,0.09,0,0.09,NA,NA,NA,,
2024-Jul,2024-07-13,McMullins_HIRMD,NA,2,8,SUB,2,0,0,0,NA,NA,NA,,
2024-Jul,2024-07-13,McMullins_HIRMD,NA,2,8,SFC,1.49,0.14,0.45,0.59,NA,NA,NA,,
2024-Jul,2024-07-13,McMullins_HIRMD,NA,2,9,SUB,1.96,0.13,0,0.13,NA,NA,NA,,
2024-Jul,2024-07-13,McMullins_HIRMD,NA,3,1,SUB,2,0.11,0,0.11,NA,NA,NA,,
2024-Jul,2024-07-13,McMullins_HIRMD,NA,3,1,SFC,2.71,0.39,0.99,1.38,NA,NA,NA,,
2024-Jul,2024-07-13,McMullins_HIRMD,NA,3,2,SUB,2,0.18,0.15,0.33,NA,NA,NA,,
2024-Jul,2024-07-13,McMullins_HIRMD,NA,3,2,SFC,1.14,0.16,0.67,0.83,NA,NA,NA,,
2024-Jul,2024-07-13,McMullins_HIRMD,NA,3,3,SUB,2,0.19,0.25,0.44,NA,NA,NA,,
2024-Jul,2024-07-13,McMullins_HIRMD,NA,3,3,SFC,0.6,0.1,0.36,0.46,NA,NA,NA,,
2024-Jul,2024-07-13,McMullins_HIRMD,NA,3,4,SUB,2,0.12,0,0.12,NA,NA,NA,,
2024-Jul,2024-07-13,McMullins_HIRMD,NA,3,4,SFC,4.83,0.78,1.94,2.72,NA,NA,NA,,
2024-Jul,2024-07-13,McMullins_HIRMD,NA,3,5,SUB,2,0.11,0,0.11,NA,NA,NA,,
2024-Jul,2024-07-13,McMullins_HIRMD,NA,3,5,SFC,4.96,0.66,0.59,1.25,NA,NA,NA,,
2024-Jul,2024-07-13,McMullins_HIRMD,NA,3,6,SUB,2,0.11,0,0.11,NA,NA,NA,,
2024-Jul,2024-07-13,McMullins_HIRMD,NA,3,6,SFC,1.92,0.16,0.12,0.28,NA,NA,C,,
2024-Jul,2024-07-13,McMullins_HIRMD,NA,3,7,SUB,0.81,0.06,0.17,0.23,NA,NA,NA,,
2024-Jul,2024-07-13,McMullins_HIRMD,NA,3,8,SUB,1.74,0.27,1.08,1.35,NA,NA,NA,,
2024-Jul,2024-07-13,McMullins_HIRMD,NA,3,9,SUB,0.64,0.02,0.11,0.13,NA,NA,NA,,
2024-Jul,2024-07-13,McMullins_HIRMD,NA,4,1,SUB,2,0.13,0,0.13,NA,NA,NA,,
2024-Jul,2024-07-13,McMullins_HIRMD,NA,4,1,SFC,7.34,0.59,0.26,0.85,NA,NA,NA,,
2024-Jul,2024-07-13,McMullins_HIRMD,NA,4,2,SUB,2,0.15,0,0.15,NA,NA,NA,,
2024-Jul,2024-07-13,McMullins_HIRMD,NA,4,2,SFC,2.5,0.29,0.91,1.2,NA,NA,NA,,
2024-Jul,2024-07-13,McMullins_HIRMD,NA,4,3,SUB,1.3,0.12,0.36,0.48,NA,NA,NA,,
2024-Jul,2024-07-13,McMullins_HIRMD,NA,4,4,SUB,2,0.19,0,0.19,NA,NA,NA,,
2024-Jul,2024-07-13,McMullins_HIRMD,NA,4,4,SFC,5.06,0.62,1.27,1.89,NA,NA,NA,,
2024-Jul,2024-07-13,McMullins_HIRMD,NA,4,5,SUB,2,0.25,0,0.25,NA,NA,NA,,
2024-Jul,2024-07-13,McMullins_HIRMD,NA,4,5,SFC,4.44,0.52,1.08,1.6,NA,NA,NA,,
2024-Jul,2024-07-13,McMullins_HIRMD,NA,4,6,SUB,2,0.2,0.11,0.31,NA,NA,NA,,
2024-Jul,2024-07-13,McMullins_HIRMD,NA,4,6,SFC,2.32,0.32,1.19,1.51,NA,NA,C,,
2024-Jul,2024-07-13,McMullins_HIRMD,NA,4,7,SUB,1.87,0.16,0.52,0.68,NA,NA,NA,,
2024-Jul,2024-07-13,McMullins_HIRMD,NA,4,8,SUB,1.7,0.14,0.58,0.72,NA,NA,NA,,
2024-Jul,2024-07-13,McMullins_HIRMD,NA,4,9,SUB,2,0.1,0,0.1,NA,NA,NA,,
2024-Jul,2024-07-13,McMullins_HIRMD,NA,4,9,SFC,7.34,0.72,0.25,0.97,NA,NA,NA,,
2024-Jul,2024-07-13,McMullins_HIRMD,NA,4,10,SUB,1.5,0.12,0.28,0.4,NA,NA,NA,,
2024-Jul,2024-07-13,McMullins_HIRMD,NA,5,1,SUB,2,0.11,0,0.11,NA,NA,NA,,
2024-Jul,2024-07-13,McMullins_HIRMD,NA,5,1,SFC,4.8,0.67,0.6,1.27,NA,NA,NA,,
2024-Jul,2024-07-13,McMullins_HIRMD,NA,5,2,SUB,2,0.21,0.24,0.45,NA,NA,NA,,
2024-Jul,2024-07-13,McMullins_HIRMD,NA,5,2,SFC,0.87,0.12,0.47,0.59,NA,NA,NA,,
2024-Jul,2024-07-13,McMullins_HIRMD,NA,5,3,SUB,2,0.14,0,0.14,NA,NA,NA,,
2024-Jul,2024-07-13,McMullins_HIRMD,NA,5,3,SFC,5.83,0.83,0.5,1.33,NA,NA,NA,,
2024-Jul,2024-07-13,McMullins_HIRMD,NA,5,4,SUB,2,0.21,0.03,0.24,NA,NA,NA,,
2024-Jul,2024-07-13,McMullins_HIRMD,NA,5,4,SFC,2.6,0.41,0.89,1.3,NA,NA,NA,,
2024-Jul,2024-07-13,McMullins_HIRMD,NA,5,5,SUB,2,0.1,0,0.1,NA,NA,NA,,
2024-Jul,2024-07-13,McMullins_HIRMD,NA,5,5,SFC,6,0.83,0.76,1.59,NA,NA,NA,Terminal,
2024-Jul,2024-07-13,McMullins_HIRMD,NA,5,6,SUB,2,0.16,0,0.16,NA,NA,NA,,
2024-Jul,2024-07-13,McMullins_HIRMD,NA,5,6,SFC,2.9,0.49,0.07,0.56,NA,NA,NA,,
2024-Jul,2024-07-13,McMullins_HIRMD,NA,5,7,SUB,2,0.2,0.15,0.35,NA,NA,NA,,
2024-Jul,2024-07-13,McMullins_HIRMD,NA,5,7,SFC,0.42,0.08,0.15,0.23,NA,NA,NA,,
2024-Jul,2024-07-13,McMullins_HIRMD,NA,5,8,SUB,2,0.18,0,0.18,NA,NA,NA,,
2024-Jul,2024-07-13,McMullins_HIRMD,NA,5,8,SFC,3.45,0.5,0.95,1.45,NA,NA,NA,,
2024-Jul,2024-07-13,McMullins_HIRMD,NA,5,9,SUB,2,0.12,0,0.12,NA,NA,NA,,
2024-Jul,2024-07-13,McMullins_HIRMD,NA,5,9,SFC,5.98,0.77,0.62,1.39,NA,NA,NA,,
2024-Jul,2024-07-12,Cape_mark_HIRMD,NA,1,1,SUB,4,0.41,0,0.41,NA,NA,NA,,
2024-Jul,2024-07-12,Cape_mark_HIRMD,NA,1,1,SFC,3.08,0.44,0.74,1.18,NA,NA,NA,,
2024-Jul,2024-07-12,Cape_mark_HIRMD,NA,1,2,SUB,2.92,0.14,0.27,0.41,NA,NA,NA,,
2024-Jul,2024-07-12,Cape_mark_HIRMD,NA,1,3,SUB,4,0.42,0.14,0.56,NA,NA,NA,,
2024-Jul,2024-07-12,Cape_mark_HIRMD,NA,1,3,SFC,1.52,0.21,0.82,1.03,NA,NA,NA,,
2024-Jul,2024-07-12,Cape_mark_HIRMD,NA,2,1,SUB,4,0.17,0.04,0.21,NA,NA,NA,,
2024-Jul,2024-07-12,Cape_mark_HIRMD,NA,2,1,SFC,0.98,0.15,0.62,0.77,NA,NA,NA,,
2024-Jul,2024-07-12,Cape_mark_HIRMD,NA,2,2,SUB,3.03,0.06,0.23,0.29,NA,NA,NA,,
2024-Jul,2024-07-12,Cape_mark_HIRMD,NA,2,3,SUB,4,0.14,0,0.14,NA,NA,NA,,
2024-Jul,2024-07-12,Cape_mark_HIRMD,NA,2,3,SFC,3.11,0.33,0.73,1.06,NA,NA,NA,,
2024-Jul,2024-07-12,Cape_mark_HIRMD,NA,2,4,SUB,4,0.13,0,0.13,NA,NA,NA,,
2024-Jul,2024-07-12,Cape_mark_HIRMD,NA,2,4,SFC,1.71,0.18,0.69,0.87,NA,NA,NA,,
2024-Jul,2024-07-12,Cape_mark_HIRMD,NA,2,5,SUB,4,0.16,0,0.16,NA,NA,NA,,
2024-Jul,2024-07-12,Cape_mark_HIRMD,NA,2,5,SFC,2.96,0.22,0.64,0.86,NA,NA,NA,,
2024-Jul,2024-07-12,Cape_mark_HIRMD,NA,2,6,SUB,4,0.31,0.53,0.84,NA,NA,NA,,
2024-Jul,2024-07-12,Cape_mark_HIRMD,NA,2,6,SFC,0.24,0.04,0.29,0.33,NA,NA,NA,,
2024-Jul,2024-07-12,Cape_mark_HIRMD,NA,2,7,SUB,3.67,0.27,0.39,0.66,NA,NA,NA,,
2024-Jul,2024-07-12,Cape_mark_HIRMD,NA,2,8,SUB,2.75,0.16,0.43,0.59,NA,NA,NA,,
2024-Jul,2024-07-12,Cape_mark_HIRMD,NA,2,9,SUB,0.7,0.27,0.26,0.53,NA,NA,NA,could be ripped tops from other plants?,
2024-Jul,2024-07-12,Cape_mark_HIRMD,NA,2,10,SUB,0.2,0.1,0.09,0.19,NA,NA,NA,could be ripped tops from other plants?,
2024-Jul,2024-07-12,Cape_mark_HIRMD,NA,2,11,SUB,0.43,0.08,0.1,0.18,NA,NA,NA,could be ripped tops from other plants?,
2024-Jul,2024-07-12,Cape_mark_HIRMD,NA,3,1,SUB,4,0.14,0,0.14,NA,NA,NA,,
2024-Jul,2024-07-12,Cape_mark_HIRMD,NA,3,1,SFC,9.22,0.85,0.51,1.36,NA,NA,NA,Extra 0.37 Kg,
2024-Jul,2024-07-12,Cape_mark_HIRMD,NA,3,2,SUB,4,0.14,0,0.14,NA,NA,NA,,
2024-Jul,2024-07-12,Cape_mark_HIRMD,NA,3,2,SFC,7.34,0.77,1.13,1.9,NA,NA,NA,,
2024-Jul,2024-07-12,Cape_mark_HIRMD,NA,3,3,SUB,3.8,0.22,0.41,0.63,NA,NA,NA,,
2024-Jul,2024-07-12,Cape_mark_HIRMD,NA,3,4,SUB,4,0.39,0.48,0.87,NA,NA,NA,,
2024-Jul,2024-07-12,Cape_mark_HIRMD,NA,3,4,SFC,1.4,0.16,0.67,0.83,NA,NA,NA,,
2024-Jul,2024-07-12,Cape_mark_HIRMD,NA,4,1,SUB,4.4,0.28,0,0.28,NA,NA,C,,
2024-Jul,2024-07-12,Cape_mark_HIRMD,NA,4,2,SUB,0.7,0.06,0.12,0.18,NA,NA,NA,,
2024-Jul,2024-07-12,Cape_mark_HIRMD,NA,4,3,SUB,2.5,0.14,0,0.14,NA,NA,C,,
2024-Jul,2024-07-12,Cape_mark_HIRMD,NA,4,4,SUB,4,0.08,0,0.08,NA,NA,NA,,
2024-Jul,2024-07-12,Cape_mark_HIRMD,NA,4,4,SFC,1.2,0.03,0.02,0.05,NA,NA,C,,
2024-Jul,2024-07-12,Cape_mark_HIRMD,NA,4,5,SUB,4,0.29,0.25,0.54,NA,NA,NA,,
2024-Jul,2024-07-12,Cape_mark_HIRMD,NA,4,5,SFC,1.7,0.15,1.2,1.35,NA,NA,NA,,
2024-Jul,2024-07-12,Cape_mark_HIRMD,NA,4,6,SUB,4,0.2,0,0.2,NA,NA,NA,,
2024-Jul,2024-07-12,Cape_mark_HIRMD,NA,4,6,SFC,5.89,0.62,0,0.62,NA,NA,NA,,
2024-Jul,2024-07-12,Cape_mark_HIRMD,NA,4,7,SUB,4,0.35,0,0.35,NA,NA,NA,,
2024-Jul,2024-07-12,Cape_mark_HIRMD,NA,4,7,SFC,4.07,0.74,1.52,2.26,NA,NA,NA,,
2024-Jul,2024-07-12,Cape_mark_HIRMD,NA,5,1,SUB,4.2,0.63,0,0.63,NA,NA,NA,Extra 1.42 Kg,
2024-Jul,2024-07-12,Cape_mark_HIRMD,NA,5,2,SUB,4,0.14,0,0.14,NA,NA,NA,,
2024-Jul,2024-07-12,Cape_mark_HIRMD,NA,5,2,SUB,5.69,0.43,0.7,1.13,NA,NA,NA,,
2024-Jul,2024-07-12,Cape_mark_HIRMD,NA,5,3,SUB,4,0.34,0,0.34,NA,NA,NA,,
2024-Jul,2024-07-12,Cape_mark_HIRMD,NA,5,3,SFC,4.82,0.57,1.95,2.52,NA,NA,NA,,
2024-Jul,2024-07-12,Cape_mark_HIRMD,NA,5,4,SUB,4,0.18,0,0.18,NA,NA,NA,,
2024-Jul,2024-07-12,Cape_mark_HIRMD,NA,5,4,SFC,7.21,0.16,0.89,1.05,NA,NA,C,,
2024-Jul,2024-07-12,Cape_mark_HIRMD,NA,5,5,SUB,3.3,0.26,0.42,0.68,NA,NA,NA,,
2024-Jul,2024-07-12,Cape_mark_HIRMD,NA,5,6,SUB,4,0.51,1.49,2,NA,NA,NA,possibly missing surface measurement? (Sub surface exactly 4m?),
2024-Jul,2024-07-12,Cape_mark_HIRMD,NA,5,7,SUB,3.99,0.57,0.17,0.74,NA,NA,C,,
2024-Jul,2024-07-12,Cape_mark_HIRMD,NA,5,8,SUB,3.82,0.17,0.27,0.44,NA,NA,NA,,
2024-Jul,2024-07-12,Cape_mark_HIRMD,NA,5,9,SUB,4,0.36,0.57,0.93,NA,NA,NA,,
2024-Jul,2024-07-12,Cape_mark_HIRMD,NA,5,9,SFC,0.47,0.03,0.28,0.31,NA,NA,NA,,
2024-Jul,2024-07-12,Cape_mark_HIRMD,NA,5,10,SUB,4,0.17,0,0.17,NA,NA,NA,,
2024-Jul,2024-07-12,Cape_mark_HIRMD,NA,5,10,SFC,7.03,0.85,0.51,1.36,NA,NA,C,,
2024-Jul,2024-07-12,Cape_mark_HIRMD,NA,5,11,SUB,4,0.08,0,0.08,NA,NA,NA,,
2024-Jul,2024-07-12,Cape_mark_HIRMD,NA,5,11,SFC,2.13,0.15,0.36,0.51,NA,NA,NA,,
2024-Jul,2024-07-12,Cape_mark_HIRMD,NA,5,12,SUB,4,0.34,0.17,0.51,NA,NA,NA,,
2024-Jul,2024-07-12,Cape_mark_HIRMD,NA,5,12,SFC,1.42,0.19,1.03,1.22,NA,NA,NA,,
2024-Jul,2024-07-12,Cape_mark_HIRMD,NA,5,13,SUB,6.1,0.35,0,0.35,NA,NA,NA,SUBSURFACE GREATER THAN 4 M? Possibly missing surface measurement?,
2024-Jul,2024-07-12,Cape_mark_HIRMD,NA,5,14,SUB,4,0.21,0,0.21,NA,NA,NA,,
2024-Jul,2024-07-12,Cape_mark_HIRMD,NA,5,14,SFC,4.68,0.52,0.43,0.95,NA,NA,C,,
2024-Jul,2024-07-12,Cape_mark_HIRMD,NA,5,15,SUB,4,0.23,0,0.23,NA,NA,NA,,
2024-Jul,2024-07-12,Cape_mark_HIRMD,NA,5,15,SFC,5.21,0.77,1.35,2.12,NA,NA,NA,,
2024-Jul,2024-07-12,Cape_mark_HIRMD,NA,5,16,SUB,4.63,0.44,0.02,0.46,NA,NA,NA,,
2024-Jul,2024-07-12,Cape_mark_HIRMD,NA,5,17,SUB,4,0.46,0,0.46,NA,NA,NA,,
2024-Jul,2024-07-12,Cape_mark_HIRMD,NA,5,17,SFC,5.07,0.83,0.53,1.36,NA,NA,C,,
2024-Jul,2024-07-12,Cape_mark_HIRMD,NA,5,18,SUB,4,0.67,0.19,0.86,NA,NA,NA,,
2024-Jul,2024-07-12,Cape_mark_HIRMD,NA,5,18,SFC,2.61,0.21,0.34,0.55,NA,NA,NA,,
2024-Jul,2024-07-12,Cape_mark_HIRMD,NA,5,19,SUB,4,0.44,0,0.44,NA,NA,NA,,
2024-Jul,2024-07-12,Cape_mark_HIRMD,NA,5,19,SFC,2.74,0.26,0.38,0.64,NA,NA,NA,Terminal,
2024-Jul,2024-07-12,Ivory_HIRMD,NA,1,1,SUB,3,0.24,0.03,0.27,NA,NA,NA,Extra 0.3 Kg,
2024-Jul,2024-07-12,Ivory_HIRMD,NA,1,1,SFC,4.09,0.52,1.75,2.27,NA,NA,NA,,
2024-Jul,2024-07-12,Ivory_HIRMD,NA,1,2,SUB,3,0.22,0.03,0.25,NA,NA,NA,,
2024-Jul,2024-07-12,Ivory_HIRMD,NA,1,2,SFC,2.67,0.34,0.83,1.17,NA,NA,NA,,
2024-Jul,2024-07-12,Ivory_HIRMD,NA,1,3,SUB,3,0.35,0,0.35,NA,NA,NA,,
2024-Jul,2024-07-12,Ivory_HIRMD,NA,1,3,SFC,3.5,0.32,0.8,1.12,NA,NA,NA,,
2024-Jul,2024-07-12,Ivory_HIRMD,NA,1,4,SUB,3.8,0.29,1,1.29,NA,NA,NA,,
2024-Jul,2024-07-12,Ivory_HIRMD,NA,1,5,SUB,3,0.21,0.25,0.46,NA,NA,NA,,
2024-Jul,2024-07-12,Ivory_HIRMD,NA,1,5,SFC,1.42,0.14,0.8,0.94,NA,NA,NA,,
2024-Jul,2024-07-12,Ivory_HIRMD,NA,1,6,SUB,3,0.4,0.69,1.09,NA,NA,NA,,
2024-Jul,2024-07-12,Ivory_HIRMD,NA,1,6,SFC,1.28,0.14,0.87,1.01,NA,NA,NA,,
2024-Jul,2024-07-12,Ivory_HIRMD,NA,1,7,SUB,0.72,0.05,0.22,0.27,NA,NA,NA,,
2024-Jul,2024-07-12,Ivory_HIRMD,NA,2,1,SUB,2.2,0.11,0.51,0.62,NA,NA,NA,,
2024-Jul,2024-07-12,Ivory_HIRMD,NA,2,2,SUB,2.99,0.26,0.58,0.84,NA,NA,NA,,
2024-Jul,2024-07-12,Ivory_HIRMD,NA,3,1,SUB,2.51,0.17,0.51,0.68,NA,NA,NA,,
2024-Jul,2024-07-12,Ivory_HIRMD,NA,3,2,SUB,3,0.1,,0.1,NA,NA,NA,,
2024-Jul,2024-07-12,Ivory_HIRMD,NA,3,2,SFC,5.49,0.33,0.94,1.27,NA,NA,NA,,
2024-Jul,2024-07-12,Ivory_HIRMD,NA,3,3,SUB,0.63,0.04,0.2,0.24,NA,NA,NA,,
2024-Jul,2024-07-12,Ivory_HIRMD,NA,3,4,SUB,2.8,0.08,0,0.08,NA,NA,C,,
2024-Jul,2024-07-12,Ivory_HIRMD,NA,4,1,SUB,0.82,0.08,0,0.08,NA,NA,C,extra 1.07 Kg,
2024-Jul,2024-07-12,Ivory_HIRMD,NA,4,2,SUB,2.41,0.18,0.45,0.63,NA,NA,NA,,
2024-Jul,2024-07-12,Ivory_HIRMD,NA,4,3,SUB,3.07,0.26,0.75,1.01,NA,NA,NA,,
2024-Jul,2024-07-12,Ivory_HIRMD,NA,4,4,SUB,2.38,0.22,1.03,1.25,NA,NA,NA,,
2024-Jul,2024-07-12,Ivory_HIRMD,NA,4,5,SUB,2.97,0.26,0.56,0.82,NA,NA,NA,,
2024-Jul,2024-07-12,Ivory_HIRMD,NA,4,6,SUB,3,0.26,0.21,0.47,NA,NA,NA,,
2024-Jul,2024-07-12,Ivory_HIRMD,NA,4,6,SFC,3.63,0.48,1.74,2.22,NA,NA,NA,,
2024-Jul,2024-07-12,Ivory_HIRMD,NA,4,7,SUB,3,0.37,0.23,0.6,NA,NA,NA,,
2024-Jul,2024-07-12,Ivory_HIRMD,NA,4,7,SFC,4.9,0.47,1.59,2.06,NA,NA,NA,,
2024-Jul,2024-07-12,Ivory_HIRMD,NA,4,8,SUB,3,0.34,0.02,0.36,NA,NA,NA,,
2024-Jul,2024-07-12,Ivory_HIRMD,NA,4,8,SFC,3.1,0.33,1.01,1.34,NA,NA,NA,,
2024-Jul,2024-07-12,Ivory_HIRMD,NA,4,9,SUB,2.92,0.13,0.36,0.49,NA,NA,NA,,
2024-Jul,2024-07-12,Ivory_HIRMD,NA,5,1,SUB,2.72,0.15,0.65,0.8,NA,NA,NA,extra .64 Kg,
2024-Jul,2024-07-12,Ivory_HIRMD,NA,5,2,SUB,3,0.11,0,0.11,NA,NA,NA,,
2024-Jul,2024-07-12,Ivory_HIRMD,NA,5,3,SUB,2.5,0.17,0.33,0.5,NA,NA,NA,terminal,
2024-Jul,2024-07-12,Ivory_HIRMD,NA,5,2,SFC,1.65,0.11,0.37,0.48,NA,NA,NA,,
2024-Jul,2024-07-12,Ivory_HIRMD,NA,5,4,SUB,3,0.17,0.18,0.35,NA,NA,NA,,
2024-Jul,2024-07-12,Ivory_HIRMD,NA,5,4,SFC,0.7,0.05,0.38,0.43,NA,NA,NA,,
2024-Jul,2024-07-12,Ivory_HIRMD,NA,5,5,SUB,3,0.16,0.02,0.18,NA,NA,NA,,
2024-Jul,2024-07-12,Ivory_HIRMD,NA,5,5,SFC,1.99,0.19,0.63,0.82,NA,NA,NA,,
2024-Jul,2024-07-12,Ivory_HIRMD,NA,5,6,SUB,3,0.17,0.03,0.2,NA,NA,NA,,
2024-Jul,2024-07-12,Ivory_HIRMD,NA,5,6,SFC,2.99,0.17,0.47,0.64,NA,NA,NA,,
2024-Jul,2024-07-12,Ivory_HIRMD,NA,5,7,SUB,3,0.2,0.06,0.26,NA,NA,NA,,
2024-Jul,2024-07-12,Ivory_HIRMD,NA,5,7,SFC,1.4,0.16,0.38,0.54,NA,NA,NA,,
2024-Jul,2024-07-12,Ivory_HIRMD,NA,5,8,SUB,3,0.11,,0.11,NA,NA,NA,,
2024-Jul,2024-07-12,Ivory_HIRMD,NA,5,8,SFC,1.68,0.12,0.34,0.46,NA,NA,NA,,
2024-Jul,2024-07-14,Stryker_HIRMD,NA,1,1,SUB,6,0.97,0.31,1.28,NA,NA,NA,,
2024-Jul,2024-07-14,Stryker_HIRMD,NA,1,1,SFC,3.41,0.75,2.89,3.64,NA,NA,NA,,
2024-Jul,2024-07-14,Stryker_HIRMD,NA,1,2,SUB,4.07,0.23,0.15,0.38,NA,NA,NA,,
2024-Jul,2024-07-14,Stryker_HIRMD,NA,1,3,SUB,6,0.68,0.51,1.19,NA,NA,NA,,
2024-Jul,2024-07-14,Stryker_HIRMD,NA,1,3,SFC,0.39,0.26,0.29,0.55,NA,NA,NA,,
2024-Jul,2024-07-14,Stryker_HIRMD,NA,1,4,SUB,3.05,0.29,0.57,0.86,NA,NA,NA,,
2024-Jul,2024-07-14,Stryker_HIRMD,NA,1,5,SUB,6,0.29,0,0.29,NA,NA,NA,,
2024-Jul,2024-07-14,Stryker_HIRMD,NA,1,5,SFC,2.2,0.2,0.29,0.49,NA,NA,NA,,
2024-Jul,2024-07-14,Stryker_HIRMD,NA,1,6,SUB,3.08,0.37,,0.37,NA,NA,C,,
2024-Jul,2024-07-14,Stryker_HIRMD,NA,1,7,SUB,1.05,0.04,0.03,0.07,NA,NA,NA,,
2024-Jul,2024-07-14,Stryker_HIRMD,NA,1,8,SUB,1.33,0.13,0,0.13,NA,NA,NA,terminal,
2024-Jul,2024-07-14,Stryker_HIRMD,NA,2,1,SUB,6,0.41,0,0.41,NA,NA,NA,,
2024-Jul,2024-07-14,Stryker_HIRMD,NA,2,1,SFC,10,1.27,2.14,3.41,NA,NA,NA,,
2024-Jul,2024-07-14,Stryker_HIRMD,NA,2,2,SUB,6,0.3,0,0.3,NA,NA,NA,,
2024-Jul,2024-07-14,Stryker_HIRMD,NA,2,2,SFC,3.88,0.33,0.73,1.06,NA,NA,NA,,
2024-Jul,2024-07-14,Stryker_HIRMD,NA,2,3,SUB,6,0.32,0.04,0.36,NA,NA,NA,,
2024-Jul,2024-07-14,Stryker_HIRMD,NA,2,3,SFC,1.81,0.16,0.72,0.88,NA,NA,NA,,
2024-Jul,2024-07-14,Stryker_HIRMD,NA,2,4,SUB,2.4,0.19,0.27,0.46,NA,NA,NA,,
2024-Jul,2024-07-14,Stryker_HIRMD,NA,2,5,SUB,2.26,0.1,0.05,0.15,NA,NA,NA,,
2024-Jul,2024-07-14,Stryker_HIRMD,NA,3,1,SUB,6,0.67,0.37,1.04,NA,NA,NA,,
2024-Jul,2024-07-14,Stryker_HIRMD,NA,3,1,SFC,1.73,0.24,0.64,0.88,NA,NA,NA,,
2024-Jul,2024-07-14,Stryker_HIRMD,NA,3,2,SUB,4.38,0.43,0.57,1,NA,NA,NA,,
2024-Jul,2024-07-14,Stryker_HIRMD,NA,3,3,SUB,6,0.5,0,0.5,NA,NA,NA,,
2024-Jul,2024-07-14,Stryker_HIRMD,NA,3,3,SFC,6,1.17,0.39,1.56,NA,NA,C,,
2024-Jul,2024-07-14,Stryker_HIRMD,NA,3,4,SUB,6,0.35,0,0.35,NA,NA,NA,,
2024-Jul,2024-07-14,Stryker_HIRMD,NA,3,4,SFC,1.5,0.08,0.03,0.11,NA,NA,NA,,
2024-Jul,2024-07-14,Stryker_HIRMD,NA,3,5,SUB,6,0.32,0,0.32,NA,NA,NA,,
2024-Jul,2024-07-14,Stryker_HIRMD,NA,3,5,SFC,1.78,0.21,0,0.21,NA,NA,C,,
2024-Jul,2024-07-14,Stryker_HIRMD,NA,3,6,SUB,6,0.52,0,0.52,NA,NA,NA,,
2024-Jul,2024-07-14,Stryker_HIRMD,NA,3,6,SFC,3.74,0.61,0.77,1.38,NA,NA,C,,
2024-Jul,2024-07-14,Stryker_HIRMD,NA,3,7,SUB,2.56,0.18,0.18,0.36,NA,NA,NA,,
2024-Jul,2024-07-14,Stryker_HIRMD,NA,3,8,SUB,3.45,0.2,0.06,0.26,NA,NA,NA,,
2024-Jul,2024-07-14,Stryker_HIRMD,NA,4,1,SUB,6,0.47,0.24,0.71,NA,NA,NA,,
2024-Jul,2024-07-14,Stryker_HIRMD,NA,4,1,SFC,2.32,0.28,0.95,1.23,NA,NA,NA,,
2024-Jul,2024-07-14,Stryker_HIRMD,NA,4,2,SUB,6,0.39,0,0.39,NA,NA,NA,,
2024-Jul,2024-07-14,Stryker_HIRMD,NA,4,2,SFC,7.21,1.02,1.45,2.47,NA,NA,NA,,
2024-Jul,2024-07-14,Stryker_HIRMD,NA,4,3,SUB,6,0.34,0,0.34,NA,NA,NA,,
2024-Jul,2024-07-14,Stryker_HIRMD,NA,4,3,SFC,4.65,0.56,0.88,1.44,NA,NA,NA,,
2024-Jul,2024-07-14,Stryker_HIRMD,NA,4,4,SUB,5.6,0.36,0.43,0.79,NA,NA,NA,,
2024-Jul,2024-07-14,Stryker_HIRMD,NA,4,5,SUB,3.2,0.23,0.4,0.63,NA,NA,NA,,
2024-Jul,2024-07-14,Stryker_HIRMD,NA,4,6,SUB,5.78,0.49,0.67,1.16,NA,NA,NA,,
2024-Jul,2024-07-14,Stryker_HIRMD,NA,5,1,SUB,2.8,0.16,0.26,0.42,NA,NA,NA,,
2024-Jul,2024-07-14,Stryker_HIRMD,NA,5,2,SUB,4.94,0.43,0.68,1.11,NA,NA,NA,,
2024-Jul,2024-07-14,Stryker_HIRMD,NA,5,3,SUB,1.84,0.09,0.18,0.27,NA,NA,NA,,
2024-Jul,2024-07-14,Stryker_HIRMD,NA,5,4,SUB,0.74,0.06,0.12,0.18,NA,NA,NA,,
2024-Jul,2024-07-15,Goose_HIRMD,NA,1,1,SUB,2.27,0.27,0.72,0.99,NA,NA,NA,,
2024-Jul,2024-07-15,Goose_HIRMD,NA,1,2,SUB,4,0.4,0,0.4,NA,NA,NA,,
2024-Jul,2024-07-15,Goose_HIRMD,NA,1,2,SFC,4.62,0.67,0.92,1.59,NA,NA,NA,Terminal,
2024-Jul,2024-07-15,Goose_HIRMD,NA,1,3,SUB,4,0.54,0.3,0.84,NA,NA,NA,,
2024-Jul,2024-07-15,Goose_HIRMD,NA,1,3,SFC,2.83,0.39,1.45,1.84,NA,NA,NA,,
2024-Jul,2024-07-15,Goose_HIRMD,NA,1,4,SUB,4,0.27,0,0.27,NA,NA,NA,,
2024-Jul,2024-07-15,Goose_HIRMD,NA,1,4,SFC,6.4,0.86,0.24,1.1,NA,NA,NA,Terminal,
2024-Jul,2024-07-15,Goose_HIRMD,NA,1,5,SUB,3.17,0.22,0.31,0.53,NA,NA,NA,,
2024-Jul,2024-07-15,Goose_HIRMD,NA,2,1,SUB,4,0.13,0,0.13,NA,NA,NA,,
2024-Jul,2024-07-15,Goose_HIRMD,NA,2,1,SFC,3.29,0.24,0.41,0.65,NA,NA,NA,,
2024-Jul,2024-07-15,Goose_HIRMD,NA,2,2,SUB,3.08,0.17,0.23,0.4,NA,NA,NA,,
2024-Jul,2024-07-15,Goose_HIRMD,NA,2,3,SUB,4,0.34,0.26,0.6,NA,NA,NA,,
2024-Jul,2024-07-15,Goose_HIRMD,NA,2,3,SFC,3.8,0.33,0.94,1.27,NA,NA,NA,,
2024-Jul,2024-07-15,Goose_HIRMD,NA,2,4,SUB,4,0.13,0,0.13,NA,NA,NA,,
2024-Jul,2024-07-15,Goose_HIRMD,NA,2,4,SFC,4.29,0.34,0.15,0.49,NA,NA,NA,,
2024-Jul,2024-07-15,Goose_HIRMD,NA,2,5,SUB,4,0.27,0,0.27,NA,NA,NA,,
2024-Jul,2024-07-15,Goose_HIRMD,NA,2,5,SFC,2.91,0.33,0.67,1,NA,NA,NA,Terminal,
2024-Jul,2024-07-15,Goose_HIRMD,NA,2,6,SUB,4,0.41,0.25,0.66,NA,NA,NA,,
2024-Jul,2024-07-15,Goose_HIRMD,NA,2,6,SFC,1.66,0.22,0.93,1.15,NA,NA,NA,,
2024-Jul,2024-07-15,Goose_HIRMD,NA,2,7,SUB,4,0.27,0,0.27,NA,NA,NA,,
2024-Jul,2024-07-15,Goose_HIRMD,NA,2,7,SFC,2.34,0.27,0,0.27,NA,NA,NA,,
2024-Jul,2024-07-15,Goose_HIRMD,NA,2,8,SUB,4,0.22,0,0.22,NA,NA,NA,,
2024-Jul,2024-07-15,Goose_HIRMD,NA,2,8,SFC,2.04,0.11,0.21,0.32,NA,NA,NA,Terminal,
2024-Jul,2024-07-15,Goose_HIRMD,NA,2,9,SUB,1.74,0.26,0.61,0.87,NA,NA,NA,,
2024-Jul,2024-07-15,Goose_HIRMD,NA,2,10,SUB,2.47,0.19,0.22,0.41,NA,NA,NA,,
2024-Jul,2024-07-15,Goose_HIRMD,NA,3,1,SUB,3.4,0.33,0.92,1.25,NA,NA,NA,,
2024-Jul,2024-07-15,Goose_HIRMD,NA,3,2,SUB,1.89,0.17,0.61,0.78,NA,NA,NA,,
2024-Jul,2024-07-15,Goose_HIRMD,NA,3,3,SUB,2.68,0.23,0.83,1.06,NA,NA,NA,,
2024-Jul,2024-07-15,Goose_HIRMD,NA,3,4,SUB,4,0.44,0.86,1.3,NA,NA,NA,,
2024-Jul,2024-07-15,Goose_HIRMD,NA,3,4,SFC,0.56,0.06,0.21,0.27,NA,NA,NA,,
2024-Jul,2024-07-15,Goose_HIRMD,NA,4,1,SUB,3.45,0.32,0.41,0.73,NA,NA,NA,,
2024-Jul,2024-07-15,Goose_HIRMD,NA,4,2,SUB,4,0.42,0.44,0.86,NA,NA,NA,,
2024-Jul,2024-07-15,Goose_HIRMD,NA,4,2,SFC,1.03,0.18,0.49,0.67,NA,NA,NA,,
2024-Jul,2024-07-15,Goose_HIRMD,NA,4,3,SUB,4,0.44,0.31,0.75,NA,NA,NA,,
2024-Jul,2024-07-15,Goose_HIRMD,NA,4,3,SFC,3,0.42,0.94,1.36,NA,NA,NA,Terminal,
2024-Jul,2024-07-15,Goose_HIRMD,NA,4,4,SUB,4,0.37,0.14,0.51,NA,NA,NA,,
2024-Jul,2024-07-15,Goose_HIRMD,NA,4,4,SFC,3.47,0.47,1.07,1.54,NA,NA,NA,,
2024-Jul,2024-07-15,Goose_HIRMD,NA,4,5,SUB,2.51,0.24,0.34,0.58,NA,NA,NA,,
2024-Jul,2024-07-15,Goose_HIRMD,NA,4,6,SUB,4,0.23,0.07,0.3,NA,NA,NA,,
2024-Jul,2024-07-15,Goose_HIRMD,NA,4,6,SFC,0.78,0.08,0.12,0.2,NA,NA,NA,,
2024-Jul,2024-07-15,Goose_HIRMD,NA,4,7,SUB,3.7,0.21,0,0.21,NA,NA,C,,
2024-Jul,2024-07-15,Goose_HIRMD,NA,4,8,SUB,4,0.42,0,0.42,NA,NA,NA,,
2024-Jul,2024-07-15,Goose_HIRMD,NA,4,8,SFC,5.31,0.73,1.37,2.1,NA,NA,NA,Terminal,
2024-Jul,2024-07-15,Goose_HIRMD,NA,4,9,SUB,4,0.12,0.9,1.02,NA,NA,NA,,
2024-Jul,2024-07-15,Goose_HIRMD,NA,4,9,SFC,1.25,0.11,0.06,0.17,NA,NA,NA,,
2024-Jul,2024-07-15,Goose_HIRMD,NA,4,10,SUB,4,0.35,0,0.35,NA,NA,NA,,
2024-Jul,2024-07-15,Goose_HIRMD,NA,4,10,SFC,4.87,0.57,0.85,1.42,NA,NA,NA,,
2024-Jul,2024-07-15,Goose_HIRMD,NA,4,11,SUB,4.11,0.44,0.67,1.11,NA,NA,NA,,
2024-Jul,2024-07-15,Goose_HIRMD,NA,4,12,SUB,4.15,0.4,0.73,1.13,NA,NA,NA,,
2024-Jul,2024-07-15,Goose_HIRMD,NA,4,13,SUB,4,0.38,0.1,0.48,NA,NA,NA,,
2024-Jul,2024-07-15,Goose_HIRMD,NA,4,13,SFC,5.04,0.57,1.43,2,NA,NA,NA,,
2024-Jul,2024-07-15,Goose_HIRMD,NA,4,14,SUB,1.85,0.16,0.28,0.44,NA,NA,NA,,