period,date,site,transect_length,diver,transect,side,distance,depth,fixed_depth,time,fronds_1m,C_P_T,comment1,comment2
2014-May,2014-05-24,Golden,20,na,1,R,2.6,7.3,na,9:44-10:42,18,na,,
2014-May,2014-05-24,Golden,20,na,1,L,4,7.3,na,9:44-10:42,8,na,,
2014-May,2014-05-24,Golden,20,na,1,R,2.5,7.3,na,9:44-10:42,2,na,,
2014-May,2014-05-24,Golden,20,na,1,R,5.5,7.1,na,9:44-10:42,13,na,,plant recorded as tangled but estimates of length given
2014-May,2014-05-24,Golden,20,na,1,L,8,6.9,na,9:44-10:42,4,na,,
2014-May,2014-05-24,Golden,20,na,1,L,12,6.8,na,9:44-10:42,19,na,,
2014-May,2014-05-29,Meay,20,na,1,L,16.5,5.1,na,14:45-16:00,2,P,no sporo counts,
2014-May,2014-05-29,Meay,20,na,1,R,16.5,4.9,na,14:45-16:00,6,T,no sporo counts,
2014-May,2014-05-29,Meay,20,na,1,L,10.2,4.9,na,14:45-16:00,4,P,,
2014-May,2014-05-29,Meay,20,na,1,L,16.5,5.1,na,14:45-16:00,6,na,,
2014-May,2014-05-29,Meay,20,na,1,L,17.5,5,na,14:45-16:00,6,na,,
2014-May,2014-05-25,Simmonds,20,na,1,L,18,6.4,na,9:25-10:10,17,T,no sporo counts,
2014-May,2014-05-25,Simmonds,20,na,1,R,20,6,na,9:25-10:10,8,na,no sporo counts,
2014-May,2014-05-25,Simmonds,20,na,1,R,9.1,6.9,na,9:25-10:10,5,na,Was 550,
2014-May,2014-05-25,Simmonds,20,na,1,L,4.5,6.9,na,9:25-10:10,1,na,,
2014-May,2014-05-25,Simmonds,20,na,1,L,6.5,6.8,na,9:25-10:10,2,na,,
2014-May,2014-05-25,Simmonds,20,na,1,R,7.8,7.1,na,9:25-10:10,2,na,,
2014-May,2014-05-25,Simmonds,20,na,1,L,13.5,6.7,na,9:25-10:10,12,T,,
2014-May,2014-05-25,Simmonds,20,na,1,L,18,6.7,na,9:25-10:10,18,T,,
2014-May,2014-05-26,Stryker,20,na,1,L,5,6.3,na,8:54-10:01,24,T,no sporo counts,
2014-May,2014-05-26,Stryker,20,na,1,L,14.5,4.6,na,8:54-10:01,9,na,no sporo counts,
2014-May,2014-05-26,Stryker,20,na,1,R,5.5,5.8,na,8:54-10:01,13,na,no sporo counts,
2014-May,2014-05-26,Stryker,20,na,1,R,11.8,5.5,na,8:54-10:01,21,na,used to be 2125 and before that 558,
2014-May,2014-05-26,Stryker,20,na,1,L,5,6.3,na,8:54-10:01,11,T,,
2014-May,2014-05-26,Stryker,20,na,1,R,6,6.1,na,8:54-10:01,5,T,,
2014-May,2014-05-26,Stryker,20,na,1,L,6.5,5.8,na,8:54-10:01,11,na,,
2014-May,2014-05-26,Stryker,20,na,1,L,10.5,6.4,na,8:54-10:01,5,P,,
2014-May,2014-05-26,Stryker,20,na,1,R,11,5.7,na,8:54-10:01,16,na,,
2014-May,2014-05-26,Stryker,20,na,1,R,11.1,5.7,na,8:54-10:01,8,na,,
2014-May,2014-05-26,Stryker,20,na,1,R,14,4.6,na,8:54-10:01,8,na,,
2014-May,2014-05-26,Stryker,20,na,1,R,14,4.6,na,8:54-10:01,15,na,,
2014-May,2014-05-26,Stryker,20,na,1,R,15.5,4.5,na,8:54-10:01,2,na,,
2014-May,2014-05-26,Stryker,20,na,1,R,16.5,4,na,8:54-10:01,12,na,,
2014-May,2014-05-26,Stryker,20,na,1,R,17,4.6,na,8:54-10:01,10,na,,plant recorded as tangled but estimates of length given
2014-May,2014-05-26,Stryker,20,na,1,L,18.5,3.2,na,8:54-10:01,6,na,,
2014-May,2014-05-26,Stryker,20,na,1,L,19.5,3.1,na,8:54-10:01,6,na,,
2014-May,2014-05-26,Stryker,20,na,1,L,19.5,3.1,na,8:54-10:01,7,na,,
2014-May,2014-05-31,Triquet,20,na,1,R,8.5,4.8,na,10:29-11:45,12,na,no sporo counts,plant recorded as tangled but estimates of length given
2014-May,2014-05-31,Triquet,20,na,1,R,9,4.8,na,10:29-11:45,11,na,no sporo counts,
2014-May,2014-05-31,Triquet,20,na,1,L,1.75,4.5,na,10:29-11:45,1,na,,
2014-May,2014-05-31,Triquet,20,na,1,L,1.75,4.5,na,10:29-11:45,1,na,,
2014-May,2014-05-31,Triquet,20,na,1,L,5.5,4.2,na,10:29-11:45,3,na,,
2014-May,2014-05-31,Triquet,20,na,1,L,11.5,4.4,na,10:29-11:45,1,na,,
2014-May,2014-05-31,Triquet,20,na,1,L,14.25,4.2,na,10:29-11:45,1,na,,
2014-May,2014-05-31,Triquet,20,na,1,L,14.25,4.2,na,10:29-11:45,2,na,,
2014-May,2014-05-31,Triquet,20,na,1,L,16,4,na,10:29-11:45,1,na,,
2014-May,2014-05-31,Triquet,20,na,1,L,16.5,4.4,na,10:29-11:45,2,na,,
2014-May,2014-05-31,Triquet,20,na,1,L,17,4.2,na,10:29-11:45,2,na,,
2014-May,2014-05-31,Triquet,20,na,1,R,17,4.7,na,10:29-11:45,4,T,,
2014-May,2014-05-31,Triquet,20,na,1,L,19,4.2,na,10:29-11:45,2,na,,
2014-May,2014-05-31,Triquet,20,na,1,L,20,4.2,na,10:29-11:45,2,na,,
2014-Jun,2014-06-28,Golden,20,na,1,L,4,6.9,na,13:45-14:58,13,na,no sporo counts,
2014-Jun,2014-06-28,Golden,20,na,1,R,5.5,6.6,na,13:45-14:58,16,na,"Was 810, no sporo counts",plant recorded as tangled but estimates of length given
2014-Jun,2014-06-28,Golden,20,na,1,R,2.5,6.7,na,13:45-14:58,1,na,,
2014-Jun,2014-06-28,Golden,20,na,1,R,2.5,6.7,na,13:45-14:58,4,na,,
2014-Jun,2014-06-28,Golden,20,na,1,R,6.5,6.9,na,13:45-14:58,19,na,,plant recorded as tangled but estimates of length given
2014-Jun,2014-06-28,Golden,20,na,1,L,7.75,6.8,na,13:45-14:58,0,na,,
2014-Jun,2014-06-28,Golden,20,na,1,L,8,6.7,na,13:45-14:58,3,na,,
2014-Jul,2014-07-03,Meay,20,na,1,L,16.5,3.3,na,8:49-10:00,61,na,,plant recorded as tangled but estimates of length given
2014-Jul,2014-07-03,Meay,20,na,1,R,16.5,3.2,na,8:49-10:00,3,na,no sporo counts,plant recorded as tangled but estimates of length given
2014-Jul,2014-07-03,Meay,20,na,1,L,0.5,4,na,8:49-10:00,3,na,,
2014-Jul,2014-07-03,Meay,20,na,1,L,10,3.4,na,8:49-10:00,2,P,,
2014-Jul,2014-07-03,Meay,20,na,1,L,17,3.3,na,8:49-10:00,8,na,,
2014-Jun,2014-06-27,Simmonds,20,na,1,L,18,6.8,na,12:35-13:37,17,na,no sporo counts,plant recorded as tangled but estimates of length given
2014-Jun,2014-06-27,Simmonds,20,na,1,R,20,6.1,na,12:35-13:37,12,na,no sporo counts,
2014-Jun,2014-06-27,Simmonds,20,na,1,L,18,6.8,na,12:35-13:37,17,na,was 763,plant recorded as tangled but estimates of length given
2014-Jun,2014-06-27,Simmonds,20,na,1,R,9.1,7.5,na,12:35-13:37,7,na,Was 550,
2014-Jun,2014-06-27,Simmonds,20,na,1,L,5,7.2,na,12:35-13:37,3,na,,
2014-Jun,2014-06-27,Simmonds,20,na,1,L,6.5,7.4,na,12:35-13:37,3,na,,
2014-Jun,2014-06-27,Simmonds,20,na,1,L,7,7.4,na,12:35-13:37,1,na,,
2014-Jun,2014-06-27,Simmonds,20,na,1,L,13.5,7.2,na,12:35-13:37,12,P,,
2014-Jun,2014-06-27,Simmonds,20,na,1,L,14,7.2,na,12:35-13:37,1,na,,
2014-Jun,2014-06-26,Stryker,20,na,1,L,5,5.7,na,9:23-10:52,20,na,,plant recorded as tangled but estimates of length given
2014-Jun,2014-06-26,Stryker,20,na,1,L,14.5,4.1,na,9:23-10:52,9,na,,
2014-Jun,2014-06-26,Stryker,20,na,1,R,5.5,5.1,na,9:23-10:52,11,na,no sporo counts,plant recorded as tangled but estimates of length given
2014-Jun,2014-06-26,Stryker,20,na,1,R,11.8,5,na,9:23-10:52,7,na,used to be 2125 and before that 558,
2014-Jun,2014-06-26,Stryker,20,na,1,L,5,5.7,na,9:23-10:52,11,na,,plant recorded as tangled but estimates of length given
2014-Jun,2014-06-26,Stryker,20,na,1,R,5.5,5.1,na,9:23-10:52,3,P,,
2014-Jun,2014-06-26,Stryker,20,na,1,R,6,5.1,na,9:23-10:52,5,na,,plant recorded as tangled but estimates of length given
2014-Jun,2014-06-26,Stryker,20,na,1,L,6.5,5.6,na,9:23-10:52,11,na,,
2014-Jun,2014-06-26,Stryker,20,na,1,L,10.5,5.8,na,9:23-10:52,6,P,,
2014-Jun,2014-06-26,Stryker,20,na,1,L,11,5.5,na,9:23-10:52,5,P,,
2014-Jun,2014-06-26,Stryker,20,na,1,R,11,5,na,9:23-10:52,28,na,,
2014-Jun,2014-06-26,Stryker,20,na,1,R,11.8,5,na,9:23-10:52,19,na,,plant recorded as tangled but estimates of length given
2014-Jun,2014-06-26,Stryker,20,na,1,R,12.2,4.7,na,9:23-10:52,1,na,,
2014-Jun,2014-06-26,Stryker,20,na,1,R,14,4.3,na,9:23-10:52,9,na,,plant recorded as tangled but estimates of length given
2014-Jun,2014-06-26,Stryker,20,na,1,R,14,4.3,na,9:23-10:52,13,na,,plant recorded as tangled but estimates of length given
2014-Jun,2014-06-26,Stryker,20,na,1,R,14.5,3.8,na,9:23-10:52,13,na,,
2014-Jun,2014-06-26,Stryker,20,na,1,L,15.5,3.6,na,9:23-10:52,7,P,,
2014-Jun,2014-06-26,Stryker,20,na,1,R,15.5,3.8,na,9:23-10:52,7,na,,
2014-Jun,2014-06-26,Stryker,20,na,1,R,15.75,3.9,na,9:23-10:52,1,na,,
2014-Jun,2014-06-26,Stryker,20,na,1,R,16.8,3.1,na,9:23-10:52,12,na,,
2014-Jun,2014-06-26,Stryker,20,na,1,L,19,2.5,na,9:23-10:52,8,na,,
2014-Jul,2014-07-01,Triquet,20,na,1,R,8.5,7.2,na,14:26,17,na,,plant recorded as tangled but estimates of length given
2014-Jul,2014-07-01,Triquet,20,na,1,R,9,7.2,na,14:26,6,T,no sporo counts,
2014-Jul,2014-07-01,Triquet,20,na,1,L,0.5,6,na,11:43-12:56,0,na,,
2014-Jul,2014-07-01,Triquet,20,na,1,L,0.5,6,na,11:43-12:56,1,na,,
2014-Jul,2014-07-01,Triquet,20,na,1,L,0.75,6,na,11:43-12:56,1,na,,
2014-Jul,2014-07-01,Triquet,20,na,1,L,3.5,6.8,na,11:43-12:56,1,na,,
2014-Jul,2014-07-01,Triquet,20,na,1,L,3.5,6.8,na,11:43-12:56,13,P,,
2014-Jul,2014-07-01,Triquet,20,na,1,R,9.25,7.2,na,11:43-12:56,4,na,,
2014-Jul,2014-07-01,Triquet,20,na,1,R,10.5,7,na,11:43-12:56,5,na,,plant recorded as tangled but estimates of length given
2014-Jul,2014-07-01,Triquet,20,na,1,L,11.25,7,na,11:43-12:56,1,na,,
2014-Jul,2014-07-01,Triquet,20,na,1,L,14.5,6.8,na,11:43-12:56,1,na,,
2014-Jul,2014-07-01,Triquet,20,na,1,L,14.5,6.8,na,11:43-12:56,1,na,,
2014-Jul,2014-07-01,Triquet,20,na,1,R,16,6.9,na,11:43-12:56,1,na,,
2014-Jul,2014-07-01,Triquet,20,na,1,L,17,7,na,11:43-12:56,2,na,,
2014-Jul,2014-07-01,Triquet,20,na,1,R,17.5,7.1,na,11:43-12:56,1,na,,
2014-Jul,2014-07-01,Triquet,20,na,1,L,18,6.4,na,11:43-12:56,1,na,,
2014-Jul,2014-07-01,Triquet,20,na,1,L,19,6.8,na,11:43-12:56,2,na,,
2014-Jul,2014-07-01,Triquet,20,na,1,L,19.5,6.7,na,11:43-12:56,2,na,,
2014-Sep,2014-09-06,Golden,20,na,1,R,3,6.3,na,14:25,19,na,,
2014-Sep,2014-09-06,Golden,20,na,1,R,5.25,6.2,na,14:29,16,na,"Was 810, no sporo counts",
2014-Sep,2014-09-06,Golden,20,na,1,L,12,5.8,na,14:25,27,na,,
2014-Sep,2014-09-06,Golden,20,na,1,R,2.25,6.3,na,14:21,5,na,,
2014-Sep,2014-09-06,Golden,20,na,1,R,6.25,6,na,14:36,10,T,,
2014-Sep,2014-09-06,Golden,20,na,1,L,7.25,6.1,na,14:21,0,na,,
2014-Sep,2014-09-06,Golden,20,na,1,L,8.5,6.1,na,14:23,5,na,,
2014-Sep,2014-09-06,Golden,20,na,1,L,12,5.8,na,14:25,15,T,,
2014-Sep,2014-09-10,Meay,20,na,1,L,16.5,6.1,na,14:33,69,na,,
2014-Sep,2014-09-10,Meay,20,na,1,R,16.5,6,na,14:30,4,na,no sporo counts,
2014-Sep,2014-09-10,Meay,20,na,1,L,0.5,6.9,na,14:29,5,na,,
2014-Sep,2014-09-10,Meay,20,na,1,L,3.5,6.8,na,14:31,2,na,,
2014-Sep,2014-09-06,Simmonds,20,na,1,L,18,6.8,na,10:11,25,na,no sporo counts,
2014-Sep,2014-09-06,Simmonds,20,na,1,R,20,5.2,na,10:13,7,na,no sporo counts,
2014-Sep,2014-09-06,Simmonds,20,na,1,L,18,7,na,10:22,18,na,was 763,plant recorded as tangled but estimates of length given
2014-Sep,2014-09-06,Simmonds,20,na,1,R,9.1,7.1,na,10:05,10,T,Was 550,
2014-Sep,2014-09-06,Simmonds,20,na,1,L,4.75,7.3,na,10:03,7,T,,
2014-Sep,2014-09-06,Simmonds,20,na,1,L,6.5,7.4,na,10:07,8,T,,
2014-Sep,2014-09-13,Stryker,20,na,1,L,5,5.8,na,10:12,32,na,no sporo counts,plant recorded as tangled but estimates of length given
2014-Sep,2014-09-13,Stryker,20,na,1,L,14.5,3.6,na,10:23,11,na,,
2014-Sep,2014-09-13,Stryker,20,na,1,R,5.5,5.1,na,10:09,16,na,no sporo counts,
2014-Sep,2014-09-13,Stryker,20,na,1,R,11.8,4.1,na,10:23,17,T,used to be 2125 and before that 558,
2014-Sep,2014-09-13,Stryker,20,na,1,L,0.25,5.6,na,10:05,10,na,,
2014-Sep,2014-09-13,Stryker,20,na,1,L,0.25,5.4,na,10:06,10,na,,
2014-Sep,2014-09-13,Stryker,20,na,1,L,5,5.8,na,10:12,4,na,,
2014-Sep,2014-09-13,Stryker,20,na,1,L,5,5.8,na,10:12,10,T,,
2014-Sep,2014-09-13,Stryker,20,na,1,L,6.5,5,na,10:18,21,na,,
2014-Sep,2014-09-13,Stryker,20,na,1,R,7,4.8,na,10:09,5,T,,
2014-Sep,2014-09-13,Stryker,20,na,1,R,10.5,4.7,na,10:15,26,na,,
2014-Sep,2014-09-13,Stryker,20,na,1,L,11,4.9,na,10:20,3,P,,
2014-Sep,2014-09-13,Stryker,20,na,1,R,14,3.2,na,10:26,16,na,,
2014-Sep,2014-09-13,Stryker,20,na,1,R,14.5,3.1,na,10:28,9,na,,
2014-Sep,2014-09-13,Stryker,20,na,1,R,15,3.1,na,10:29,6,na,,
2014-Sep,2014-09-13,Stryker,20,na,1,L,16,2.7,na,10:27,5,na,,
2014-Sep,2014-09-13,Stryker,20,na,1,L,16.25,2.7,na,10:27,4,na,,
2014-Sep,2014-09-13,Stryker,20,na,1,R,18,2.5,na,10:31,4,na,,
2014-Sep,2014-09-13,Stryker,20,na,1,L,19,2,na,10:31,10,na,,
2014-Sep,2014-09-05,Triquet,20,na,1,R,8,7.1,na,10:21,22,na,,
2014-Sep,2014-09-05,Triquet,20,na,1,R,8.25,7.5,na,10:39,15,na,no sporo counts,
2014-Sep,2014-09-05,Triquet,20,na,1,L,1.5,7.2,na,10:16,1,na,,
2014-Sep,2014-09-05,Triquet,20,na,1,L,4,7.2,na,11:04,9,T,,
2014-Sep,2014-09-05,Triquet,20,na,1,L,4.5,6.8,na,11:05,9,T,,
2014-Sep,2014-09-05,Triquet,20,na,1,R,10.5,7.5,na,10:51,7,na,,
2014-Sep,2014-09-05,Triquet,20,na,1,L,14,7.1,na,10:59,1,na,,
2014-Sep,2014-09-05,Triquet,20,na,1,L,14.5,7.1,na,10:59,2,na,,
2014-Sep,2014-09-05,Triquet,20,na,1,R,17.25,7.3,na,10:53,2,na,,
2014-Sep,2014-09-05,Triquet,20,na,1,L,18.5,7.1,na,10:58,4,na,,
2014-Sep,2014-09-05,Triquet,20,na,1,L,19,7,na,10:56,2,na,,
2015-Apr,2015-04-29,Golden,20,na,1,R,3,7.3,na,11:39,5,na,,
2015-Apr,2015-04-29,Golden,20,na,1,R,5.75,7.2,na,11:18,4,na,"Was 810, no sporo counts",
2015-Apr,2015-04-29,Golden,20,na,1,L,12,6.7,na,11:00,2,na,,
2015-Apr,2015-04-29,Golden,20,na,1,R,2.75,7.3,na,11:16,4,na,,
2015-Apr,2015-04-29,Golden,20,na,1,R,6,7.1,na,11:44,5,na,,
2015-Apr,2015-04-29,Golden,20,na,1,R,6.2,7.1,na,11:44,1,na,,
2015-Apr,2015-04-29,Golden,20,na,1,L,8.5,6.9,na,10:58,2,na,,
2015-Apr,2015-04-29,Golden,20,na,1,R,12,6.7,na,11:00,1,na,,
2015-Apr,2015-04-23,Meay,20,na,1,L,16.5,4.3,na,15:31,1,na,,
2015-Apr,2015-04-23,Meay,20,na,1,R,16.5,4.1,na,15:26,9,na,,
2015-Apr,2015-04-23,Meay,20,na,1,L,0.5,5.2,na,15:26,5,na,,
2015-Apr,2015-04-23,Meay,20,na,1,L,10,4.2,na,15:29,5,P,,
2015-Apr,2015-04-24,Simmonds,20,na,1,L,18,5.1,na,14:09,2,na,,
2015-Apr,2015-04-24,Simmonds,20,na,1,L,18,5.4,na,14:13,2,na,was 763,
2015-Apr,2015-04-24,Simmonds,20,na,1,R,9.1,5.5,na,14:14,7,na,Was 550,
2015-Apr,2015-04-24,Simmonds,20,na,1,L,5,5.7,na,14:06,0,na,,
2015-Apr,2015-04-24,Stryker,20,na,1,L,5,5.5,na,11:46,15,na,no sporo counts,plant recorded as tangled but estimates of length given
2015-Apr,2015-04-24,Stryker,20,na,1,L,14.5,3.6,na,11:59,7,na,,
2015-Apr,2015-04-24,Stryker,20,na,1,R,14,3.2,na,11:55,5,na,,plant recorded as tangled but estimates of length given
2015-Apr,2015-04-24,Stryker,20,na,1,R,11.8,3.8,na,11:46,11,na,used to be 2125 and before that 558,plant recorded as tangled but estimates of length given
2015-Apr,2015-04-24,Stryker,20,na,1,R,12,3.8,na,11:55,7,na,,plant recorded as tangled but estimates of length given
2015-Apr,2015-04-24,Stryker,20,na,1,R,14,2.9,na,11:55,7,na,,plant recorded as tangled but estimates of length given
2015-Apr,2015-04-24,Stryker,20,na,1,L,19.5,1.7,na,12:01,9,na,,
2015-Apr,2015-04-23,Triquet,20,na,1,R,7.5,5.2,na,10:02,3,na,,
2015-Apr,2015-04-23,Triquet,20,na,1,R,0.25,4.9,na,10:00,6,na,,
2015-Apr,2015-04-23,Triquet,20,na,1,L,3,4.1,na,9:59,5,na,,
2015-Apr,2015-04-23,Triquet,20,na,1,L,3.5,4.2,na,10:03,6,na,,
2015-Apr,2015-04-23,Triquet,20,na,1,R,10,5.3,na,10:07,1,na,,
2015-May,2015-05-21,Golden,20,na,1,R,3,4.1,na,10:41,2,na,,
2015-May,2015-05-21,Golden,20,na,1,R,5.5,4,na,10:28,4,na,"Was 810, no sporo counts",
2015-May,2015-05-21,Golden,20,na,1,L,12,3.7,na,10:17,1,na,,
2015-May,2015-05-21,Golden,20,na,1,R,6,3.7,na,10:29,4,na,,
2015-May,2015-05-21,Golden,20,na,1,R,2.75,4.1,na,10:15,6,T,no sporo counts,
2015-May,2015-05-21,Golden,20,na,1,L,0.25,4.4,na,10:12,1,na,,
2015-May,2015-05-21,Golden,20,na,1,R,0.25,4.3,na,10:31,2,na,,
2015-May,2015-05-21,Golden,20,na,1,L,9,3.8,na,10:14,6,na,,
2015-May,2015-05-21,Golden,20,na,1,L,12,3.7,na,10:17,1,na,,
2015-May,2015-05-22,Meay,20,na,1,L,16.5,3.1,na,9:01,13,T,,
2015-May,2015-05-22,Meay,20,na,1,R,16.5,3.2,na,9:43,12,na,no sporo counts,plant recorded as tangled but estimates of length given
2015-May,2015-05-22,Meay,20,na,1,L,0.5,4.1,na,8:52,7,T,,
2015-May,2015-05-22,Meay,20,na,1,L,10,3.3,na,8:58,13,P,,
2015-May,2015-05-20,Simmonds,20,na,1,L,18,7.1,na,14:50,5,na,no sporo counts,plant recorded as tangled but estimates of length given
2015-May,2015-05-20,Simmonds,20,na,1,L,18,7.1,na,14:50,4,na,was 763,plant recorded as tangled but estimates of length given
2015-May,2015-05-20,Simmonds,20,na,1,R,9.1,7.5,na,14:47,8,na,Was 550,
2015-May,2015-05-20,Simmonds,20,na,1,L,5,7.8,na,14:45,3,na,,
2015-May,2015-05-20,Simmonds,20,na,1,R,13.5,6.9,na,15:14,12,P,,
2015-May,2015-05-20,Simmonds,20,na,1,L,14.75,7.6,na,14:48,0,na,,
2015-May,2015-05-20,Stryker,20,na,1,L,5,5.1,na,10:53,19,T,no sporo counts,
2015-May,2015-05-20,Stryker,20,na,1,L,14.5,3.4,na,11:15,8,na,,plant recorded as tangled but estimates of length given
2015-May,2015-05-20,Stryker,20,na,1,R,14,3.4,na,11:10,6,na,,plant recorded as tangled but estimates of length given
2015-May,2015-05-20,Stryker,20,na,1,R,11.8,3.9,na,10:58,11,na,used to be 2125 and before that 558,plant recorded as tangled but estimates of length given
2015-May,2015-05-20,Stryker,20,na,1,L,5.5,5.4,na,11:08,7,T,,
2015-May,2015-05-20,Stryker,20,na,1,L,11,4.8,na,11:04,4,na,,
2015-May,2015-05-20,Stryker,20,na,1,R,11.5,3.9,na,10:50,5,na,,plant recorded as tangled but estimates of length given
2015-May,2015-05-20,Stryker,20,na,1,R,11.6,3.9,na,10:52,7,na,,plant recorded as tangled but estimates of length given
2015-May,2015-05-20,Stryker,20,na,1,R,15,2.8,na,11:15,3,na,,plant recorded as tangled but estimates of length given
2015-May,2015-05-20,Stryker,20,na,1,L,16,3.1,na,11:19,3,P,,
2015-May,2015-05-20,Stryker,20,na,1,L,19.75,1.5,na,11:26,5,na,,plant recorded as tangled but estimates of length given
2015-May,2015-05-20,Stryker,20,na,1,L,19.75,1.8,na,11:21,12,na,,plant recorded as tangled but estimates of length given
2015-May,2015-05-22,Triquet,20,na,1,R,7.5,4.5,na,10:21,7,na,,
2015-May,2015-05-22,Triquet,20,na,1,R,0.25,4.8,na,10:25,3,na,,
2015-May,2015-05-22,Triquet,20,na,1,L,3.5,4.6,na,10:24,2,na,,
2015-May,2015-05-22,Triquet,20,na,1,L,3.5,4.6,na,10:29,7,na,,
2015-May,2015-05-22,Triquet,20,na,1,R,8,4.9,na,10:27,1,na,,
2015-May,2015-05-22,Triquet,20,na,1,R,10,4.8,na,10:28,0,na,,
2015-Jun,2015-06-27,Golden,20,na,1,R,3,5.7,na,15:28,4,na,,
2015-Jun,2015-06-27,Golden,20,na,1,R,5.5,5.5,na,15:31,5,na,"Was 810, no sporo counts",
2015-Jun,2015-06-27,Golden,20,na,1,L,12,4.9,na,15:45,1,na,,
2015-Jun,2015-06-27,Golden,20,na,1,R,6,5.4,na,15:36,5,T,,
2015-Jun,2015-06-27,Golden,20,na,1,L,0,5.7,na,15:37,2,na,,
2015-Jun,2015-06-27,Golden,20,na,1,R,0.25,5.6,na,15:27,0,na,,
2015-Jun,2015-06-27,Golden,20,na,1,L,5,5.4,na,15:37,0,na,,
2015-Jun,2015-06-27,Golden,20,na,1,L,7,5.4,na,15:40,12,T,,plant recorded as tangled but estimates of length given
2015-Jun,2015-06-27,Golden,20,na,1,L,12,4.9,na,15:45,1,na,,
2015-Jun,2015-06-27,Golden,20,na,1,L,18,4.9,na,15:45,1,na,,
2015-Jun,2015-06-29,Meay,20,na,1,L,16.5,4.4,na,14:02,20,T,,
2015-Jun,2015-06-29,Meay,20,na,1,R,16.5,4.3,na,14:10,14,T,,
2015-Jun,2015-06-29,Meay,20,na,1,L,0.5,5.3,na,13:52,7,T,,
2015-Jun,2015-06-29,Meay,20,na,1,R,4,4.9,na,14:00,0,na,,
2015-Jun,2015-06-29,Meay,20,na,1,R,7,4.6,na,14:02,2,na,,
2015-Jun,2015-06-29,Meay,20,na,1,L,9.5,4.5,na,13:58,2,P,,
2015-Jun,2015-06-27,Simmonds,20,na,1,L,18,6.5,na,11:07,5,T,no sporo counts,
2015-Jun,2015-06-27,Simmonds,20,na,1,L,18,6.5,na,11:10,11,na,was 763,plant recorded as tangled but estimates of length given
2015-Jun,2015-06-27,Simmonds,20,na,1,R,9.1,6.9,na,11:22,18,na,Was 550,plant recorded as tangled but estimates of length given
2015-Jun,2015-06-27,Simmonds,20,na,1,L,3.75,7.4,na,10:55,0,na,,
2015-Jun,2015-06-27,Simmonds,20,na,1,L,5,7.2,na,10:55,8,T,,
2015-Jun,2015-06-27,Simmonds,20,na,1,L,10,6.9,na,11:01,1,na,,
2015-Jun,2015-06-27,Simmonds,20,na,1,L,10,7,na,10:59,2,na,,
2015-Jun,2015-06-27,Simmonds,20,na,1,L,10.25,6.9,na,11:01,1,na,,
2015-Jun,2015-06-27,Simmonds,20,na,1,L,14.75,7,na,11:03,1,na,,
2015-Jun,2015-06-27,Simmonds,20,na,1,L,15.25,7,na,11:03,2,na,,
2015-Jun,2015-06-27,Simmonds,20,na,1,L,15.26,7,na,11:03,2,na,,
2015-Jun,2015-06-27,Simmonds,20,na,1,L,15.5,7,na,11:03,1,na,,
2015-Jun,2015-06-27,Simmonds,20,na,1,L,15.5,6.9,na,11:06,1,na,,
2015-Jun,2015-06-27,Simmonds,20,na,1,R,16,6.6,na,11:17,1,na,,
2015-Jun,2015-06-27,Simmonds,20,na,1,R,16.5,6.4,na,11:17,0,na,,
2015-Jun,2015-06-27,Simmonds,20,na,1,L,19.5,6.5,na,11:15,1,na,,
2015-Jun,2015-06-27,Simmonds,20,na,1,R,20,5.8,na,11:16,0,na,,
2015-Jun,2015-06-23,Stryker,20,na,1,L,5,6.6,na,15:09,18,T,no sporo counts,
2015-Jun,2015-06-23,Stryker,20,na,1,L,14.5,4.8,na,15:26,10,na,,
2015-Jun,2015-06-23,Stryker,20,na,1,R,14,5.1,na,15:49,5,na,no sporo counts,
2015-Jun,2015-06-23,Stryker,20,na,1,R,6,5.8,na,15:21,12,na,no sporo counts,
2015-Jun,2015-06-23,Stryker,20,na,1,R,11.8,4.9,na,15:39,15,na,used to be 2125 and before that 558,plant recorded as tangled but estimates of length given
2015-Jun,2015-06-23,Stryker,20,na,1,L,5,6.6,na,15:09,8,T,,
2015-Jun,2015-06-23,Stryker,20,na,1,L,11,6.4,na,15:23,5,na,,
2015-Jun,2015-06-23,Stryker,20,na,1,R,11.5,4.8,na,15:35,14,na,,plant recorded as tangled but estimates of length given
2015-Jun,2015-06-23,Stryker,20,na,1,R,12,4.8,na,15:45,8,na,,plant recorded as tangled but estimates of length given
2015-Jun,2015-06-23,Stryker,20,na,1,R,14.5,4.6,na,15:47,9,na,,plant recorded as tangled but estimates of length given
2015-Jun,2015-06-23,Stryker,20,na,1,R,15,4.8,na,15:45,5,na,,plant recorded as tangled but estimates of length given
2015-Jun,2015-06-23,Stryker,20,na,1,R,15.5,4.6,na,15:43,4,na,,
2015-Jun,2015-06-23,Stryker,20,na,1,L,16,4,na,15:28,6,na,,
2015-Jun,2015-06-23,Stryker,20,na,1,L,16.25,4,na,15:28,3,na,,
2015-Jun,2015-06-23,Stryker,20,na,1,L,19.5,3.2,na,15:33,7,na,,
2015-Jun,2015-06-23,Stryker,20,na,1,R,19.5,3.4,na,15:43,1,P,,
2015-Jun,2015-06-23,Stryker,20,na,1,L,20,3.2,na,15:33,16,na,,plant recorded as tangled but estimates of length given
2015-Jun,2015-06-28,Triquet,20,na,1,R,7.5,6.3,na,15:23,4,na,,
2015-Jun,2015-06-28,Triquet,20,na,1,R,0.25,5.9,na,15:17,8,na,,
2015-Jun,2015-06-28,Triquet,20,na,1,L,3,6,na,15:15,3,na,,
2015-Jun,2015-06-28,Triquet,20,na,1,L,4,6,na,15:16,13,na,,
2015-Jun,2015-06-28,Triquet,20,na,1,R,6,6,na,9:25,1,na,,
2015-Jun,2015-06-28,Triquet,20,na,1,R,8,6.3,na,15:26,3,na,,
2015-Jun,2015-06-28,Triquet,20,na,1,R,20,5.9,na,15:28,0,na,,
2015-Aug,2015-08-07,Golden,20,na,1,L,0.5,6.6,na,10:27,5,na,,
2015-Aug,2015-08-07,Golden,20,na,1,R,3,5.8,na,10:24,7,na,,
2015-Aug,2015-08-07,Golden,20,na,1,R,5,5.6,na,10:29,4,na,Was 810,
2015-Aug,2015-08-07,Golden,20,na,1,R,5,5.4,na,10:44,5,na,,plant recorded as tangled but estimates of length given
2015-Aug,2015-08-07,Golden,20,na,1,R,0.5,6.6,na,10:27,0,na,,
2015-Aug,2015-08-07,Golden,20,na,1,L,4.25,6.2,na,10:29,0,na,,
2015-Aug,2015-08-07,Golden,20,na,1,R,5,5.4,na,10:48,2,na,,plant recorded as tangled but estimates of length given
2015-Aug,2015-08-07,Golden,20,na,1,L,7,6,na,10:30,2,P,,
2015-Aug,2015-08-07,Golden,20,na,1,L,12.25,5.7,na,10:32,1,na,,
2015-Aug,2015-08-08,Meay,20,na,1,L,16.5,4.4,na,9:24,14,T,,
2015-Aug,2015-08-08,Meay,20,na,1,R,16.5,4.3,na,9:14,16,na,,
2015-Aug,2015-08-08,Meay,20,na,1,L,0.5,5.5,na,9:09,6,na,,
2015-Aug,2015-08-08,Meay,20,na,1,R,4.75,5,na,9:07,1,na,,
2015-Aug,2015-08-08,Meay,20,na,1,L,10,4.5,na,9:19,50,na,,
2015-Aug,2015-08-09,Simmonds,20,na,1,L,18,7,na,10:18,7,na,,plant recorded as tangled but estimates of length given
2015-Aug,2015-08-09,Simmonds,20,na,1,L,18,7,na,10:18,4,T,was 763,
2015-Aug,2015-08-09,Simmonds,20,na,1,R,9.1,7.1,na,10:05,24,na,Was 550,
2015-Aug,2015-08-09,Simmonds,20,na,1,R,0.25,7.9,na,9:49,1,na,,
2015-Aug,2015-08-09,Simmonds,20,na,1,L,4,7.6,na,10:05,1,na,,
2015-Aug,2015-08-09,Simmonds,20,na,1,R,4,7.6,na,9:51,0,na,,
2015-Aug,2015-08-09,Simmonds,20,na,1,R,4,7.6,na,9:50,1,na,,
2015-Aug,2015-08-09,Simmonds,20,na,1,R,4,7.6,na,9:51,3,P,,
2015-Aug,2015-08-09,Simmonds,20,na,1,L,5,7.6,na,10:05,1,na,,
2015-Aug,2015-08-09,Simmonds,20,na,1,L,5,7.6,na,10:05,11,T,,
2015-Aug,2015-08-09,Simmonds,20,na,1,R,5,7.4,na,12:43,1,na,,
2015-Aug,2015-08-09,Simmonds,20,na,1,R,5,7.4,na,9:53,1,na,,
2015-Aug,2015-08-09,Simmonds,20,na,1,R,5,7.4,na,9:55,1,na,,
2015-Aug,2015-08-09,Simmonds,20,na,1,R,5,7.4,na,9:55,1,na,,
2015-Aug,2015-08-09,Simmonds,20,na,1,R,5,7.3,na,9:53,2,na,,
2015-Aug,2015-08-09,Simmonds,20,na,1,R,5,7.4,na,9:55,2,na,,
2015-Aug,2015-08-09,Simmonds,20,na,1,R,5,7.4,na,9:55,5,na,,
2015-Aug,2015-08-09,Simmonds,20,na,1,R,5.5,7.2,na,9:58,0,na,,
2015-Aug,2015-08-09,Simmonds,20,na,1,L,10,7.1,na,10:08,5,na,,
2015-Aug,2015-08-09,Simmonds,20,na,1,R,14,6.8,na,10:10,0,na,,
2015-Aug,2015-08-09,Simmonds,20,na,1,R,14,6.8,na,10:10,0,na,,
2015-Aug,2015-08-09,Simmonds,20,na,1,R,15,6.8,na,10:10,0,na,,
2015-Aug,2015-08-09,Simmonds,20,na,1,L,15.5,7.1,na,10:13,4,na,,
2015-Aug,2015-08-09,Simmonds,20,na,1,R,15.5,6.8,na,10:10,2,na,,
2015-Aug,2015-08-09,Simmonds,20,na,1,L,15.75,7.1,na,10:13,3,na,,
2015-Aug,2015-08-09,Simmonds,20,na,1,L,16,7.1,na,10:13,2,na,,
2015-Aug,2015-08-09,Simmonds,20,na,1,R,16,6.8,na,10:10,4,P,,
2015-Aug,2015-08-09,Simmonds,20,na,1,L,17,7.1,na,10:16,0,na,,
2015-Aug,2015-08-09,Simmonds,20,na,1,L,17,7.1,na,10:16,4,na,,
2015-Aug,2015-08-09,Simmonds,20,na,1,L,18,7,na,10:18,2,T,,
2015-Aug,2015-08-09,Simmonds,20,na,1,L,18,7,na,10:18,8,T,,
2015-Aug,2015-08-09,Simmonds,20,na,1,R,20,6,na,10:15,1,na,,
2015-Aug,2015-08-09,Simmonds,20,na,1,R,20,6,na,10:15,1,C,,
2015-Aug,2015-08-05,Stryker,20,na,1,R,14.5,4.6,na,13:31,4,na,used to be 249,
2015-Aug,2015-08-05,Stryker,20,na,1,L,5,6.1,na,13:10,12,T,841 duplicate for Aug 2015 deleted,
2015-Aug,2015-08-05,Stryker,20,na,1,L,14.5,4.6,na,13:31,12,T,,
2015-Aug,2015-08-05,Stryker,20,na,1,L,14,4.6,na,13:26,4,na,,
2015-Aug,2015-08-05,Stryker,20,na,1,R,6,4.4,na,11:56,13,na,,plant recorded as tangled but estimates of length given
2015-Aug,2015-08-05,Stryker,20,na,1,R,11.8,4.6,na,13:21,14,na,used to be 2125 and before that 558,plant recorded as tangled but estimates of length given
2015-Aug,2015-08-05,Stryker,20,na,1,L,0.5,6.2,na,13:10,1,P,,
2015-Aug,2015-08-05,Stryker,20,na,1,L,5,6.5,na,13:20,2,na,,
2015-Aug,2015-08-05,Stryker,20,na,1,L,5,6.5,na,13:20,4,T,,
2015-Aug,2015-08-05,Stryker,20,na,1,L,11,5.8,na,13:23,6,na,,
2015-Aug,2015-08-05,Stryker,20,na,1,R,11,5.1,na,13:13,4,na,,plant recorded as tangled but estimates of length given
2015-Aug,2015-08-05,Stryker,20,na,1,R,11.3,4.9,na,13:15,3,na,,plant recorded as tangled but estimates of length given
2015-Aug,2015-08-05,Stryker,20,na,1,R,11.5,4.6,na,13:17,6,na,,plant recorded as tangled but estimates of length given
2015-Aug,2015-08-05,Stryker,20,na,1,R,12,4.5,na,13:35,7,na,,plant recorded as tangled but estimates of length given
2015-Aug,2015-08-05,Stryker,20,na,1,R,14,4.4,na,13:37,0,na,,
2015-Aug,2015-08-05,Stryker,20,na,1,R,14,3.9,na,13:43,11,na,,plant recorded as tangled but estimates of length given
2015-Aug,2015-08-05,Stryker,20,na,1,R,15,4,na,13:45,6,na,,plant recorded as tangled but estimates of length given
2015-Aug,2015-08-05,Stryker,20,na,1,R,15.5,3.9,na,13:47,5,na,,
2015-Aug,2015-08-05,Stryker,20,na,1,L,16,4.3,na,13:38,0,na,,
2015-Aug,2015-08-05,Stryker,20,na,1,L,16.75,3.6,na,13:39,1,P,,
2015-Aug,2015-08-05,Stryker,20,na,1,L,17,3.6,na,13:39,0,na,,
2015-Aug,2015-08-05,Stryker,20,na,1,L,17,3.6,na,13:39,0,na,,
2015-Aug,2015-08-05,Stryker,20,na,1,R,17,3.6,na,13:50,2,na,,
2015-Aug,2015-08-05,Stryker,20,na,1,L,19,2.9,na,13:41,8,na,,
2015-Aug,2015-08-05,Stryker,20,na,1,L,20,2.9,na,13:41,17,na,,
2015-Aug,2015-08-06,Triquet,20,na,1,R,8,5.2,na,11:17,3,na,,
2015-Aug,2015-08-06,Triquet,20,na,1,R,7.5,5.2,na,11:14,4,na,,
2015-Aug,2015-08-06,Triquet,20,na,1,R,0,5.1,na,11:11,7,na,,plant recorded as tangled but estimates of length given
2015-Aug,2015-08-06,Triquet,20,na,1,L,3.5,5.5,na,10:59,3,na,,
2015-Aug,2015-08-06,Triquet,20,na,1,L,4.5,5.4,na,10:57,3,na,,
2015-Aug,2015-08-06,Triquet,20,na,1,L,5,5.4,na,10:57,6,P,,
2015-Aug,2015-08-06,Triquet,20,na,1,L,11,5.7,na,10:55,2,na,,
2015-Aug,2015-08-06,Triquet,20,na,1,L,13.5,5.3,na,11:23,0,na,,
2015-Aug,2015-08-06,Triquet,20,na,1,R,19.75,5,na,11:20,1,na,,
2015-Sep,2015-09-11,Golden,20,na,1,L,0.5,7,na,10:11,9,na,,plant recorded as tangled but estimates of length given
2015-Sep,2015-09-11,Golden,20,na,1,R,5,6.1,na,9:59,6,na,Was 810,
2015-Sep,2015-09-11,Golden,20,na,1,R,5,6,na,9:53,8,na,,
2015-Sep,2015-09-11,Golden,20,na,1,L,4,6,na,10:17,6,na,,plant recorded as tangled but estimates of length given
2015-Sep,2015-09-11,Golden,20,na,1,L,5.5,6,na,10:09,2,na,,
2015-Sep,2015-09-13,Meay,20,na,1,R,16.5,3,na,9:55,16,na,,plant recorded as tangled but estimates of length given
2015-Sep,2015-09-13,Meay,20,na,1,L,0.5,3.8,na,9:48,9,na,,plant recorded as tangled but estimates of length given
2015-Sep,2015-09-13,Meay,20,na,1,R,5,3.8,na,9:49,3,na,,
2015-Sep,2015-09-13,Meay,20,na,1,R,13,3,na,10:03,12,P,,
2015-Sep,2015-09-10,Simmonds,20,na,1,L,18,7,na,11:18,9,na,,plant recorded as tangled but estimates of length given
2015-Sep,2015-09-10,Simmonds,20,na,1,R,9.1,7.5,na,10:59,28,na,Was 550,plant recorded as tangled but estimates of length given
2015-Sep,2015-09-10,Simmonds,20,na,1,R,1.2,8.2,na,10:47,2,na,,
2015-Sep,2015-09-10,Simmonds,20,na,1,L,4,8,na,10:49,1,na,,
2015-Sep,2015-09-10,Simmonds,20,na,1,R,4.5,8,na,10:51,2,na,,
2015-Sep,2015-09-10,Simmonds,20,na,1,L,5,7.8,na,10:52,8,T,,
2015-Sep,2015-09-10,Simmonds,20,na,1,R,5.5,7.5,na,10:55,6,na,,plant recorded as tangled but estimates of length given
2015-Sep,2015-09-10,Simmonds,20,na,1,R,5.5,8,na,10:53,8,na,,plant recorded as tangled but estimates of length given
2015-Sep,2015-09-10,Simmonds,20,na,1,L,10,7,na,11:10,8,na,,plant recorded as tangled but estimates of length given
2015-Sep,2015-09-10,Simmonds,20,na,1,R,10.5,7,na,11:12,2,na,,
2015-Sep,2015-09-10,Simmonds,20,na,1,R,15.5,7,na,11:13,3,na,,
2015-Sep,2015-09-10,Simmonds,20,na,1,L,15.8,7,na,11:14,2,na,,
2015-Sep,2015-09-10,Simmonds,20,na,1,R,16,7,na,11:15,1,na,,
2015-Sep,2015-09-10,Simmonds,20,na,1,L,19.5,7,na,11:37,2,na,,
2015-Sep,2015-09-10,Simmonds,20,na,1,R,20,6.8,na,11:36,2,na,,
2015-Sep,2015-09-09,Stryker,20,na,1,R,14.5,6.5,na,11:54,8,na,"used to be 249, Frond loss data messed up for this interval",plant recorded as tangled but estimates of length given
2015-Sep,2015-09-09,Stryker,20,na,1,L,5,8.2,na,11:57,20,na,Frond loss data messed up for this interval,plant recorded as tangled but estimates of length given
2015-Sep,2015-09-09,Stryker,20,na,1,L,14.5,7,na,11:32,17,na,Frond loss data messed up for this interval,
2015-Sep,2015-09-09,Stryker,20,na,1,L,4,7.3,na,11:00,8,na,Frond loss data messed up for this interval,plant recorded as tangled but estimates of length given
2015-Sep,2015-09-09,Stryker,20,na,1,L,14,7,na,11:45,8,na,Frond loss data messed up for this interval,
2015-Sep,2015-09-09,Stryker,20,na,1,R,6,8,na,11:11,13,na,Frond loss data messed up for this interval,plant recorded as tangled but estimates of length given
2015-Sep,2015-09-09,Stryker,20,na,1,R,11.8,7,na,11:31,13,na,"used to be 2125 and before that 558, Frond loss data messed up for this interval",plant recorded as tangled but estimates of length given
2015-Sep,2015-09-09,Stryker,20,na,1,L,11,8,na,11:15,8,na,,plant recorded as tangled but estimates of length given
2015-Sep,2015-09-09,Stryker,20,na,1,L,12,8,na,11:24,9,na,,
2015-Sep,2015-09-09,Stryker,20,na,1,R,14,6,na,12:08,12,na,,
2015-Sep,2015-09-09,Stryker,20,na,1,L,14.8,2,na,13:25,11,na,,
2015-Sep,2015-09-09,Stryker,20,na,1,L,15,2,na,13:21,12,na,,
2015-Sep,2015-09-09,Stryker,20,na,1,R,16,6,na,11:46,10,na,,
2015-Sep,2015-09-12,Triquet,20,na,1,R,8,7.1,na,11:32,4,na,,
2015-Sep,2015-09-12,Triquet,20,na,1,R,7.5,7.1,na,11:26,5,na,,
2015-Sep,2015-09-12,Triquet,20,na,1,R,0,6.9,na,11:24,8,na,,
2015-Sep,2015-09-12,Triquet,20,na,1,R,10.5,7.2,na,11:35,0,na,,
2015-Sep,2015-09-12,Triquet,20,na,1,L,20,6.9,na,11:36,3,na,,
2016-May,2016-05-23,Meay,20,OP,2,L,17,na,2,14:41,1,na,"plant is growing on the line, chose left side arbritrarily ",
2016-May,2016-05-23,Meay,20,OP,1,L,10,na,2,14:58,11,na,,
2016-May,2016-05-23,Meay,20,OP,1,L,0.5,na,2,15:03,3,na,,
2016-May,2016-05-23,Meay,20,OP,1,L,18,na,2,14:45,2,na,,
2016-May,2016-05-23,Meay,20,OP,1,L,18.5,na,2,14:50,2,na,,
2016-May,2016-05-23,Meay,20,OP,2,L,18,na,2,14:32,5,na,,plant recorded as tangled but estimates of length given
2016-May,2016-05-23,Meay,20,OP,2,L,17.5,na,2,14:26,8,na,,plant recorded as tangled but estimates of length given
2016-May,2016-05-23,Meay,20,OP,2,L,17,na,2,14:24,11,na,,plant recorded as tangled but estimates of length given
2016-May,2016-05-23,Meay,20,OP,2,L,18.5,na,2,14:28,14,na,,plant recorded as tangled but estimates of length given
2015-Aug,2015-08-08,Meay,20,na,3,L,10.5,3.7,na,10:27,2,na,,
2016-May,2016-05-23,Meay,20,AM,3,L,5,na,2,13:44,5,na,,plant recorded as tangled but estimates of length given
2016-Jun,2016-06-12,Meay,20,NR,3,L,5,na,2,10:09,4,na,,plant recorded as tangled but estimates of length given
2016-May,2016-05-23,Meay,20,AM,3,L,6.6,na,2,14:07,2,na,,
2016-May,2016-05-23,Meay,20,OP,1,R,16,na,2,14:55,3,na,,
2016-May,2016-05-23,Meay,20,OP,2,R,4.2,na,2,14:26,2,na,,
2016-May,2016-05-23,Meay,20,AM,3,R,15,na,2,14:21,1,na,,
2016-May,2016-05-23,Meay,20,AM,3,R,10,na,2,14:18,4,na,,
2016-May,2016-05-23,Meay,20,AM,3,R,10.3,na,2,14:19,1,na,,
2016-May,2016-05-23,Meay,20,AM,3,R,10.5,na,2,14:14,2,na,,
2016-May,2016-05-23,Meay,20,AM,3,R,18.5,na,2,14:27,6,na,,
2016-May,2016-05-22,Triquet,20,AM,2,L,6,na,4,10:38,1,na,"plant is growing on the line, chose left side arbritrarily ",
2016-May,2016-05-22,Triquet,20,AM,2,L,20,na,4,10:47,4,na,used to be 2485,
2016-May,2016-05-22,Triquet,20,AM,2,L,10.5,na,4,10:41,7,na,,
2015-Apr,2015-04-23,Triquet,20,na,3,L,14,4,na,10:49,4,na,"was 1951, no sporo counts",
2016-May,2016-05-22,Triquet,20,OP,1,R,8,na,4,11:22,3,na,,
2016-May,2016-05-22,Triquet,20,OP,1,R,0,na,4,11:20,1,na,,
2016-May,2016-05-22,Triquet,20,OP,1,R,8,na,4,11:22,0,na,,
2016-May,2016-05-22,Triquet,20,OP,1,R,10,na,4,11:26,0,na,,
2016-May,2016-05-22,Triquet,20,OP,1,R,18,na,4,11:30,1,na,,
2015-Apr,2015-04-23,Triquet,20,na,2,R,16.5,4.9,na,10:30,5,na,no sporo counts,
2015-Apr,2015-04-23,Triquet,20,na,2,R,17,4.8,na,10:39,2,na,*Used to be 754,
2016-May,2016-05-22,Triquet,20,OP,2,R,1.5,na,4,10:42,8,na,used to be 1782,
2016-May,2016-05-22,Triquet,20,OP,2,R,7,na,4,10:46,2,na,,
2016-May,2016-05-22,Triquet,20,OP,2,R,10,na,4,10:48,1,na,,
2016-May,2016-05-22,Triquet,20,OP,2,R,12,na,4,10:50,3,na,,
2016-May,2016-05-22,Triquet,20,OP,2,R,13,na,4,10:55,2,na,,
2016-May,2016-05-22,Triquet,20,OP,2,R,15,na,4,10:56,3,na,,
2016-May,2016-05-22,Triquet,20,OP,2,R,17,na,4,10:58,3,na,,
2016-May,2016-05-22,Triquet,20,OP,2,R,20,na,4,11:12,3,na,,
2016-May,2016-05-22,Triquet,20,OP,3,R,1,na,4,10:21,4,na,,
2016-May,2016-05-22,Triquet,20,OP,3,R,15,na,4,10:34,8,na,used to be 2152,
2016-May,2016-05-22,Triquet,20,OP,3,R,11.5,na,4,10:26,2,na,,
2016-May,2016-05-22,Triquet,20,OP,3,R,15,na,4,10:36,1,na,,
2016-May,2016-05-22,Triquet,20,OP,3,R,15,na,4,10:36,2,na,,
2016-May,2016-05-22,Triquet,20,OP,3,R,15,na,4,10:36,7,P,,
2016-May,2016-05-21,Westbeach,20,AM,1,L,11,na,2,11:50,8,na,used to be 1732,
2016-May,2016-05-21,Westbeach,20,AM,1,L,14.5,na,2,11:56,5,na,,
2016-May,2016-05-21,Westbeach,20,AM,1,L,2.8,na,2,11:28,2,na,,
2016-May,2016-05-21,Westbeach,20,AM,1,L,3.5,na,2,11:32,3,na,,
2016-May,2016-05-21,Westbeach,20,AM,1,L,10,na,2,11:36,3,C,,
2016-May,2016-05-21,Westbeach,20,AM,1,L,10.1,na,2,11:40,7,C,,
2016-May,2016-05-21,Westbeach,20,AM,1,L,11,na,2,11:43,3,na,,
2016-May,2016-05-21,Westbeach,20,AM,1,L,11.25,na,2,11:54,9,na,,
2016-May,2016-05-21,Westbeach,20,AM,2,L,0,na,2,12:24,6,na,,
2016-May,2016-05-21,Westbeach,20,AM,2,L,10.6,na,2,14:14,13,na,,
2016-May,2016-05-21,Westbeach,20,AM,2,L,0,na,2,12:18,3,na,,
2016-May,2016-05-21,Westbeach,20,AM,2,L,0.75,na,2,14:01,2,C,,
2016-May,2016-05-21,Westbeach,20,AM,2,L,1,na,2,14:06,3,na,,
2016-May,2016-05-21,Westbeach,20,AM,2,L,10.3,na,2,14:09,5,na,,
2016-May,2016-05-21,Westbeach,20,AM,2,L,10.75,na,2,14:22,8,na,,
2016-May,2016-05-21,Westbeach,20,AM,2,L,10.75,na,2,14:20,10,na,,
2016-May,2016-05-21,Westbeach,20,AM,2,L,19.75,na,2,14:26,11,na,,
2016-May,2016-05-21,Westbeach,20,AM,3,R,4.25,na,2,14:38,8,na,plant used to be on left side of transect,
2016-May,2016-05-21,Westbeach,20,AM,3,L,2.8,na,2,14:32,11,na,,
2016-May,2016-05-21,Westbeach,20,AM,3,L,4.8,na,2,14:47,9,na,,
2016-May,2016-05-21,Westbeach,20,AM,3,L,10.7,na,2,14:49,3,na,,
2016-May,2016-05-21,Westbeach,20,AM,3,L,11.4,na,2,14:51,7,na,,
2016-May,2016-05-21,Westbeach,20,AM,3,L,11.75,na,2,14:54,2,na,,
2016-May,2016-05-21,Westbeach,20,AM,3,L,11.75,na,2,14:55,4,na,,
2016-May,2016-05-21,Westbeach,20,AM,3,L,12.2,na,2,14:56,3,na,,
2016-May,2016-05-21,Westbeach,20,AM,3,L,14,na,2,14:57,2,na,,
2016-May,2016-05-21,Westbeach,20,AM,3,L,15,na,2,14:58,7,na,,
2016-May,2016-05-21,Westbeach,20,AM,3,L,17,na,2,15:00,8,na,,
2016-May,2016-05-21,Westbeach,20,AM,3,L,4.25,na,2,14:45,4,na,,
2016-May,2016-05-21,Westbeach,20,OP,1,R,1.5,na,2,11:25,6,na,*Used to be 1758,
2016-May,2016-05-21,Westbeach,20,OP,1,R,12.5,na,2,12:06,10,na,used to be 2006,
2016-May,2016-05-21,Westbeach,20,OP,1,R,1.5,na,2,11:32,6,na,,
2016-May,2016-05-21,Westbeach,20,OP,1,R,1.7,na,2,11:35,2,na,,
2016-May,2016-05-21,Westbeach,20,OP,1,R,2,na,2,11:37,3,na,,
2016-May,2016-05-21,Westbeach,20,OP,1,R,2.1,na,2,11:38,19,na,,
2016-May,2016-05-21,Westbeach,20,OP,1,R,2.8,na,2,11:42,1,na,,
2016-May,2016-05-21,Westbeach,20,OP,1,R,2.8,na,2,11:42,1,na,,
2016-May,2016-05-21,Westbeach,20,OP,1,R,2.8,na,2,11:42,4,na,,
2016-May,2016-05-21,Westbeach,20,OP,1,R,3.1,na,2,11:47,1,na,,
2016-May,2016-05-21,Westbeach,20,OP,1,R,3.2,na,2,11:47,5,na,,
2016-May,2016-05-21,Westbeach,20,OP,1,R,3.5,na,2,11:48,9,na,,
2016-May,2016-05-21,Westbeach,20,OP,1,R,4,na,2,11:54,19,na,,
2016-May,2016-05-21,Westbeach,20,OP,1,R,8.6,na,2,11:58,9,na,,
2016-May,2016-05-21,Westbeach,20,OP,1,R,10.3,na,2,12:00,1,na,,
2016-May,2016-05-21,Westbeach,20,OP,1,R,10.3,na,2,12:00,1,na,,
2016-May,2016-05-21,Westbeach,20,OP,1,R,11.5,na,2,12:02,12,na,,
2016-May,2016-05-21,Westbeach,20,OP,1,R,13.8,na,2,12:08,4,na,,
2016-May,2016-05-21,Westbeach,20,OP,1,R,14.2,na,2,12:12,17,na,,
2016-May,2016-05-21,Westbeach,20,AM,2,R,11.5,na,2,15:39,3,na,,
2016-May,2016-05-21,Westbeach,20,NR,2,R,8,na,2,14:18,5,na,,
2016-May,2016-05-21,Westbeach,20,NR,2,R,0.5,na,2,14:06,5,na,,
2016-May,2016-05-21,Westbeach,20,NR,2,R,6,na,2,14:08,5,na,,
2016-May,2016-05-21,Westbeach,20,NR,2,R,7,na,2,14:29,3,na,,
2016-May,2016-05-21,Westbeach,20,NR,2,R,7.5,na,2,14:33,3,na,,
2016-May,2016-05-21,Westbeach,20,NR,2,R,8.5,na,2,14:37,5,na,,
2016-May,2016-05-21,Westbeach,20,NR,2,R,9.5,na,2,14:46,4,na,,
2016-May,2016-05-21,Westbeach,20,NR,2,R,9.5,na,2,15:01,5,na,,
2016-May,2016-05-21,Westbeach,20,NR,2,R,9.5,na,2,14:45,7,na,,
2016-May,2016-05-21,Westbeach,20,NR,2,R,9.5,na,2,14:55,9,na,,
2016-May,2016-05-21,Westbeach,20,NR,2,R,10,na,2,15:07,8,na,,
2016-May,2016-05-21,Westbeach,20,NR,2,R,10,na,2,15:04,11,na,,
2016-May,2016-05-21,Westbeach,20,AM,2,R,10.4,na,2,15:39,3,na,,
2016-May,2016-05-21,Westbeach,20,AM,2,R,10.8,na,2,15:39,3,na,,
2016-May,2016-05-21,Westbeach,20,AM,2,R,10.8,na,2,15:39,3,na,,
2016-May,2016-05-21,Westbeach,20,NR,2,R,11,na,2,15:44,2,na,,
2016-May,2016-05-21,Westbeach,20,AM,2,R,11.2,na,2,15:39,1,na,,
2016-May,2016-05-21,Westbeach,20,OP,3,R,8.3,na,2,11:36,7,na,finish surveying 2016-05-27,
2016-May,2016-05-21,Westbeach,20,OP,3,R,13,na,2,11:26,3,na,finish surveying 2016-05-27,
2016-May,2016-05-21,Westbeach,20,DVM,3,R,3,na,2,11:30,3,na,"used to be 1962, finish surveying 2016-05-27",
2016-May,2016-05-21,Westbeach,20,DVM,3,R,7.75,na,2,11:38,29,na,finish surveying 2016-05-27,
2016-May,2016-05-21,Westbeach,20,DVM,3,R,8,na,2,11:40,9,na,finish surveying 2016-05-27,
2016-May,2016-05-21,Westbeach,20,OP,3,R,10,na,2,11:34,6,P,finish surveying 2016-05-27,
2016-Jun,2016-06-12,Meay,20,OP,2,L,11,na,2,9:52,2,na,"plant is growing on the line, chose left side arbritrarily ",plant recorded as tangled but estimates of length given
2016-Jun,2016-06-12,Meay,20,OP,2,L,18.5,na,2,9:50,7,na,"plant is growing on the line, chose left side arbritrarily ",
2016-Jun,2016-06-12,Meay,20,OP,1,L,10,na,2,9:00,8,na,,plant recorded as tangled but estimates of length given
2016-Jun,2016-06-12,Meay,20,OP,1,L,0.5,na,2,8:51,3,na,,plant recorded as tangled but estimates of length given
2016-Jun,2016-06-12,Meay,20,OP,1,L,10,na,2,9:10,10,na,,plant recorded as tangled but estimates of length given
2016-Jun,2016-06-12,Meay,20,OP,1,L,10.5,na,2,9:12,2,na,,plant recorded as tangled but estimates of length given
2016-Jun,2016-06-12,Meay,20,OP,1,L,16.3,na,2,9:15,11,na,,plant recorded as tangled but estimates of length given
2016-Jun,2016-06-12,Meay,20,OP,1,L,18,na,2,9:17,3,na,,plant recorded as tangled but estimates of length given
2016-Jun,2016-06-12,Meay,20,OP,1,L,18.1,na,2,9:19,4,na,,plant recorded as tangled but estimates of length given
2016-Jun,2016-06-12,Meay,20,OP,2,L,18,na,2,9:42,6,na,,plant recorded as tangled but estimates of length given
2014-May,2014-05-29,Meay,20,na,2,L,5.5,5.1,na,14:45-16:00,11,na,no sporo counts,
2016-Jun,2016-06-12,Meay,20,OP,2,L,17.5,na,2,9:40,5,na,,plant recorded as tangled but estimates of length given
2016-Jun,2016-06-12,Meay,20,OP,2,L,5.1,na,2,9:30,4,na,,plant recorded as tangled but estimates of length given
2016-Jun,2016-06-12,Meay,20,OP,2,L,18,na,2,9:32,1,na,,
2016-Jun,2016-06-12,Meay,20,OP,2,L,18,na,2,9:36,13,na,,plant recorded as tangled but estimates of length given
2016-Jun,2016-06-12,Meay,20,OP,2,L,18.5,na,2,9:48,2,na,,
2016-Jun,2016-06-12,Meay,20,OP,2,L,18.5,na,2,9:46,4,na,,
2015-Sep,2015-09-13,Meay,20,na,3,L,10.5,2.2,na,10:01,2,na,,plant recorded as tangled but estimates of length given
2016-Aug,2016-08-15,Meay,20,AM,3,L,5,na,2,10:30,4,na,,
2016-Sep,2016-09-07,Meay,20,OP,3,L,5,na,2,9:45,4,na,,
2016-Jun,2016-06-12,Meay,20,OP,3,L,5,na,2,10:00,3,na,,plant recorded as tangled but estimates of length given
2016-Jun,2016-06-12,Meay,20,NR,1,R,16,na,2,9:28,4,na,,plant recorded as tangled but estimates of length given
2016-Jun,2016-06-12,Meay,20,NR,1,R,5,na,2,9:19,12,na,,
2016-Jun,2016-06-12,Meay,20,NR,1,R,12,na,2,9:28,2,na,,
2016-Jun,2016-06-12,Meay,20,NR,2,R,4.2,na,2,9:38,2,na,,
2016-Jun,2016-06-12,Meay,20,NR,3,R,8,na,2,9:48,5,na,,plant recorded as tangled but estimates of length given
2016-Jun,2016-06-12,Meay,20,NR,3,R,15,na,2,9:57,7,na,,
2016-Jun,2016-06-12,Meay,20,NR,3,R,9.8,na,2,9:54,3,na,,plant recorded as tangled but estimates of length given
2016-Jun,2016-06-11,Triquet,20,OP,2,L,8.5,na,4,11:56,1,na,"plant is growing on the line, chose left side arbritrarily ",
2016-Jun,2016-06-11,Triquet,20,NR,1,L,4,na,4,12:45,6,na,,
2016-Jun,2016-06-11,Triquet,20,NR,1,L,10,na,4,12:50,2,na,,
2016-Jun,2016-06-11,Triquet,20,NR,2,L,11,na,4,12:16,2,na,,
2016-Jun,2016-06-11,Triquet,20,NR,2,L,20,na,4,12:00,5,na,used to be 2485,
2016-Jun,2016-06-11,Triquet,20,NR,2,L,10.5,na,4,12:23,9,na,sporo counts missing,
2015-May,2015-05-22,Triquet,20,na,3,L,14,3.9,na,10:43,3,na,"was 1951, no sporo counts",
2016-Jun,2016-06-11,Triquet,20,OP,1,R,8,na,4,12:24,3,na,,
2016-Jun,2016-06-11,Triquet,20,OP,1,R,0,na,4,12:22,1,na,,
2016-Jun,2016-06-11,Triquet,20,OP,1,R,10.2,na,4,12:26,3,na,,
2016-Jun,2016-06-11,Triquet,20,OP,1,R,11,na,4,12:28,1,na,,
2016-Jun,2016-06-11,Triquet,20,OP,1,R,11,na,4,12:28,2,na,,
2016-Jun,2016-06-11,Triquet,20,OP,1,R,13.5,na,4,12:30,1,na,,
2016-Jun,2016-06-11,Triquet,20,OP,1,R,19,na,4,12:32,2,na,,
2016-Jun,2016-06-11,Triquet,20,OP,1,R,20,na,4,12:34,2,na,,
2015-May,2015-05-22,Triquet,20,na,2,R,16.5,4.4,na,10:36,4,na,no sporo counts,
2015-May,2015-05-22,Triquet,20,na,2,R,17,4.3,na,10:38,2,na,*Used to be 754,
2016-Jun,2016-06-11,Triquet,20,OP,2,R,1.5,na,4,11:51,11,na,used to be 1782,
2016-Jun,2016-06-11,Triquet,20,OP,2,R,7,na,4,11:56,2,na,,
2016-Jun,2016-06-11,Triquet,20,OP,2,R,4,na,4,11:56,1,na,,
2016-Jun,2016-06-11,Triquet,20,OP,2,R,8,na,4,12:25,1,na,,
2016-Jun,2016-06-11,Triquet,20,OP,2,R,10,na,4,11:58,1,na,,
2016-Jun,2016-06-11,Triquet,20,OP,2,R,11.5,na,4,12:00,4,na,,
2016-Jun,2016-06-11,Triquet,20,OP,2,R,13,na,4,12:02,3,na,,
2016-Jun,2016-06-11,Triquet,20,OP,2,R,15,na,4,12:04,4,na,,
2016-Jun,2016-06-11,Triquet,20,OP,2,R,16,na,4,12:06,4,na,,
2016-Jun,2016-06-11,Triquet,20,OP,2,R,20,na,4,12:20,3,na,,
2016-Jun,2016-06-11,Triquet,20,OP,3,R,1,na,4,12:42,4,na,,
2016-Jun,2016-06-11,Triquet,20,OP,3,R,15,na,4,12:50,9,na,used to be 2152,
2016-Jun,2016-06-11,Triquet,20,OP,3,R,12,na,4,12:48,1,na,,
2016-Jun,2016-06-11,Triquet,20,OP,3,R,12,na,4,12:48,2,na,,
2016-Jun,2016-06-11,Triquet,20,OP,3,R,15,na,4,12:56,7,na,,
2016-Jun,2016-06-11,Triquet,20,OP,3,R,15,na,4,12:57,7,na,,
2016-Jun,2016-06-17,Westbeach,20,DVM,1,L,11,na,2,13:30,10,na,used to be 1732,
2016-Jun,2016-06-17,Westbeach,20,DVM,1,L,14.5,na,2,14:00,6,na,why so high?,
2016-Jun,2016-06-17,Westbeach,20,DVM,1,L,3.25,na,2,13:42,2,na,why so high?,
2016-Jun,2016-06-17,Westbeach,20,DVM,1,L,10,na,2,13:44,6,na,why so high?,
2016-Jun,2016-06-17,Westbeach,20,DVM,1,L,10.2,na,2,13:45,9,na,why so high?,
2016-Jun,2016-06-17,Westbeach,20,DVM,1,L,11.75,na,2,13:58,28,na,why so high?,plant recorded as tangled but estimates of length given
2016-Jun,2016-06-17,Westbeach,20,KH,2,L,0,na,2,13:13,8,na,,
2016-Jun,2016-06-17,Westbeach,20,KH,2,L,10.6,na,2,13:51,19,na,,
2016-Jun,2016-06-17,Westbeach,20,KH,2,L,0,na,2,13:05,5,na,,
2016-Jun,2016-06-17,Westbeach,20,KH,2,L,0.8,na,2,13:29,2,C,,
2016-Jun,2016-06-17,Westbeach,20,KH,2,L,1.2,na,2,13:30,0,C,,
2016-Jun,2016-06-17,Westbeach,20,KH,2,L,4.5,na,2,13:33,4,na,,
2016-Jun,2016-06-17,Westbeach,20,KH,2,L,10.4,na,2,13:37,5,na,,
2016-Jun,2016-06-17,Westbeach,20,KH,2,L,10.5,na,2,13:40,2,na,,
2016-Jun,2016-06-17,Westbeach,20,KH,2,L,10.5,na,2,13:42,3,na,,plant recorded as tangled but estimates of length given
2016-Jun,2016-06-17,Westbeach,20,KH,2,L,10.7,na,2,14:04,5,na,,
2016-Jun,2016-06-17,Westbeach,20,KH,2,L,10.7,na,2,14:00,13,na,,
2016-Jun,2016-06-17,Westbeach,20,KH,2,L,20,na,2,14:10,17,na,,plant recorded as tangled but estimates of length given
2016-Jun,2016-06-17,Westbeach,20,DVM,3,R,4.25,na,2,13:10,11,na,plant used to be on left side of transect,
2016-Jun,2016-06-17,Westbeach,20,DVM,3,L,2.9,na,2,13:02,14,na,why so high?,
2016-Jun,2016-06-17,Westbeach,20,DVM,3,L,4.3,na,2,13:19,6,na,why so high?,
2016-Jun,2016-06-17,Westbeach,20,DVM,3,L,4.75,na,2,13:20,10,na,why so high?,
2016-Jun,2016-06-17,Westbeach,20,DVM,3,L,7.5,na,2,13:24,8,na,why so high?,
2016-Jun,2016-06-17,Westbeach,20,DVM,3,L,10.5,na,2,13:27,3,na,why so high?,
2016-Jun,2016-06-17,Westbeach,20,DVM,3,L,11.5,na,2,13:30,8,na,why so high?,
2016-Jun,2016-06-17,Westbeach,20,DVM,3,L,11.8,na,2,13:32,8,na,why so high?,
2016-Jun,2016-06-17,Westbeach,20,DVM,3,L,12,na,2,13:35,5,na,why so high?,
2016-Jun,2016-06-17,Westbeach,20,DVM,3,L,14,na,2,13:36,3,na,why so high?,
2016-Jun,2016-06-17,Westbeach,20,DVM,3,L,14.25,na,2,13:37,1,na,why so high?,
2016-Jun,2016-06-17,Westbeach,20,DVM,3,L,17.25,na,2,13:38,14,na,why so high?,
2016-Jun,2016-06-17,Westbeach,20,OP,1,R,1.5,na,2,12:56,6,na,*Used to be 1758,
2016-Jun,2016-06-17,Westbeach,20,OP,1,R,12.5,na,2,13:50,15,na,used to be 2006,
2016-Jun,2016-06-17,Westbeach,20,OP,1,R,1.5,na,2,12:58,7,na,,
2016-Jun,2016-06-17,Westbeach,20,OP,1,R,2,na,2,13:10,4,na,,
2016-Jun,2016-06-17,Westbeach,20,OP,1,R,2.1,na,2,13:14,3,na,,
2016-Jun,2016-06-17,Westbeach,20,OP,1,R,2.1,na,2,13:12,4,na,,
2016-Jun,2016-06-17,Westbeach,20,OP,1,R,2.2,na,2,13:20,4,na,,
2016-Jun,2016-06-17,Westbeach,20,OP,1,R,2.2,na,2,13:22,8,na,,
2016-Jun,2016-06-17,Westbeach,20,OP,1,R,3,na,2,13:24,4,na,,
2016-Jun,2016-06-17,Westbeach,20,OP,1,R,3.4,na,2,13:26,5,na,,
2016-Jun,2016-06-17,Westbeach,20,OP,1,R,3.5,na,2,13:30,3,na,,
2016-Jun,2016-06-17,Westbeach,20,OP,1,R,3.5,na,2,13:28,4,na,,
2016-Jun,2016-06-17,Westbeach,20,OP,1,R,3.5,na,2,13:37,6,na,,
2016-Jun,2016-06-17,Westbeach,20,OP,1,R,4.5,na,2,13:34,7,na,,
2016-Jun,2016-06-17,Westbeach,20,OP,1,R,4.5,na,2,13:34,8,na,,
2016-Jun,2016-06-17,Westbeach,20,OP,1,R,4.75,na,2,13:36,5,na,,
2016-Jun,2016-06-17,Westbeach,20,OP,1,R,8.75,na,2,13:40,8,na,,plant recorded as tangled but estimates of length given
2016-Jun,2016-06-17,Westbeach,20,OP,1,R,11.75,na,2,13:42,3,na,,
2016-Jun,2016-06-17,Westbeach,20,OP,1,R,11.75,na,2,13:44,11,na,,
2016-Jun,2016-06-17,Westbeach,20,OP,1,R,12.5,na,2,13:56,3,P,,
2016-Jun,2016-06-17,Westbeach,20,OP,1,R,13.75,na,2,13:58,5,na,,
2016-Jun,2016-06-17,Westbeach,20,OP,1,R,14.2,na,2,14:00,8,na,,plant recorded as tangled but estimates of length given
2016-Jun,2016-06-17,Westbeach,20,OP,1,R,14.2,na,2,14:10,18,na,,plant recorded as tangled but estimates of length given
2016-Jun,2016-06-17,Westbeach,20,OP,1,R,17,na,2,13:06,4,na,,
2016-Jun,2016-06-17,Westbeach,20,DVM,2,R,11.5,na,2,14:20,8,na,,
2016-Jun,2016-06-17,Westbeach,20,DVM,2,R,8,na,2,14:13,8,na,,
2016-Jun,2016-06-17,Westbeach,20,DVM,2,R,0.5,na,2,14:11,4,na,why so high?,
2016-Jun,2016-06-17,Westbeach,20,DVM,2,R,8,na,2,14:19,8,na,why so high?,
2016-Jun,2016-06-17,Westbeach,20,DVM,2,R,9.75,na,2,14:21,6,na,why so high?,
2016-Jun,2016-06-17,Westbeach,20,DVM,2,R,9.9,na,2,14:24,44,na,why so high?,plant recorded as tangled but estimates of length given
2016-Jun,2016-06-17,Westbeach,20,DVM,2,R,10.23,na,2,14:26,2,na,why so high?,
2016-Jun,2016-06-17,Westbeach,20,DVM,2,R,10.3,na,2,14:28,3,na,why so high?,
2016-Jun,2016-06-17,Westbeach,20,DVM,2,R,10.9,na,2,14:30,12,na,why so high?,
2016-Jun,2016-06-17,Westbeach,20,OP,3,R,8.3,na,2,16:20,9,na,,plant recorded as tangled but estimates of length given
2016-Jun,2016-06-17,Westbeach,20,OP,3,R,13,na,2,14:14,7,na,,
2016-Jun,2016-06-17,Westbeach,20,OP,3,R,3,na,2,16:25,3,na,used to be 1963,
2016-Jun,2016-06-17,Westbeach,20,OP,3,R,8.2,na,2,16:14,12,na,,
2016-Jun,2016-06-17,Westbeach,20,OP,3,R,8.2,na,2,16:14,23,na,,
2016-Jun,2016-06-17,Westbeach,20,OP,3,R,10.5,na,2,14:20,6,P,,
2016-Jun,2016-06-17,Westbeach,20,OP,3,R,14.2,na,2,14:12,5,na,,
2016-Jun,2016-06-17,Westbeach,20,OP,3,R,14.4,na,2,14:14,2,na,,
2016-Aug,2016-08-29,Golden,20,OP,1,L,0_20,na,4,na,0,na,"no vegetation (no macro, no holfast)",
2016-Aug,2016-08-29,Golden,20,OP,2,L,0_20,na,4,na,0,na,"no vegetation (no macro, no holfast)",
2016-Aug,2016-08-29,Golden,20,OP,3,L,0_20,na,4,na,0,na,"no vegetation (no macro, no holfast)",
2016-Aug,2016-08-29,Golden,20,OP,1,R,0_20,na,4,na,0,na,"no vegetation (no macro, no holfast)",
2016-Aug,2016-08-29,Golden,20,OP,2,R,0_20,na,4,na,0,na,"no vegetation (no macro, no holfast)",
2016-Aug,2016-08-29,Golden,20,OP,3,R,0_20,na,4,na,0,na,"no vegetation (no macro, no holfast)",
2016-Aug,2016-08-15,Meay,20,AM,1,L,10,na,2,10:45,19,na,,
2016-Aug,2016-08-15,Meay,20,AM,1,L,17,na,2,10:45,14,na,,plant recorded as tangled but estimates of length given
2016-Aug,2016-08-15,Meay,20,AM,1,L,18,na,2,10:45,6,na,,
2016-Aug,2016-08-15,Meay,20,AM,1,L,18.1,na,2,10:45,5,na,,
2016-Aug,2016-08-15,Meay,20,AM,2,L,18,na,2,10:30,8,na,,
2016-Aug,2016-08-15,Meay,20,AM,2,L,17.5,na,2,10:30,6,na,,
2016-Aug,2016-08-15,Meay,20,AM,2,L,17,na,2,10:30,6,na,,
2016-Aug,2016-08-15,Meay,20,AM,2,L,17.3,na,2,10:30,18,na,,plant recorded as tangled but estimates of length given
2016-Aug,2016-08-15,Meay,20,AM,2,L,18.1,na,2,10:30,15,na,,plant recorded as tangled but estimates of length given
2016-May,2016-05-23,Meay,20,AM,3,L,10.5,na,2,13:58,11,na,,
2016-Nov,2016-11-13,Meay,20,AM,3,L,5,na,2,13:00,1,C,all plants are missing blades (only stalks left),
2016-May,2016-05-23,Meay,20,AM,3,L,5,na,2,14:08,5,na,,
2016-Aug,2016-08-15,Meay,20,AM,3,L,10,na,2,10:30,4,na,,
2016-Aug,2016-08-15,Meay,20,OP,1,R,16,na,2,9:50,4,na,,plant recorded as tangled but estimates of length given
2016-Aug,2016-08-15,Meay,20,OP,1,R,5,na,2,9:50,13,na,,plant recorded as tangled but estimates of length given
2016-Aug,2016-08-15,Meay,20,OP,1,R,8,na,2,9:50,1,na,,
2016-Aug,2016-08-15,Meay,20,OP,1,R,11.5,na,2,9:50,4,na,,
2016-Aug,2016-08-15,Meay,20,OP,2,R,4.2,na,2,10:20,5,na,,plant recorded as tangled but estimates of length given
2016-Aug,2016-08-15,Meay,20,OP,2,R,12,na,2,10:20,1,na,,
2016-Aug,2016-08-15,Meay,20,OP,3,R,8,na,2,10:20,12,na,,plant recorded as tangled but estimates of length given
2016-Aug,2016-08-15,Meay,20,OP,3,R,15,na,2,10:20,3,na,,
2016-Aug,2016-08-15,Meay,20,OP,3,R,8,na,2,10:20,14,na,,
2016-Aug,2016-08-15,Meay,20,OP,3,R,11,na,2,10:20,1,na,,
2016-Aug,2016-08-15,Meay,20,OP,3,R,11,na,2,10:20,1,na,,
2016-Aug,2016-08-15,Meay,20,OP,3,R,11,na,2,10:20,3,na,,
2016-Aug,2016-08-29,Stryker,20,KH,1,L,20,na,4,10:45,4,na,tag 135,
2016-Aug,2016-08-29,Stryker,20,KH,1,L,6,na,4,10:39,16,na,tag 1694,
2016-Aug,2016-08-29,Stryker,20,KH,1,L,4,na,4,10:16,5,na,present but has no number tag,
2016-Aug,2016-08-29,Stryker,20,KH,1,L,5,na,4,10:28,0,C,only holdfast and small cut frond left (also no number tag),
2016-Aug,2016-08-29,Stryker,20,KH,1,L,9,na,4,10:32,3,na,,
2016-Aug,2016-08-29,Stryker,20,KH,1,L,9.2,na,4,10:35,10,na,,
2016-Aug,2016-08-29,Stryker,20,KH,1,L,14,na,4,10:56,4,na,Fronds_SFC entered as 2,
2016-Aug,2016-08-29,Stryker,20,KH,1,L,15,na,4,10:51,2,na,Fronds_SFC entered as 1,
2016-Aug,2016-08-29,Stryker,20,KH,1,L,15,na,4,10:57,9,na,,
2016-Aug,2016-08-29,Stryker,20,KH,1,L,20,na,4,10:48,2,na,,
2016-Aug,2016-08-29,Stryker,20,KH,1,L,20,na,4,10:50,2,na,Fronds_SFC entered as 2,
2016-Aug,2016-08-29,Stryker,20,KH,2,L,15,na,4,12:39,10,na,tag 337,
2016-Aug,2016-08-29,Stryker,20,KH,2,L,10.5,na,4,11:46,10,na,tag 2004,
2016-Aug,2016-08-29,Stryker,20,KH,2,L,3,na,4,11:15,3,na,,
2016-Aug,2016-08-29,Stryker,20,KH,2,L,5,na,4,11:17,12,na,,plant recorded as tangled but estimates of length given
2016-Aug,2016-08-29,Stryker,20,KH,2,L,5.5,na,4,11:19,2,na,,
2016-Aug,2016-08-29,Stryker,20,KH,2,L,15,na,4,12:03,7,na,,
2016-Aug,2016-08-29,Stryker,20,KH,2,L,17,na,4,12:10,2,na,,
2016-Aug,2016-08-29,Stryker,20,KH,3,L,7.5,na,4,12:07,12,na,tag 1757,plant recorded as tangled but estimates of length given
2016-Aug,2016-08-29,Stryker,20,AM,3,L,4,na,4,12:00,10,na,,
2016-Aug,2016-08-29,Stryker,20,AM,3,L,4,na,4,11:57,12,na,,plant recorded as tangled but estimates of length given
2016-Aug,2016-08-29,Stryker,20,AM,3,L,4,na,4,12:01,21,na,,plant recorded as tangled but estimates of length given
2016-Aug,2016-08-29,Stryker,20,AM,3,L,7.5,na,4,12:08,12,na,,plant recorded as tangled but estimates of length given
2016-Aug,2016-08-29,Stryker,20,AM,3,L,8,na,4,12:04,4,na,,
2016-Aug,2016-08-29,Stryker,20,KH,3,L,10,na,4,12:30,9,na,,
2016-Aug,2016-08-29,Stryker,20,KH,3,L,14.9,na,4,12:35,5,na,Fronds_SFC entered as 3,
2016-Aug,2016-08-29,Stryker,20,KH,3,L,15,na,4,12:33,13,na,,
2016-Aug,2016-08-29,Stryker,20,AM,1,R,14.5,na,4,10:48,3,na,tag 148,
2016-Aug,2016-08-29,Stryker,20,AM,1,R,6,na,4,10:24,7,na,tag 841,
2016-Aug,2016-08-29,Stryker,20,AM,1,R,11.8,na,4,10:33,13,na,tag 125,
2016-Aug,2016-08-29,Stryker,20,AM,1,R,11.8,na,4,10:33,4,na,,
2016-Aug,2016-08-29,Stryker,20,AM,1,R,14.4,na,4,10:45,5,na,,
2016-Aug,2016-08-29,Stryker,20,AM,1,R,15.1,na,4,10:52,3,na,,
2016-Aug,2016-08-29,Stryker,20,AM,1,R,17,na,4,10:55,2,na,,
2016-Aug,2016-08-29,Stryker,20,AM,1,R,18,na,4,10:57,5,na,,
2014-May,2014-05-26,Stryker,20,na,2,R,12,6.3,na,8:54-10:01,26,na,Was 565,
2016-Aug,2016-08-29,Stryker,20,AM,2,R,2,na,4,11:00,3,na,,
2016-Aug,2016-08-29,Stryker,20,AM,2,R,12,na,4,11:07,16,na,,
2016-Aug,2016-08-29,Stryker,20,AM,2,R,12.1,na,4,11:08,15,na,,
2016-Aug,2016-08-29,Stryker,20,AM,2,R,12.2,na,4,11:13,15,na,,
2016-Aug,2016-08-29,Stryker,20,AM,3,R,3.5,na,4,11:32,4,na,tag 1711,
2016-Aug,2016-08-29,Stryker,20,AM,3,R,10,na,4,11:39,4,na,tag 1942,
2016-Aug,2016-08-29,Stryker,20,AM,3,R,5,na,4,11:38,12,na,tag 1967,
2016-Aug,2016-08-29,Stryker,20,AM,3,R,3,na,4,11:34,8,na,tag 2041,
2016-Aug,2016-08-29,Stryker,20,AM,3,R,1,na,4,11:16,2,na,,
2016-Aug,2016-08-29,Stryker,20,AM,3,R,3,na,4,11:31,4,na,,
2016-Aug,2016-08-12,Triquet,20,AM,2,L,8,na,4,10:15,4,P,"plant is growing on the line, chose left side arbritrarily ",
2016-Aug,2016-08-12,Triquet,20,OP,2,L,8.5,na,4,10:35,2,na,"plant is growing on the line, chose left side arbritrarily ",
2016-Aug,2016-08-12,Triquet,20,OP,2,L,11,na,4,11:00,2,na,"plant is growing on the line, chose left side arbritrarily ",
2016-Aug,2016-08-12,Triquet,20,AM,2,L,11,na,4,10:15,3,na,,
2016-Aug,2016-08-12,Triquet,20,AM,2,L,20,na,4,10:15,6,na,used to be 2485,
2016-Aug,2016-08-12,Triquet,20,AM,2,L,10.5,na,4,10:15,6,na,,
2016-Aug,2016-08-12,Triquet,20,AM,2,L,6.5,na,4,10:15,2,na,,plant recorded as tangled but estimates of length given
2016-Aug,2016-08-12,Triquet,20,AM,2,L,9.5,na,4,10:15,2,na,,
2015-Jun,2015-06-28,Triquet,20,na,3,L,14,5.9,na,10:00,4,na,"was 1951, no sporo counts",
2016-Aug,2016-08-12,Triquet,20,OP,1,R,8,na,4,10:35,6,na,,
2016-Aug,2016-08-12,Triquet,20,OP,1,R,0,na,4,10:35,3,na,new tag,
2016-Aug,2016-08-12,Triquet,20,OP,1,R,10,na,4,10:35,7,na,,
2016-Aug,2016-08-12,Triquet,20,OP,1,R,11,na,4,10:35,2,na,,
2016-Aug,2016-08-12,Triquet,20,OP,1,R,12,na,4,10:35,2,na,,
2016-Aug,2016-08-12,Triquet,20,OP,1,R,13,na,4,10:35,2,na,,
2016-Aug,2016-08-12,Triquet,20,OP,1,R,15,na,4,10:35,1,na,,
2016-Aug,2016-08-12,Triquet,20,OP,1,R,16,na,4,10:35,2,na,,
2016-Aug,2016-08-12,Triquet,20,OP,1,R,18,na,4,10:35,3,na,,
2016-Aug,2016-08-12,Triquet,20,OP,1,R,20,na,4,10:35,2,na,,
2015-Jun,2015-06-28,Triquet,20,na,2,R,17.5,6.2,na,9:36,8,na,,
2015-Jun,2015-06-28,Triquet,20,na,2,R,17,6.2,na,9:40,4,na,*Used to be 754,
2016-Aug,2016-08-12,Triquet,20,OP,2,R,1.5,na,4,10:35,14,na,used to be 1782,
2016-Aug,2016-08-12,Triquet,20,OP,2,R,7,na,4,10:35,1,na,,
2016-Aug,2016-08-12,Triquet,20,OP,2,R,3,na,4,10:35,2,na,,
2016-Aug,2016-08-12,Triquet,20,OP,2,R,7,na,4,10:35,1,na,,
2016-Aug,2016-08-12,Triquet,20,OP,2,R,9,na,4,10:35,1,na,,
2016-Aug,2016-08-12,Triquet,20,OP,2,R,9.5,na,4,10:35,1,na,,
2016-Aug,2016-08-12,Triquet,20,OP,2,R,10,na,4,11:00,3,na,,
2016-Aug,2016-08-12,Triquet,20,OP,2,R,12,na,4,11:00,6,na,,
2016-Aug,2016-08-12,Triquet,20,OP,2,R,13,na,4,11:00,5,na,,
2016-Aug,2016-08-12,Triquet,20,OP,2,R,15,na,4,11:00,4,na,,
2016-Aug,2016-08-12,Triquet,20,OP,2,R,15.5,na,4,11:00,3,na,,
2016-Aug,2016-08-12,Triquet,20,OP,2,R,20,na,4,11:00,5,na,,
2016-Aug,2016-08-12,Triquet,20,OP,3,R,1,na,4,12:30,9,na,,
2016-Aug,2016-08-12,Triquet,20,OP,3,R,15,na,4,12:30,9,na,used to be 2152,
2016-Aug,2016-08-12,Triquet,20,OP,3,R,15,na,4,11:00,3,na,,
2016-Aug,2016-08-12,Triquet,20,OP,3,R,15.5,na,4,11:00,8,na,,
2016-Aug,2016-08-11,Westbeach,20,AM,1,L,11,na,2,11:15,9,na,used to be 1732,
2016-Aug,2016-08-11,Westbeach,20,AM,1,L,14.5,na,2,11:15,8,na,,
2016-Aug,2016-08-11,Westbeach,20,AM,1,L,3,na,2,11:15,2,na,,
2016-Aug,2016-08-11,Westbeach,20,AM,1,L,8.4,na,2,11:15,9,na,,plant recorded as tangled but estimates of length given
2016-Aug,2016-08-11,Westbeach,20,AM,1,L,8.4,na,2,11:15,14,na,,plant recorded as tangled but estimates of length given
2016-Aug,2016-08-11,Westbeach,20,AM,1,L,10,na,2,11:15,2,na,,
2016-Aug,2016-08-11,Westbeach,20,AM,1,L,10.1,na,2,11:15,6,na,,
2016-Aug,2016-08-11,Westbeach,20,AM,1,L,11,na,2,11:15,4,na,,
2016-Aug,2016-08-11,Westbeach,20,AM,1,L,11.1,na,2,11:15,19,na,,
2016-Aug,2016-08-11,Westbeach,20,AM,1,L,11.3,na,2,11:15,6,na,,
2016-Aug,2016-08-11,Westbeach,20,AM,1,L,14.3,na,2,11:15,19,na,,
2016-Aug,2016-08-11,Westbeach,20,AM,2,L,0,na,2,11:15,8,na,,
2016-Aug,2016-08-11,Westbeach,20,AM,2,L,10.6,na,2,11:15,21,na,,
2016-Aug,2016-08-11,Westbeach,20,AM,2,L,4.5,na,2,11:15,8,na,,
2016-Aug,2016-08-11,Westbeach,20,AM,2,L,10.5,na,2,11:15,8,na,,
2016-Aug,2016-08-11,Westbeach,20,AM,2,L,10.6,na,2,11:15,14,na,,
2016-Aug,2016-08-11,Westbeach,20,AM,3,R,4.25,na,2,11:15,13,na,plant used to be on left side of transect,
2016-Aug,2016-08-11,Westbeach,20,AM,3,L,2.8,na,2,11:15,14,na,,
2016-Aug,2016-08-11,Westbeach,20,AM,3,L,3,na,2,14:30,12,na,,
2016-Aug,2016-08-11,Westbeach,20,AM,3,L,4.25,na,2,14:30,8,na,,
2016-Aug,2016-08-11,Westbeach,20,AM,3,L,4.5,na,2,14:30,14,na,,
2016-Aug,2016-08-11,Westbeach,20,AM,3,L,4.6,na,2,14:30,4,na,,
2016-Aug,2016-08-11,Westbeach,20,AM,3,L,4.7,na,2,14:30,23,na,,
2016-Aug,2016-08-11,Westbeach,20,AM,3,L,7.1,na,2,14:30,11,na,,
2016-Aug,2016-08-11,Westbeach,20,AM,3,L,10.5,na,2,14:30,7,na,,
2016-Aug,2016-08-11,Westbeach,20,AM,3,L,11.3,na,2,14:30,9,na,,
2016-Aug,2016-08-11,Westbeach,20,AM,3,L,11.5,na,2,14:30,4,na,,
2016-Aug,2016-08-11,Westbeach,20,AM,3,L,11.6,na,2,14:30,5,na,,
2016-Aug,2016-08-11,Westbeach,20,AM,3,L,12.1,na,2,14:30,8,na,,
2016-Aug,2016-08-11,Westbeach,20,AM,3,L,14,na,2,14:30,5,na,,
2016-Aug,2016-08-11,Westbeach,20,AM,3,L,15,na,2,14:30,13,na,,
2016-Aug,2016-08-11,Westbeach,20,AM,3,L,17.5,na,2,14:30,14,na,,
2016-Aug,2016-08-11,Westbeach,20,OP,1,R,1.5,na,2,11:30,7,na,*Used to be 1758,
2016-Aug,2016-08-11,Westbeach,20,OP,1,R,12.5,na,2,14:20,22,na,used to be 2006,
2016-Aug,2016-08-11,Westbeach,20,OP,1,R,1.5,na,2,11:30,3,na,,
2016-Aug,2016-08-11,Westbeach,20,OP,1,R,1.5,na,2,11:30,4,na,,
2016-Aug,2016-08-11,Westbeach,20,OP,1,R,1.5,na,2,11:30,12,na,,
2016-Aug,2016-08-11,Westbeach,20,OP,1,R,2,na,2,11:30,5,na,,
2016-Aug,2016-08-11,Westbeach,20,OP,1,R,2,na,2,11:30,29,na,,plant recorded as tangled but estimates of length given
2016-Aug,2016-08-11,Westbeach,20,OP,1,R,3,na,2,11:30,2,na,,
2016-Aug,2016-08-11,Westbeach,20,OP,1,R,3,na,2,11:30,6,na,,plant recorded as tangled but estimates of length given
2016-Aug,2016-08-11,Westbeach,20,OP,1,R,3.5,na,2,11:30,4,na,,
2016-Aug,2016-08-11,Westbeach,20,OP,1,R,3.5,na,2,11:30,7,na,,
2016-Aug,2016-08-11,Westbeach,20,OP,1,R,4,na,2,11:30,10,na,,
2016-Aug,2016-08-11,Westbeach,20,OP,1,R,4,na,2,11:30,12,na,,
2016-Aug,2016-08-11,Westbeach,20,OP,1,R,4.5,na,2,11:30,5,na,,
2016-Aug,2016-08-11,Westbeach,20,OP,1,R,8.5,na,2,11:30,3,na,,
2016-Aug,2016-08-11,Westbeach,20,OP,1,R,9,na,2,11:30,4,na,,
2016-Aug,2016-08-11,Westbeach,20,OP,1,R,11.5,na,2,14:05,2,na,,plant recorded as tangled but estimates of length given
2016-Aug,2016-08-11,Westbeach,20,OP,1,R,11.5,na,2,14:05,7,na,,
2016-Aug,2016-08-11,Westbeach,20,OP,1,R,11.5,na,2,14:05,9,na,,plant recorded as tangled but estimates of length given
2016-Aug,2016-08-11,Westbeach,20,OP,1,R,13.5,na,2,14:05,7,na,,
2016-Aug,2016-08-11,Westbeach,20,OP,1,R,14,na,2,14:05,5,na,,
2016-Aug,2016-08-11,Westbeach,20,OP,1,R,14,na,2,14:05,7,na,,
2016-Aug,2016-08-11,Westbeach,20,OP,1,R,14,na,2,14:05,11,na,,
2016-Aug,2016-08-11,Westbeach,20,OP,2,R,11.5,na,2,16:20,6,na,,
2016-Aug,2016-08-11,Westbeach,20,OP,2,R,8,na,2,15:20,6,na,,
2016-Aug,2016-08-11,Westbeach,20,OP,2,R,0.5,na,2,14:45,2,na,,
2016-Aug,2016-08-11,Westbeach,20,OP,2,R,1.5,na,2,14:45,1,na,Check Mean_F,
2016-Aug,2016-08-11,Westbeach,20,OP,2,R,6,na,2,14:45,3,na,,
2016-Aug,2016-08-11,Westbeach,20,OP,2,R,6.5,na,2,14:45,5,na,,plant recorded as tangled but estimates of length given
2016-Aug,2016-08-11,Westbeach,20,OP,2,R,7.5,na,2,14:45,6,na,,plant recorded as tangled but estimates of length given
2016-Aug,2016-08-11,Westbeach,20,OP,2,R,8.2,na,2,14:45,9,na,,
2016-Aug,2016-08-11,Westbeach,20,OP,2,R,9.5,na,2,14:45,4,na,,
2016-Aug,2016-08-11,Westbeach,20,OP,2,R,9.5,na,2,14:45,62,na,super messy wall! Didn't know how to deal with it..?,plant recorded as tangled but estimates of length given
2016-Aug,2016-08-11,Westbeach,20,OP,2,R,10,na,2,14:45,3,na,,
2016-Aug,2016-08-11,Westbeach,20,OP,2,R,10.1,na,2,14:45,2,na,,
2016-Aug,2016-08-11,Westbeach,20,OP,2,R,10.2,na,2,14:45,2,na,,
2016-Aug,2016-08-11,Westbeach,20,OP,2,R,10.5,na,2,14:45,8,na,,
2016-Aug,2016-08-11,Westbeach,20,OP,2,R,11.5,na,2,14:45,3,na,,
2016-Aug,2016-08-11,Westbeach,20,OP,3,R,8.3,na,2,15:00,13,na,finished surveying 2016-08-12,plant recorded as tangled but estimates of length given
2016-Aug,2016-08-11,Westbeach,20,OP,3,R,13,na,2,15:00,11,na,finished surveying 2016-08-13,plant recorded as tangled but estimates of length given
2016-Aug,2016-08-11,Westbeach,20,OP,3,R,3,na,2,15:00,7,na,"used to be 1964,finished surveying 2016-08-13",
2016-Aug,2016-08-11,Westbeach,20,OP,3,R,7.5,na,2,15:00,15,na,finished surveying 2016-08-13,plant recorded as tangled but estimates of length given
2016-Aug,2016-08-11,Westbeach,20,OP,3,R,7.5,na,2,15:00,17,na,finished surveying 2016-08-14,plant recorded as tangled but estimates of length given
2016-Aug,2016-08-11,Westbeach,20,OP,3,R,8,na,2,15:00,17,na,finished surveying 2016-08-15,plant recorded as tangled but estimates of length given
2016-Aug,2016-08-11,Westbeach,20,OP,3,R,14,na,2,15:00,5,na,finished surveying 2016-08-16,plant recorded as tangled but estimates of length given
2016-Aug,2016-08-11,Westbeach,20,OP,3,R,14,na,2,15:00,8,na,finished surveying 2016-08-17,plant recorded as tangled but estimates of length given
2016-Sep,2016-09-07,Meay,20,OP,2,L,17,na,2,9:45,6,na,"plant is growing on the line, chose left side arbritrarily ",
2016-Sep,2016-09-07,Meay,20,KH,3,L,11,na,2,10:30,3,na,"plant is growing on the line, chose left side arbritrarily ",
2016-Sep,2016-09-07,Meay,20,OP,1,L,10,na,2,9:45,16,na,,
2016-Sep,2016-09-07,Meay,20,OP,1,L,0.5,na,2,9:45,2,na,plant ends at 2m ,
2016-Sep,2016-09-07,Meay,20,OP,1,L,16,na,2,9:45,11,na,,
2016-Sep,2016-09-07,Meay,20,OP,1,L,16.2,na,2,9:45,2,na,,
2016-Sep,2016-09-07,Meay,20,OP,1,L,17,na,2,9:45,1,C,,
2016-Sep,2016-09-07,Meay,20,OP,1,L,17.5,na,2,9:45,6,na,,
2016-Sep,2016-09-07,Meay,20,OP,1,L,17.6,na,2,9:45,1,na,,
2016-Sep,2016-09-07,Meay,20,OP,1,L,18,na,2,9:45,5,na,,
2016-Sep,2016-09-07,Meay,20,OP,2,L,18,na,2,9:45,7,na,,plant recorded as tangled but estimates of length given
2016-Sep,2016-09-07,Meay,20,OP,2,L,17.5,na,2,9:45,4,na,,plant recorded as tangled but estimates of length given
2016-Sep,2016-09-07,Meay,20,OP,2,L,2.75,na,2,9:45,5,na,,
2016-Sep,2016-09-07,Meay,20,OP,2,L,5,na,2,9:45,7,na,,
2016-Sep,2016-09-07,Meay,20,OP,2,L,5.2,na,2,9:45,2,na,,
2016-Sep,2016-09-07,Meay,20,OP,2,L,17,na,2,9:45,20,na,,plant recorded as tangled but estimates of length given
2016-Sep,2016-09-07,Meay,20,OP,2,L,18.1,na,2,9:45,10,na,,plant recorded as tangled but estimates of length given
2016-Sep,2016-09-07,Meay,20,OP,2,L,18.2,na,2,9:45,4,C,"broke 2 fronds when measuring, came off base",
2016-Jun,2016-06-12,Meay,20,OP,3,L,10.5,na,2,9:56,9,na,,plant recorded as tangled but estimates of length given
2016-Jun,2016-06-12,Meay,20,OP,3,L,5,na,2,10:04,5,na,,plant recorded as tangled but estimates of length given
2016-Aug,2016-08-15,Meay,20,AM,3,L,5,na,2,10:30,5,na,,
2016-Sep,2016-09-07,Meay,20,KH,1,R,16,na,2,9:30,4,C,,
2016-Sep,2016-09-07,Meay,20,KH,1,R,5,na,2,9:08,13,na,,
2016-Sep,2016-09-07,Meay,20,KH,1,R,7,na,2,9:22,1,na,,
2016-Sep,2016-09-07,Meay,20,KH,1,R,11,na,2,9:24,4,na,,
2016-Sep,2016-09-07,Meay,20,KH,1,R,14,na,2,9:27,4,na,,
2016-Sep,2016-09-07,Meay,20,KH,2,R,4.2,na,2,9:40,6,na,not previewsly tagged for fronds,
2016-Sep,2016-09-07,Meay,20,KH,2,R,13,na,2,9:51,1,na,,
2016-Sep,2016-09-07,Meay,20,KH,2,R,16,na,2,9:55,5,na,,
2016-Sep,2016-09-07,Meay,20,KH,3,R,8,na,2,10:00,9,na,,plant recorded as tangled but estimates of length given
2016-Sep,2016-09-07,Meay,20,KH,3,R,15,na,2,10:17,8,na,,
2016-Sep,2016-09-07,Meay,20,KH,3,R,7.9,na,2,10:00,4,na,,
2016-Sep,2016-09-08,Simmonds,20,OP,1,L,15,na,5,10:40,14,na,"plant is growing on the line, chose left side arbritrarily ",
2016-Sep,2016-09-08,Simmonds,20,OP,1,L,18,na,5,11:20,8,na,"plant is growing on the line, chose left side arbritrarily ",plant recorded as tangled but estimates of length given
2016-Sep,2016-09-08,Simmonds,20,KH,2,L,11.3,na,5,11:36,5,na,"plant is growing on the line, chose left side arbritrarily ",
2016-Sep,2016-09-08,Simmonds,20,OP,1,L,18,na,5,11:20,10,na,tag 544,plant recorded as tangled but estimates of length given
2016-Sep,2016-09-08,Simmonds,20,OP,1,L,4,na,5,10:40,11,na,,plant recorded as tangled but estimates of length given
2016-Sep,2016-09-08,Simmonds,20,OP,1,L,10,na,5,10:40,23,na,,plant recorded as tangled but estimates of length given
2016-Sep,2016-09-08,Simmonds,20,OP,1,L,15.5,na,5,10:40,14,na,,
2016-Sep,2016-09-08,Simmonds,20,OP,1,L,16,na,5,10:40,6,na,,plant recorded as tangled but estimates of length given
2016-Sep,2016-09-08,Simmonds,20,OP,1,L,17,na,5,11:10,8,na,,
2016-Sep,2016-09-08,Simmonds,20,OP,2,L,8,na,5,11:35,12,na,tag 1686,
2016-Sep,2016-09-08,Simmonds,20,OP,2,L,2.75,na,5,11:30,16,na,tag 1830,
2016-Sep,2016-09-08,Simmonds,20,OP,2,L,15.2,na,5,13:35,12,na,tag 1898,
2016-Sep,2016-09-08,Simmonds,20,OP,2,L,16,na,5,14:05,17,na,tag 2189,
2016-Sep,2016-09-08,Simmonds,20,OP,2,L,3,na,5,11:20,6,na,,plant recorded as tangled but estimates of length given
2016-Sep,2016-09-08,Simmonds,20,OP,2,L,3.5,na,5,11:20,1,na,,plant recorded as tangled but estimates of length given
2016-Sep,2016-09-08,Simmonds,20,OP,2,L,3.5,na,5,11:20,5,na,,plant recorded as tangled but estimates of length given
2016-Sep,2016-09-08,Simmonds,20,OP,2,L,9,na,5,11:20,24,na,,
2016-Sep,2016-09-08,Simmonds,20,OP,2,L,16.5,na,5,14:00,21,na,,
2016-Sep,2016-09-08,Simmonds,20,OP,3,L,5,na,5,14:02,6,na,,
2016-Sep,2016-09-08,Simmonds,20,OP,3,L,6.5,na,5,14:00,7,na,,plant recorded as tangled but estimates of length given
2016-Sep,2016-09-08,Simmonds,20,OP,3,L,7,na,5,14:00,15,na,,
2016-Sep,2016-09-08,Simmonds,20,OP,3,L,8.2,na,5,14:00,17,na,,plant recorded as tangled but estimates of length given
2016-Sep,2016-09-08,Simmonds,20,OP,3,L,8.5,na,5,14:00,16,na,,plant recorded as tangled but estimates of length given
2016-Sep,2016-09-08,Simmonds,20,OP,3,L,10.9,na,5,14:00,8,C,,
2016-Sep,2016-09-08,Simmonds,20,OP,3,L,11,na,5,14:00,7,C,,
2016-Sep,2016-09-08,Simmonds,20,OP,3,L,14,na,5,14:00,21,na,,
2016-Sep,2016-09-08,Simmonds,20,OP,3,L,17,na,5,14:00,4,C,,
2016-Sep,2016-09-08,Simmonds,20,KH,1,R,9.1,na,5,10:48,68,na,tag 1705,plant recorded as tangled but estimates of length given
2016-Sep,2016-09-08,Simmonds,20,KH,1,R,0,na,5,10:35,10,na,,
2016-Sep,2016-09-08,Simmonds,20,KH,1,R,0.2,na,5,10:38,1,na,,
2016-Sep,2016-09-08,Simmonds,20,KH,1,R,4.9,na,5,10:40,1,na,,
2016-Sep,2016-09-08,Simmonds,20,KH,1,R,5,na,5,10:41,12,na,,plant recorded as tangled but estimates of length given
2016-Sep,2016-09-08,Simmonds,20,KH,1,R,5.3,na,5,10:45,3,na,,
2016-Sep,2016-09-08,Simmonds,20,KH,1,R,10,na,5,11:12,8,na,,
2016-Sep,2016-09-08,Simmonds,20,KH,1,R,10.4,na,5,11:13,22,na,,
2016-Sep,2016-09-08,Simmonds,20,KH,1,R,13,na,5,11:17,3,na,,
2016-Sep,2016-09-08,Simmonds,20,KH,1,R,14,na,5,11:19,4,na,,
2016-Sep,2016-09-08,Simmonds,20,KH,1,R,20,na,5,11:22,3,na,,
2016-Sep,2016-09-08,Simmonds,20,KH,2,R,0.2,na,5,11:25,27,na,,
2016-Sep,2016-09-08,Simmonds,20,KH,2,R,6,na,5,11:30,18,na,,
2016-Sep,2016-09-08,Simmonds,20,KH,2,R,11,na,5,11:33,4,na,,
2016-Sep,2016-09-08,Simmonds,20,KH,2,R,12,na,5,11:39,9,na,,
2016-Sep,2016-09-08,Simmonds,20,KH,2,R,14.4,na,5,11:44,8,na,,
2016-Sep,2016-09-08,Simmonds,20,KH,2,R,14.9,na,5,11:46,9,na,,
2016-Sep,2016-09-08,Simmonds,20,KH,2,R,15,na,5,11:50,6,na,,
2016-Sep,2016-09-08,Simmonds,20,KH,2,R,16,na,5,13:43,20,na,,
2016-Sep,2016-09-08,Simmonds,20,KH,2,R,16.5,na,5,13:49,11,na,,
2016-Sep,2016-09-08,Simmonds,20,KH,2,R,20,na,5,13:52,18,na,,
2016-Sep,2016-09-08,Simmonds,20,KH,3,R,12,na,5,13:30,7,na,tag 2033,
2016-Sep,2016-09-08,Simmonds,20,KH,3,R,6.5,na,5,14:04,9,na,tag 2146,
2016-Sep,2016-09-08,Simmonds,20,KH,3,R,18,na,5,13:26,12,na,tag 2407,
2016-Sep,2016-09-08,Simmonds,20,KH,3,R,0.75,na,5,14:00,10,na,,
2016-Sep,2016-09-08,Simmonds,20,KH,3,R,9,na,5,14:00,13,na,,
2016-Sep,2016-09-08,Simmonds,20,KH,3,R,9.5,na,5,14:00,4,na,,
2016-Sep,2016-09-08,Simmonds,20,KH,3,R,11,na,5,14:00,45,na,,plant recorded as tangled but estimates of length given
2016-Sep,2016-09-08,Simmonds,20,KH,3,R,18,na,5,13:30,14,na,,
2016-Sep,2016-09-08,Simmonds,20,KH,3,R,18,na,5,14:00,15,na,,plant recorded as tangled but estimates of length given
2016-Sep,2016-09-07,Triquet,20,KH,1,L,4,na,4,14:30,4,na,,
2016-Sep,2016-09-07,Triquet,20,KH,1,L,11,na,4,14:30,4,na,,
2016-Sep,2016-09-07,Triquet,20,KH,1,L,14,na,4,14:30,1,na,,
2016-Sep,2016-09-07,Triquet,20,KH,1,L,14,na,4,14:30,8,na,,
2016-Sep,2016-09-07,Triquet,20,KH,2,L,11,na,4,14:30,4,na,,
2016-Sep,2016-09-07,Triquet,20,KH,2,L,10.5,na,4,14:30,9,na,,
2016-Sep,2016-09-07,Triquet,20,KH,2,L,10,na,4,14:30,1,na,,
2016-Sep,2016-09-07,Triquet,20,KH,2,L,19.4,na,4,14:30,5,na,,
2016-Sep,2016-09-07,Triquet,20,KH,2,L,19.5,na,4,14:30,3,na,,
2015-Aug,2015-08-06,Triquet,20,na,3,L,14,4.9,na,10:21,3,na,was 1951,
2016-Sep,2016-09-07,Triquet,20,KH,3,L,1,na,4,14:30,1,na,,
2016-Sep,2016-09-07,Triquet,20,OP,1,R,8,na,4,14:30,8,na,,
2016-Sep,2016-09-07,Triquet,20,OP,1,R,0,na,4,14:30,4,na,,
2016-Sep,2016-09-07,Triquet,20,OP,1,R,8,na,4,14:30,2,na,,
2016-Sep,2016-09-07,Triquet,20,OP,1,R,15,na,4,14:30,6,na,,
2016-Sep,2016-09-07,Triquet,20,OP,1,R,17,na,4,14:30,2,na,,
2016-Sep,2016-09-07,Triquet,20,OP,1,R,18,na,4,14:30,2,na,,
2016-Sep,2016-09-07,Triquet,20,OP,1,R,18.5,na,4,14:30,2,na,,
2016-Sep,2016-09-07,Triquet,20,OP,1,R,19,na,4,14:30,5,na,,
2016-Sep,2016-09-07,Triquet,20,OP,1,R,20,na,4,14:30,4,na,,
2015-Aug,2015-08-06,Triquet,20,na,2,R,17.5,5.2,na,10:56,11,na,,
2015-Aug,2015-08-06,Triquet,20,na,2,R,17,5.3,na,10:44,2,na,*Used to be 754,
2016-Sep,2016-09-07,Triquet,20,OP,2,R,1.5,na,4,14:30,16,na,,
2016-Sep,2016-09-07,Triquet,20,OP,2,R,2.5,na,4,14:30,2,na,,
2016-Sep,2016-09-07,Triquet,20,OP,2,R,5,na,4,14:30,1,na,,
2016-Sep,2016-09-07,Triquet,20,OP,2,R,7,na,4,14:30,3,na,,
2016-Sep,2016-09-07,Triquet,20,OP,2,R,8,na,4,14:30,1,na,,
2016-Sep,2016-09-07,Triquet,20,OP,2,R,8,na,4,14:30,2,na,,
2016-Sep,2016-09-07,Triquet,20,OP,2,R,10,na,4,14:30,3,na,,
2016-Sep,2016-09-07,Triquet,20,OP,2,R,11,na,4,14:30,9,na,,
2016-Sep,2016-09-07,Triquet,20,OP,2,R,13,na,4,14:30,6,na,,
2016-Sep,2016-09-07,Triquet,20,OP,2,R,15,na,4,14:30,4,na,end at 4.5m ,
2016-Sep,2016-09-07,Triquet,20,OP,2,R,16,na,4,14:30,2,na,end at 4.5m ,
2016-Sep,2016-09-07,Triquet,20,OP,2,R,20,na,4,14:30,7,na,,
2016-Sep,2016-09-07,Triquet,20,OP,3,R,1,na,4,14:30,9,na,end at 4.5m ,
2016-Sep,2016-09-07,Triquet,20,OP,3,R,15,na,4,14:30,5,na,,
2016-Sep,2016-09-07,Triquet,20,OP,3,R,12,na,4,14:30,2,na,,
2016-Sep,2016-09-07,Triquet,20,OP,3,R,13,na,4,14:30,2,na,,
2016-Sep,2016-09-11,Westbeach,20,OP,1,L,11,na,2,10:20,8,na,used to be 1732,
2016-Sep,2016-09-11,Westbeach,20,OP,1,L,14.5,na,2,10:40,6,na,,
2016-Sep,2016-09-11,Westbeach,20,OP,1,L,8.5,na,2,10:00,5,na,,plant recorded as tangled but estimates of length given
2016-Sep,2016-09-11,Westbeach,20,OP,1,L,8.5,na,2,10:00,3,na,,
2016-Sep,2016-09-11,Westbeach,20,OP,1,L,8.5,na,2,10:00,7,na,,plant recorded as tangled but estimates of length given
2016-Sep,2016-09-11,Westbeach,20,OP,1,L,10,na,2,10:00,2,na,,
2016-Sep,2016-09-11,Westbeach,20,OP,1,L,10.5,na,2,10:00,4,na,,
2016-Sep,2016-09-11,Westbeach,20,OP,1,L,11.2,na,2,10:20,4,na,,
2016-Sep,2016-09-11,Westbeach,20,OP,1,L,11.2,na,2,10:20,11,na,,
2016-Sep,2016-09-11,Westbeach,20,OP,1,L,11.5,na,2,10:20,5,na,,
2016-Sep,2016-09-11,Westbeach,20,OP,1,L,11.5,na,2,10:20,24,na,,
2016-Sep,2016-09-11,Westbeach,20,OP,2,L,0,na,2,11:00,9,na,,
2016-Sep,2016-09-11,Westbeach,20,OP,2,L,4.5,na,2,11:10,11,na,,
2016-Sep,2016-09-11,Westbeach,20,OP,2,L,10.5,na,2,11:14,9,na,,
2016-Sep,2016-09-11,Westbeach,20,OP,2,L,10.5,na,2,11:14,60,na,Huge wall!!!,
2016-Sep,2016-09-11,Westbeach,20,OP,3,R,4.25,na,2,12:45,12,na,plant used to be on left side of transect,
2016-Sep,2016-09-11,Westbeach,20,OP,3,L,4.2,na,2,13:00,16,P,,
2016-Sep,2016-09-11,Westbeach,20,OP,3,L,4.3,na,2,13:00,9,na,,
2016-Sep,2016-09-11,Westbeach,20,OP,3,L,4.5,na,2,13:00,3,na,,
2016-Sep,2016-09-11,Westbeach,20,OP,3,L,4.5,na,2,13:00,16,na,,
2016-Sep,2016-09-11,Westbeach,20,OP,3,L,7.5,na,2,13:00,11,na,,
2016-Sep,2016-09-11,Westbeach,20,OP,3,L,10.2,na,2,13:00,5,na,,
2016-Sep,2016-09-11,Westbeach,20,OP,3,L,11.1,na,2,13:25,14,na,,
2016-Sep,2016-09-11,Westbeach,20,OP,3,L,11.9,na,2,13:00,12,na,,
2016-Sep,2016-09-11,Westbeach,20,OP,3,L,12.1,na,2,13:00,12,na,,
2016-Sep,2016-09-11,Westbeach,20,OP,3,L,14,na,2,13:22,7,na,,
2016-Sep,2016-09-11,Westbeach,20,OP,3,L,15,na,2,13:19,17,na,,
2016-Sep,2016-09-11,Westbeach,20,DVM,3,L,15.2,na,2,13:00,2,na,,
2016-Sep,2016-09-11,Westbeach,20,DVM,3,L,16,na,2,13:00,15,na,,plant recorded as tangled but estimates of length given
2016-Sep,2016-09-11,Westbeach,20,DVM,3,L,18.5,na,2,13:16,16,na,,
2016-Sep,2016-09-11,Westbeach,20,KH,1,R,1.5,na,2,12:58,6,na,*Used to be 1758,
2016-Sep,2016-09-11,Westbeach,20,KH,1,R,12.5,na,2,13:00,24,na,used to be 2006,
2016-Sep,2016-09-11,Westbeach,20,DVM,1,R,2,na,2,13:00,5,na,,
2016-Sep,2016-09-11,Westbeach,20,DVM,1,R,2.5,na,2,13:00,34,na,,
2016-Sep,2016-09-11,Westbeach,20,DVM,1,R,3.2,na,2,13:00,4,na,,
2016-Sep,2016-09-11,Westbeach,20,DVM,1,R,3.5,na,2,13:00,10,na,,
2016-Sep,2016-09-11,Westbeach,20,DVM,1,R,4.5,na,2,13:00,25,na,,
2016-Sep,2016-09-11,Westbeach,20,DVM,1,R,9,na,2,13:00,12,na,,
2016-Sep,2016-09-11,Westbeach,20,DVM,1,R,11.5,na,2,13:00,24,na,,
2016-Sep,2016-09-11,Westbeach,20,DVM,1,R,13.7,na,2,13:00,9,na,,
2016-Sep,2016-09-11,Westbeach,20,DVM,1,R,14.5,na,2,13:00,15,na,,plant recorded as tangled but estimates of length given
2016-Sep,2016-09-11,Westbeach,20,DVM,1,R,14.7,na,2,13:00,14,na,,plant recorded as tangled but estimates of length given
2016-Sep,2016-09-11,Westbeach,20,KH,2,R,11.5,na,2,10:44,8,na,,
2016-Sep,2016-09-11,Westbeach,20,KH,2,R,8,na,2,11:09,11,na,,
2016-Sep,2016-09-11,Westbeach,20,KH,2,R,0.5,na,2,11:19,4,na,,
2016-Sep,2016-09-11,Westbeach,20,KH,2,R,8,na,2,11:04,29,na,,
2016-Sep,2016-09-11,Westbeach,20,KH,2,R,8.5,na,2,11:01,9,na,,
2016-Sep,2016-09-11,Westbeach,20,KH,2,R,9.5,na,2,10:59,3,na,,
2016-Sep,2016-09-11,Westbeach,20,KH,2,R,10,na,2,10:55,69,na,,
2016-Sep,2016-09-11,Westbeach,20,KH,2,R,10.5,na,2,10:51,3,na,,
2016-Sep,2016-09-11,Westbeach,20,KH,2,R,11,na,2,10:49,8,na,,
2016-Sep,2016-09-11,Westbeach,20,KH,3,R,8.3,na,2,10:07,66,na,,
2016-Sep,2016-09-11,Westbeach,20,KH,3,R,13,na,2,10:25,14,na,,
2016-Sep,2016-09-11,Westbeach,20,KH,3,R,3,na,2,12:50,9,na,used to be 1965,
2016-Sep,2016-09-11,Westbeach,20,KH,3,R,6.3,na,2,9:59,21,na,,
2016-Sep,2016-09-11,Westbeach,20,KH,3,R,10.5,na,2,10:20,18,na,,
2016-Sep,2016-09-11,Westbeach,20,KH,3,R,11,na,2,10:24,8,na,,
2016-Sep,2016-09-11,Westbeach,20,KH,3,R,11.5,na,2,10:26,8,na,,
2016-Sep,2016-09-11,Westbeach,20,KH,3,R,14,na,2,10:36,8,na,,
2016-Sep,2016-09-11,Westbeach,20,KH,3,R,14.5,na,2,10:38,5,na,,
2016-Sep,2016-09-11,Westbeach,20,KH,3,R,19.5,na,2,12:42,1,na,,
2016-Nov,2016-11-13,Meay,20,OP,2,L,17,na,2,13:00,6,C,"all plants are missing blades (only stalks left), plant is growing on the line, chose left side arbritrarily ",
2016-Nov,2016-11-13,Meay,20,OP,3,L,10.5,na,2,13:00,1,C,"all plants are missing blades (only stalks left), plant is growing on the line, chose left side arbritrarily ",
2016-Nov,2016-11-13,Meay,20,AM,1,L,10,na,2,13:00,11,C,all plants are missing blades (only stalks left),
2016-Nov,2016-11-13,Meay,20,AM,1,L,18,na,2,13:00,2,C,all plants are missing blades (only stalks left),
2016-Nov,2016-11-13,Meay,20,AM,2,L,18,na,2,13:00,4,C,all plants are missing blades (only stalks left),
2016-Nov,2016-11-13,Meay,20,AM,2,L,17,na,2,13:00,18,C,all plants are missing blades (only stalks left),
2016-Nov,2016-11-13,Meay,20,AM,2,L,17.2,na,2,13:00,3,C,all plants are missing blades (only stalks left),
2016-Nov,2016-11-13,Meay,20,AM,2,L,17.3,na,2,13:00,3,C,all plants are missing blades (only stalks left),
2016-Sep,2016-09-07,Meay,20,OP,3,L,5,na,2,9:45,3,na,,
2016-Nov,2016-11-13,Meay,20,AM,3,L,5,na,2,13:00,3,C,all plants are missing blades (only stalks left),
2016-Nov,2016-11-13,Meay,20,AM,3,L,5,na,2,13:00,4,C,all plants are missing blades (only stalks left),
2016-Nov,2016-11-13,Meay,20,AM,3,L,19,na,2,13:00,4,C,all plants are missing blades (only stalks left),
2016-Nov,2016-11-13,Meay,20,OP,1,R,16,na,2,13:00,3,C,all plants are missing blades (only stalks left),
2016-Nov,2016-11-13,Meay,20,OP,1,R,5,na,2,13:00,12,C,all plants are missing blades (only stalks left),
2016-Nov,2016-11-13,Meay,20,OP,1,R,11.2,na,2,13:00,3,C,all plants are missing blades (only stalks left),
2016-Nov,2016-11-13,Meay,20,OP,2,R,4.2,na,2,13:00,2,C,all plants are missing blades (only stalks left),
2016-Nov,2016-11-13,Meay,20,OP,3,R,8,na,2,13:00,9,C,all plants are missing blades (only stalks left),
2016-Nov,2016-11-13,Meay,20,OP,3,R,15,na,2,13:00,1,C,all plants are missing blades (only stalks left),
2016-Nov,2016-11-13,Meay,20,OP,3,R,8.1,na,2,13:00,7,C,all plants are missing blades (only stalks left),
2016-Nov,2016-11-13,Meay,20,OP,3,R,8.2,na,2,13:00,2,C,all plants are missing blades (only stalks left),
2016-Nov,2016-11-13,Meay,20,OP,3,R,10.2,na,2,13:00,1,C,all plants are missing blades (only stalks left),
2016-Nov,2016-11-13,Meay,20,OP,3,R,10.2,na,2,13:00,1,C,all plants are missing blades (only stalks left),
2016-Nov,2016-11-14,Triquet,20,AM,1,L,4,na,4,11:45,1,na,,
2016-Nov,2016-11-14,Triquet,20,AM,1,L,4,na,4,11:45,2,na,,
2016-Nov,2016-11-14,Triquet,20,AM,1,L,11,na,4,11:45,1,na,,
2016-Nov,2016-11-14,Triquet,20,AM,1,L,13,na,4,11:45,6,na,,
2016-Nov,2016-11-14,Triquet,20,AM,1,L,15,na,4,11:45,1,na,,
2016-Nov,2016-11-14,Triquet,20,AM,1,L,19,na,4,11:45,1,na,,
2016-Nov,2016-11-14,Triquet,20,AM,2,L,10,na,4,11:45,5,na,used to be 1783,
2016-Nov,2016-11-14,Triquet,20,AM,2,L,11,na,4,11:45,1,na,,
2016-Nov,2016-11-14,Triquet,20,AM,2,L,20,na,4,11:45,6,na,used to be 2485,
2016-Nov,2016-11-14,Triquet,20,AM,2,L,18,na,4,11:45,3,na,,
2016-Nov,2016-11-14,Triquet,20,AM,2,L,18.3,na,4,11:45,3,na,,
2016-Nov,2016-11-14,Triquet,20,AM,3,L,14,na,4,11:45,3,na,,
2016-Nov,2016-11-14,Triquet,20,OP,1,R,0,na,4,11:30,4,na,,
2016-Nov,2016-11-14,Triquet,20,OP,1,R,8,na,4,11:30,6,na,used to be 707,
2016-Nov,2016-11-14,Triquet,20,OP,1,R,8,na,4,11:30,2,na,,
2016-Nov,2016-11-14,Triquet,20,OP,1,R,10,na,4,11:30,2,na,,
2016-Nov,2016-11-14,Triquet,20,OP,1,R,11,na,4,11:30,1,na,,
2016-Nov,2016-11-14,Triquet,20,OP,1,R,16,na,4,11:30,3,na,,
2016-Nov,2016-11-14,Triquet,20,OP,1,R,19,na,4,11:30,7,na,,
2015-Sep,2015-09-12,Triquet,20,na,2,R,16.5,6.4,na,11:00,9,na,,
2015-Sep,2015-09-12,Triquet,20,na,2,R,17,6.5,na,11:09,1,na,*Used to be 754,
2016-Nov,2016-11-14,Triquet,20,OP,2,R,1.5,na,4,11:30,17,na,,
2016-Nov,2016-11-14,Triquet,20,OP,2,R,9,na,4,11:40,2,na,,
2016-Nov,2016-11-14,Triquet,20,OP,2,R,10,na,4,11:40,2,na,,
2016-Nov,2016-11-14,Triquet,20,OP,2,R,13,na,4,11:40,2,na,,
2016-Nov,2016-11-14,Triquet,20,OP,2,R,15,na,4,11:40,3,na,,
2016-Nov,2016-11-14,Triquet,20,OP,2,R,20,na,4,11:40,6,na,,
2016-Nov,2016-11-14,Triquet,20,OP,3,R,1,na,4,12:00,8,na,,
2016-Nov,2016-11-14,Triquet,20,OP,3,R,15,na,4,12:00,2,na,,
2016-Nov,2016-11-14,Triquet,20,OP,3,R,12,na,4,12:00,2,na,,
2016-Nov,2016-11-14,Triquet,20,OP,3,R,15,na,4,12:00,1,na,,
2016-Nov,2016-11-14,Triquet,20,OP,3,R,15.2,na,4,12:00,6,P,,
2016-Nov,2016-11-14,Triquet,20,OP,3,R,15.5,na,4,12:00,5,na,,plant recorded as tangled but estimates of length given
2017-Apr,2017-04-05,Meay,20,OP,1,L,0_20,na,2,na,0,na,no macro (not even holdfast),
2017-Apr,2017-04-05,Meay,20,OP,2,L,0_20,na,2,na,0,na,no macro (not even holdfast),
2017-Apr,2017-04-05,Meay,20,OP,3,L,0_20,na,2,na,0,na,no macro (not even holdfast),
2017-Apr,2017-04-05,Meay,20,OP,1,R,0_20,na,2,na,0,na,no macro (not even holdfast),
2017-Apr,2017-04-05,Meay,20,OP,2,R,0_20,na,2,na,0,na,no macro (not even holdfast),
2017-Apr,2017-04-05,Meay,20,OP,3,R,0_20,na,2,na,0,na,no macro (not even holdfast),
2017-Apr,2017-04-06,Triquet,20,KH,1,L,14,na,4,10:36,2,na,,
2017-Apr,2017-04-06,Triquet,20,KH,1,L,3.5,na,4,10:42,5,na,,
2017-Apr,2017-04-06,Triquet,20,KH,1,L,2.4,na,4,10:42,5,na,,
2017-Apr,2017-04-06,Triquet,20,KH,1,L,2.4,na,4,10:42,2,na,,
2017-Apr,2017-04-06,Triquet,20,KH,1,L,2.5,na,4,10:42,4,na,,
2017-Apr,2017-04-06,Triquet,20,KH,1,L,4.5,na,4,10:42,2,P,,
2017-Apr,2017-04-06,Triquet,20,KH,1,L,11,na,4,10:42,1,na,,
2017-Apr,2017-04-06,Triquet,20,KH,1,L,12,na,4,10:42,2,P,,
2017-Apr,2017-04-06,Triquet,20,KH,1,L,12.5,na,4,10:42,4,P,,
2017-Apr,2017-04-06,Triquet,20,KH,1,L,13.8,na,4,10:42,3,na,,
2017-Apr,2017-04-06,Triquet,20,KH,1,L,16.5,na,4,10:36,1,na,,
2017-Apr,2017-04-06,Triquet,20,KH,1,L,17.7,na,4,10:36,3,na,,
2017-Apr,2017-04-06,Triquet,20,KH,1,L,17.8,na,4,10:36,3,na,,
2017-Apr,2017-04-06,Triquet,20,KH,1,L,18.7,na,4,10:36,1,na,,
2017-Apr,2017-04-06,Triquet,20,KH,1,L,19.1,na,4,10:36,1,na,,
2017-Apr,2017-04-06,Triquet,20,OP,2,L,10,na,4,10:36,4,na,used to be 1783,
2017-Apr,2017-04-06,Triquet,20,OP,2,L,20,na,4,10:36,3,na,used to be 2485,
2017-Apr,2017-04-06,Triquet,20,OP,2,L,10.5,na,4,10:36,3,na,,
2017-Apr,2017-04-06,Triquet,20,OP,3,L,12.5,na,4,10:36,1,na,,
2017-Apr,2017-04-06,Triquet,20,KH,1,R,15,na,4,10:36,4,na,,
2017-Apr,2017-04-06,Triquet,20,KH,1,R,0,na,4,10:36,3,na,,
2017-Apr,2017-04-06,Triquet,20,KH,1,R,10,na,4,10:36,5,na,,
2017-Apr,2017-04-06,Triquet,20,KH,1,R,10.8,na,4,10:36,2,na,,
2017-Apr,2017-04-06,Triquet,20,KH,1,R,11.2,na,4,10:36,3,P,,
2017-Apr,2017-04-06,Triquet,20,KH,1,R,13,na,4,10:36,3,na,,
2017-Apr,2017-04-06,Triquet,20,KH,1,R,18,na,4,10:36,12,na,,
2016-May,2016-05-22,Triquet,20,OP,2,R,17,na,4,11:02,3,na,*Used to be 754,
2017-Apr,2017-04-06,Triquet,20,OP,2,R,1.5,na,4,10:36,9,na,,
2017-Apr,2017-04-06,Triquet,20,OP,2,R,2,na,4,10:36,1,na,,
2017-Apr,2017-04-06,Triquet,20,OP,2,R,3,na,4,10:36,1,na,,
2017-Apr,2017-04-06,Triquet,20,OP,2,R,9,na,4,10:36,4,na,,
2017-Apr,2017-04-06,Triquet,20,OP,2,R,10,na,4,10:36,2,na,,
2017-Apr,2017-04-06,Triquet,20,OP,2,R,13,na,4,10:36,2,na,,
2017-Apr,2017-04-06,Triquet,20,OP,2,R,16,na,4,10:36,1,na,,
2017-Apr,2017-04-06,Triquet,20,OP,2,R,19.5,na,4,10:36,1,na,,
2017-Apr,2017-04-06,Triquet,20,OP,3,R,10.5,na,4,10:36,2,na,,
2017-Apr,2017-04-06,Triquet,20,OP,3,R,1,na,4,10:36,17,na,new tag,
2017-Apr,2017-04-06,Triquet,20,OP,3,R,15,na,4,10:36,3,na,,
2017-Apr,2017-04-06,Triquet,20,OP,3,R,13.5,na,4,10:36,10,na,,
2017-Apr,2017-04-07,Westbeach,20,KH,1,L,11,na,2,10:30,10,na,used to be 1732,
2017-Apr,2017-04-07,Westbeach,20,KH,1,L,3,na,2,10:30,2,na,,
2017-Apr,2017-04-07,Westbeach,20,KH,1,L,3.8,na,2,10:30,3,na,,
2017-Apr,2017-04-07,Westbeach,20,KH,1,L,9,na,2,10:30,7,na,,
2017-Apr,2017-04-07,Westbeach,20,KH,1,L,9,na,2,10:30,1,na,,
2017-Apr,2017-04-07,Westbeach,20,KH,1,L,12,na,2,10:30,10,na,,
2017-Apr,2017-04-07,Westbeach,20,KH,1,L,12.5,na,2,10:30,2,na,,
2017-Apr,2017-04-07,Westbeach,20,KH,1,L,15,na,2,10:30,3,na,,
2017-Apr,2017-04-07,Westbeach,20,KH,1,L,15.1,na,2,10:30,3,na,,
2017-Apr,2017-04-07,Westbeach,20,KH,1,L,15.1,na,2,10:30,4,P,,
2017-Apr,2017-04-07,Westbeach,20,KH,1,L,15.2,na,2,10:30,3,na,,
2017-Apr,2017-04-07,Westbeach,20,DVM,2,L,12,na,2,10:00,3,na,,
2017-Apr,2017-04-07,Westbeach,20,DVM,2,L,1,na,2,10:00,2,na,,
2017-Apr,2017-04-07,Westbeach,20,DVM,2,L,0.5,na,2,10:00,2,na,,
2017-Apr,2017-04-07,Westbeach,20,DVM,2,L,1,na,2,10:00,4,na,,
2017-Apr,2017-04-07,Westbeach,20,DVM,2,L,6,na,2,10:00,4,na,,
2017-Apr,2017-04-07,Westbeach,20,DVM,2,L,11.5,na,2,10:00,10,na,,
2017-Apr,2017-04-07,Westbeach,20,DVM,2,L,12,na,2,10:00,5,na,,
2017-Apr,2017-04-07,Westbeach,20,DVM,2,L,12,na,2,10:00,7,na,,
2017-Apr,2017-04-07,Westbeach,20,DVM,2,L,12,na,2,10:00,7,na,,
2017-Apr,2017-04-07,Westbeach,20,OP,3,L,2.5,na,2,10:30,3,na,,
2017-Apr,2017-04-07,Westbeach,20,OP,3,L,3,na,2,10:30,2,na,,
2017-Apr,2017-04-07,Westbeach,20,OP,3,L,3,na,2,10:30,3,na,,
2017-Apr,2017-04-07,Westbeach,20,OP,3,L,3,na,2,10:30,4,na,,
2017-Apr,2017-04-07,Westbeach,20,OP,3,L,4,na,2,10:30,3,na,,
2017-Apr,2017-04-07,Westbeach,20,OP,3,L,4,na,2,10:30,3,na,,
2017-Apr,2017-04-07,Westbeach,20,OP,3,L,4,na,2,10:30,2,na,,
2017-Apr,2017-04-07,Westbeach,20,OP,3,L,4.5,na,2,10:30,2,na,,
2017-Apr,2017-04-07,Westbeach,20,OP,3,L,5,na,2,10:30,10,na,,
2017-Apr,2017-04-07,Westbeach,20,OP,3,L,5,na,2,10:30,2,na,,
2017-Apr,2017-04-07,Westbeach,20,KH,1,R,1.5,na,2,10:30,1,na,*Used to be 1758,
2017-Apr,2017-04-07,Westbeach,20,KH,1,R,13.8,na,2,10:30,17,na,used to be 2006,
2017-Apr,2017-04-07,Westbeach,20,KH,1,R,1.1,na,2,10:30,4,na,,
2017-Apr,2017-04-07,Westbeach,20,KH,1,R,1.1,na,2,10:30,1,na,,
2017-Apr,2017-04-07,Westbeach,20,KH,1,R,1.1,na,2,10:30,1,na,,
2017-Apr,2017-04-07,Westbeach,20,KH,1,R,1.2,na,2,10:30,17,na,,
2017-Apr,2017-04-07,Westbeach,20,KH,1,R,2,na,2,10:30,3,na,,
2017-Apr,2017-04-07,Westbeach,20,KH,1,R,2.1,na,2,10:30,3,na,,
2017-Apr,2017-04-07,Westbeach,20,KH,1,R,2.7,na,2,10:30,5,na,,
2017-Apr,2017-04-07,Westbeach,20,KH,1,R,2.8,na,2,10:30,5,na,,
2017-Apr,2017-04-07,Westbeach,20,KH,1,R,3,na,2,10:30,7,na,,
2017-Apr,2017-04-07,Westbeach,20,KH,1,R,3.1,na,2,10:30,3,na,,
2017-Apr,2017-04-07,Westbeach,20,KH,1,R,3.2,na,2,10:30,15,P,,
2017-Apr,2017-04-07,Westbeach,20,KH,1,R,4,na,2,10:30,10,na,,
2017-Apr,2017-04-07,Westbeach,20,KH,1,R,4.1,na,2,10:30,4,na,,
2017-Apr,2017-04-07,Westbeach,20,KH,1,R,8,na,2,10:30,5,P,,
2017-Apr,2017-04-07,Westbeach,20,KH,1,R,9,na,2,10:30,3,P,,
2017-Apr,2017-04-07,Westbeach,20,KH,1,R,12,na,2,10:30,7,na,,
2017-Apr,2017-04-07,Westbeach,20,KH,1,R,12.1,na,2,10:30,3,na,,
2017-Apr,2017-04-07,Westbeach,20,KH,1,R,14.9,na,2,10:30,6,na,,
2017-Apr,2017-04-07,Westbeach,20,KH,1,R,15.8,na,2,10:30,3,na,,
2017-Apr,2017-04-07,Westbeach,20,DVM,2,R,6,na,2,10:00,4,na,,
2017-Apr,2017-04-07,Westbeach,20,DVM,2,R,8,na,2,10:00,9,na,,
2017-Apr,2017-04-07,Westbeach,20,DVM,2,R,1,na,2,10:00,7,na,,
2017-Apr,2017-04-07,Westbeach,20,DVM,2,R,1.5,na,2,10:00,3,na,,
2017-Apr,2017-04-07,Westbeach,20,DVM,2,R,8,na,2,10:00,1,na,,
2017-Apr,2017-04-07,Westbeach,20,DVM,2,R,9,na,2,10:00,16,na,,
2017-Apr,2017-04-07,Westbeach,20,DVM,2,R,9.25,na,2,10:00,15,na,,
2017-Apr,2017-04-07,Westbeach,20,DVM,2,R,11,na,2,10:00,22,na,,
2017-Apr,2017-04-07,Westbeach,20,DVM,2,R,11,na,2,10:00,1,na,,
2017-Apr,2017-04-07,Westbeach,20,DVM,2,R,11.25,na,2,10:00,11,na,,
2017-Apr,2017-04-07,Westbeach,20,DVM,2,R,11.5,na,2,10:00,7,na,,
2017-Apr,2017-04-07,Westbeach,20,DVM,2,R,12,na,2,10:00,2,na,,
2017-Apr,2017-04-07,Westbeach,20,DVM,2,R,12,na,2,10:00,2,na,,
2017-Apr,2017-04-07,Westbeach,20,DVM,2,R,13,na,2,10:00,3,na,,
2017-Apr,2017-04-07,Westbeach,20,OP,3,R,7.5,na,2,10:30,3,na,,
2017-Apr,2017-04-07,Westbeach,20,OP,3,R,13,na,2,10:30,2,na,,
2017-Apr,2017-04-07,Westbeach,20,OP,3,R,4.25,na,2,10:30,3,na,,
2017-Apr,2017-04-07,Westbeach,20,OP,3,R,3,na,2,10:30,7,na,,
2017-Apr,2017-04-07,Westbeach,20,OP,3,R,3,na,2,10:30,3,na,,
2017-Apr,2017-04-07,Westbeach,20,OP,3,R,7,na,2,10:30,6,P,,
2017-Apr,2017-04-07,Westbeach,20,OP,3,R,7.5,na,2,10:30,1,na,,
2017-Apr,2017-04-07,Westbeach,20,OP,3,R,7.6,na,2,10:30,6,P,,
2017-Apr,2017-04-07,Westbeach,20,OP,3,R,8,na,2,10:30,4,na,,
2017-Apr,2017-04-07,Westbeach,20,OP,3,R,8,na,2,10:30,8,na,,
2017-Apr,2017-04-07,Westbeach,20,OP,3,R,10,na,2,10:30,4,P,,
2017-Apr,2017-04-07,Westbeach,20,OP,3,R,10.5,na,2,10:30,4,na,,
2017-Apr,2017-04-07,Westbeach,20,OP,3,R,10.5,na,2,10:30,4,P,,
2017-Apr,2017-04-07,Westbeach,20,OP,3,R,10.6,na,2,10:30,1,na,,
2017-Apr,2017-04-07,Westbeach,20,OP,3,R,11,na,2,10:30,7,na,,
2017-Apr,2017-04-07,Westbeach,20,OP,3,R,12,na,2,10:30,4,na,,
2017-Apr,2017-04-07,Westbeach,20,OP,3,R,12,na,2,10:30,3,na,,
2017-Apr,2017-04-07,Westbeach,20,OP,3,R,12,na,2,10:30,5,na,,
2017-Apr,2017-04-07,Westbeach,20,OP,3,R,12,na,2,10:30,3,P,,
2017-Apr,2017-04-07,Westbeach,20,OP,3,R,12.5,na,2,10:30,6,na,,
2017-Apr,2017-04-07,Westbeach,20,OP,3,R,13,na,2,10:30,3,na,,
2017-Apr,2017-04-07,Westbeach,20,OP,3,R,14,na,2,10:30,1,na,,
2017-Apr,2017-04-07,Westbeach,20,OP,3,R,15,na,2,10:30,5,P,,
2017-Apr,2017-04-07,Westbeach,20,OP,3,R,15,na,2,10:30,4,P,,
2017-Apr,2017-04-07,Westbeach,20,OP,3,R,15.4,na,2,10:30,1,T,,
2017-Apr,2017-04-07,Westbeach,20,OP,3,R,17.5,na,2,10:30,2,na,,
2017-Apr,2017-04-07,Westbeach,20,OP,3,R,18,na,2,10:30,27,na,,
2017-May,2017-05-15,Triquet,20,OP,1,L,15,na,4,10:37,2,na,,
2017-May,2017-05-15,Triquet,20,OP,1,L,3.25,na,4,10:50,3,na,,
2017-May,2017-05-15,Triquet,20,KH,1,L,0,na,4,10:30,1,na,,
2017-May,2017-05-15,Triquet,20,KH,1,L,2.4,na,4,10:10,6,na,,
2017-May,2017-05-15,Triquet,20,KH,1,L,2.5,na,4,10:10,6,na,,
2017-May,2017-05-15,Triquet,20,KH,1,L,11.2,na,4,10:10,1,na,,
2017-May,2017-05-15,Triquet,20,KH,1,L,11.3,na,4,10:10,1,na,,
2017-May,2017-05-15,Triquet,20,KH,1,L,13,na,4,10:10,6,P,,
2017-May,2017-05-15,Triquet,20,KH,1,L,16,na,4,9:55,1,na,,
2017-May,2017-05-15,Triquet,20,KH,1,L,17,na,4,9:55,5,na,,
2017-May,2017-05-15,Triquet,20,KH,1,L,17.5,na,4,9:55,6,na,,
2017-May,2017-05-15,Triquet,20,KH,1,L,19.5,na,4,9:55,1,na,,
2017-May,2017-05-15,Triquet,20,OP,2,L,10,na,4,10:11,7,na,used to be 1783,plant recorded as tangled but estimates of length given
2017-May,2017-05-15,Triquet,20,OP,2,L,20,na,4,9:56,6,na,,
2017-May,2017-05-15,Triquet,20,KH,2,L,9.6,na,4,10:50,1,na,,
2017-May,2017-05-15,Triquet,20,KH,2,L,18,na,4,11:10,7,na,,
2017-May,2017-05-15,Triquet,20,OP,3,L,12,na,4,11:05,3,na,,
2017-May,2017-05-15,Triquet,20,OP,1,R,15,na,4,10:45,7,na,,
2017-May,2017-05-15,Triquet,20,OP,1,R,0,na,4,10:27,7,na,,
2017-May,2017-05-15,Triquet,20,OP,1,R,8,na,4,11:35,2,na,used to be 707,
2017-May,2017-05-15,Triquet,20,KH,1,R,8.1,na,4,10:10,4,na,,
2017-May,2017-05-15,Triquet,20,KH,1,R,10,na,4,10:10,9,na,,
2017-May,2017-05-15,Triquet,20,KH,1,R,10.3,na,4,10:10,1,P,,
2017-May,2017-05-15,Triquet,20,KH,1,R,11.8,na,4,10:10,3,P,,
2017-May,2017-05-15,Triquet,20,KH,1,R,18,na,4,9:55,16,na,,
2016-Jun,2016-06-11,Triquet,20,OP,2,R,17,na,4,12:14,4,na,*Used to be 754,
2017-May,2017-05-15,Triquet,20,OP,2,R,1,na,4,11:20,6,T,,
2017-May,2017-05-15,Triquet,20,KH,2,R,1.1,na,4,10:30,3,na,,plant recorded as tangled but estimates of length given
2017-May,2017-05-15,Triquet,20,KH,2,R,1.6,na,4,10:30,3,na,,
2017-May,2017-05-15,Triquet,20,KH,2,R,1.7,na,4,10:30,5,na,,plant recorded as tangled but estimates of length given
2017-May,2017-05-15,Triquet,20,KH,2,R,2,na,4,10:30,2,na,,
2017-May,2017-05-15,Triquet,20,KH,2,R,2.1,na,4,10:30,2,na,Fronds_SFC entered as 1,
2017-May,2017-05-15,Triquet,20,KH,2,R,3,na,4,10:30,3,na,,
2017-May,2017-05-15,Triquet,20,KH,2,R,3.1,na,4,10:50,1,na,,
2017-May,2017-05-15,Triquet,20,KH,2,R,3.2,na,4,10:50,1,na,,
2017-May,2017-05-15,Triquet,20,KH,2,R,9,na,4,10:50,5,na,,
2017-May,2017-05-15,Triquet,20,KH,2,R,9.2,na,4,10:50,1,na,,
2017-May,2017-05-15,Triquet,20,KH,2,R,10,na,4,10:50,4,na,,
2017-May,2017-05-15,Triquet,20,KH,2,R,16,na,4,10:50,1,na,,
2017-May,2017-05-15,Triquet,20,KH,2,R,19.5,na,4,11:10,5,na,,
2017-May,2017-05-15,Triquet,20,OP,3,R,10.5,na,4,10:59,6,na,,
2017-May,2017-05-15,Triquet,20,OP,3,R,13.5,na,4,11:10,4,na,used to be 104,
2017-May,2017-05-15,Triquet,20,OP,3,R,1,na,4,10:52,28,T,,
2017-May,2017-05-15,Triquet,20,KH,3,R,12,na,4,11:10,4,na,,
2017-May,2017-05-15,Triquet,20,KH,3,R,13.8,na,4,11:10,15,na,,
2017-May,2017-05-17,Westbeach,20,OP,1,L,11,na,2,12:40,13,na,,
2017-May,2017-05-17,Westbeach,20,KH,1,L,15.3,na,2,13:00,4,na,,
2017-May,2017-05-17,Westbeach,20,KH,1,L,15,na,2,13:00,1,na,,
2017-May,2017-05-17,Westbeach,20,KH,1,L,9.3,na,2,13:00,7,na,,
2017-May,2017-05-17,Westbeach,20,KH,1,L,9.5,na,2,13:00,7,na,,
2017-May,2017-05-17,Westbeach,20,KH,1,L,11.1,na,2,13:00,2,na,,
2017-May,2017-05-17,Westbeach,20,KH,1,L,12,na,2,13:00,2,na,,
2017-May,2017-05-17,Westbeach,20,KH,1,L,12,na,2,13:00,4,na,,
2017-May,2017-05-17,Westbeach,20,KH,1,L,12.1,na,2,13:00,13,na,,
2017-May,2017-05-17,Westbeach,20,KH,1,L,12.7,na,2,13:00,4,na,,
2017-May,2017-05-17,Westbeach,20,KH,1,L,15.5,na,2,13:00,8,na,,
2017-May,2017-05-17,Westbeach,20,OP,2,L,12,na,2,10:00,2,na,,
2017-May,2017-05-17,Westbeach,20,BMM,2,L,6,na,2,10:30,5,na,,
2017-May,2017-05-17,Westbeach,20,BMM,2,L,6,na,2,10:30,2,na,,
2017-May,2017-05-17,Westbeach,20,BMM,2,L,6,na,2,10:30,1,na,,
2017-May,2017-05-17,Westbeach,20,BMM,2,L,6,na,2,10:30,1,na,,
2017-May,2017-05-17,Westbeach,20,BMM,2,L,7,na,2,10:30,4,na,,
2017-May,2017-05-17,Westbeach,20,BMM,2,L,11,na,2,10:30,3,na,,
2017-May,2017-05-17,Westbeach,20,BMM,2,L,11,na,2,10:30,2,na,,
2017-May,2017-05-17,Westbeach,20,KH,2,L,12.8,na,2,10:00,7,na,,
2017-May,2017-05-17,Westbeach,20,KH,2,L,12.9,na,2,10:00,1,na,,
2017-May,2017-05-17,Westbeach,20,KH,2,L,13,na,2,10:00,4,na,,
2017-May,2017-05-17,Westbeach,20,KH,2,L,13,na,2,10:00,18,na,,
2017-May,2017-05-17,Westbeach,20,KH,2,L,13.1,na,2,10:00,9,na,,
2017-May,2017-05-17,Westbeach,20,KH,2,L,13.1,na,2,10:00,11,na,,
2017-May,2017-05-17,Westbeach,20,KH,2,L,13.9,na,2,10:00,13,na,,
2017-May,2017-05-17,Westbeach,20,BMM,3,L,2.5,na,2,10:30,6,na,,
2017-May,2017-05-17,Westbeach,20,BMM,3,L,2.6,na,2,10:30,2,na,,
2017-May,2017-05-17,Westbeach,20,BMM,3,L,3,na,2,10:30,6,na,,
2017-May,2017-05-17,Westbeach,20,BMM,3,L,3,na,2,10:30,6,na,,
2017-May,2017-05-17,Westbeach,20,BMM,3,L,3.5,na,2,10:30,7,na,,
2017-May,2017-05-17,Westbeach,20,BMM,3,L,3.5,na,2,10:30,7,na,,
2017-May,2017-05-17,Westbeach,20,BMM,3,L,3.5,na,2,10:30,3,na,,
2017-May,2017-05-17,Westbeach,20,BMM,3,L,4,na,2,10:30,3,T,,
2014-May,2014-05-24,Golden,20,na,2,R,6.9,6.6,na,11:21-12:25,6,na,no sporo counts,
2014-May,2014-05-24,Golden,20,na,2,R,19.3,6.5,na,9:44-10:42,4,na,no sporo counts,
2014-May,2014-05-24,Golden,20,na,2,L,11.5,6.5,na,11:21-12:25,5,na,,plant recorded as tangled but estimates of length given
2014-May,2014-05-24,Golden,20,na,2,R,8.7,6.7,na,11:21-12:25,6,na,"Was 534, no sporo counts",
2014-May,2014-05-24,Golden,20,na,2,R,1,7.4,na,13:37-14:20,7,na,,
2014-May,2014-05-24,Golden,20,na,2,R,1.5,7.5,na,11:21-12:25,12,na,,
2014-May,2014-05-24,Golden,20,na,2,R,5,7,na,11:21-12:25,5,na,,
2014-May,2014-05-24,Golden,20,na,2,R,6,6.6,na,11:21-12:25,27,T,,
2014-May,2014-05-24,Golden,20,na,2,L,7,6.7,na,11:21-12:25,6,P,,
2014-May,2014-05-24,Golden,20,na,2,L,8,6.7,na,11:21-12:25,8,na,,plant recorded as tangled but estimates of length given
2014-May,2014-05-24,Golden,20,na,2,L,8.7,6.7,na,11:21-12:25,4,T,,
2014-May,2014-05-24,Golden,20,na,2,R,9.5,6.5,na,11:21-12:25,12,na,,
2014-May,2014-05-24,Golden,20,na,2,R,12.5,6.6,na,9:44-10:42,3,na,,
2014-May,2014-05-24,Golden,20,na,2,R,13,6.6,na,9:44-10:42,2,na,,
2014-May,2014-05-24,Golden,20,na,2,L,17,6.5,na,11:21-12:25,2,T,,
2014-May,2014-05-24,Golden,20,na,2,L,17,6.5,na,11:21-12:25,8,T,,
2014-May,2014-05-24,Golden,20,na,2,L,17,6.5,na,11:21-12:25,10,T,,
2014-May,2014-05-24,Golden,20,na,2,R,17.5,6.5,na,9:44-10:42,6,T,,
2014-May,2014-05-24,Golden,20,na,2,L,18,6.5,na,9:44-10:42,10,T,,
2014-May,2014-05-24,Golden,20,na,2,L,19.1,6.5,na,9:44-10:42,11,na,,
2014-May,2014-05-24,Golden,20,na,2,R,19.2,6.5,na,9:44-10:42,2,na,,
2014-May,2014-05-29,Meay,20,na,2,L,17,4.2,na,14:45-16:00,4,na,,
2014-May,2014-05-29,Meay,20,na,2,L,18,4.6,na,14:45-16:00,9,na,no sporo counts,
2014-May,2014-05-29,Meay,20,na,2,L,9.8,4.8,na,14:45-16:00,9,na,no sporo counts,plant recorded as tangled but estimates of length given
2014-Jul,2014-07-03,Meay,20,na,2,L,5.5,3.5,na,8:49-10:00,17,na,,
2014-May,2014-05-29,Meay,20,na,2,L,14,4.3,na,14:45-16:00,9,na,no sporo counts,plant recorded as tangled but estimates of length given
2014-May,2014-05-25,Simmonds,20,na,2,L,16,6.1,na,10:52-11:35,5,T,,
2014-May,2014-05-25,Simmonds,20,na,2,L,15.5,5.9,na,9:25-10:10,7,T,added .1 to tag# because already used in Meay and needs to be unique,
2014-May,2014-05-25,Simmonds,20,na,2,R,16,6.1,na,9:25-10:10,11,na,no sporo counts,
2014-May,2014-05-25,Simmonds,20,na,2,R,16,6.1,na,9:25-10:10,12,T,"Was 535, no sporo counts",
2014-May,2014-05-25,Simmonds,20,na,2,L,1.5,7,na,9:25-10:10,5,T,,
2014-May,2014-05-25,Simmonds,20,na,2,L,2.25,6.9,na,9:25-10:10,20,T,,
2014-May,2014-05-25,Simmonds,20,na,2,L,16,6.3,na,10:52-11:35,6,na,,
2014-May,2014-05-26,Stryker,20,na,2,L,11,6.3,na,8:54-10:01,5,na,no sporo counts,
2014-May,2014-05-26,Stryker,20,na,2,R,18,4,na,8:54-10:01,7,na,"Was 551, no sporo counts",
2014-Jun,2014-06-26,Stryker,20,na,2,R,12,5.3,na,9:23-10:52,35,na,Was 565,
2014-May,2014-05-26,Stryker,20,na,2,L,15,4.7,na,8:54-10:01,6,T,"Was 560, no sporo counts",
2014-May,2014-05-26,Stryker,20,na,2,R,2,7.2,na,8:54-10:01,1,na,,
2014-May,2014-05-26,Stryker,20,na,2,L,2.5,7.8,na,8:54-10:01,3,na,,
2014-May,2014-05-26,Stryker,20,na,2,L,4.5,7.2,na,8:54-10:01,8,na,,
2014-May,2014-05-26,Stryker,20,na,2,L,5,7.2,na,8:54-10:01,8,T,,
2014-May,2014-05-26,Stryker,20,na,2,L,12,5.9,na,8:54-10:01,2,na,,
2014-May,2014-05-26,Stryker,20,na,2,L,15,4.7,na,8:54-10:01,4,na,,plant recorded as tangled but estimates of length given
2014-May,2014-05-26,Stryker,20,na,2,L,15,4.7,na,8:54-10:01,4,T,,
2014-May,2014-05-26,Stryker,20,na,2,L,15,4.7,na,8:54-10:01,5,T,,
2014-May,2014-05-26,Stryker,20,na,2,R,18,4,na,8:54-10:01,6,T,,
2014-May,2014-05-26,Stryker,20,na,2,R,18.5,4,na,8:54-10:01,4,na,,plant recorded as tangled but estimates of length given
2014-May,2014-05-26,Stryker,20,na,2,L,20,4.2,na,8:54-10:01,20,na,,
2014-May,2014-05-31,Triquet,20,na,2,R,7,4.8,na,10:29-11:45,6,na,no sporo counts,
2014-May,2014-05-31,Triquet,20,na,2,R,6.25,4.6,na,10:29-11:45,4,na,no sporo counts,
2014-Jul,2014-07-03,Meay,20,na,2,L,14,2.7,na,8:49-10:00,11,T,*num fronds T2 corrected from 11 to 10,
2014-May,2014-05-31,Triquet,20,na,2,L,11,4.8,na,10:29-11:45,4,na,no sporo counts,plant recorded as tangled but estimates of length given
2014-May,2014-05-31,Triquet,20,na,2,L,7.25,4.3,na,10:29-11:45,1,na,no sporo counts,
2014-May,2014-05-31,Triquet,20,na,2,L,9.25,4.2,na,10:29-11:45,3,na,Was 596,
2014-May,2014-05-31,Triquet,20,na,2,R,1.5,4.7,na,10:29-11:45,17,T,,
2014-May,2014-05-31,Triquet,20,na,2,R,1.5,4.7,na,10:29-11:45,17,T,,
2014-May,2014-05-31,Triquet,20,na,2,L,2.25,4.2,na,10:29-11:45,1,na,,
2014-May,2014-05-31,Triquet,20,na,2,L,2.25,4.2,na,10:29-11:45,1,C,,
2014-May,2014-05-31,Triquet,20,na,2,R,4.6,4.6,na,10:29-11:45,1,na,,
2014-May,2014-05-31,Triquet,20,na,2,L,5.25,4.1,na,10:29-11:45,1,na,,
2014-May,2014-05-31,Triquet,20,na,2,L,5.25,4.1,na,10:29-11:45,1,na,,
2014-May,2014-05-31,Triquet,20,na,2,R,6,4.6,na,10:29-11:45,6,na,,
2014-May,2014-05-31,Triquet,20,na,2,L,6.5,4.2,na,10:29-11:45,1,na,,
2014-May,2014-05-31,Triquet,20,na,2,L,7.25,4.3,na,10:29-11:45,2,na,,
2014-May,2014-05-31,Triquet,20,na,2,L,7.25,4,na,10:29-11:45,2,na,,
2014-May,2014-05-31,Triquet,20,na,2,L,7.25,4.1,na,10:29-11:45,2,na,,
2014-May,2014-05-31,Triquet,20,na,2,L,7.25,4.1,na,10:29-11:45,3,na,,
2014-May,2014-05-31,Triquet,20,na,2,L,7.5,4,na,10:29-11:45,1,na,,
2014-May,2014-05-31,Triquet,20,na,2,L,7.5,4.4,na,10:29-11:45,2,na,,
2014-May,2014-05-31,Triquet,20,na,2,L,7.5,4.3,na,10:29-11:45,2,na,,
2014-May,2014-05-31,Triquet,20,na,2,R,7.5,4.7,na,10:29-11:45,4,na,,
2014-May,2014-05-31,Triquet,20,na,2,R,9.5,4.8,na,10:29-11:45,3,na,,
2014-May,2014-05-31,Triquet,20,na,2,R,10,4.8,na,10:29-11:45,4,na,,
2014-May,2014-05-31,Triquet,20,na,2,L,10.5,4.9,na,10:29-11:45,4,na,,
2014-May,2014-05-31,Triquet,20,na,2,L,10.5,4.9,na,10:29-11:45,4,T,,
2014-May,2014-05-31,Triquet,20,na,2,R,11,5.2,na,10:29-11:45,3,na,,
2014-May,2014-05-31,Triquet,20,na,2,R,11,5.2,na,10:29-11:45,5,na,,
2014-May,2014-05-31,Triquet,20,na,2,R,12.5,4.8,na,10:29-11:45,6,na,,
2014-May,2014-05-31,Triquet,20,na,2,R,13,5,na,10:29-11:45,5,na,,
2014-May,2014-05-31,Triquet,20,na,2,R,16.5,5,na,10:29-11:45,4,na,,
2014-May,2014-05-31,Triquet,20,na,2,R,16.5,5,na,10:29-11:45,5,na,,
2014-May,2014-05-31,Triquet,20,na,2,R,17.5,5.1,na,10:29-11:45,5,na,,
2014-May,2014-05-31,Triquet,20,na,2,R,19.5,5.5,na,10:29-11:45,3,na,,
2014-May,2014-05-31,Triquet,20,na,2,L,20,5.4,na,10:29-11:45,5,na,,
2014-Jun,2014-06-28,Golden,20,na,2,R,6.9,7.2,na,13:45-14:58,6,na,,
2014-Jun,2014-06-28,Golden,20,na,2,R,19.3,6.1,na,13:45-14:58,3,na,,
2014-Jun,2014-06-28,Golden,20,na,2,R,19.5,6.2,na,13:45-14:58,4,na,,
2014-Jun,2014-06-28,Golden,20,na,2,L,18,6.8,na,13:45-14:58,11,T,no sporo counts,
2014-Jun,2014-06-28,Golden,20,na,2,L,11.5,7,na,13:45-14:58,7,na,no sporo counts,
2014-Jun,2014-06-28,Golden,20,na,2,R,8.7,7,na,13:45-14:58,7,na,Was 534,plant recorded as tangled but estimates of length given
2014-Jun,2014-06-28,Golden,20,na,2,R,1,7.8,na,13:45-14:58,8,na,,plant recorded as tangled but estimates of length given
2014-Jun,2014-06-28,Golden,20,na,2,R,1,7.8,na,13:45-14:58,20,na,,plant recorded as tangled but estimates of length given
2014-Jun,2014-06-28,Golden,20,na,2,R,2,7.7,na,13:45-14:58,38,na,,plant recorded as tangled but estimates of length given
2014-Jun,2014-06-28,Golden,20,na,2,L,5.5,7.7,na,13:45-14:58,4,na,,
2014-Jun,2014-06-28,Golden,20,na,2,L,6,7.7,na,13:45-14:58,4,na,,
2014-Jun,2014-06-28,Golden,20,na,2,L,6,7.7,na,13:45-14:58,7,na,,
2014-Jun,2014-06-28,Golden,20,na,2,R,6,7.3,na,13:45-14:58,28,na,,plant recorded as tangled but estimates of length given
2014-Jun,2014-06-28,Golden,20,na,2,L,8,7.4,na,13:45-14:58,19,na,,
2014-Jun,2014-06-28,Golden,20,na,2,L,9,7.2,na,13:45-14:58,5,na,,plant recorded as tangled but estimates of length given
2014-Jun,2014-06-28,Golden,20,na,2,L,9,7.2,na,13:45-14:58,7,na,,
2014-Jun,2014-06-28,Golden,20,na,2,R,9.5,7,na,13:45-14:58,16,na,,plant recorded as tangled but estimates of length given
2014-Jun,2014-06-28,Golden,20,na,2,R,11.5,6.8,na,13:45-14:58,2,na,,
2014-Jun,2014-06-28,Golden,20,na,2,R,11.5,6.8,na,13:45-14:58,11,na,,plant recorded as tangled but estimates of length given
2014-Jun,2014-06-28,Golden,20,na,2,L,12.5,7.1,na,13:45-14:58,2,na,,
2014-Jun,2014-06-28,Golden,20,na,2,R,13,6.8,na,13:45-14:58,2,C,,
2014-Jun,2014-06-28,Golden,20,na,2,R,14,7,na,13:45-14:58,2,na,,
2014-Jun,2014-06-28,Golden,20,na,2,R,14,7,na,13:45-14:58,8,na,,
2014-Jun,2014-06-28,Golden,20,na,2,L,17,7,na,13:45-14:58,9,na,,plant recorded as tangled but estimates of length given
2014-Jun,2014-06-28,Golden,20,na,2,L,17,7,na,13:45-14:58,10,na,,plant recorded as tangled but estimates of length given
2014-Jun,2014-06-28,Golden,20,na,2,R,17,6.7,na,13:45-14:58,13,P,,
2014-Jun,2014-06-28,Golden,20,na,2,L,18,6.8,na,13:45-14:58,10,na,,plant recorded as tangled but estimates of length given
2014-Jun,2014-06-28,Golden,20,na,2,R,18,6.6,na,13:45-14:58,16,na,,plant recorded as tangled but estimates of length given
2014-Jun,2014-06-28,Golden,20,na,2,R,19.5,6.2,na,13:45-14:58,2,na,,
2014-Jul,2014-07-03,Meay,20,na,2,L,18,2.3,na,8:49-10:00,9,na,no sporo counts,plant recorded as tangled but estimates of length given
2014-Jul,2014-07-03,Meay,20,na,2,L,9.8,3.1,na,8:49-10:00,14,C,no sporo counts,
2014-Sep,2014-09-10,Meay,20,na,2,L,5.5,6.4,na,14:43,15,na,,
2014-Sep,2014-09-10,Meay,20,na,2,L,15,5.3,na,14:54,9,na,no sporo counts,
2014-Jun,2014-06-27,Simmonds,20,na,2,L,16,6.6,na,12:35-13:37,5,na,,
2014-Jun,2014-06-27,Simmonds,20,na,2,L,15.5,6.5,na,12:35-13:37,7,na,added .1 to tag# because already used in Meay and needs to be unique,plant recorded as tangled but estimates of length given
2014-Jun,2014-06-27,Simmonds,20,na,2,R,16,7.1,na,12:35-13:37,14,na,,
2014-Jun,2014-06-27,Simmonds,20,na,2,R,16,7.1,na,12:35-13:37,14,na,"Was 535, no sporo counts",
2014-Jun,2014-06-27,Simmonds,20,na,2,L,1.5,7.4,na,12:35-13:37,7,T,,
2014-Jun,2014-06-27,Simmonds,20,na,2,L,2.5,7.3,na,12:35-13:37,8,T,,
2014-Jun,2014-06-27,Simmonds,20,na,2,L,2.5,7.3,na,12:35-13:37,18,T,,
2014-Jun,2014-06-27,Simmonds,20,na,2,L,9,6.7,na,12:35-13:37,2,na,,
2014-Jun,2014-06-27,Simmonds,20,na,2,L,9,6.7,na,12:35-13:37,2,na,,
2014-Jun,2014-06-27,Simmonds,20,na,2,R,11,7.5,na,12:35-13:37,2,na,,
2014-Jun,2014-06-27,Simmonds,20,na,2,L,14.5,6.5,na,12:35-13:37,1,P,,
2014-Jun,2014-06-27,Simmonds,20,na,2,L,16,6.6,na,12:35-13:37,4,na,,
2014-Jun,2014-06-27,Simmonds,20,na,2,R,17.75,7.8,na,12:35-13:37,27,na,,
2014-Jun,2014-06-26,Stryker,20,na,2,L,11,6.2,na,9:23-10:52,8,na,,plant recorded as tangled but estimates of length given
2014-Jun,2014-06-26,Stryker,20,na,2,R,17,3.3,na,9:23-10:52,7,na,"Was 551, no sporo counts",
2014-Sep,2014-09-13,Stryker,20,na,2,R,12,4.3,na,10:48,21,na,Was 565,
2014-Jun,2014-06-26,Stryker,20,na,2,L,15,4.4,na,9:23-10:52,5,na,Was 560,plant recorded as tangled but estimates of length given
2014-Jun,2014-06-26,Stryker,20,na,2,L,2.5,7,na,9:23-10:52,4,na,,
2014-Jun,2014-06-26,Stryker,20,na,2,R,4.5,6.7,na,9:23-10:52,8,T,,
2014-Jun,2014-06-26,Stryker,20,na,2,R,5.1,6.8,na,9:23-10:52,12,T,,
2014-Jun,2014-06-26,Stryker,20,na,2,L,11.5,6.6,na,9:23-10:52,2,na,,
2014-Jun,2014-06-26,Stryker,20,na,2,L,11.5,6.6,na,9:23-10:52,8,na,,plant recorded as tangled but estimates of length given
2014-Jun,2014-06-26,Stryker,20,na,2,L,15,4.4,na,9:23-10:52,2,na,,
2014-Jun,2014-06-26,Stryker,20,na,2,L,15,4.4,na,9:23-10:52,7,na,,
2014-Jun,2014-06-26,Stryker,20,na,2,L,15,4.4,na,9:23-10:52,10,na,,plant recorded as tangled but estimates of length given
2014-Jun,2014-06-26,Stryker,20,na,2,R,16.5,3.7,na,9:23-10:52,8,na,,
2014-Jun,2014-06-26,Stryker,20,na,2,R,17,3.3,na,9:23-10:52,6,na,,
2014-Jun,2014-06-26,Stryker,20,na,2,R,17.25,3.3,na,9:23-10:52,6,na,,
2014-Jun,2014-06-26,Stryker,20,na,2,L,18.5,3.3,na,9:23-10:52,2,na,,
2014-Jun,2014-06-26,Stryker,20,na,2,L,20,3.7,na,9:23-10:52,8,P,,
2014-Jul,2014-07-01,Triquet,20,na,2,R,7,5.6,na,11:43-12:56,5,na,,
2014-Jul,2014-07-01,Triquet,20,na,2,R,6.25,5.7,na,11:43-12:56,5,na,no sporo counts,
2015-Apr,2015-04-23,Meay,20,na,2,L,15,4.1,na,15:46,5,na,no sporo counts,
2014-Jul,2014-07-01,Triquet,20,na,2,L,11,5.2,na,11:43-12:56,5,T,,
2014-Jul,2014-07-01,Triquet,20,na,2,L,7.25,5.2,na,11:43-12:56,1,na,,
2014-Jul,2014-07-01,Triquet,20,na,2,L,9.25,5,na,11:43-12:56,4,na,"Was 596, no sporo counts",
2014-Jul,2014-07-01,Triquet,20,na,2,R,1.25,5.9,na,11:43-12:56,20,na,,plant recorded as tangled but estimates of length given
2014-Jul,2014-07-01,Triquet,20,na,2,L,2,5.5,na,11:43-12:56,1,na,,
2014-Jul,2014-07-01,Triquet,20,na,2,R,4.5,5.6,na,11:43-12:56,1,na,,
2014-Jul,2014-07-01,Triquet,20,na,2,L,5.5,5.6,na,11:43-12:56,1,na,,
2014-Jul,2014-07-01,Triquet,20,na,2,L,5.5,5.6,na,11:43-12:56,1,na,,
2014-Jul,2014-07-01,Triquet,20,na,2,R,5.75,5.6,na,11:43-12:56,1,na,,
2014-Jul,2014-07-01,Triquet,20,na,2,R,5.75,5.6,na,11:43-12:56,5,na,,
2014-Jul,2014-07-01,Triquet,20,na,2,L,6.5,5.5,na,11:43-12:56,1,na,,
2014-Jul,2014-07-01,Triquet,20,na,2,R,7,5.6,na,11:43-12:56,1,na,,
2014-Jul,2014-07-01,Triquet,20,na,2,L,7.25,5.2,na,11:43-12:56,2,C,,
2014-Jul,2014-07-01,Triquet,20,na,2,L,7.25,5.2,na,11:43-12:56,2,na,,plant recorded as tangled but estimates of length given
2014-Jul,2014-07-01,Triquet,20,na,2,L,7.5,5.2,na,11:43-12:56,3,na,,
2014-Jul,2014-07-01,Triquet,20,na,2,L,8,5.3,na,11:43-12:56,2,na,,
2014-Jul,2014-07-01,Triquet,20,na,2,L,8.5,5.3,na,11:43-12:56,0,na,,
2014-Jul,2014-07-01,Triquet,20,na,2,L,9.5,5,na,11:43-12:56,3,na,,
2014-Jul,2014-07-01,Triquet,20,na,2,L,10,5.2,na,11:43-12:56,2,na,,
2014-Jul,2014-07-01,Triquet,20,na,2,L,10,5.2,na,11:43-12:56,3,na,,
2014-Jul,2014-07-01,Triquet,20,na,2,R,10,5.8,na,11:43-12:56,1,na,,
2014-Jul,2014-07-01,Triquet,20,na,2,R,10,5.7,na,11:43-12:56,3,na,,
2014-Jul,2014-07-01,Triquet,20,na,2,R,10.25,5.5,na,11:43-12:56,0,na,,
2014-Jul,2014-07-01,Triquet,20,na,2,L,11,5.2,na,11:43-12:56,2,na,,
2014-Jul,2014-07-01,Triquet,20,na,2,L,11,5.2,na,11:43-12:56,4,na,,plant recorded as tangled but estimates of length given
2014-Jul,2014-07-01,Triquet,20,na,2,L,11,5.2,na,11:43-12:56,5,na,,plant recorded as tangled but estimates of length given
2014-Jul,2014-07-01,Triquet,20,na,2,R,11,5.6,na,11:43-12:56,3,na,,
2014-Jul,2014-07-01,Triquet,20,na,2,L,12,5.1,na,11:43-12:56,3,na,,
2014-Jul,2014-07-01,Triquet,20,na,2,L,12,5.1,na,11:43-12:56,4,T,,
2014-Jul,2014-07-01,Triquet,20,na,2,R,12.5,5.6,na,11:43-12:56,3,na,,
2014-Jul,2014-07-01,Triquet,20,na,2,R,13.75,5.6,na,11:43-12:56,1,na,,
2014-Jul,2014-07-01,Triquet,20,na,2,R,13.75,5.6,na,11:43-12:56,4,na,,
2014-Jul,2014-07-01,Triquet,20,na,2,R,14,5.4,na,11:43-12:56,3,na,,
2014-Jul,2014-07-01,Triquet,20,na,2,R,16,5.5,na,11:43-12:56,1,na,,
2014-Jul,2014-07-01,Triquet,20,na,2,R,16.5,5.3,na,11:43-12:56,4,na,,
2014-Jul,2014-07-01,Triquet,20,na,2,R,16.5,5.3,na,11:43-12:56,8,na,,
2014-Jul,2014-07-01,Triquet,20,na,2,R,17.5,5.6,na,11:43-12:56,3,na,,
2014-Jul,2014-07-01,Triquet,20,na,2,R,19.5,5.8,na,11:43-12:56,4,na,,
2014-Jul,2014-07-01,Triquet,20,na,2,L,20,5.5,na,11:43-12:56,6,na,,plant recorded as tangled but estimates of length given
2014-Jul,2014-07-01,Triquet,20,na,2,L,20,5.5,na,11:43-12:56,7,na,,plant recorded as tangled but estimates of length given
2014-Sep,2014-09-06,Golden,20,na,2,R,6.5,5.7,na,14:53,7,na,,
2014-Sep,2014-09-06,Golden,20,na,2,L,16.5,5.5,na,15:05,5,na,,
2014-Sep,2014-09-06,Golden,20,na,2,L,18,5.2,na,15:13,7,na,no sporo counts,
2014-Sep,2014-09-06,Golden,20,na,2,L,11.5,5.5,na,15:00,8,na,no sporo counts,
2014-Sep,2014-09-06,Golden,20,na,2,R,8.75,5.3,na,14:56,12,T,Was 534,
2014-Sep,2014-09-06,Golden,20,na,2,R,9.5,5.3,na,15:00,20,na,"Was 757, no sporo counts",
2014-Sep,2014-09-06,Golden,20,na,2,R,1,6.5,na,14:41,10,na,,
2014-Sep,2014-09-06,Golden,20,na,2,R,1,6.4,na,14:44,21,na,,
2014-Sep,2014-09-06,Golden,20,na,2,L,1.5,6.5,na,14:40,7,na,,
2014-Sep,2014-09-06,Golden,20,na,2,R,2,6.3,na,14:48,15,T,,
2014-Sep,2014-09-06,Golden,20,na,2,L,5.5,6.3,na,14:43,1,na,,
2014-Sep,2014-09-06,Golden,20,na,2,L,5.5,6.3,na,14:43,3,na,,
2014-Sep,2014-09-06,Golden,20,na,2,L,5.5,6.3,na,14:43,4,P,,
2014-Sep,2014-09-06,Golden,20,na,2,R,6,5.8,na,14:50,23,T,,
2014-Sep,2014-09-06,Golden,20,na,2,L,7,6.1,na,14:47,7,na,,
2014-Sep,2014-09-06,Golden,20,na,2,L,7,6.1,na,14:47,11,na,,
2014-Sep,2014-09-06,Golden,20,na,2,L,8,5.8,na,14:54,2,na,,
2014-Sep,2014-09-06,Golden,20,na,2,L,8.75,5.7,na,14:56,7,na,,
2014-Sep,2014-09-06,Golden,20,na,2,R,11,5.2,na,15:03,4,T,,
2014-Sep,2014-09-06,Golden,20,na,2,R,11.5,5.2,na,15:04,2,na,,
2014-Sep,2014-09-06,Golden,20,na,2,R,11.75,5.2,na,15:06,5,T,,
2014-Sep,2014-09-06,Golden,20,na,2,R,14,5.6,na,15:08,5,na,,
2014-Sep,2014-09-06,Golden,20,na,2,R,16,5.4,na,15:10,11,T,,
2014-Sep,2014-09-06,Golden,20,na,2,L,17,5.2,na,15:11,7,na,,
2014-Sep,2014-09-06,Golden,20,na,2,R,17,4.9,na,15:14,13,T,,
2014-Sep,2014-09-10,Meay,20,na,2,L,17.5,5.3,na,14:49,7,na,,
2014-Sep,2014-09-10,Meay,20,na,2,L,18,5.3,na,14:45,12,na,no sporo counts,
2014-Sep,2014-09-10,Meay,20,na,2,L,9.8,6.2,na,14:51,12,na,no sporo counts,
2015-Apr,2015-04-23,Meay,20,na,2,L,5.5,4.6,na,15:40,20,na,,
2015-May,2015-05-22,Meay,20,na,2,L,15,2.5,na,8:55,5,na,no sporo counts,
2014-Sep,2014-09-06,Simmonds,20,na,2,L,16,6.4,na,10:42,8,na,,
2014-Sep,2014-09-06,Simmonds,20,na,2,L,16,6.4,na,10:42,4,na,added .1 to tag# because already used in Meay and needs to be unique,
2014-Sep,2014-09-06,Simmonds,20,na,2,R,16,6.7,na,10:45,10,T,,
2014-Sep,2014-09-06,Simmonds,20,na,2,R,16,6.7,na,10:45,8,T,"Was 535, no sporo counts",
2014-Sep,2014-09-06,Simmonds,20,na,2,L,1.75,7.2,na,10:29,5,T,,
2014-Sep,2014-09-06,Simmonds,20,na,2,L,2.5,7.3,na,10:30,29,T,,
2014-Sep,2014-09-06,Simmonds,20,na,2,L,8.75,6.5,na,10:35,2,na,,
2014-Sep,2014-09-06,Simmonds,20,na,2,R,11.25,7.1,na,10:31,3,na,,
2014-Sep,2014-09-06,Simmonds,20,na,2,L,14.25,6.4,na,10:37,4,na,,
2014-Sep,2014-09-06,Simmonds,20,na,2,R,14.75,6.3,na,10:35,12,na,,
2014-Sep,2014-09-06,Simmonds,20,na,2,L,15,6.3,na,10:49,3,P,,
2014-Sep,2014-09-06,Simmonds,20,na,2,R,15.5,6.5,na,10:41,6,T,,
2014-Sep,2014-09-06,Simmonds,20,na,2,R,15.5,6.3,na,10:41,17,T,,
2014-Sep,2014-09-06,Simmonds,20,na,2,R,15.75,6.4,na,10:41,7,T,,
2014-Sep,2014-09-06,Simmonds,20,na,2,L,16.25,6.7,na,10:51,4,na,,
2014-Sep,2014-09-06,Simmonds,20,na,2,R,18.25,7.9,na,10:58,8,T,,
2014-Sep,2014-09-06,Simmonds,20,na,2,R,18.25,7.8,na,10:59,9,T,,
2014-Sep,2014-09-13,Stryker,20,na,2,L,11,5,na,10:42,8,na,,
2014-Sep,2014-09-13,Stryker,20,na,2,R,17,2.6,na,10:37,5,na,"Was 551, no sporo counts",
2015-Apr,2015-04-24,Stryker,20,na,2,R,12,4.4,na,11:26,5,na,Was 565,plant recorded as tangled but estimates of length given
2014-Sep,2014-09-13,Stryker,20,na,2,L,15,3.8,na,10:36,5,na,"Was 560, no sporo counts",
2014-Sep,2014-09-13,Stryker,20,na,2,R,1,5.5,na,10:53,9,na,,
2014-Sep,2014-09-13,Stryker,20,na,2,L,4.5,5.6,na,10:52,11,na,,
2014-Sep,2014-09-13,Stryker,20,na,2,L,5,5.8,na,10:49,4,na,,
2014-Sep,2014-09-13,Stryker,20,na,2,L,5,5.8,na,10:49,5,na,,plant recorded as tangled but estimates of length given
2014-Sep,2014-09-13,Stryker,20,na,2,L,11,5,na,10:42,8,na,,
2014-Sep,2014-09-13,Stryker,20,na,2,R,12.25,4,na,10:44,20,na,,
2014-Sep,2014-09-13,Stryker,20,na,2,L,14.75,3.7,na,10:40,7,na,,plant recorded as tangled but estimates of length given
2014-Sep,2014-09-13,Stryker,20,na,2,L,15,3.8,na,10:36,7,na,,
2014-Sep,2014-09-13,Stryker,20,na,2,R,17.5,2.6,na,10:40,7,na,,
2014-Sep,2014-09-13,Stryker,20,na,2,R,18,2.6,na,10:41,5,na,,
2014-Sep,2014-09-13,Stryker,20,na,2,L,18.5,2.7,na,10:34,2,na,,
2014-Sep,2014-09-13,Stryker,20,na,2,L,19,2.7,na,10:34,4,P,,
2014-Sep,2014-09-05,Triquet,20,na,2,R,8.5,6.8,na,12:31,4,na,,
2014-Sep,2014-09-05,Triquet,20,na,2,R,6.5,6.6,na,12:23,7,na,no sporo counts,
2014-Sep,2014-09-05,Triquet,20,na,2,L,11,6.6,na,12:36,8,na,,
2014-Sep,2014-09-05,Triquet,20,na,2,L,7.25,6.8,na,12:18,6,na,no sporo counts,
2014-Sep,2014-09-05,Triquet,20,na,2,L,12,6.6,na,12:43,5,na,,
2014-Sep,2014-09-05,Triquet,20,na,2,L,9.25,6.6,na,12:30,6,na,"Was 596, no sporo counts",
2014-Sep,2014-09-05,Triquet,20,na,2,R,0.25,6.7,na,12:15,25,na,,
2014-Sep,2014-09-05,Triquet,20,na,2,L,2.25,6.7,na,12:13,1,na,,
2014-Sep,2014-09-05,Triquet,20,na,2,R,2.5,6.6,na,12:18,4,P,,
2014-Sep,2014-09-05,Triquet,20,na,2,L,4.75,6.6,na,12:14,1,na,,
2014-Sep,2014-09-05,Triquet,20,na,2,L,5.5,6.7,na,12:15,3,na,,
2014-Sep,2014-09-05,Triquet,20,na,2,R,5.5,6.6,na,12:20,4,na,,
2014-Sep,2014-09-05,Triquet,20,na,2,L,6.5,6.6,na,12:17,1,na,,
2014-Sep,2014-09-05,Triquet,20,na,2,L,7.25,6.8,na,12:22,4,na,,
2014-Sep,2014-09-05,Triquet,20,na,2,L,7.5,6.7,na,12:26,4,na,,
2014-Sep,2014-09-05,Triquet,20,na,2,L,8,6.7,na,12:28,1,na,,
2014-Sep,2014-09-05,Triquet,20,na,2,L,9.5,6.6,na,12:32,4,na,,
2014-Sep,2014-09-05,Triquet,20,na,2,R,9.75,6.6,na,12:35,3,na,,
2014-Sep,2014-09-05,Triquet,20,na,2,L,10.25,6.6,na,12:34,4,na,,
2014-Sep,2014-09-05,Triquet,20,na,2,L,11,6.6,na,12:40,4,na,,
2014-Sep,2014-09-05,Triquet,20,na,2,R,11,6.7,na,12:37,5,na,,
2014-Sep,2014-09-05,Triquet,20,na,2,L,11.25,6.7,na,12:41,6,na,,
2014-Sep,2014-09-05,Triquet,20,na,2,R,13,6.2,na,12:41,5,na,,
2014-Sep,2014-09-05,Triquet,20,na,2,R,14.25,6.6,na,12:43,3,na,,
2014-Sep,2014-09-05,Triquet,20,na,2,R,16,6.3,na,12:46,3,T,,
2014-Sep,2014-09-05,Triquet,20,na,2,R,16,6.3,na,12:46,5,T,,
2014-Sep,2014-09-05,Triquet,20,na,2,R,16,6.3,na,12:46,6,T,,
2015-Apr,2015-04-29,Golden,20,na,2,R,6.5,6.9,na,10:44,4,na,Fronds_SFC entered as 1,
2015-Apr,2015-04-29,Golden,20,na,2,L,8.75,7,na,10:37,6,na,,
2015-Apr,2015-04-29,Golden,20,na,2,L,11.5,6.9,na,10:43,1,na,,
2015-Apr,2015-04-29,Golden,20,na,2,R,8.75,6.6,na,10:50,3,na,Was 534,
2015-Apr,2015-04-29,Golden,20,na,2,R,9.5,6.4,na,10:58,8,na,Was 757,
2015-Apr,2015-04-29,Golden,20,na,2,R,0,7.5,na,10:28,0,na,,
2015-Apr,2015-04-29,Golden,20,na,2,R,1,7.4,na,10:29,2,na,,
2015-Apr,2015-04-29,Golden,20,na,2,R,1.1,7.4,na,10:32,3,na,,
2015-Apr,2015-04-29,Golden,20,na,2,R,3,7.3,na,10:34,2,P,,
2015-Apr,2015-04-29,Golden,20,na,2,R,4.75,7.2,na,10:36,3,P,,
2015-Apr,2015-04-29,Golden,20,na,2,L,5.5,7.4,na,10:30,1,na,,
2015-Apr,2015-04-29,Golden,20,na,2,L,5.5,7.4,na,10:30,2,na,,
2015-Apr,2015-04-29,Golden,20,na,2,R,6,7.1,na,10:38,17,na,,plant recorded as tangled but estimates of length given
2015-Apr,2015-04-29,Golden,20,na,2,L,7,7.2,na,10:33,7,na,,
2015-Apr,2015-04-29,Golden,20,na,2,L,7.25,7.2,na,10:33,1,na,,plant recorded as tangled but estimates of length given
2015-Apr,2015-04-29,Golden,20,na,2,L,7.25,7.2,na,10:33,2,na,,
2015-Apr,2015-04-29,Golden,20,na,2,R,10.1,6.7,na,11:04,3,na,,
2015-Apr,2015-04-29,Golden,20,na,2,R,11,6.6,na,11:07,3,na,,
2015-Apr,2015-04-23,Meay,20,na,2,L,17.5,3.8,na,16:00,3,na,,
2015-Apr,2015-04-23,Meay,20,na,2,L,18,4,na,15:53,19,na,no sporo counts,
2015-May,2015-05-22,Meay,20,na,2,L,5.5,2.8,na,9:28,19,na,,
2015-Jun,2015-06-29,Meay,20,na,2,L,15,3.7,na,14:29,9,na,,
2015-Apr,2015-04-23,Meay,20,na,2,R,15,3.9,na,15:44,3,na,,
2015-Apr,2015-04-24,Simmonds,20,na,2,R,9.5,4.8,na,14:18,2,na,,
2015-Apr,2015-04-24,Simmonds,20,na,2,R,16,5.1,na,14:28,0,na,Was 535,
2015-Apr,2015-04-24,Simmonds,20,na,2,L,8,5.3,na,14:24,2,na,,
2015-Apr,2015-04-24,Simmonds,20,na,2,L,2.25,5.5,na,14:22,0,na,,
2015-Apr,2015-04-24,Simmonds,20,na,2,L,16,5.1,na,14:31,1,na,,
2015-Apr,2015-04-24,Simmonds,20,na,2,L,2.5,5.5,na,14:22,0,na,,
2015-Apr,2015-04-24,Simmonds,20,na,2,L,2.5,5.5,na,14:22,0,na,,
2015-Apr,2015-04-24,Simmonds,20,na,2,R,14.5,4.9,na,14:20,2,na,,
2015-Apr,2015-04-24,Simmonds,20,na,2,R,15.5,5.2,na,14:22,3,na,,
2015-Apr,2015-04-24,Stryker,20,na,2,L,11,5.2,na,11:30,2,na,no sporo counts,
2015-Apr,2015-04-24,Stryker,20,na,2,R,17,2.4,na,11:32,2,na,Was 551,
2015-May,2015-05-20,Stryker,20,na,2,R,12,4.4,na,11:28,5,na,Was 565,plant recorded as tangled but estimates of length given
2015-Apr,2015-04-24,Stryker,20,na,2,L,15,4,na,10:53,3,T,Was 560,
2015-Apr,2015-04-24,Stryker,20,na,2,L,4,5.8,na,11:25,9,na,,
2015-Apr,2015-04-24,Stryker,20,na,2,L,5,5.8,na,11:25,6,na,,
2015-Apr,2015-04-24,Stryker,20,na,2,R,12,4.4,na,11:30,15,na,,plant recorded as tangled but estimates of length given
2015-Apr,2015-04-24,Stryker,20,na,2,L,15,4,na,11:53,1,na,,
2015-Apr,2015-04-24,Stryker,20,na,2,L,15,4,na,11:52,6,na,,
2015-Apr,2015-04-24,Stryker,20,na,2,L,19.5,1.7,na,12:01,8,na,,
2015-Apr,2015-04-23,Triquet,20,na,2,L,11,4.2,na,10:19,3,na,,
2016-May,2016-05-22,Triquet,20,OP,2,R,16.5,na,4,10:58,4,na,,
2015-Apr,2015-04-23,Triquet,20,na,2,L,12,4.3,na,10:22,4,na,,
2016-Aug,2016-08-12,Triquet,20,OP,2,R,17,na,4,10:35,3,na,*Used to be 754,
2015-Apr,2015-04-23,Triquet,20,na,2,L,9.25,4.2,na,10:16,2,na,Was 596,
2015-Apr,2015-04-23,Triquet,20,na,2,R,1,5,na,10:18,7,na,,
2015-Apr,2015-04-23,Triquet,20,na,2,R,1.5,4.7,na,10:19,2,na,,
2015-Apr,2015-04-23,Triquet,20,na,2,R,9.5,4.8,na,10:28,1,na,,
2015-Apr,2015-04-23,Triquet,20,na,2,L,10.5,4.2,na,10:18,4,na,,
2015-Apr,2015-04-23,Triquet,20,na,2,L,12.5,4.3,na,10:26,3,na,,
2015-Apr,2015-04-23,Triquet,20,na,2,R,16.5,4.6,na,10:29,1,na,,
2015-Apr,2015-04-23,Triquet,20,na,2,R,16.5,4.9,na,10:30,1,na,,
2015-Apr,2015-04-23,Triquet,20,na,2,R,16.5,4.9,na,10:30,1,na,,
2015-May,2015-05-21,Golden,20,na,2,L,5.5,4.2,na,10:48,2,na,no sporo counts,
2015-May,2015-05-21,Golden,20,na,2,R,6.5,3.6,na,10:12,7,na,,plant recorded as tangled but estimates of length given
2015-May,2015-05-21,Golden,20,na,2,L,8.75,3.8,na,10:36,8,na,,
2015-May,2015-05-21,Golden,20,na,2,R,8.75,3.3,na,10:22,5,na,Was 534,
2015-May,2015-05-21,Golden,20,na,2,R,9.5,3.5,na,10:28,8,na,"Was 757, no sporo counts",
2015-May,2015-05-21,Golden,20,na,2,R,1,4.3,na,10:06,2,na,,plant recorded as tangled but estimates of length given
2015-May,2015-05-21,Golden,20,na,2,R,1.2,4.3,na,10:06,4,na,,plant recorded as tangled but estimates of length given
2015-May,2015-05-21,Golden,20,na,2,L,5.75,4.1,na,10:48,1,na,,
2015-May,2015-05-21,Golden,20,na,2,L,6,4,na,10:41,6,na,,
2015-May,2015-05-21,Golden,20,na,2,R,6,3.8,na,10:12,24,na,,plant recorded as tangled but estimates of length given
2015-May,2015-05-21,Golden,20,na,2,L,6.2,4,na,10:41,4,na,,
2015-May,2015-05-21,Golden,20,na,2,R,6.2,3.8,na,10:12,3,na,,plant recorded as tangled but estimates of length given
2015-May,2015-05-21,Golden,20,na,2,R,10.2,3.5,na,10:30,2,na,,plant recorded as tangled but estimates of length given
2015-May,2015-05-21,Golden,20,na,2,L,11,3.6,na,10:34,3,na,,
2015-May,2015-05-21,Golden,20,na,2,R,11,3.5,na,10:30,1,na,,
2015-May,2015-05-22,Meay,20,na,2,L,18,2.5,na,9:12,16,na,no sporo counts,plant recorded as tangled but estimates of length given
2015-Jun,2015-06-29,Meay,20,na,2,L,5.5,4.4,na,14:23,23,na,,
2015-Aug,2015-08-08,Meay,20,na,2,L,15,4.2,na,10:48,8,na,,
2015-May,2015-05-22,Meay,20,na,2,L,17.5,2.5,na,9:16,6,na,,plant recorded as tangled but estimates of length given
2015-May,2015-05-22,Meay,20,na,2,L,15.5,2.5,na,9:00,4,na,,
2015-May,2015-05-22,Meay,20,na,2,L,17.75,2.5,na,9:18,2,na,,
2015-May,2015-05-20,Simmonds,20,na,2,R,9.5,6.7,na,14:46,1,na,,plant recorded as tangled but estimates of length given
2015-May,2015-05-20,Simmonds,20,na,2,R,16,7,na,14:50,0,na,"Was 535, no sporo counts",
2015-May,2015-05-20,Simmonds,20,na,2,L,8,6.8,na,15:08,5,na,,
2015-May,2015-05-20,Simmonds,20,na,2,L,2.25,7.3,na,15:12,4,na,,plant recorded as tangled but estimates of length given
2015-May,2015-05-20,Simmonds,20,na,2,L,16,6.8,na,15:02,1,na,,
2015-May,2015-05-20,Simmonds,20,na,2,L,1.75,7.3,na,15:14,1,na,,
2015-May,2015-05-20,Simmonds,20,na,2,L,2.5,7.3,na,15:12,1,na,,
2015-May,2015-05-20,Simmonds,20,na,2,R,7,6.9,na,14:43,1,na,,
2015-May,2015-05-20,Simmonds,20,na,2,R,14.5,6.5,na,14:48,1,P,,
2015-May,2015-05-20,Simmonds,20,na,2,R,14.75,6.5,na,14:48,2,P,,
2015-May,2015-05-20,Simmonds,20,na,2,L,15,6.1,na,15:06,2,P,,
2015-May,2015-05-20,Simmonds,20,na,2,L,15.2,6.1,na,15:06,2,P,,
2015-May,2015-05-20,Simmonds,20,na,2,R,15.4,6.6,na,14:48,2,P,,
2015-May,2015-05-20,Simmonds,20,na,2,R,17,7.8,na,14:52,1,na,,
2015-May,2015-05-20,Stryker,20,na,2,L,11,5.1,na,11:37,3,na,,
2015-May,2015-05-20,Stryker,20,na,2,R,17,2.6,na,11:44,2,na,Was 551,
2015-Jun,2015-06-23,Stryker,20,na,2,R,12,6.4,na,16:13,6,na,Was 565,
2015-May,2015-05-20,Stryker,20,na,2,L,15,3.9,na,11:39,3,T,Was 560,
2015-May,2015-05-20,Stryker,20,na,2,L,4,5.6,na,11:33,13,T,,
2015-May,2015-05-20,Stryker,20,na,2,L,5,5.7,na,11:28,11,na,,plant recorded as tangled but estimates of length given
2015-May,2015-05-20,Stryker,20,na,2,R,11.9,4.4,na,11:36,4,na,,plant recorded as tangled but estimates of length given
2015-May,2015-05-20,Stryker,20,na,2,R,12.1,4.4,na,11:34,8,na,,plant recorded as tangled but estimates of length given
2015-May,2015-05-20,Stryker,20,na,2,R,12.2,4.4,na,11:36,3,na,,
2015-May,2015-05-20,Stryker,20,na,2,L,15,3.9,na,11:44,9,T,,
2015-May,2015-05-22,Triquet,20,na,2,L,11,4.3,na,10:56,4,na,no sporo counts,
2016-Jun,2016-06-11,Triquet,20,OP,2,R,16.5,na,4,12:12,6,na,,
2015-May,2015-05-22,Triquet,20,na,2,L,12,4.2,na,10:52,3,na,no sporo counts,
2016-Sep,2016-09-07,Triquet,20,OP,2,R,17,na,4,14:30,4,na,*Used to be 754,
2015-May,2015-05-22,Triquet,20,na,2,L,9.25,4.2,na,11:04,2,na,"Was 596, no sporo counts",
2015-May,2015-05-22,Triquet,20,na,2,L,9.5,4.2,na,11:04,5,na,,
2015-May,2015-05-22,Triquet,20,na,2,R,1,4.4,na,10:23,6,na,,
2015-May,2015-05-22,Triquet,20,na,2,R,1.3,4.4,na,10:26,3,na,,
2015-May,2015-05-22,Triquet,20,na,2,L,10.5,4.2,na,11:04,4,na,,
2015-May,2015-05-22,Triquet,20,na,2,R,13,4.2,na,10:30,1,na,,
2015-May,2015-05-22,Triquet,20,na,2,R,16.5,4.4,na,10:36,2,na,,
2015-May,2015-05-22,Triquet,20,na,2,R,16.6,4.6,na,10:38,2,na,,
2015-May,2015-05-22,Triquet,20,na,2,R,19,4.7,na,10:42,4,na,,
2015-May,2015-05-22,Triquet,20,na,2,R,20,4.6,na,10:46,2,na,,
2015-Jun,2015-06-27,Golden,20,na,2,R,6.5,5.6,na,15:09,12,na,,
2015-Jun,2015-06-27,Golden,20,na,2,L,8.75,5.4,na,15:25,10,na,,
2015-Jun,2015-06-27,Golden,20,na,2,R,1.25,6.1,na,15:01,2,na,no sporo counts,
2015-Jun,2015-06-27,Golden,20,na,2,R,8.75,5.1,na,15:12,8,na,Was 534,
2015-Jun,2015-06-27,Golden,20,na,2,R,9.5,5.2,na,15:17,8,na,"Was 757, no sporo counts",
2015-Jun,2015-06-27,Golden,20,na,2,R,0,6.2,na,15:59,3,na,,
2015-Jun,2015-06-27,Golden,20,na,2,L,1,6,na,15:15,1,na,,plant recorded as tangled but estimates of length given
2015-Jun,2015-06-27,Golden,20,na,2,L,1,6,na,15:15,2,na,,plant recorded as tangled but estimates of length given
2015-Jun,2015-06-27,Golden,20,na,2,R,1,6.1,na,15:00,1,na,,
2015-Jun,2015-06-27,Golden,20,na,2,R,1.25,6.1,na,15:01,9,T,,
2015-Jun,2015-06-27,Golden,20,na,2,R,3.5,6,na,15:03,1,na,,
2015-Jun,2015-06-27,Golden,20,na,2,R,5,5.9,na,15:04,0,na,,
2015-Jun,2015-06-27,Golden,20,na,2,L,5.5,5.7,na,15:16,3,na,,plant recorded as tangled but estimates of length given
2015-Jun,2015-06-27,Golden,20,na,2,R,6,5.6,na,15:06,27,T,,
2015-Jun,2015-06-27,Golden,20,na,2,R,6.25,5.6,na,15:06,3,T,,
2015-Jun,2015-06-27,Golden,20,na,2,L,8,5.4,na,15:20,12,na,,
2015-Jun,2015-06-27,Golden,20,na,2,L,10.5,5.4,na,15:34,3,na,,
2015-Jun,2015-06-29,Meay,20,na,2,L,18,3.5,na,14:58,20,T,no sporo counts,
2015-Aug,2015-08-08,Meay,20,na,2,L,5.5,5,na,9:34,32,na,,plant recorded as tangled but estimates of length given
2015-Sep,2015-09-13,Meay,20,na,2,L,14,3,na,10:40,6,na,,
2015-Jun,2015-06-29,Meay,20,na,2,L,17.5,3.7,na,14:36,9,T,,
2015-Jun,2015-06-29,Meay,20,na,2,R,14,3.6,na,14:57,2,na,,
2015-Jun,2015-06-29,Meay,20,na,2,L,15,4,na,14:33,1,na,,
2015-Jun,2015-06-29,Meay,20,na,2,L,16,4.1,na,14:35,2,na,,
2015-Jun,2015-06-29,Meay,20,na,2,L,17,3.7,na,14:36,2,na,,
2015-Jun,2015-06-29,Meay,20,na,2,L,19,3.8,na,14:42,2,na,,
2015-Jun,2015-06-29,Meay,20,na,2,R,19,3.8,na,15:01,0,na,,
2015-Jun,2015-06-27,Simmonds,20,na,2,R,9.5,6.1,na,10:47,6,T,,
2015-Jun,2015-06-27,Simmonds,20,na,2,R,16,7.2,na,11:02,1,na,"Was 535, no sporo counts",
2015-Jun,2015-06-27,Simmonds,20,na,2,L,8,6.6,na,10:29,16,na,,plant recorded as tangled but estimates of length given
2015-Jun,2015-06-27,Simmonds,20,na,2,L,2.75,6.9,na,10:21,7,na,,plant recorded as tangled but estimates of length given
2015-Jun,2015-06-27,Simmonds,20,na,2,L,16,6.3,na,10:43,2,na,,
2015-Jun,2015-06-27,Simmonds,20,na,2,R,0,7.2,na,10:35,2,na,,
2015-Jun,2015-06-27,Simmonds,20,na,2,L,2.5,7,na,10:20,0,na,,
2015-Jun,2015-06-27,Simmonds,20,na,2,L,2.75,6.9,na,10:21,4,na,,plant recorded as tangled but estimates of length given
2015-Jun,2015-06-27,Simmonds,20,na,2,L,3,6.9,na,10:25,0,na,,
2015-Jun,2015-06-27,Simmonds,20,na,2,L,8,6.5,na,10:26,4,na,,
2015-Jun,2015-06-27,Simmonds,20,na,2,L,9,6.5,na,10:26,0,na,,
2015-Jun,2015-06-27,Simmonds,20,na,2,L,9.5,6.3,na,10:33,0,na,,
2015-Jun,2015-06-27,Simmonds,20,na,2,L,11,6.9,na,10:46,0,na,,
2015-Jun,2015-06-27,Simmonds,20,na,2,L,13.75,6.3,na,10:37,0,na,,
2015-Jun,2015-06-27,Simmonds,20,na,2,L,14,6.3,na,10:37,0,na,,
2015-Jun,2015-06-27,Simmonds,20,na,2,L,15,6.2,na,10:38,2,na,,
2015-Jun,2015-06-27,Simmonds,20,na,2,L,16.25,6.6,na,10:46,1,na,,
2015-Jun,2015-06-23,Stryker,20,na,2,L,11,6.5,na,16:00,4,na,no sporo counts,
2015-Jun,2015-06-23,Stryker,20,na,2,R,17.5,4.4,na,16:10,3,na,Was 551,
2015-Aug,2015-08-05,Stryker,20,na,2,R,12,4.2,na,11:38,10,na,Was 565,plant recorded as tangled but estimates of length given
2015-Jun,2015-06-23,Stryker,20,na,2,L,15,5.6,na,16:04,14,T,Was 560,
2015-Jun,2015-06-23,Stryker,20,na,2,L,0.25,7.3,na,15:51,0,na,,
2015-Jun,2015-06-23,Stryker,20,na,2,R,4,7,na,15:57,2,na,,
2015-Jun,2015-06-23,Stryker,20,na,2,R,4,7,na,16:00,36,P,,
2015-Jun,2015-06-23,Stryker,20,na,2,L,4.25,7.1,na,15:52,17,na,,plant recorded as tangled but estimates of length given
2015-Jun,2015-06-23,Stryker,20,na,2,L,5,7.1,na,15:55,6,na,,
2015-Jun,2015-06-23,Stryker,20,na,2,L,5,7.1,na,15:55,7,na,,
2015-Jun,2015-06-23,Stryker,20,na,2,R,9,6.9,na,16:14,8,T,,
2015-Jun,2015-06-23,Stryker,20,na,2,L,11,6.5,na,15:02,2,na,,plant recorded as tangled but estimates of length given
2015-Jun,2015-06-23,Stryker,20,na,2,R,11,6.5,na,15:09,7,na,,
2015-Jun,2015-06-23,Stryker,20,na,2,R,12,6.3,na,16:15,4,na,,
2015-Jun,2015-06-23,Stryker,20,na,2,R,12,6.4,na,15:09,18,T,,
2015-Jun,2015-06-28,Triquet,20,na,2,L,11,6.2,na,9:37,1,na,no sporo counts,
2016-Aug,2016-08-12,Triquet,20,OP,2,R,17.5,na,4,10:35,5,na,,
2015-Jun,2015-06-28,Triquet,20,na,2,L,12,6.3,na,9:39,4,na,no sporo counts,
2016-Nov,2016-11-14,Triquet,20,OP,2,R,17,na,4,11:50,4,na,*Used to be 754,
2015-Jun,2015-06-28,Triquet,20,na,2,L,9.5,5.6,na,15:27,6,T,,
2015-Jun,2015-06-28,Triquet,20,na,2,L,9.25,5.6,na,15:27,2,na,"Was 596, no sporo counts",
2015-Jun,2015-06-28,Triquet,20,na,2,L,10.5,6.1,na,9:34,8,na,,
2015-Jun,2015-06-28,Triquet,20,na,2,R,1,6,na,15:34,0,na,,
2015-Jun,2015-06-28,Triquet,20,na,2,R,1,6,na,15:34,5,T,,
2015-Jun,2015-06-28,Triquet,20,na,2,R,1,6,na,15:31,8,na,,plant recorded as tangled but estimates of length given
2015-Jun,2015-06-28,Triquet,20,na,2,L,1.5,6,na,15:22,1,na,,
2015-Jun,2015-06-28,Triquet,20,na,2,L,1.5,6,na,15:22,1,na,,
2015-Jun,2015-06-28,Triquet,20,na,2,R,3,6,na,9:22,1,na,,
2015-Jun,2015-06-28,Triquet,20,na,2,R,6,6,na,9:22,1,na,,
2015-Jun,2015-06-28,Triquet,20,na,2,R,8,6,na,9:27,7,na,,plant recorded as tangled but estimates of length given
2015-Jun,2015-06-28,Triquet,20,na,2,L,10.2,6,na,9:33,1,na,,
2015-Jun,2015-06-28,Triquet,20,na,2,R,11,6.3,na,9:29,0,na,,
2015-Jun,2015-06-28,Triquet,20,na,2,R,12,6.3,na,9:33,2,na,,
2015-Aug,2015-08-07,Golden,20,na,2,R,7,5.1,na,11:20,12,na,,plant recorded as tangled but estimates of length given
2015-Aug,2015-08-07,Golden,20,na,2,L,11,5.7,na,11:05,4,na,,
2015-Aug,2015-08-07,Golden,20,na,2,L,8,6,na,10:55,12,T,,
2015-Aug,2015-08-07,Golden,20,na,2,R,1,5.8,na,11:30,3,T,,
2015-Aug,2015-08-07,Golden,20,na,2,R,9,4.9,na,11:07,6,na,Was 534,plant recorded as tangled but estimates of length given
2015-Aug,2015-08-07,Golden,20,na,2,R,10,5.1,na,10:54,10,na,Was 757,plant recorded as tangled but estimates of length given
2015-Aug,2015-08-07,Golden,20,na,2,L,5.5,6.2,na,10:48,4,T,,
2015-Aug,2015-08-07,Golden,20,na,2,R,0,5.8,na,11:32,5,na,,
2015-Aug,2015-08-07,Golden,20,na,2,R,1.5,5.8,na,11:29,2,na,,
2015-Aug,2015-08-07,Golden,20,na,2,L,1.75,6.5,na,10:46,4,T,,
2015-Aug,2015-08-07,Golden,20,na,2,L,1.75,6.5,na,10:46,5,T,,
2015-Aug,2015-08-07,Golden,20,na,2,R,4,5.5,na,11:28,1,na,,
2015-Aug,2015-08-07,Golden,20,na,2,R,4.5,5.5,na,11:27,1,na,,
2015-Aug,2015-08-07,Golden,20,na,2,R,6,5.3,na,11:25,26,na,,plant recorded as tangled but estimates of length given
2015-Aug,2015-08-07,Golden,20,na,2,R,6.5,5.2,na,11:22,2,na,,plant recorded as tangled but estimates of length given
2015-Aug,2015-08-07,Golden,20,na,2,L,7,6.1,na,10:51,18,T,,
2015-Aug,2015-08-07,Golden,20,na,2,L,8,6,na,10:55,3,T,,
2015-Aug,2015-08-07,Golden,20,na,2,R,9,4.9,na,11:15,6,na,,plant recorded as tangled but estimates of length given
2015-Aug,2015-08-08,Meay,20,na,2,L,18,4.1,na,9:56,31,na,,plant recorded as tangled but estimates of length given
2015-Sep,2015-09-13,Meay,20,na,2,L,5.5,4,na,11:15,22,na,,
2014-May,2014-05-31,Triquet,20,na,2,L,7.25,4.3,na,10:29-11:45,3,na,no sporo counts,
2015-Aug,2015-08-08,Meay,20,na,2,L,17.5,4,na,9:52,10,na,,
2015-Aug,2015-08-08,Meay,20,na,2,L,4.5,4.3,na,9:48,1,na,,
2015-Aug,2015-08-08,Meay,20,na,2,L,15.5,4.3,na,9:48,1,na,,
2015-Aug,2015-08-08,Meay,20,na,2,L,17,4,na,9:51,4,na,,
2015-Aug,2015-08-08,Meay,20,na,2,L,19,4.2,na,10:06,2,na,,
2015-Aug,2015-08-09,Simmonds,20,na,2,R,9.5,6.9,na,10:30,8,na,,
2015-Aug,2015-08-09,Simmonds,20,na,2,R,18,7.2,na,12:35,3,na,,
2015-Aug,2015-08-09,Simmonds,20,na,2,L,8,7,na,10:37,15,T,,
2015-Aug,2015-08-09,Simmonds,20,na,2,L,2.75,7.1,na,10:30,12,na,,
2015-Aug,2015-08-09,Simmonds,20,na,2,L,16,6.8,na,10:52,6,na,,
2015-Aug,2015-08-09,Simmonds,20,na,2,R,0.5,7.2,na,10:18,1,na,,
2015-Aug,2015-08-09,Simmonds,20,na,2,R,0.5,7.2,na,10:17,5,na,,
2015-Aug,2015-08-09,Simmonds,20,na,2,R,1.5,7,na,10:18,0,na,,
2015-Aug,2015-08-09,Simmonds,20,na,2,L,2,7,na,10:29,3,na,,
2015-Aug,2015-08-09,Simmonds,20,na,2,L,3.5,7.1,na,10:35,1,na,,
2015-Aug,2015-08-09,Simmonds,20,na,2,L,4,7.1,na,10:35,1,na,,
2015-Aug,2015-08-09,Simmonds,20,na,2,R,4,6.9,na,10:21,9,na,,
2015-Aug,2015-08-09,Simmonds,20,na,2,R,6,6.6,na,10:24,4,na,,
2015-Aug,2015-08-09,Simmonds,20,na,2,L,7.5,6.9,na,10:34,4,T,,
2015-Aug,2015-08-09,Simmonds,20,na,2,R,8,6.6,na,10:24,0,na,,
2015-Aug,2015-08-09,Simmonds,20,na,2,R,8,6.2,na,10:24,6,na,,plant recorded as tangled but estimates of length given
2015-Aug,2015-08-09,Simmonds,20,na,2,L,9.5,6.5,na,10:39,2,na,,
2015-Aug,2015-08-09,Simmonds,20,na,2,L,9.75,6.6,na,10:40,0,na,,
2015-Aug,2015-08-09,Simmonds,20,na,2,L,9.75,6.6,na,10:40,0,na,,
2015-Aug,2015-08-09,Simmonds,20,na,2,R,10.1,6.9,na,10:34,0,na,,
2015-Aug,2015-08-09,Simmonds,20,na,2,R,10.25,6.9,na,10:34,1,na,,
2015-Aug,2015-08-09,Simmonds,20,na,2,R,10.25,6.9,na,10:34,1,na,,
2015-Aug,2015-08-09,Simmonds,20,na,2,L,11,7.1,na,10:43,1,na,,
2015-Aug,2015-08-09,Simmonds,20,na,2,R,11,7.2,na,10:36,11,P,,
2015-Aug,2015-08-09,Simmonds,20,na,2,R,12,6.8,na,10:36,0,na,,
2015-Aug,2015-08-09,Simmonds,20,na,2,R,12,6.8,na,10:36,0,na,,
2015-Aug,2015-08-09,Simmonds,20,na,2,L,14,6.6,na,10:44,0,na,,
2015-Aug,2015-08-09,Simmonds,20,na,2,L,14,6.6,na,10:44,1,na,,
2015-Aug,2015-08-09,Simmonds,20,na,2,R,14.5,6.4,na,10:39,3,na,,
2015-Aug,2015-08-09,Simmonds,20,na,2,R,14.5,6.4,na,10:39,4,na,,
2015-Aug,2015-08-09,Simmonds,20,na,2,L,15.5,6.3,na,10:45,4,na,,
2015-Aug,2015-08-09,Simmonds,20,na,2,R,15.5,6.2,na,10:39,3,na,,
2015-Aug,2015-08-09,Simmonds,20,na,2,R,16,6.4,na,10:39,0,na,,
2015-Aug,2015-08-09,Simmonds,20,na,2,L,17,7,na,10:53,2,na,,
2015-Aug,2015-08-09,Simmonds,20,na,2,L,18,8.1,na,10:54,0,na,,
2015-Aug,2015-08-09,Simmonds,20,na,2,R,18,7.9,na,10:43,3,na,,
2015-Aug,2015-08-09,Simmonds,20,na,2,R,19,8.3,na,10:45,1,na,,
2015-Aug,2015-08-05,Stryker,20,na,2,L,15,4,na,11:54,12,T,,
2015-Aug,2015-08-05,Stryker,20,na,2,L,11,5,na,11:47,4,na,,
2015-Aug,2015-08-05,Stryker,20,na,2,R,17.5,2.2,na,11:50,4,na,Was 551,
2015-Sep,2015-09-09,Stryker,20,na,2,R,12,7.3,na,11:33,9,na,Was 565,plant recorded as tangled but estimates of length given
2015-Aug,2015-08-05,Stryker,20,na,2,L,0,5.8,na,11:36,2,na,,
2015-Aug,2015-08-05,Stryker,20,na,2,L,1.5,5.7,na,11:38,5,na,,
2015-Aug,2015-08-05,Stryker,20,na,2,L,4.5,5.5,na,11:41,18,na,,
2015-Aug,2015-08-05,Stryker,20,na,2,L,5,5.6,na,11:42,10,na,,plant recorded as tangled but estimates of length given
2015-Aug,2015-08-05,Stryker,20,na,2,R,12,4.1,na,11:42,5,na,,
2015-Aug,2015-08-05,Stryker,20,na,2,R,12,4.1,na,11:46,21,na,,plant recorded as tangled but estimates of length given
2015-Aug,2015-08-05,Stryker,20,na,2,R,12.5,3.9,na,11:50,4,na,,
2015-Aug,2015-08-05,Stryker,20,na,2,L,18,2.2,na,11:56,0,na,,
2015-Aug,2015-08-05,Stryker,20,na,2,L,18,2.2,na,11:56,0,na,,
2015-Aug,2015-08-06,Triquet,20,na,2,L,11,5.5,na,10:43,1,na,,
2016-Sep,2016-09-07,Triquet,20,OP,2,R,16.5,na,4,14:30,3,na,,
2015-Aug,2015-08-06,Triquet,20,na,2,L,12,5.5,na,10:44,3,na,,
2017-Apr,2017-04-06,Triquet,20,OP,2,R,17,na,4,10:36,1,na,*Used to be 754,
2015-Aug,2015-08-06,Triquet,20,na,2,L,9.5,5.4,na,10:33,8,na,,
2015-Aug,2015-08-06,Triquet,20,na,2,L,9.25,5.4,na,10:33,4,na,Was 596,
2015-Aug,2015-08-06,Triquet,20,na,2,L,10.5,5.5,na,10:40,11,na,,
2015-Aug,2015-08-06,Triquet,20,na,2,R,1,5.3,na,11:10,7,na,,plant recorded as tangled but estimates of length given
2015-Aug,2015-08-06,Triquet,20,na,2,R,1.5,5.3,na,11:08,6,na,,plant recorded as tangled but estimates of length given
2015-Aug,2015-08-06,Triquet,20,na,2,L,2,5.6,na,10:29,2,na,,
2015-Aug,2015-08-06,Triquet,20,na,2,L,2,5.6,na,10:29,2,na,,
2015-Aug,2015-08-06,Triquet,20,na,2,R,2,5.2,na,11:04,1,na,,
2015-Aug,2015-08-06,Triquet,20,na,2,R,2,5.2,na,11:04,1,na,,
2015-Aug,2015-08-06,Triquet,20,na,2,R,8,5,na,11:05,0,na,,
2015-Aug,2015-08-06,Triquet,20,na,2,R,10,5,na,11:03,3,P,,
2015-Aug,2015-08-06,Triquet,20,na,2,L,10.5,5.5,na,10:39,1,na,,
2015-Aug,2015-08-06,Triquet,20,na,2,R,12,5.4,na,11:00,0,na,,
2015-Aug,2015-08-06,Triquet,20,na,2,R,12,5.4,na,11:00,2,na,,
2015-Aug,2015-08-06,Triquet,20,na,2,R,13.75,5.5,na,10:58,3,na,,
2015-Aug,2015-08-06,Triquet,20,na,2,L,14.75,5.4,na,10:47,0,na,,
2015-Aug,2015-08-06,Triquet,20,na,2,R,16,5.4,na,10:57,1,na,,
2015-Aug,2015-08-06,Triquet,20,na,2,R,18,5.3,na,10:45,1,na,,
2015-Aug,2015-08-06,Triquet,20,na,2,L,20,5.9,na,10:48,3,na,,
2015-Sep,2015-09-11,Golden,20,na,2,R,7,6.7,na,11:38,15,na,,plant recorded as tangled but estimates of length given
2015-Sep,2015-09-11,Golden,20,na,2,L,11,5.9,na,10:10,1,na,,
2015-Sep,2015-09-11,Golden,20,na,2,L,9,6.7,na,11:45,9,na,,
2015-Sep,2015-09-11,Golden,20,na,2,R,1,7.2,na,11:18,4,C,,
2015-Sep,2015-09-11,Golden,20,na,2,R,9,5.6,na,10:14,8,na,Was 534,plant recorded as tangled but estimates of length given
2015-Sep,2015-09-11,Golden,20,na,2,R,10,5.4,na,9:55,10,na,Was 757,plant recorded as tangled but estimates of length given
2015-Sep,2015-09-11,Golden,20,na,2,L,5.5,7,na,11:26,4,na,,plant recorded as tangled but estimates of length given
2015-Sep,2015-09-11,Golden,20,na,2,R,0,7.2,na,11:15,5,na,,plant recorded as tangled but estimates of length given
2015-Sep,2015-09-11,Golden,20,na,2,R,3,7,na,11:21,2,na,,
2015-Sep,2015-09-11,Golden,20,na,2,R,4,7,na,11:23,1,na,,
2015-Sep,2015-09-11,Golden,20,na,2,R,6,6.8,na,11:32,6,na,,plant recorded as tangled but estimates of length given
2015-Sep,2015-09-11,Golden,20,na,2,R,6,6.8,na,11:34,16,na,,plant recorded as tangled but estimates of length given
2015-Sep,2015-09-11,Golden,20,na,2,L,7,6.4,na,10:46,2,na,,plant recorded as tangled but estimates of length given
2015-Sep,2015-09-11,Golden,20,na,2,L,7,6.4,na,10:42,4,na,,plant recorded as tangled but estimates of length given
2015-Sep,2015-09-11,Golden,20,na,2,L,7,6.4,na,10:49,4,na,,plant recorded as tangled but estimates of length given
2015-Sep,2015-09-11,Golden,20,na,2,R,7,6.7,na,11:36,2,na,,plant recorded as tangled but estimates of length given
2015-Sep,2015-09-11,Golden,20,na,2,L,7.5,6.4,na,10:31,4,na,,plant recorded as tangled but estimates of length given
2015-Sep,2015-09-11,Golden,20,na,2,R,8.5,5.5,na,10:18,6,na,,plant recorded as tangled but estimates of length given
2015-Sep,2015-09-13,Meay,20,na,2,L,18,3,na,11:00,28,na,,
2016-Jun,2016-06-12,Meay,20,OP,2,L,5,na,2,9:30,9,na,,plant recorded as tangled but estimates of length given
2014-Jul,2014-07-01,Triquet,20,na,2,L,7.25,5.2,na,11:43-12:56,2,na,no sporo counts,
2015-Sep,2015-09-13,Meay,20,na,2,L,17.5,3,na,11:00,10,na,,
2015-Sep,2015-09-13,Meay,20,na,2,L,13,3,na,10:40,0,na,,
2015-Sep,2015-09-13,Meay,20,na,2,L,14,3,na,10:40,1,na,,
2015-Sep,2015-09-13,Meay,20,na,2,L,15,3,na,10:50,1,na,,
2015-Sep,2015-09-13,Meay,20,na,2,L,17,3,na,10:55,1,na,,
2015-Sep,2015-09-13,Meay,20,na,2,L,19.5,3,na,11:10,2,na,,
2015-Sep,2015-09-10,Simmonds,20,na,2,R,9.5,6.9,na,12:13,8,na,,plant recorded as tangled but estimates of length given
2015-Sep,2015-09-10,Simmonds,20,na,2,R,18,8,na,11:29,6,na,,
2015-Sep,2015-09-10,Simmonds,20,na,2,L,8,7,na,12:10,13,P,,
2015-Sep,2015-09-10,Simmonds,20,na,2,L,2.75,6.8,na,10:48,7,na,,plant recorded as tangled but estimates of length given
2015-Sep,2015-09-10,Simmonds,20,na,2,L,16,6.6,na,11:51,8,na,,
2015-Sep,2015-09-10,Simmonds,20,na,2,R,0.5,7.3,na,10:42,6,na,,
2015-Sep,2015-09-10,Simmonds,20,na,2,R,1,6.9,na,10:43,3,na,,
2015-Sep,2015-09-10,Simmonds,20,na,2,L,2.8,6.8,na,10:46,2,na,,plant recorded as tangled but estimates of length given
2015-Sep,2015-09-10,Simmonds,20,na,2,L,2.9,6.8,na,10:47,2,na,,plant recorded as tangled but estimates of length given
2015-Sep,2015-09-10,Simmonds,20,na,2,L,3,6.8,na,10:50,1,na,,
2015-Sep,2015-09-10,Simmonds,20,na,2,R,7,6.6,na,10:56,6,na,,plant recorded as tangled but estimates of length given
2015-Sep,2015-09-10,Simmonds,20,na,2,L,7.5,6.6,na,11:00,4,na,,plant recorded as tangled but estimates of length given
2015-Sep,2015-09-10,Simmonds,20,na,2,L,8,6.6,na,11:02,0,na,,
2015-Sep,2015-09-10,Simmonds,20,na,2,L,8.5,6.6,na,11:03,0,na,,
2015-Sep,2015-09-10,Simmonds,20,na,2,R,8.5,6.6,na,11:04,1,na,,
2015-Sep,2015-09-10,Simmonds,20,na,2,R,9,6.6,na,11:05,2,na,,
2015-Sep,2015-09-10,Simmonds,20,na,2,L,9.5,6.4,na,11:07,4,na,,
2015-Sep,2015-09-10,Simmonds,20,na,2,R,10.5,7,na,11:10,2,na,,
2015-Sep,2015-09-10,Simmonds,20,na,2,R,11.2,7,na,11:11,2,na,,
2015-Sep,2015-09-10,Simmonds,20,na,2,L,14.1,6.6,na,11:13,1,na,,
2015-Sep,2015-09-10,Simmonds,20,na,2,L,14.2,6.6,na,11:13,1,na,,
2015-Sep,2015-09-10,Simmonds,20,na,2,L,14.3,6.6,na,11:13,0,na,,
2015-Sep,2015-09-10,Simmonds,20,na,2,L,15,6.2,na,11:20,4,na,,plant recorded as tangled but estimates of length given
2015-Sep,2015-09-10,Simmonds,20,na,2,R,15,6.3,na,11:15,2,na,,plant recorded as tangled but estimates of length given
2015-Sep,2015-09-10,Simmonds,20,na,2,R,15,6.3,na,11:18,6,na,,plant recorded as tangled but estimates of length given
2015-Sep,2015-09-10,Simmonds,20,na,2,R,16,6.9,na,11:25,5,na,,plant recorded as tangled but estimates of length given
2015-Sep,2015-09-10,Simmonds,20,na,2,L,16.5,7,na,12:02,2,na,,
2015-Sep,2015-09-10,Simmonds,20,na,2,R,17,7.3,na,11:27,1,na,,
2015-Sep,2015-09-09,Stryker,20,na,2,L,15,6,na,11:53,13,na,Frond loss data messed up for this interval,plant recorded as tangled but estimates of length given
2015-Sep,2015-09-09,Stryker,20,na,2,L,11,7.5,na,11:27,4,na,Frond loss data messed up for this interval,
2015-Sep,2015-09-09,Stryker,20,na,2,R,17.5,5,na,12:00,3,na,Was 551,
2015-Sep,2015-09-09,Stryker,20,na,2,L,4,7.8,na,11:11,16,na,,plant recorded as tangled but estimates of length given
2015-Sep,2015-09-09,Stryker,20,na,2,L,5,7.9,na,11:19,12,na,,plant recorded as tangled but estimates of length given
2015-Sep,2015-09-09,Stryker,20,na,2,R,11.8,7,na,11:40,3,na,,
2015-Sep,2015-09-09,Stryker,20,na,2,R,12,7,na,11:50,14,P,,
2015-Sep,2015-09-09,Stryker,20,na,2,R,12.3,7,na,11:42,4,na,,
2015-Sep,2015-09-09,Stryker,20,na,2,R,15,6,na,11:54,0,na,,
2015-Sep,2015-09-12,Triquet,20,na,2,L,11,6.3,na,10:36,1,na,,
2015-Sep,2015-09-12,Triquet,20,na,2,L,9.5,5.8,na,10:26,6,na,,
2016-Nov,2016-11-14,Triquet,20,OP,2,R,16.5,na,4,11:50,4,na,,
2015-Sep,2015-09-12,Triquet,20,na,2,L,12,6.2,na,10:45,2,na,,
2017-May,2017-05-15,Triquet,20,OP,2,R,17,na,4,9:53,3,na,*Used to be 754,
2015-Sep,2015-09-12,Triquet,20,na,2,L,9.25,5.8,na,10:24,2,na,Was 596,
2015-Sep,2015-09-12,Triquet,20,na,2,L,10.5,6,na,10:34,7,na,,
2015-Sep,2015-09-12,Triquet,20,na,2,R,1.5,6,na,10:15,1,na,,
2015-Sep,2015-09-12,Triquet,20,na,2,R,1.5,6,na,10:14,8,na,,
2015-Sep,2015-09-12,Triquet,20,na,2,R,2,5.8,na,10:18,3,na,,
2015-Sep,2015-09-12,Triquet,20,na,2,L,2.2,5.9,na,10:20,2,na,,
2015-Sep,2015-09-12,Triquet,20,na,2,L,6,5.8,na,10:22,0,na,,
2015-Sep,2015-09-12,Triquet,20,na,2,L,6,5.8,na,10:22,0,na,,
2015-Sep,2015-09-12,Triquet,20,na,2,L,8.9,5.8,na,10:22,0,na,,
2015-Sep,2015-09-12,Triquet,20,na,2,L,8.9,5.8,na,10:22,0,na,,
2015-Sep,2015-09-12,Triquet,20,na,2,L,8.9,5.8,na,10:22,0,na,,
2015-Sep,2015-09-12,Triquet,20,na,2,L,8.9,5.8,na,10:22,0,na,,
2015-Sep,2015-09-12,Triquet,20,na,2,L,8.9,5.8,na,10:22,0,na,,
2015-Sep,2015-09-12,Triquet,20,na,2,L,10,6.3,na,10:59,0,na,,
2015-Sep,2015-09-12,Triquet,20,na,2,L,10,6,na,10:28,0,na,,
2015-Sep,2015-09-12,Triquet,20,na,2,L,10,6,na,10:28,0,na,,
2015-Sep,2015-09-12,Triquet,20,na,2,L,10,6,na,10:28,0,na,,
2015-Sep,2015-09-12,Triquet,20,na,2,L,10,6,na,10:28,0,na,,
2015-Sep,2015-09-12,Triquet,20,na,2,L,10,6,na,10:28,0,na,,
2015-Sep,2015-09-12,Triquet,20,na,2,L,10,6,na,10:28,0,na,,
2015-Sep,2015-09-12,Triquet,20,na,2,L,10.2,6,na,10:28,0,na,,
2015-Sep,2015-09-12,Triquet,20,na,2,R,11,6.3,na,10:30,1,na,,
2015-Sep,2015-09-12,Triquet,20,na,2,R,11.5,6.5,na,10:47,2,na,,
2015-Sep,2015-09-12,Triquet,20,na,2,L,13,6.5,na,10:49,0,na,,
2015-Sep,2015-09-12,Triquet,20,na,2,R,13,6.6,na,10:54,2,na,,
2015-Sep,2015-09-12,Triquet,20,na,2,R,14,6.7,na,10:57,2,na,,
2015-Sep,2015-09-12,Triquet,20,na,2,R,15,6,na,10:16,1,na,,
2015-Sep,2015-09-12,Triquet,20,na,2,L,18,6.5,na,11:11,0,na,,
2015-Sep,2015-09-12,Triquet,20,na,2,L,20,7,na,11:13,2,na,,
2017-May,2017-05-17,Westbeach,20,BMM,3,L,4,na,2,10:30,5,na,,
2017-May,2017-05-17,Westbeach,20,BMM,3,L,4,na,2,10:30,2,na,,
2017-May,2017-05-17,Westbeach,20,BMM,3,L,4,na,2,10:30,10,P,,
2017-May,2017-05-17,Westbeach,20,BMM,3,L,4,na,2,10:30,6,na,,
2017-May,2017-05-17,Westbeach,20,BMM,3,L,4,na,2,10:30,3,na,,
2017-May,2017-05-17,Westbeach,20,BMM,3,L,4.5,na,2,10:30,3,na,,
2017-May,2017-05-17,Westbeach,20,BMM,3,L,4.5,na,2,10:30,3,na,,
2017-May,2017-05-17,Westbeach,20,BMM,3,L,4.5,na,2,10:30,3,na,,
2017-May,2017-05-17,Westbeach,20,BMM,3,L,5,na,2,10:30,4,na,,
2017-May,2017-05-17,Westbeach,20,BMM,3,L,5,na,2,10:30,2,na,,
2017-May,2017-05-17,Westbeach,20,BMM,3,L,5,na,2,10:30,5,na,,
2017-May,2017-05-17,Westbeach,20,BMM,3,L,5,na,2,10:30,1,na,,
2017-May,2017-05-17,Westbeach,20,KH,3,L,7.7,na,2,10:00,1,na,,
2017-May,2017-05-17,Westbeach,20,KH,3,L,7.7,na,2,10:00,5,na,,
2017-May,2017-05-17,Westbeach,20,KH,3,L,7.8,na,2,10:00,1,na,,
2017-May,2017-05-17,Westbeach,20,KH,3,L,7.8,na,2,10:00,3,na,,
2017-May,2017-05-17,Westbeach,20,KH,3,L,10.4,na,2,10:00,6,na,,
2017-May,2017-05-17,Westbeach,20,KH,3,L,11.4,na,2,10:00,5,na,,
2017-May,2017-05-17,Westbeach,20,KH,3,L,11.5,na,2,10:00,3,na,,
2017-May,2017-05-17,Westbeach,20,KH,3,L,11.8,na,2,10:00,4,na,,
2017-May,2017-05-17,Westbeach,20,KH,3,L,11.8,na,2,10:00,5,na,,
2017-May,2017-05-17,Westbeach,20,KH,3,L,11.9,na,2,10:00,1,na,,
2017-May,2017-05-17,Westbeach,20,KH,3,L,12,na,2,10:00,5,na,,
2017-May,2017-05-17,Westbeach,20,KH,3,L,12.2,na,2,10:00,5,na,,
2017-May,2017-05-17,Westbeach,20,KH,3,L,12.3,na,2,10:00,1,na,,
2017-May,2017-05-17,Westbeach,20,KH,3,L,12.4,na,2,10:00,6,na,,
2017-May,2017-05-17,Westbeach,20,KH,3,L,13,na,2,10:00,11,na,,
2017-May,2017-05-17,Westbeach,20,KH,3,L,13.2,na,2,10:00,3,na,,
2017-May,2017-05-17,Westbeach,20,KH,3,L,14,na,2,10:00,4,na,,
2017-May,2017-05-17,Westbeach,20,KH,3,L,14.8,na,2,10:00,11,na,,
2017-May,2017-05-17,Westbeach,20,KH,3,L,15,na,2,10:00,7,na,,
2017-May,2017-05-17,Westbeach,20,KH,3,L,15.2,na,2,10:00,9,na,,
2017-May,2017-05-17,Westbeach,20,KH,3,L,17.5,na,2,10:00,5,na,,
2017-May,2017-05-17,Westbeach,20,KH,3,L,17.7,na,2,10:00,5,na,,
2017-May,2017-05-17,Westbeach,20,KH,3,L,17.9,na,2,10:00,5,na,,
2017-May,2017-05-17,Westbeach,20,KH,3,L,18,na,2,10:00,24,na,,
2017-May,2017-05-17,Westbeach,20,OP,1,R,13.5,na,2,12:00,26,na,used to be 2006,
2017-May,2017-05-17,Westbeach,20,OP,1,R,1.5,na,2,10:30,2,na,*Used to be 1758,
2017-May,2017-05-17,Westbeach,20,BMM,1,R,0.5,na,2,10:30,3,na,,
2017-May,2017-05-17,Westbeach,20,BMM,1,R,0.5,na,2,10:30,2,na,,
2017-May,2017-05-17,Westbeach,20,BMM,1,R,0.5,na,2,10:30,1,na,,
2017-May,2017-05-17,Westbeach,20,BMM,1,R,1,na,2,10:30,2,na,,
2017-May,2017-05-17,Westbeach,20,BMM,1,R,3,na,2,10:30,2,na,,
2017-May,2017-05-17,Westbeach,20,BMM,1,R,3,na,2,10:30,7,na,,
2017-May,2017-05-17,Westbeach,20,BMM,1,R,3,na,2,10:30,2,na,,
2017-May,2017-05-17,Westbeach,20,BMM,1,R,3,na,2,10:30,4,T,,
2017-May,2017-05-17,Westbeach,20,BMM,1,R,3,na,2,10:30,5,na,,
2017-May,2017-05-17,Westbeach,20,BMM,1,R,4,na,2,10:30,4,na,,
2017-May,2017-05-17,Westbeach,20,BMM,1,R,4,na,2,10:30,6,na,,
2017-May,2017-05-17,Westbeach,20,BMM,1,R,4,na,2,10:30,4,na,,
2017-May,2017-05-17,Westbeach,20,BMM,1,R,4.5,na,2,10:30,6,na,,
2017-May,2017-05-17,Westbeach,20,BMM,1,R,4.5,na,2,10:30,3,na,,
2017-May,2017-05-17,Westbeach,20,BMM,1,R,4.5,na,2,10:30,2,na,,
2017-May,2017-05-17,Westbeach,20,BMM,1,R,5,na,2,10:30,4,na,,
2017-May,2017-05-17,Westbeach,20,BMM,1,R,5,na,2,10:30,2,na,,
2017-May,2017-05-17,Westbeach,20,BMM,1,R,5,na,2,10:30,2,na,,
2017-May,2017-05-17,Westbeach,20,BMM,1,R,5,na,2,10:30,5,na,,
2017-May,2017-05-17,Westbeach,20,BMM,1,R,5,na,2,10:30,1,na,,
2017-May,2017-05-17,Westbeach,20,BMM,1,R,5,na,2,10:30,3,T,,
2017-May,2017-05-17,Westbeach,20,KH,1,R,5.5,na,2,13:00,5,na,,
2017-May,2017-05-17,Westbeach,20,KH,1,R,12.5,na,2,13:00,12,na,,
2017-May,2017-05-17,Westbeach,20,KH,1,R,12.5,na,2,13:00,5,na,,
2017-May,2017-05-17,Westbeach,20,KH,1,R,15,na,2,13:00,13,na,,
2017-May,2017-05-17,Westbeach,20,KH,1,R,15.8,na,2,13:00,7,na,,
2017-May,2017-05-17,Westbeach,20,OP,2,R,6,na,2,10:30,7,na,,
2017-May,2017-05-17,Westbeach,20,OP,2,R,8,na,2,10:30,10,na,,
2017-May,2017-05-17,Westbeach,20,BMM,2,R,1,na,2,10:30,9,na,,
2017-May,2017-05-17,Westbeach,20,BMM,2,R,2,na,2,10:30,5,na,,
2017-May,2017-05-17,Westbeach,20,BMM,2,R,7,na,2,10:30,2,na,,
2017-May,2017-05-17,Westbeach,20,BMM,2,R,7,na,2,10:30,2,na,,
2017-May,2017-05-17,Westbeach,20,BMM,2,R,7,na,2,10:30,8,na,,
2017-May,2017-05-17,Westbeach,20,BMM,2,R,8,na,2,10:30,3,na,,
2017-May,2017-05-17,Westbeach,20,BMM,2,R,9,na,2,10:30,5,T,,
2017-May,2017-05-17,Westbeach,20,BMM,2,R,9,na,2,10:30,1,na,,
2017-May,2017-05-17,Westbeach,20,BMM,2,R,9,na,2,10:30,1,na,,
2017-May,2017-05-17,Westbeach,20,BMM,2,R,9,na,2,10:30,1,na,,
2017-May,2017-05-17,Westbeach,20,BMM,2,R,9,na,2,10:30,3,na,,
2017-May,2017-05-17,Westbeach,20,BMM,2,R,9,na,2,10:30,4,T,,
2017-May,2017-05-17,Westbeach,20,KH,2,R,10.5,na,2,13:00,6,na,,
2017-May,2017-05-17,Westbeach,20,KH,2,R,10.8,na,2,13:00,1,na,,
2017-May,2017-05-17,Westbeach,20,KH,2,R,10.9,na,2,13:00,3,C,,
2017-May,2017-05-17,Westbeach,20,KH,2,R,10.9,na,2,13:00,8,na,,
2017-May,2017-05-17,Westbeach,20,KH,2,R,11,na,2,13:00,13,na,,
2017-May,2017-05-17,Westbeach,20,KH,2,R,11.3,na,2,13:00,5,na,,
2017-May,2017-05-17,Westbeach,20,KH,2,R,11.3,na,2,13:00,9,na,,
2017-May,2017-05-17,Westbeach,20,KH,2,R,11.5,na,2,13:00,10,na,,
2017-May,2017-05-17,Westbeach,20,KH,2,R,12,na,2,13:00,3,na,,
2017-May,2017-05-17,Westbeach,20,KH,2,R,12,na,2,13:00,4,na,,
2017-May,2017-05-17,Westbeach,20,KH,2,R,13,na,2,13:00,5,na,,
2017-May,2017-05-17,Westbeach,20,OP,3,R,7.5,na,2,9:45,3,na,,
2017-May,2017-05-17,Westbeach,20,OP,3,R,4.25,na,2,10:30,5,na,,
2017-May,2017-05-17,Westbeach,20,OP,3,R,3,na,2,10:30,7,na,,
2017-May,2017-05-17,Westbeach,20,BMM,3,R,7,na,2,10:30,3,T,,
2017-May,2017-05-17,Westbeach,20,KH,3,R,7.8,na,2,10:00,2,na,,
2017-May,2017-05-17,Westbeach,20,KH,3,R,7.9,na,2,10:00,3,na,,
2017-May,2017-05-17,Westbeach,20,KH,3,R,8,na,2,10:00,12,na,,
2017-May,2017-05-17,Westbeach,20,KH,3,R,8.5,na,2,10:00,1,na,,
2017-May,2017-05-17,Westbeach,20,KH,3,R,10,na,2,10:00,6,na,,
2017-May,2017-05-17,Westbeach,20,KH,3,R,10.8,na,2,10:00,10,P,,
2017-May,2017-05-17,Westbeach,20,KH,3,R,11.4,na,2,10:00,3,P,,
2017-May,2017-05-17,Westbeach,20,KH,3,R,13,na,2,10:00,6,na,,
2017-May,2017-05-17,Westbeach,20,KH,3,R,13,na,2,10:00,5,na,,
2017-May,2017-05-17,Westbeach,20,KH,3,R,14,na,2,10:00,4,C,,
2017-Jun,2017-06-04,Triquet,20,OP,1,L,14.2,na,4,10:00,3,na,,
2017-Jun,2017-06-04,Triquet,20,OP,1,L,3.25,na,4,10:00,3,na,,
2017-Jun,2017-06-04,Triquet,20,TP,1,L,2.8,na,4,13:30,7,na,,
2017-Jun,2017-06-04,Triquet,20,TP,1,L,14,na,4,13:30,2,na,,
2017-Jun,2017-06-04,Triquet,20,TP,1,L,14,na,4,13:30,3,T,,
2017-Jun,2017-06-04,Triquet,20,OP,1,L,17.4,na,4,13:35,6,na,,
2017-Jun,2017-06-04,Triquet,20,OP,1,L,17.5,na,4,13:35,5,na,,
2017-Jun,2017-06-04,Triquet,20,OP,2,L,10,na,4,10:00,7,T,used to be 1783,
2017-Jun,2017-06-04,Triquet,20,OP,2,L,20,na,4,10:00,7,na,,
2017-Jun,2017-06-04,Triquet,20,OP,3,L,12,na,4,10:00,3,na,,
2017-Jun,2017-06-04,Triquet,20,NAP,3,L,0.5,na,4,13:30,4,T,,
2017-Jun,2017-06-04,Triquet,20,NAP,3,L,0.5,na,4,13:30,5,T,,
2017-Jun,2017-06-04,Triquet,20,TP,3,L,20,na,4,13:30,5,na,,
2017-Jun,2017-06-04,Triquet,20,TP,3,L,20,na,4,13:30,2,na,,
2017-Jun,2017-06-04,Triquet,20,OP,1,R,15,na,4,10:00,8,na,,
2017-Jun,2017-06-04,Triquet,20,OP,1,R,0,na,4,10:00,8,na,,
2017-Jun,2017-06-04,Triquet,20,TP,1,R,7.5,na,4,13:30,2,na,,plant recorded as tangled but estimates of length given
2017-Jun,2017-06-04,Triquet,20,TP,1,R,10,na,4,13:30,4,na,,
2017-Jun,2017-06-04,Triquet,20,TP,1,R,10,na,4,13:30,6,T,,
2017-Jun,2017-06-04,Triquet,20,TP,1,R,11,na,4,13:30,2,na,,
2017-Jun,2017-06-04,Triquet,20,TP,1,R,11,na,4,13:30,1,na,,
2017-Jun,2017-06-04,Triquet,20,TP,1,R,11,na,4,13:30,2,na,,
2017-Jun,2017-06-04,Triquet,20,OP,1,R,18,na,4,13:35,15,na,,
2017-Jun,2017-06-04,Triquet,20,OP,1,R,8,na,4,11:20,2,T,used to be 707,
2017-Jun,2017-06-04,Triquet,20,OP,2,R,17,na,4,10:00,3,na,*Used to be 754,
2017-Jun,2017-06-04,Triquet,20,OP,2,R,1,na,4,10:00,3,na,,plant recorded as tangled but estimates of length given
2017-Jun,2017-06-04,Triquet,20,OP,2,R,1.5,na,4,13:00,3,T,,
2017-Jun,2017-06-04,Triquet,20,OP,2,R,1.7,na,4,13:00,2,na,,
2017-Jun,2017-06-04,Triquet,20,OP,2,R,2,na,4,13:15,1,na,,
2017-Jun,2017-06-04,Triquet,20,OP,2,R,2,na,4,13:15,2,na,,
2017-Jun,2017-06-04,Triquet,20,OP,2,R,3,na,4,13:05,3,na,,
2017-Jun,2017-06-04,Triquet,20,OP,2,R,3,na,4,13:15,1,na,,
2017-Jun,2017-06-04,Triquet,20,OP,2,R,9,na,4,13:10,6,na,,
2017-Jun,2017-06-04,Triquet,20,OP,2,R,9.5,na,4,13:20,1,na,,
2017-Jun,2017-06-04,Triquet,20,OP,2,R,10,na,4,13:20,1,na,,
2017-Jun,2017-06-04,Triquet,20,OP,2,R,16.8,na,4,13:25,3,na,,
2017-Jun,2017-06-04,Triquet,20,OP,2,R,17,na,4,13:25,1,na,,
2017-Jun,2017-06-04,Triquet,20,OP,2,R,18,na,4,13:25,7,na,,
2017-Jun,2017-06-04,Triquet,20,OP,2,R,19.5,na,4,13:30,7,na,,
2017-Jun,2017-06-04,Triquet,20,OP,3,R,10.5,na,4,10:00,8,na,,
2017-Jun,2017-06-04,Triquet,20,OP,3,R,13.5,na,4,10:00,3,na,used to be 104,
2017-Jun,2017-06-04,Triquet,20,OP,3,R,1,na,4,10:00,27,T,,
2017-Jun,2017-06-04,Triquet,20,OP,3,R,13,na,4,13:45,4,na,,
2017-Jun,2017-06-04,Triquet,20,OP,3,R,13.5,na,4,13:45,7,T,,
2017-Jun,2017-06-04,Triquet,20,OP,3,R,13.7,na,4,14:00,7,T,,
2017-Jun,2017-06-04,Triquet,20,OP,3,R,19,na,4,14:00,14,T,,
2017-Jun,2017-06-04,Triquet,20,TP,3,R,20,na,4,13:30,3,na,,
2017-Jun,2017-06-05,Westbeach,20,OP,1,L,12,na,2,10:10,17,na,,
2017-Jun,2017-06-05,Westbeach,20,OP,1,L,15,na,2,10:45,3,na,,
2017-Jun,2017-06-05,Westbeach,20,NAP,1,L,4,na,2,14:05,6,na,,
2017-Jun,2017-06-05,Westbeach,20,NAP,1,L,5,na,2,14:05,3,na,,
2017-Jun,2017-06-05,Westbeach,20,NAP,1,L,5,na,2,14:05,2,na,,
2017-Jun,2017-06-05,Westbeach,20,OP,1,L,9.4,na,2,14:20,3,na,,
2017-Jun,2017-06-05,Westbeach,20,OP,1,L,9.4,na,2,14:20,5,na,,
2017-Jun,2017-06-05,Westbeach,20,OP,1,L,9.4,na,2,14:20,1,na,,
2017-Jun,2017-06-05,Westbeach,20,OP,1,L,9.5,na,2,14:20,3,na,,
2017-Jun,2017-06-05,Westbeach,20,NAP,1,L,11,na,2,14:05,2,na,,
2017-Jun,2017-06-05,Westbeach,20,TP,1,L,14,na,2,13:30,5,na,,
2017-Jun,2017-06-05,Westbeach,20,TP,1,L,14,na,2,13:30,7,na,,
2017-Jun,2017-06-05,Westbeach,20,TP,1,L,14,na,2,13:30,3,na,,
2017-Jun,2017-06-05,Westbeach,20,TP,1,L,14,na,2,13:30,5,T,,
2017-Jun,2017-06-05,Westbeach,20,TP,1,L,14,na,2,13:30,4,na,,
2017-Jun,2017-06-05,Westbeach,20,TP,1,L,16,na,2,13:30,4,na,,
2017-Jun,2017-06-05,Westbeach,20,TP,3,R,18,na,2,13:30,1,na,Fronds_SFC entered as 1,
2017-Jun,2017-06-05,Westbeach,20,OP,2,L,6,na,2,10:45,5,na,,
2017-Jun,2017-06-05,Westbeach,20,OP,2,L,12,na,2,11:00,3,na,,
2017-Jun,2017-06-05,Westbeach,20,OP,2,L,1,na,2,10:45,10,na,,
2017-Jun,2017-06-05,Westbeach,20,NAP,2,L,1,na,2,14:05,2,na,,
2017-Jun,2017-06-05,Westbeach,20,NAP,2,L,2,na,2,14:05,3,na,,
2017-Jun,2017-06-05,Westbeach,20,NAP,2,L,2,na,2,14:05,3,na,,
2017-Jun,2017-06-05,Westbeach,20,NAP,2,L,7,na,2,13:57,3,na,,
2017-Jun,2017-06-05,Westbeach,20,NAP,2,L,7,na,2,13:57,3,T,,
2017-Jun,2017-06-05,Westbeach,20,NAP,2,L,7,na,2,14:05,3,na,,
2017-Jun,2017-06-05,Westbeach,20,NAP,2,L,13,na,2,13:25,5,na,,
2017-Jun,2017-06-05,Westbeach,20,NAP,2,L,13,na,2,13:25,5,na,,
2017-Jun,2017-06-05,Westbeach,20,NAP,2,L,13,na,2,13:25,3,na,,
2017-Jun,2017-06-05,Westbeach,20,NAP,2,L,13,na,2,13:25,6,na,,
2017-Jun,2017-06-05,Westbeach,20,NAP,2,L,13,na,2,13:25,6,T,,
2017-Jun,2017-06-05,Westbeach,20,NAP,2,L,13,na,2,13:25,8,na,,
2017-Jun,2017-06-05,Westbeach,20,NAP,2,L,13.5,na,2,13:25,2,na,,
2017-Jun,2017-06-05,Westbeach,20,NAP,2,L,13.5,na,2,13:25,8,na,,
2017-Jun,2017-06-05,Westbeach,20,NAP,2,L,13.5,na,2,13:25,4,na,,
2017-Jun,2017-06-05,Westbeach,20,NAP,2,L,14,na,2,13:25,2,na,,
2017-Jun,2017-06-05,Westbeach,20,NAP,2,L,14,na,2,13:25,4,na,,
2017-Jun,2017-06-05,Westbeach,20,NAP,2,L,14,na,2,13:25,2,na,,
2017-Jun,2017-06-05,Westbeach,20,NAP,2,L,14,na,2,13:25,4,na,,
2017-Jun,2017-06-05,Westbeach,20,TP,3,L,2.5,na,2,13:30,4,na,,
2017-Jun,2017-06-05,Westbeach,20,TP,3,L,2.5,na,2,13:30,4,na,,
2017-Jun,2017-06-05,Westbeach,20,TP,3,L,2.5,na,2,13:30,3,na,,
2017-Jun,2017-06-05,Westbeach,20,TP,3,L,3,na,2,10:30,7,na,,
2017-Jun,2017-06-05,Westbeach,20,TP,3,L,3,na,2,10:30,3,na,,
2017-Jun,2017-06-05,Westbeach,20,TP,3,L,3,na,2,10:30,1,na,,
2017-Jun,2017-06-05,Westbeach,20,TP,3,L,3.5,na,2,10:30,4,na,,
2017-Jun,2017-06-05,Westbeach,20,TP,3,L,3.5,na,2,10:30,2,na,,
2017-Jun,2017-06-05,Westbeach,20,TP,3,L,3.5,na,2,10:30,1,na,,
2017-Jun,2017-06-05,Westbeach,20,TP,3,L,3.5,na,2,10:30,4,na,,
2017-Jun,2017-06-05,Westbeach,20,TP,3,L,3.5,na,2,10:30,5,T,,
2017-Jun,2017-06-05,Westbeach,20,TP,3,L,4,na,2,10:30,7,T,,
2017-Jun,2017-06-05,Westbeach,20,TP,3,L,4,na,2,10:30,3,na,,
2017-Jun,2017-06-05,Westbeach,20,TP,3,L,4,na,2,10:30,2,na,,
2017-Jun,2017-06-05,Westbeach,20,TP,3,L,4,na,2,10:30,8,T,,
2017-Jun,2017-06-05,Westbeach,20,TP,3,L,5,na,2,10:30,4,na,,
2017-Jun,2017-06-05,Westbeach,20,TP,3,L,5,na,2,10:30,2,na,,
2017-Jun,2017-06-05,Westbeach,20,TP,3,L,5,na,2,10:30,2,na,,
2017-Jun,2017-06-05,Westbeach,20,TP,3,L,5,na,2,10:30,2,na,,
2017-Jun,2017-06-05,Westbeach,20,TP,3,L,5,na,2,10:30,3,na,,
2017-Jun,2017-06-05,Westbeach,20,TP,3,L,5,na,2,10:30,2,na,,
2017-Jun,2017-06-05,Westbeach,20,TP,3,L,8,na,2,10:30,1,na,,
2017-Jun,2017-06-05,Westbeach,20,TP,3,L,10,na,2,10:30,4,na,,
2017-Jun,2017-06-05,Westbeach,20,TP,3,L,10,na,2,10:30,4,na,,
2017-Jun,2017-06-05,Westbeach,20,TP,3,L,11,na,2,10:30,2,na,,
2017-Jun,2017-06-05,Westbeach,20,TP,3,L,11,na,2,10:30,4,na,,
2017-Jun,2017-06-05,Westbeach,20,TP,3,L,12,na,2,10:30,1,na,,
2017-Jun,2017-06-05,Westbeach,20,TP,3,L,12,na,2,10:30,1,na,,
2017-Jun,2017-06-05,Westbeach,20,TP,3,L,12,na,2,10:30,1,na,,
2017-Jun,2017-06-05,Westbeach,20,TP,3,L,12,na,2,10:30,4,na,,
2017-Jun,2017-06-05,Westbeach,20,TP,3,L,12,na,2,10:30,4,na,,
2017-Jun,2017-06-05,Westbeach,20,TP,3,L,12.5,na,2,10:30,5,na,,
2017-Jun,2017-06-05,Westbeach,20,TP,3,L,12.5,na,2,10:30,1,na,,
2017-Jun,2017-06-05,Westbeach,20,TP,3,L,14,na,2,10:30,4,na,,
2017-Jun,2017-06-05,Westbeach,20,TP,3,L,15,na,2,10:30,2,na,,
2017-Jun,2017-06-05,Westbeach,20,TP,3,L,15,na,2,10:30,2,na,,
2017-Jun,2017-06-05,Westbeach,20,TP,3,L,15,na,2,10:30,2,na,,
2017-Jun,2017-06-05,Westbeach,20,TP,3,L,18,na,2,10:30,5,na,,
2017-Jun,2017-06-05,Westbeach,20,TP,3,L,18,na,2,10:30,1,na,,
2017-Jun,2017-06-05,Westbeach,20,TP,3,L,18,na,2,10:30,4,T,,
2017-Jun,2017-06-05,Westbeach,20,TP,3,L,18,na,2,10:30,4,na,,
2017-Jun,2017-06-05,Westbeach,20,TP,3,L,18,na,2,10:30,5,T,,
2017-Jun,2017-06-05,Westbeach,20,TP,3,L,18,na,2,10:30,3,T,,
2017-Jun,2017-06-05,Westbeach,20,TP,3,L,18,na,2,10:30,2,na,,
2017-Jun,2017-06-05,Westbeach,20,TP,3,L,18,na,2,10:30,4,na,,
2017-Jun,2017-06-05,Westbeach,20,OP,1,R,13,na,2,10:30,28,na,,
2017-Jun,2017-06-05,Westbeach,20,OP,1,R,1.5,na,2,10:10,2,na,*Used to be 1758,
2017-Jun,2017-06-05,Westbeach,20,OP,1,R,0,na,2,13:30,5,na,,
2017-Jun,2017-06-05,Westbeach,20,OP,1,R,0.1,na,2,13:30,1,na,,
2017-Jun,2017-06-05,Westbeach,20,OP,1,R,0.1,na,2,13:30,5,na,,
2017-Jun,2017-06-05,Westbeach,20,OP,1,R,0.1,na,2,13:30,7,na,,
2017-Jun,2017-06-05,Westbeach,20,OP,1,R,0.1,na,2,13:30,3,na,,
2017-Jun,2017-06-05,Westbeach,20,OP,1,R,2,na,2,13:30,7,na,,
2017-Jun,2017-06-05,Westbeach,20,OP,1,R,2.1,na,2,13:30,8,P,,
2017-Jun,2017-06-05,Westbeach,20,OP,1,R,3,na,2,13:30,4,P,,
2017-Jun,2017-06-05,Westbeach,20,OP,1,R,3.5,na,2,13:30,5,na,,
2017-Jun,2017-06-05,Westbeach,20,OP,1,R,3.6,na,2,13:30,8,P,,
2017-Jun,2017-06-05,Westbeach,20,OP,1,R,4,na,2,13:30,7,na,,
2017-Jun,2017-06-05,Westbeach,20,OP,1,R,4.1,na,2,13:50,6,na,,
2017-Jun,2017-06-05,Westbeach,20,OP,1,R,4.2,na,2,13:50,3,na,,
2017-Jun,2017-06-05,Westbeach,20,OP,1,R,4.5,na,2,13:50,1,na,,
2017-Jun,2017-06-05,Westbeach,20,OP,1,R,5.3,na,2,13:50,6,na,,
2017-Jun,2017-06-05,Westbeach,20,OP,1,R,5.3,na,2,13:50,7,na,,
2017-Jun,2017-06-05,Westbeach,20,OP,1,R,5.3,na,2,13:50,3,na,,
2017-Jun,2017-06-05,Westbeach,20,OP,1,R,5.4,na,2,13:50,2,na,,
2017-Jun,2017-06-05,Westbeach,20,OP,1,R,5.4,na,2,13:50,5,P,,
2017-Jun,2017-06-05,Westbeach,20,OP,1,R,11,na,2,14:00,6,P,,
2017-Jun,2017-06-05,Westbeach,20,OP,1,R,12.5,na,2,14:00,8,na,,
2017-Jun,2017-06-05,Westbeach,20,OP,1,R,13,na,2,14:00,6,na,,
2017-Jun,2017-06-05,Westbeach,20,OP,1,R,14,na,2,14:00,4,na,,
2017-Jun,2017-06-05,Westbeach,20,OP,1,R,14.5,na,2,14:20,3,P,,
2017-Jun,2017-06-05,Westbeach,20,OP,1,R,14.5,na,2,14:20,9,T,,
2017-Jun,2017-06-05,Westbeach,20,OP,1,R,14.5,na,2,14:20,6,na,,
2017-Jun,2017-06-05,Westbeach,20,OP,1,R,16,na,2,14:20,9,na,,
2017-Jun,2017-06-05,Westbeach,20,OP,2,R,8,na,2,11:00,12,na,,
2017-Jun,2017-06-05,Westbeach,20,NAP,2,R,0.5,na,2,10:08,4,na,,
2017-Jun,2017-06-05,Westbeach,20,NAP,2,R,1,na,2,10:10,3,na,,
2017-Jun,2017-06-05,Westbeach,20,NAP,2,R,7,na,2,10:13,1,na,,
2017-Jun,2017-06-05,Westbeach,20,NAP,2,R,7,na,2,10:13,2,na,,
2017-Jun,2017-06-05,Westbeach,20,NAP,2,R,7.5,na,2,10:18,5,na,,
2017-Jun,2017-06-05,Westbeach,20,NAP,2,R,8,na,2,10:20,4,na,,
2017-Jun,2017-06-05,Westbeach,20,NAP,2,R,8.1,na,2,10:21,2,na,,
2017-Jun,2017-06-05,Westbeach,20,NAP,2,R,8.1,na,2,10:20,19,na,,
2017-Jun,2017-06-05,Westbeach,20,NAP,2,R,8.1,na,2,10:26,2,na,,
2017-Jun,2017-06-05,Westbeach,20,NAP,2,R,8.1,na,2,10:27,3,T,,
2017-Jun,2017-06-05,Westbeach,20,NAP,2,R,8.1,na,2,10:27,3,na,,
2017-Jun,2017-06-05,Westbeach,20,NAP,2,R,8.1,na,2,10:37,3,na,,
2017-Jun,2017-06-05,Westbeach,20,NAP,2,R,8.1,na,2,10:41,4,na,,
2017-Jun,2017-06-05,Westbeach,20,NAP,2,R,8.2,na,2,10:33,1,na,,
2017-Jun,2017-06-05,Westbeach,20,NAP,2,R,8.2,na,2,10:33,4,na,,
2017-Jun,2017-06-05,Westbeach,20,NAP,2,R,8.2,na,2,10:37,2,na,,
2017-Jun,2017-06-05,Westbeach,20,NAP,2,R,8.2,na,2,10:42,3,na,,
2017-Jun,2017-06-05,Westbeach,20,NAP,2,R,9.5,na,2,11:00,4,na,,
2017-Jun,2017-06-05,Westbeach,20,NAP,2,R,9.6,na,2,11:02,2,na,,
2017-Jun,2017-06-05,Westbeach,20,NAP,2,R,9.6,na,2,11:03,3,na,,
2017-Jun,2017-06-05,Westbeach,20,NAP,2,R,9.6,na,2,11:05,2,na,,
2017-Jun,2017-06-05,Westbeach,20,NAP,2,R,9.8,na,2,10:47,8,T,,
2017-Jun,2017-06-05,Westbeach,20,NAP,2,R,9.8,na,2,10:53,3,na,,
2017-Jun,2017-06-05,Westbeach,20,NAP,2,R,9.8,na,2,10:55,4,T,,
2017-Jun,2017-06-05,Westbeach,20,NAP,2,R,10,na,2,11:07,3,na,,
2017-Jun,2017-06-05,Westbeach,20,NAP,2,R,10,na,2,11:09,4,na,,
2017-Jun,2017-06-05,Westbeach,20,NAP,2,R,10,na,2,11:11,4,T,,
2017-Jun,2017-06-05,Westbeach,20,NAP,2,R,10.5,na,2,11:16,4,T,,
2017-Jun,2017-06-05,Westbeach,20,NAP,2,R,10.5,na,2,11:18,2,na,,
2017-Jun,2017-06-05,Westbeach,20,NAP,2,R,11,na,2,11:20,3,na,,
2017-Jun,2017-06-05,Westbeach,20,NAP,2,R,11.1,na,2,11:21,2,na,,
2017-Jun,2017-06-05,Westbeach,20,NAP,2,R,12,na,2,13:11,3,T,,
2017-Jun,2017-06-05,Westbeach,20,NAP,2,R,12,na,2,13:11,4,T,,
2017-Jun,2017-06-05,Westbeach,20,NAP,2,R,14,na,2,13:11,1,na,,
2017-Jun,2017-06-05,Westbeach,20,OP,3,R,7.5,na,2,13:20,4,na,,
2017-Jun,2017-06-05,Westbeach,20,OP,3,R,13,na,2,13:10,4,na,,
2017-Jun,2017-06-05,Westbeach,20,OP,3,R,4.25,na,2,11:10,9,na,,
2017-Jun,2017-06-05,Westbeach,20,TP,3,R,3,na,2,13:30,6,na,,
2017-Jun,2017-06-05,Westbeach,20,TP,3,R,5,na,2,13:30,1,na,,
2017-Jun,2017-06-05,Westbeach,20,TP,3,R,7.5,na,2,13:30,2,na,,
2017-Jun,2017-06-05,Westbeach,20,TP,3,R,7.5,na,2,13:30,4,na,,
2017-Jun,2017-06-05,Westbeach,20,TP,3,R,8,na,2,13:30,7,T,,
2017-Jun,2017-06-05,Westbeach,20,TP,3,R,8,na,2,13:30,2,na,,
2017-Jun,2017-06-05,Westbeach,20,TP,3,R,10,na,2,13:30,2,na,,
2017-Jun,2017-06-05,Westbeach,20,TP,3,R,10,na,2,13:30,3,na,,
2017-Jun,2017-06-05,Westbeach,20,TP,3,R,10,na,2,13:30,4,na,,
2017-Jun,2017-06-05,Westbeach,20,TP,3,R,13,na,2,13:30,4,na,,
2017-Jun,2017-06-05,Westbeach,20,TP,3,R,13,na,2,13:30,6,na,,
2017-Jun,2017-06-06,Womanley,20,OP,1,L,7.5,na,5,10:20,5,na,was 124,
2017-Jun,2017-06-06,Womanley,20,BMM,1,L,0,na,5,9:40,5,P,,
2017-Jun,2017-06-06,Womanley,20,BMM,1,L,0.5,na,5,9:40,4,na,,
2017-Jun,2017-06-06,Womanley,20,BMM,1,L,2.5,na,5,9:40,4,na,,
2017-Jun,2017-06-06,Womanley,20,BMM,1,L,7.5,na,5,9:53,6,T,,
2017-Jun,2017-06-06,Womanley,20,BMM,1,L,7.5,na,5,9:53,5,T,,
2017-Jun,2017-06-06,Womanley,20,BMM,1,L,7.5,na,5,9:53,3,T,,
2017-Jun,2017-06-06,Womanley,20,BMM,1,L,7.5,na,5,9:53,5,T,,
2017-Jun,2017-06-06,Womanley,20,BMM,1,L,7.5,na,5,9:53,7,T,,
2017-Jun,2017-06-06,Womanley,20,OP,2,L,16.5,na,5,10:25,3,na,,
2017-Jun,2017-06-06,Womanley,20,OP,2,L,10.7,na,5,10:30,4,na,,
2017-Jun,2017-06-06,Womanley,20,BMM,2,L,5,na,5,11:44,9,T,,
2017-Jun,2017-06-06,Womanley,20,BMM,2,L,10,na,5,11:44,1,na,,
2017-Jun,2017-06-06,Womanley,20,BMM,2,L,11,na,5,11:44,1,na,,
2017-Jun,2017-06-06,Womanley,20,BMM,2,L,11,na,5,11:44,2,na,,
2017-Jun,2017-06-06,Womanley,20,BMM,2,L,14,na,5,11:44,4,na,,
2017-Jun,2017-06-06,Womanley,20,BMM,2,L,15,na,5,11:44,1,na,,
2017-Jun,2017-06-06,Womanley,20,BMM,2,L,16.5,na,5,11:44,1,na,,
2017-Jun,2017-06-06,Womanley,20,OP,3,L,2,na,5,11:55,5,na,,
2017-Jun,2017-06-06,Womanley,20,OP,3,L,13,na,5,12:10,3,na,,
2017-Jun,2017-06-06,Womanley,20,BMM,3,L,2.5,na,5,11:44,2,na,,
2017-Jun,2017-06-06,Womanley,20,BMM,3,L,9,na,5,11:44,4,P,,
2017-Jun,2017-06-06,Womanley,20,BMM,3,L,12,na,5,11:44,8,T,,
2017-Jun,2017-06-06,Womanley,20,BMM,3,L,12,na,5,11:44,1,na,,
2017-Jun,2017-06-06,Womanley,20,BMM,3,L,12,na,5,11:44,4,T,,
2017-Jun,2017-06-06,Womanley,20,BMM,3,L,12,na,5,11:44,6,P,,
2017-Jun,2017-06-06,Womanley,20,BMM,3,L,12,na,5,11:44,4,T,,
2017-Jun,2017-06-06,Womanley,20,BMM,3,L,12.5,na,5,11:44,4,P,,
2017-Jun,2017-06-06,Womanley,20,BMM,3,L,13,na,5,11:44,1,P,,
2017-Jun,2017-06-06,Womanley,20,BMM,3,L,13.5,na,5,11:44,1,na,,
2017-Jun,2017-06-06,Womanley,20,OP,1,R,20,na,5,10:00,8,na,could have been 104 or 105 at some point,
2017-Jun,2017-06-06,Womanley,20,OP,1,R,13.7,na,5,10:10,11,na,,
2017-Jun,2017-06-06,Womanley,20,OP,1,R,5.2,na,5,9:45,3,na,,
2017-Jun,2017-06-06,Womanley,20,BMM,1,R,0.5,na,5,9:40,9,T,,
2017-Jun,2017-06-06,Womanley,20,BMM,1,R,3.5,na,5,9:40,5,na,,
2017-Jun,2017-06-06,Womanley,20,BMM,1,R,3.5,na,5,9:40,5,T,,
2017-Jun,2017-06-06,Womanley,20,BMM,1,R,3.5,na,5,9:40,5,na,,
2017-Jun,2017-06-06,Womanley,20,BMM,1,R,3.5,na,5,9:40,5,T,,
2017-Jun,2017-06-06,Womanley,20,BMM,1,R,5,na,5,9:53,3,P,,
2017-Jun,2017-06-06,Womanley,20,BMM,1,R,9,na,5,9:53,7,T,,
2017-Jun,2017-06-06,Womanley,20,BMM,1,R,15,na,5,9:53,4,na,,
2017-Jun,2017-06-06,Womanley,20,BMM,1,R,15,na,5,9:53,3,na,,
2017-Jun,2017-06-06,Womanley,20,BMM,1,R,15,na,5,9:53,17,T,,
2017-Jun,2017-06-06,Womanley,20,BMM,1,R,15,na,5,9:53,4,na,,
2017-Jun,2017-06-06,Womanley,20,BMM,1,R,15,na,5,9:53,1,C,,
2017-Jun,2017-06-06,Womanley,20,BMM,1,R,15,na,5,9:53,3,na,,
2017-Jun,2017-06-06,Womanley,20,BMM,1,R,15,na,5,9:53,2,C,,
2017-Jun,2017-06-06,Womanley,20,BMM,1,R,15,na,5,9:53,2,na,,
2017-Jun,2017-06-06,Womanley,20,BMM,1,R,15,na,5,9:53,2,na,,
2017-Jun,2017-06-06,Womanley,20,BMM,1,R,15,na,5,9:53,2,na,,
2017-Jun,2017-06-06,Womanley,20,BMM,1,R,15,na,5,9:53,4,T,,
2017-Jun,2017-06-06,Womanley,20,BMM,1,R,15,na,5,9:53,4,na,,
2017-Jun,2017-06-06,Womanley,20,BMM,1,R,15,na,5,9:53,1,na,,
2017-Jun,2017-06-06,Womanley,20,BMM,1,R,15,na,5,9:53,1,C,,
2017-Jun,2017-06-06,Womanley,20,BMM,1,R,15,na,5,9:53,1,T,,
2017-Jun,2017-06-06,Womanley,20,BMM,1,R,15,na,5,9:53,2,T,,
2017-Jun,2017-06-06,Womanley,20,BMM,1,R,15,na,5,9:53,1,na,,
2017-Jun,2017-06-06,Womanley,20,BMM,1,R,15,na,5,9:53,2,na,,
2017-Jun,2017-06-06,Womanley,20,BMM,1,R,15,na,5,9:53,13,T,,
2017-Jun,2017-06-06,Womanley,20,BMM,1,R,20,na,5,10:37,3,na,,
2017-Jun,2017-06-06,Womanley,20,BMM,1,R,20,na,5,10:37,2,na,,
2017-Jun,2017-06-06,Womanley,20,BMM,1,R,20,na,5,10:37,5,na,,
2017-Jun,2017-06-06,Womanley,20,OP,2,R,8,na,5,11:45,4,na,,
2017-Jun,2017-06-06,Womanley,20,OP,2,R,10.6,na,5,11:40,8,na,,
2017-Jun,2017-06-06,Womanley,20,BMM,2,R,4.5,na,5,11:44,1,na,,
2017-Jun,2017-06-06,Womanley,20,BMM,2,R,8,na,5,11:44,1,na,,
2017-Jun,2017-06-06,Womanley,20,BMM,2,R,16.5,na,5,11:44,1,na,,
2017-Jun,2017-06-06,Womanley,20,BMM,2,R,20,na,5,11:44,13,T,,
2017-Jun,2017-06-06,Womanley,20,BMM,2,R,20,na,5,11:44,1,na,,
2017-Jun,2017-06-06,Womanley,20,OP,3,R,10.5,na,5,12:00,8,na,,
2017-Jun,2017-06-06,Womanley,20,BMM,3,R,10,na,5,11:44,4,na,,plant recorded as tangled but estimates of length given
2017-Jun,2017-06-06,Womanley,20,BMM,3,R,10,na,5,11:44,6,T,,
2017-Jun,2017-06-06,Womanley,20,BMM,3,R,10,na,5,11:44,3,na,,
2017-Jun,2017-06-06,Womanley,20,BMM,3,R,18,na,5,11:44,1,T,,
2017-Jun,2017-06-06,Womanley,20,BMM,3,R,18,na,5,11:44,1,C,,
2017-Jun,2017-06-06,Womanley,20,BMM,3,R,18,na,5,11:44,7,T,,
2017-Jun,2017-06-06,Womanley,20,BMM,3,R,18,na,5,11:44,6,T,,
2017-Jun,2017-06-06,Womanley,20,BMM,3,R,18,na,5,11:44,4,T,,
2017-Jun,2017-06-06,Womanley,20,BMM,3,R,18,na,5,11:44,3,T,,
2017-Jun,2017-06-06,Womanley,20,BMM,3,R,18,na,5,11:44,3,T,,
2017-Jul,2017-07-14,Triquet,20,OP,1,L,14.2,na,4,13:35,5,na,,
2017-Jul,2017-07-14,Triquet,20,OP,1,L,3.25,na,4,13:30,3,na,,
2017-Jul,2017-07-14,Triquet,20,NAP,1,L,0,na,4,11:35,2,na,,
2017-Jul,2017-07-14,Triquet,20,NAP,1,L,2,na,4,11:27,7,T,,
2017-Jul,2017-07-14,Triquet,20,NAP,1,L,3,na,4,11:29,3,na,,
2017-Jul,2017-07-14,Triquet,20,NAP,1,L,3,na,4,11:29,2,na,,
2017-Jul,2017-07-14,Triquet,20,NAP,1,L,14,na,4,13:18,3,na,,
2017-Jul,2017-07-14,Triquet,20,NAP,1,L,14,na,4,13:18,4,na,,
2017-Jul,2017-07-14,Triquet,20,NAP,2,L,17,na,4,11:10,6,na,,
2017-Jul,2017-07-14,Triquet,20,NAP,1,L,18,na,4,13:31,7,na,,
2017-Jul,2017-07-14,Triquet,20,NAP,1,L,18,na,4,13:31,6,na,,
2017-Jul,2017-07-14,Triquet,20,OP,2,L,10,na,4,13:15,9,na,used to be 1783,
2017-Jul,2017-07-14,Triquet,20,OP,2,L,20,na,4,11:30,6,na,,
2017-Jul,2017-07-14,Triquet,20,NAP,2,L,1.5,na,4,10:46,3,na,,
2017-Jul,2017-07-14,Triquet,20,NAP,2,L,10,na,4,11:03,4,T,,
2017-Jul,2017-07-14,Triquet,20,OP,3,L,12,na,4,10:55,5,na,,
2017-Jul,2017-07-14,Triquet,20,NAP,3,L,1,na,4,13:45,6,T,,
2017-Jul,2017-07-14,Triquet,20,NAP,3,L,1,na,4,13:45,8,T,,
2017-Jul,2017-07-14,Triquet,20,NAP,3,L,20,na,4,13:59,7,T,,
2017-Jul,2017-07-14,Triquet,20,NAP,3,L,20,na,4,13:59,6,na,,
2017-Jul,2017-07-14,Triquet,20,OP,1,R,15,na,4,13:40,10,na,,
2017-Jul,2017-07-14,Triquet,20,OP,1,R,0,na,4,13:20,12,na,,
2017-Jul,2017-07-14,Triquet,20,OP,1,R,8,na,4,13:35,3,na,used to be 707,
2017-Jul,2017-07-14,Triquet,20,NAP,1,R,10,na,4,11:34,6,T,,
2017-Jul,2017-07-14,Triquet,20,NAP,1,R,10,na,4,11:34,4,na,,
2017-Jul,2017-07-14,Triquet,20,NAP,1,R,12,na,4,11:38,2,na,,
2017-Jul,2017-07-14,Triquet,20,NAP,1,R,12,na,4,11:38,4,na,,
2017-Jul,2017-07-14,Triquet,20,NAP,1,R,15,na,4,13:21,4,T,,
2017-Jul,2017-07-14,Triquet,20,NAP,1,R,16,na,4,13:21,3,T,,
2017-Jul,2017-07-14,Triquet,20,NAP,1,R,16,na,4,13:21,3,T,,
2017-Jul,2017-07-14,Triquet,20,NAP,1,R,16,na,4,13:21,2,T,,
2017-Jul,2017-07-14,Triquet,20,NAP,1,R,16,na,4,13:21,4,na,,
2017-Jul,2017-07-14,Triquet,20,NAP,1,R,18,na,4,13:31,4,na,,plant recorded as tangled but estimates of length given
2017-Jul,2017-07-14,Triquet,20,NAP,1,R,18,na,4,13:31,5,T,,
2017-Jul,2017-07-14,Triquet,20,NAP,1,R,18,na,4,13:31,7,T,,
2017-Jul,2017-07-14,Triquet,20,NAP,1,R,19.5,na,4,13:40,7,na,,
2017-Jul,2017-07-14,Triquet,20,NAP,1,R,20,na,4,13:40,4,na,,
2017-Jul,2017-07-14,Triquet,20,NAP,1,R,20,na,4,13:40,6,T,,
2017-Jul,2017-07-14,Triquet,20,OP,2,R,17,na,4,11:30,5,na,*Used to be 754,
2017-Jul,2017-07-14,Triquet,20,OP,2,R,1,na,4,11:25,5,na,,
2017-Jul,2017-07-14,Triquet,20,NAP,2,R,1.5,na,4,10:46,1,na,,
2017-Jul,2017-07-14,Triquet,20,NAP,2,R,1.5,na,4,10:47,2,na,,
2017-Jul,2017-07-14,Triquet,20,NAP,2,R,1.5,na,4,10:47,1,na,,
2017-Jul,2017-07-14,Triquet,20,NAP,2,R,1.5,na,4,10:47,4,na,,
2017-Jul,2017-07-14,Triquet,20,NAP,2,R,1.5,na,4,10:47,1,na,,
2017-Jul,2017-07-14,Triquet,20,NAP,2,R,2,na,4,10:52,2,na,,
2017-Jul,2017-07-14,Triquet,20,NAP,2,R,2,na,4,10:52,3,na,,
2017-Jul,2017-07-14,Triquet,20,NAP,2,R,3,na,4,10:58,4,na,,
2017-Jul,2017-07-14,Triquet,20,NAP,2,R,3,na,4,10:58,1,na,,
2017-Jul,2017-07-14,Triquet,20,NAP,2,R,9,na,4,11:03,7,na,,
2017-Jul,2017-07-14,Triquet,20,NAP,2,R,9,na,4,11:03,3,na,,
2017-Jul,2017-07-14,Triquet,20,NAP,2,R,9.5,na,4,11:03,4,na,,
2017-Jul,2017-07-14,Triquet,20,NAP,2,R,17,na,4,11:10,1,na,,
2017-Jul,2017-07-14,Triquet,20,NAP,2,R,17,na,4,11:10,1,na,broke it,
2017-Jul,2017-07-14,Triquet,20,OP,3,R,10.5,na,4,11:10,10,na,,
2017-Jul,2017-07-14,Triquet,20,OP,3,R,13.5,na,4,11:00,6,na,used to be 104,
2017-Jul,2017-07-14,Triquet,20,OP,3,R,1,na,4,10:50,31,T,,
2017-Jul,2017-07-14,Triquet,20,NAP,3,R,11,na,4,13:45,4,T,,
2017-Jul,2017-07-14,Triquet,20,NAP,3,R,13,na,4,13:52,4,T,,
2017-Jul,2017-07-14,Triquet,20,NAP,3,R,13,na,4,13:52,6,na,,
2017-Jul,2017-07-14,Triquet,20,NAP,3,R,13,na,4,13:52,4,T,,
2017-Jul,2017-07-14,Triquet,20,NAP,3,R,13,na,4,13:52,5,na,,
2017-Jul,2017-07-14,Triquet,20,NAP,3,R,18,na,4,13:56,2,na,,
2017-Jul,2017-07-20,Westbeach,20,OP,1,L,12,na,2,10:05,20,na,,
2017-Jul,2017-07-20,Westbeach,20,OP,1,L,15,na,2,10:40,4,na,,
2017-Jul,2017-07-20,Westbeach,20,KH,1,L,4,na,2,10:14,5,na,,
2017-Jul,2017-07-20,Westbeach,20,KH,1,L,5,na,2,10:15,4,na,,
2017-Jul,2017-07-20,Westbeach,20,KH,1,L,9.5,na,2,10:16,5,na,,
2017-Jul,2017-07-20,Westbeach,20,KH,1,L,9.6,na,2,10:17,8,na,,
2017-Jul,2017-07-20,Westbeach,20,KH,1,L,9.7,na,2,10:20,1,na,,
2017-Jul,2017-07-20,Westbeach,20,KH,1,L,11,na,2,10:21,2,na,,
2017-Jul,2017-07-20,Westbeach,20,KH,1,L,12,na,2,10:22,18,T,,
2017-Jul,2017-07-20,Westbeach,20,KH,1,L,12.1,na,2,10:28,6,na,,
2017-Jul,2017-07-20,Westbeach,20,KH,1,L,15.5,na,2,10:30,4,na,,
2017-Jul,2017-07-20,Westbeach,20,KH,1,L,15.6,na,2,10:32,13,P,,
2017-Jul,2017-07-20,Westbeach,20,OP,2,L,6,na,2,11:10,9,na,,
2017-Jul,2017-07-20,Westbeach,20,OP,2,L,1,na,2,13:55,3,na,used to be 144,
2017-Jul,2017-07-20,Westbeach,20,KH,2,L,0.8,na,2,10:38,5,na,,
2017-Jul,2017-07-20,Westbeach,20,KH,2,L,0.9,na,2,10:37,3,na,,
2017-Jul,2017-07-20,Westbeach,20,KH,2,L,5.8,na,2,10:40,4,na,,
2017-Jul,2017-07-20,Westbeach,20,KH,2,L,5.8,na,2,10:43,8,T,,
2017-Jul,2017-07-20,Westbeach,20,KH,2,L,6,na,2,10:46,2,na,,
2017-Jul,2017-07-20,Westbeach,20,KH,2,L,6.1,na,2,10:48,2,na,,
2017-Jul,2017-07-20,Westbeach,20,KH,2,L,11.4,na,2,10:49,9,T,,
2017-Jul,2017-07-20,Westbeach,20,KH,2,L,11.5,na,2,10:51,8,na,,
2017-Jul,2017-07-20,Westbeach,20,KH,2,L,11.51,na,2,10:53,22,na,,
2017-Jul,2017-07-20,Westbeach,20,KH,2,L,11.7,na,2,10:55,2,na,,
2017-Jul,2017-07-20,Westbeach,20,KH,3,L,2.2,na,2,13:31,4,na,,
2017-Jul,2017-07-20,Westbeach,20,KH,3,L,2.5,na,2,13:32,5,na,,
2017-Jul,2017-07-20,Westbeach,20,KH,3,L,2.6,na,2,13:34,4,na,,
2017-Jul,2017-07-20,Westbeach,20,KH,3,L,2.8,na,2,13:36,9,na,,
2017-Jul,2017-07-20,Westbeach,20,KH,3,L,3,na,2,13:38,4,na,,
2017-Jul,2017-07-20,Westbeach,20,KH,3,L,3.1,na,2,13:41,20,na,,
2017-Jul,2017-07-20,Westbeach,20,KH,3,L,3.2,na,2,13:43,12,P,,
2017-Jul,2017-07-20,Westbeach,20,KH,3,L,3.7,na,2,13:47,11,T,,
2017-Jul,2017-07-20,Westbeach,20,KH,3,L,3.75,na,2,13:49,3,na,,
2017-Jul,2017-07-20,Westbeach,20,KH,3,L,3.8,na,2,13:51,9,na,,
2017-Jul,2017-07-20,Westbeach,20,KH,3,L,3.9,na,2,13:53,8,na,,
2017-Jul,2017-07-20,Westbeach,20,KH,3,L,4,na,2,13:56,3,na,,
2017-Jul,2017-07-20,Westbeach,20,KH,3,L,4.1,na,2,13:55,10,na,,
2017-Jul,2017-07-20,Westbeach,20,KH,3,L,4.2,na,2,13:57,3,na,,
2017-Jul,2017-07-20,Westbeach,20,KH,3,L,4.4,na,2,14:00,6,na,,
2017-Jul,2017-07-20,Westbeach,20,KH,3,L,5.1,na,2,14:02,6,na,,
2017-Jul,2017-07-20,Westbeach,20,KH,3,L,7.5,na,2,14:03,1,na,,
2017-Jul,2017-07-20,Westbeach,20,KH,3,L,7.6,na,2,14:04,16,na,,
2017-Jul,2017-07-20,Westbeach,20,KH,3,L,9.9,na,2,14:09,5,na,,
2017-Jul,2017-07-20,Westbeach,20,KH,3,L,10,na,2,14:07,5,na,,
2017-Jul,2017-07-20,Westbeach,20,KH,3,L,11,na,2,14:12,6,na,,
2017-Jul,2017-07-20,Westbeach,20,KH,3,L,11.4,na,2,14:14,4,na,,
2017-Jul,2017-07-20,Westbeach,20,KH,3,L,11.8,na,2,14:15,5,na,,
2017-Jul,2017-07-20,Westbeach,20,KH,3,L,11.9,na,2,14:17,7,na,,
2017-Jul,2017-07-20,Westbeach,20,KH,3,L,12,na,2,14:20,3,na,,
2017-Jul,2017-07-20,Westbeach,20,KH,3,L,12.1,na,2,14:22,3,na,,
2017-Jul,2017-07-20,Westbeach,20,KH,3,L,12.5,na,2,14:22,7,na,,
2017-Jul,2017-07-20,Westbeach,20,KH,3,L,12.7,na,2,14:25,16,P,,
2017-Jul,2017-07-20,Westbeach,20,KH,3,L,14.8,na,2,14:27,14,na,,
2017-Jul,2017-07-20,Westbeach,20,KH,3,L,15,na,2,14:31,5,na,,
2017-Jul,2017-07-20,Westbeach,20,KH,3,L,15.1,na,2,14:32,13,P,,
2017-Jul,2017-07-20,Westbeach,20,KH,3,L,17.4,na,2,14:34,6,na,,
2017-Jul,2017-07-20,Westbeach,20,KH,3,L,17.5,na,2,14:36,42,na,,
2017-Jul,2017-07-20,Westbeach,20,OP,1,R,13,na,2,10:20,27,na,,
2017-Jul,2017-07-20,Westbeach,20,OP,1,R,1.5,na,2,9:57,2,na,*Used to be 1758,
2017-Jul,2017-07-20,Westbeach,20,DVM,1,R,0,na,2,10:05,4,na,,
2017-Jul,2017-07-20,Westbeach,20,DVM,1,R,0,na,2,10:05,4,na,,
2017-Jul,2017-07-20,Westbeach,20,DVM,1,R,0.5,na,2,10:05,8,na,,
2017-Jul,2017-07-20,Westbeach,20,DVM,1,R,2.5,na,2,10:05,6,na,,
2017-Jul,2017-07-20,Westbeach,20,DVM,1,R,2.5,na,2,10:05,9,na,,
2017-Jul,2017-07-20,Westbeach,20,DVM,1,R,3,na,2,10:05,5,na,,
2017-Jul,2017-07-20,Westbeach,20,DVM,1,R,3.75,na,2,10:05,5,na,,
2017-Jul,2017-07-20,Westbeach,20,DVM,1,R,3.8,na,2,10:05,9,na,,
2017-Jul,2017-07-20,Westbeach,20,DVM,1,R,4,na,2,10:05,10,na,,
2017-Jul,2017-07-20,Westbeach,20,DVM,1,R,4.25,na,2,10:05,3,na,,
2017-Jul,2017-07-20,Westbeach,20,DVM,1,R,4.5,na,2,10:05,2,P,,
2017-Jul,2017-07-20,Westbeach,20,DVM,1,R,5,na,2,10:05,5,na,,
2017-Jul,2017-07-20,Westbeach,20,DVM,1,R,5.25,na,2,10:05,8,na,,
2017-Jul,2017-07-20,Westbeach,20,DVM,1,R,5.5,na,2,10:05,5,na,,
2017-Jul,2017-07-20,Westbeach,20,DVM,1,R,5.5,na,2,10:05,5,na,,
2017-Jul,2017-07-20,Westbeach,20,DVM,1,R,5.75,na,2,10:05,10,na,,
2017-Jul,2017-07-20,Westbeach,20,DVM,1,R,11.5,na,2,10:46,13,P,,
2017-Jul,2017-07-20,Westbeach,20,DVM,1,R,12.5,na,2,10:46,13,na,,
2017-Jul,2017-07-20,Westbeach,20,DVM,1,R,12.5,na,2,10:46,7,na,,
2017-Jul,2017-07-20,Westbeach,20,DVM,1,R,12.5,na,2,10:46,5,na,,
2017-Jul,2017-07-20,Westbeach,20,DVM,1,R,13.25,na,2,10:46,6,na,,
2017-Jul,2017-07-20,Westbeach,20,DVM,1,R,14.9,na,2,11:02,19,na,,
2017-Jul,2017-07-20,Westbeach,20,DVM,1,R,15.9,na,2,11:07,8,na,,
2017-Jul,2017-07-20,Westbeach,20,OP,2,L,12,na,2,11:20,4,na,changed to R side,
2017-Jul,2017-07-20,Westbeach,20,OP,2,R,8,na,2,11:00,11,na,,
2017-Jul,2017-07-20,Westbeach,20,DVM,2,R,1.5,na,2,13:41,4,na,,
2017-Jul,2017-07-20,Westbeach,20,DVM,2,R,1.5,na,2,13:41,13,na,,
2017-Jul,2017-07-20,Westbeach,20,DVM,2,R,8.5,na,2,13:41,9,na,,
2017-Jul,2017-07-20,Westbeach,20,DVM,2,R,8.6,na,2,13:41,16,na,,
2017-Jul,2017-07-20,Westbeach,20,DVM,2,R,10.25,na,2,11:15,3,na,,
2017-Jul,2017-07-20,Westbeach,20,DVM,2,R,10.5,na,2,11:15,34,na,,
2017-Jul,2017-07-20,Westbeach,20,DVM,2,R,11.25,na,2,11:15,13,na,,
2017-Jul,2017-07-20,Westbeach,20,DVM,2,R,11.75,na,2,11:15,2,na,,
2017-Jul,2017-07-20,Westbeach,20,DVM,2,R,11.8,na,2,11:15,5,na,,
2017-Jul,2017-07-20,Westbeach,20,DVM,2,R,12,na,2,11:15,4,na,,
2017-Jul,2017-07-20,Westbeach,20,DVM,2,R,12.1,na,2,11:15,6,na,,
2017-Jul,2017-07-20,Westbeach,20,DVM,2,R,13,na,2,11:15,9,na,,
2017-Jul,2017-07-20,Westbeach,20,OP,3,R,7.5,na,2,10:50,4,na,,
2017-Jul,2017-07-20,Westbeach,20,OP,3,R,13,na,2,14:05,6,na,,
2017-Jul,2017-07-20,Westbeach,20,OP,3,R,4.25,na,2,11:30,12,na,,
2017-Jul,2017-07-20,Westbeach,20,OP,3,R,3,na,2,14:15,11,na,,
2017-Jul,2017-07-20,Westbeach,20,DVM,3,R,3,na,2,14:03,8,na,,
2017-Jul,2017-07-20,Westbeach,20,DVM,3,R,4.5,na,2,14:03,6,na,,
2017-Jul,2017-07-20,Westbeach,20,DVM,3,R,6.5,na,2,14:07,3,na,,
2017-Jul,2017-07-20,Westbeach,20,DVM,3,R,7,na,2,14:07,4,na,,
2017-Jul,2017-07-20,Westbeach,20,DVM,3,R,7.5,na,2,14:07,3,na,,
2017-Jul,2017-07-20,Westbeach,20,DVM,3,R,7.75,na,2,14:07,3,na,,
2017-Jul,2017-07-20,Westbeach,20,DVM,3,R,8,na,2,14:07,18,na,,
2017-Jul,2017-07-20,Westbeach,20,DVM,3,R,10,na,2,14:07,10,na,,
2017-Jul,2017-07-20,Westbeach,20,KH,3,R,11,na,2,14:45,14,P,,
2017-Jul,2017-07-20,Westbeach,20,DVM,3,R,12,na,2,14:07,6,na,,
2017-Jul,2017-07-20,Westbeach,20,DVM,3,R,12.5,na,2,14:07,3,na,,
2017-Jul,2017-07-20,Westbeach,20,DVM,3,R,12.75,na,2,14:07,8,na,,
2017-Jul,2017-07-20,Westbeach,20,DVM,3,R,13,na,2,14:07,4,na,no sproro count done,
2017-Jul,2017-07-20,Westbeach,20,DVM,3,R,14,na,2,14:07,4,na,,
2017-Jul,2017-07-20,Westbeach,20,KH,3,R,14.1,na,2,14:44,3,na,,
2017-Jul,2017-07-15,Womanley,20,BMM,1,L,7.5,na,5,11:15,5,T,was 124,
2017-Jul,2017-07-15,Womanley,20,BMM,1,L,2.5,na,5,13:10,8,na,,
2017-Jul,2017-07-15,Womanley,20,BMM,1,L,12,na,5,10:15,13,T,,
2017-Jul,2017-07-15,Womanley,20,BMM,1,L,12,na,5,10:15,4,T,,
2017-Jul,2017-07-15,Womanley,20,BMM,1,L,12,na,5,10:15,2,T,,
2017-Jul,2017-07-15,Womanley,20,BMM,1,L,12,na,5,10:15,6,na,,
2017-Jul,2017-07-15,Womanley,20,BMM,1,L,12,na,5,10:15,5,na,,
2017-Jul,2017-07-15,Womanley,20,BMM,1,L,12,na,5,10:15,5,na,,
2017-Jul,2017-07-15,Womanley,20,BMM,2,L,16.5,na,5,10:50,5,na,,
2017-Jul,2017-07-15,Womanley,20,BMM,2,L,10.7,na,5,10:50,4,na,,
2017-Jul,2017-07-15,Womanley,20,BMM,2,L,8,na,5,10:15,2,na,,
2017-Jul,2017-07-15,Womanley,20,BMM,2,L,8,na,5,10:15,2,na,,
2017-Jul,2017-07-15,Womanley,20,BMM,2,L,12,na,5,10:15,4,na,,
2017-Jul,2017-07-15,Womanley,20,BMM,2,L,15,na,5,10:15,1,na,,
2017-Jul,2017-07-15,Womanley,20,BMM,2,L,15,na,5,10:15,4,na,,
2017-Jul,2017-07-15,Womanley,20,BMM,2,L,16,na,5,10:15,1,na,,
2017-Jul,2017-07-15,Womanley,20,BMM,3,L,13,na,5,10:44,5,na,,
2017-Jul,2017-07-15,Womanley,20,NAP,3,L,0,na,5,10:24,7,T,,
2017-Jul,2017-07-15,Womanley,20,NAP,3,L,0,na,5,10:24,2,T,,
2017-Jul,2017-07-15,Womanley,20,NAP,3,L,2,na,5,10:27,8,na,,
2017-Jul,2017-07-15,Womanley,20,NAP,3,L,7,na,5,10:33,4,na,,
2017-Jul,2017-07-15,Womanley,20,NAP,3,L,7.5,na,5,10:33,3,na,,
2017-Jul,2017-07-15,Womanley,20,NAP,3,L,7.5,na,5,10:33,3,na,,
2017-Jul,2017-07-15,Womanley,20,NAP,3,L,7.5,na,5,10:33,8,T,,
2017-Jul,2017-07-15,Womanley,20,NAP,3,L,10,na,5,10:33,2,na,,
2017-Jul,2017-07-15,Womanley,20,NAP,3,L,10,na,5,10:33,2,na,,
2017-Jul,2017-07-15,Womanley,20,BMM,1,R,20,na,5,12:50,9,na,could have been 104 or 105 at some point,
2017-Jul,2017-07-15,Womanley,20,BMM,1,R,13.7,na,5,13:00,12,T,,
2017-Jul,2017-07-15,Womanley,20,BMM,1,R,5.2,na,5,11:10,3,na,,
2017-Jul,2017-07-15,Womanley,20,BMM,1,R,0,na,5,10:15,5,T,,
2017-Jul,2017-07-15,Womanley,20,BMM,1,R,2,na,5,10:15,2,na,,
2017-Jul,2017-07-15,Womanley,20,BMM,1,R,10,na,5,10:15,5,na,,
2017-Jul,2017-07-15,Womanley,20,BMM,1,R,10,na,5,10:15,7,na,,
2017-Jul,2017-07-15,Womanley,20,BMM,1,R,17,na,5,10:15,5,na,,
2017-Jul,2017-07-15,Womanley,20,BMM,1,R,17,na,5,10:15,5,na,,
2017-Jul,2017-07-15,Womanley,20,BMM,1,R,17,na,5,10:15,1,T,,
2017-Jul,2017-07-15,Womanley,20,BMM,1,R,17,na,5,10:15,4,T,,
2017-Jul,2017-07-15,Womanley,20,BMM,1,R,17,na,5,10:15,7,na,,
2017-Jul,2017-07-15,Womanley,20,BMM,1,R,17,na,5,10:15,5,T,,
2017-Jul,2017-07-15,Womanley,20,BMM,2,R,8,na,5,11:15,4,na,,
2017-Jul,2017-07-15,Womanley,20,BMM,2,R,10.6,na,5,11:00,9,na,,
2017-Jul,2017-07-15,Womanley,20,BMM,2,R,0,na,5,10:15,2,na,,
2017-Jul,2017-07-15,Womanley,20,BMM,2,R,8,na,5,10:15,1,na,,
2017-Jul,2017-07-15,Womanley,20,BMM,2,R,8,na,5,10:15,1,na,,
2017-Jul,2017-07-15,Womanley,20,BMM,2,R,8,na,5,10:15,1,na,,
2017-Jul,2017-07-15,Womanley,20,NAP,2,R,20,na,5,11:16,9,T,,
2017-Jul,2017-07-15,Womanley,20,NAP,2,R,20,na,5,11:16,5,na,,
2017-Jul,2017-07-15,Womanley,20,BMM,3,R,10.5,na,5,10:17,10,na,,
2017-Jul,2017-07-15,Womanley,20,NAP,3,R,4,na,5,10:33,12,na,,
2017-Jul,2017-07-15,Womanley,20,NAP,3,R,4,na,5,10:33,3,na,,
2017-Jul,2017-07-15,Womanley,20,NAP,3,R,5,na,5,10:33,1,na,,
2017-Jul,2017-07-15,Womanley,20,NAP,3,R,9,na,5,10:33,5,na,,
2017-Jul,2017-07-15,Womanley,20,NAP,3,R,9,na,5,10:33,2,na,,
2017-Jul,2017-07-15,Womanley,20,NAP,3,R,9,na,5,10:33,3,T,,
2017-Jul,2017-07-15,Womanley,20,NAP,3,R,13,na,5,10:33,6,T,,
2017-Jul,2017-07-15,Womanley,20,NAP,3,R,13,na,5,10:33,8,T,,
2017-Jul,2017-07-15,Womanley,20,NAP,3,R,13,na,5,10:33,5,na,,
2017-Jul,2017-07-15,Womanley,20,NAP,3,R,13,na,5,10:33,7,na,,
2017-Jul,2017-07-15,Womanley,20,NAP,3,R,20,na,5,10:33,9,na,,
2017-Aug,2017-08-27,Golden,20,KH/BMM,1,L,0_20,na,4,na,0,na,no macro (not even holdfast),
2017-Aug,2017-08-27,Golden,20,KH/BMM,2,L,0_20,na,4,na,0,na,no macro (not even holdfast),
2017-Aug,2017-08-27,Golden,20,KH/BMM,3,L,0_20,na,4,na,0,na,no macro (not even holdfast),
2017-Aug,2017-08-27,Golden,20,KH/BMM,1,R,0_20,na,4,na,0,na,no macro (not even holdfast),
2017-Aug,2017-08-27,Golden,20,KH/BMM,2,R,0_20,na,4,na,1,na,,
2017-Aug,2017-08-27,Golden,20,KH/BMM,2,R,0_20,na,4,na,1,na,,
2017-Aug,2017-08-27,Golden,20,KH/BMM,3,R,0_20,na,4,na,0,na,no macro (not even holdfast),
2017-May,2017-05-16,Meay,20,OP,1,L,0_20,na,2,na,0,na,no plants,
2017-May,2017-05-16,Meay,20,OP,2,L,0_20,na,2,na,0,na,no plants,
2017-May,2017-05-16,Meay,20,OP,3,L,0_20,na,2,na,0,na,no plants,
2017-May,2017-05-16,Meay,20,OP,1,R,0_20,na,2,na,0,na,no plants,
2017-May,2017-05-16,Meay,20,OP,2,R,0_20,na,2,na,0,na,no plants,
2017-May,2017-05-16,Meay,20,OP,3,R,0_20,na,2,na,0,na,no plants,
2017-Aug,2017-08-27,Simmonds,20,OP,1,L,18,na,5,15:00,18,na,tag 544,
2017-Aug,2017-08-27,Simmonds,20,OP,2,L,2,na,5,15:00,3,na,tag 147,
2017-Aug,2017-08-27,Simmonds,20,OP,2,L,8,na,5,15:00,16,na,tag 1686,
2017-Aug,2017-08-27,Simmonds,20,OP,2,L,15.4,na,5,15:00,4,na,tag 1916,
2017-Aug,2017-08-27,Simmonds,20,OP,2,R,15,na,5,15:00,7,na,tag 301,
2017-Aug,2017-08-27,Simmonds,20,OP,2,R,15.5,na,5,15:00,3,na,tag 2527,
2017-Aug,2017-08-27,Simmonds,20,OP,3,R,12,na,5,15:00,5,na,tag 2033,plant recorded as tangled but estimates of length given
2017-Aug,2017-08-27,Simmonds,20,OP,3,R,6.5,na,5,15:00,5,na,tag 2146,plant recorded as tangled but estimates of length given
2017-Aug,2017-08-27,Simmonds,20,OP,3,R,18,na,5,15:00,7,na,tag 2407,
2017-Aug,2017-08-27,Simmonds,20,KH,1,R,0.8,na,5,15:00,8,T,,
2017-Aug,2017-08-27,Simmonds,20,KH,1,R,0.9,na,5,15:00,14,T,,
2017-Aug,2017-08-27,Simmonds,20,KH,1,R,2,na,5,15:00,1,na,,
2017-Aug,2017-08-27,Simmonds,20,BMM,3,L,4,na,5,15:00,5,T,,plant recorded as tangled but estimates of length given
2017-Aug,2017-08-27,Simmonds,20,BMM,3,L,4,na,5,15:00,5,T,,plant recorded as tangled but estimates of length given
2017-Aug,2017-08-27,Simmonds,20,BMM,3,L,4,na,5,15:00,4,na,,
2017-Aug,2017-08-27,Simmonds,20,KH,1,R,5,na,5,15:00,6,C,,
2017-Aug,2017-08-27,Simmonds,20,BMM,3,L,6,na,5,15:00,5,T,,plant recorded as tangled but estimates of length given
2017-Aug,2017-08-27,Simmonds,20,BMM,3,L,6,na,5,15:00,7,T,,
2017-Aug,2017-08-27,Simmonds,20,BMM,3,L,6,na,5,15:00,2,na,,
2017-Aug,2017-08-27,Simmonds,20,BMM,3,L,6,na,5,15:00,2,C,,
2017-Aug,2017-08-27,Simmonds,20,BMM,3,L,6,na,5,15:00,2,na,,
2017-Aug,2017-08-27,Simmonds,20,KH,1,R,11,na,5,15:00,40,T,,
2017-Aug,2017-08-27,Simmonds,20,BMM,3,L,14,na,5,15:00,7,T,,plant recorded as tangled but estimates of length given
2017-Aug,2017-08-27,Simmonds,20,BMM,3,L,14,na,5,15:00,6,T,,
2017-Aug,2017-08-27,Simmonds,20,BMM,3,L,14,na,5,15:00,5,na,,
2017-Aug,2017-08-27,Simmonds,20,BMM,3,L,14,na,5,15:00,6,na,,
2017-Aug,2017-08-27,Simmonds,20,KH,1,R,15,na,5,15:00,23,T,,
2017-Aug,2017-08-27,Simmonds,20,BMM,2,L,4,na,5,15:00,5,T,,plant recorded as tangled but estimates of length given
2017-Aug,2017-08-27,Simmonds,20,KH,2,R,7,na,5,15:00,6,na,,
2017-Aug,2017-08-27,Simmonds,20,KH,2,R,7,na,5,15:00,2,T,,
2017-Aug,2017-08-27,Simmonds,20,KH,2,R,8,na,5,15:00,4,T,,
2017-Aug,2017-08-27,Simmonds,20,BMM,2,L,11,na,5,15:00,3,T,,
2017-Aug,2017-08-27,Simmonds,20,BMM,2,L,11,na,5,15:00,3,T,,
2017-Aug,2017-08-27,Simmonds,20,BMM,2,L,11,na,5,15:00,4,T,,
2017-Aug,2017-08-27,Simmonds,20,BMM,2,L,14,na,5,15:00,5,T,,plant recorded as tangled but estimates of length given
2017-Aug,2017-08-27,Simmonds,20,BMM,2,L,14,na,5,15:00,2,na,,
2017-Aug,2017-08-27,Simmonds,20,KH,2,R,15,na,5,15:00,1,na,,
2017-Aug,2017-08-27,Simmonds,20,BMM,2,L,16,na,5,15:00,7,T,,plant recorded as tangled but estimates of length given
2017-Aug,2017-08-27,Simmonds,20,BMM,2,L,16,na,5,15:00,7,T,,plant recorded as tangled but estimates of length given
2017-Aug,2017-08-27,Simmonds,20,BMM,2,L,16,na,5,15:00,2,na,,
2017-Aug,2017-08-27,Simmonds,20,BMM,2,L,16,na,5,15:00,3,na,,
2017-Aug,2017-08-27,Simmonds,20,KH,2,R,16.8,na,5,15:00,6,na,,
2017-Aug,2017-08-27,Simmonds,20,KH,2,R,17,na,5,15:00,8,na,,
2017-Aug,2017-08-27,Simmonds,20,KH,3,R,0.5,na,5,15:00,26,na,,
2017-Aug,2017-08-27,Simmonds,20,BMM,1,L,5,na,5,15:00,3,na,,
2017-Aug,2017-08-27,Simmonds,20,KH,3,R,9,na,5,15:00,3,na,,
2017-Aug,2017-08-27,Simmonds,20,KH,3,R,9.2,na,5,15:00,3,na,,
2017-Aug,2017-08-27,Simmonds,20,KH,3,R,9.5,na,5,15:00,6,na,,
2017-Aug,2017-08-27,Simmonds,20,BMM,1,L,10,na,5,15:00,2,na,,
2017-Aug,2017-08-27,Simmonds,20,KH,3,R,11,na,5,15:00,5,na,,
2017-Aug,2017-08-27,Simmonds,20,KH,3,R,11.2,na,5,15:00,7,na,,
2017-Aug,2017-08-27,Simmonds,20,KH,3,R,11.3,na,5,15:00,5,na,,
2017-Aug,2017-08-27,Simmonds,20,KH,3,R,12.5,na,5,15:00,9,na,,
2017-Aug,2017-08-27,Simmonds,20,KH,3,R,14,na,5,15:00,5,na,,
2017-Aug,2017-08-27,Simmonds,20,BMM,1,L,15,na,5,15:00,13,T,,plant recorded as tangled but estimates of length given
2017-Aug,2017-08-27,Simmonds,20,BMM,1,L,15,na,5,15:00,5,T,,plant recorded as tangled but estimates of length given
2017-Aug,2017-08-27,Simmonds,20,BMM,1,L,16,na,5,15:00,5,na,,
2017-Aug,2017-08-27,Simmonds,20,BMM,1,L,18,na,5,15:00,3,T,,plant recorded as tangled but estimates of length given
2017-Aug,2017-08-27,Stryker,20,OP,1,L,20,na,4,11:00,6,na,tag 135,
2017-Aug,2017-08-27,Stryker,20,OP,2,L,15,na,4,11:00,12,na,tag 337,
2017-Aug,2017-08-27,Stryker,20,OP,2,L,10.5,na,4,11:00,5,na,tag 2004,
2017-Aug,2017-08-27,Stryker,20,OP,3,L,7.5,na,4,11:00,5,na,tag 1757,
2017-Aug,2017-08-27,Stryker,20,OP,1,R,11.8,na,4,11:00,3,na,tag 125,
2017-Aug,2017-08-27,Stryker,20,OP,1,R,14.5,na,4,11:00,6,na,tag 148,
2017-Aug,2017-08-27,Stryker,20,OP,1,R,6,na,4,11:00,2,na,tag 841,
2017-Aug,2017-08-27,Stryker,20,OP,2,R,12,na,4,11:00,13,na,tag 1962,
2017-Aug,2017-08-27,Stryker,20,OP,3,R,10,na,4,11:00,2,na,tag 1942,
2017-Aug,2017-08-27,Stryker,20,OP,3,R,3,na,4,11:00,21,na,tag 2041,
2017-Aug,2017-08-27,Stryker,20,BMM,1,L,2,na,4,11:32,7,na,,
2017-Aug,2017-08-27,Stryker,20,BMM,1,L,4,na,4,11:32,18,T,,plant recorded as tangled but estimates of length given
2017-Aug,2017-08-27,Stryker,20,BMM,1,L,4,na,4,11:32,2,na,,
2017-Aug,2017-08-27,Stryker,20,BMM,1,L,4,na,4,11:32,6,na,,
2017-Aug,2017-08-27,Stryker,20,KH,1,R,7,na,4,11:06,2,na,,
2017-Aug,2017-08-27,Stryker,20,KH,1,R,7.1,na,4,11:06,2,na,,
2017-Aug,2017-08-27,Stryker,20,KH,1,R,11,na,4,11:06,3,na,row had not been entered,
2017-Aug,2017-08-27,Stryker,20,BMM,1,R,14,na,4,11:32,5,na,,
2017-Aug,2017-08-27,Stryker,20,KH,1,L,14,na,4,11:06,7,na,row had not been entered,
2017-Aug,2017-08-27,Stryker,20,BMM,1,L,17,na,4,11:32,5,na,,
2017-Aug,2017-08-27,Stryker,20,BMM,1,L,17,na,4,11:32,2,na,,
2017-Aug,2017-08-27,Stryker,20,BMM,1,L,17,na,4,11:32,6,na,,
2017-Aug,2017-08-27,Stryker,20,KH,1,L,18,na,4,11:06,2,P,,
2017-Aug,2017-08-27,Stryker,20,KH,1,R,18.9,na,4,11:06,4,P,,
2017-Aug,2017-08-27,Stryker,20,KH,1,R,19,na,4,11:06,7,na,,
2017-Aug,2017-08-27,Stryker,20,KH,1,L,19.5,na,4,11:06,2,P,,
2017-Aug,2017-08-27,Stryker,20,KH,2,R,0,na,4,10:39,4,na,row had not been entered,
2017-Aug,2017-08-27,Stryker,20,KH,2,R,0.2,na,4,10:39,2,na,,
2017-Aug,2017-08-27,Stryker,20,KH,2,R,0.3,na,4,10:39,5,na,,
2017-Aug,2017-08-27,Stryker,20,KH,2,R,2,na,4,10:39,14,na,,
2017-Aug,2017-08-27,Stryker,20,KH,2,R,2,na,4,10:39,13,na,,
2017-Aug,2017-08-27,Stryker,20,BMM,2,L,4,na,4,11:18,17,T,,plant recorded as tangled but estimates of length given
2017-Aug,2017-08-27,Stryker,20,BMM,2,L,4,na,4,11:18,5,T,,
2017-Aug,2017-08-27,Stryker,20,BMM,2,L,5,na,4,11:18,7,T,,plant recorded as tangled but estimates of length given
2017-Aug,2017-08-27,Stryker,20,BMM,2,L,5,na,4,11:18,3,na,,
2017-Aug,2017-08-27,Stryker,20,BMM,2,L,5,na,4,11:18,4,na,,
2017-Aug,2017-08-27,Stryker,20,BMM,2,L,10,na,4,11:18,1,C,,
2017-Aug,2017-08-27,Stryker,20,KH,2,R,13,na,4,10:39,21,na,,
2017-Aug,2017-08-27,Stryker,20,KH,2,R,12.5,na,4,10:39,2,na,,
2017-Aug,2017-08-27,Stryker,20,KH,2,R,12.6,na,4,11:39,13,na,row had not been entered,
2017-Aug,2017-08-27,Stryker,20,KH,3,R,1,na,4,11:06,2,na,row had not been entered,
2017-Aug,2017-08-27,Stryker,20,BMM,3,L,1.5,na,4,10:42,4,na,,
2017-Aug,2017-08-27,Stryker,20,KH,3,R,2.4,na,4,11:06,2,na,,
2017-Aug,2017-08-27,Stryker,20,KH,3,R,2.5,na,4,11:06,21,na,row had not been entered,
2017-Aug,2017-08-27,Stryker,20,BMM,3,L,3,na,4,10:42,6,na,,
2017-Aug,2017-08-27,Stryker,20,BMM,3,L,3,na,4,10:42,5,C,,
2017-Aug,2017-08-27,Stryker,20,BMM,3,L,3,na,4,10:42,3,T,,
2017-Aug,2017-08-27,Stryker,20,BMM,3,L,3,na,4,10:42,6,T,,
2017-Aug,2017-08-27,Stryker,20,BMM,3,L,7,na,4,10:42,3,C,,
2017-Aug,2017-08-27,Stryker,20,BMM,3,L,7,na,4,10:42,3,C,,
2017-Aug,2017-08-27,Stryker,20,BMM,3,L,7,na,4,10:42,4,na,,
2017-Aug,2017-08-27,Stryker,20,BMM,3,L,7,na,4,10:42,3,na,,
2017-Aug,2017-08-27,Stryker,20,BMM,3,L,7,na,4,10:42,7,na,,
2017-Aug,2017-08-27,Stryker,20,BMM,3,L,7,na,4,10:42,8,T,,
2017-Aug,2017-08-27,Stryker,20,BMM,3,L,8,na,4,10:42,6,na,,
2017-Aug,2017-08-27,Stryker,20,BMM,3,L,8,na,4,10:42,6,na,,
2017-Aug,2017-08-27,Stryker,20,BMM,3,L,8,na,4,10:42,6,T,,
2017-Aug,2017-08-27,Stryker,20,BMM,3,L,8,na,4,10:42,6,na,,
2017-Aug,2017-08-27,Stryker,20,BMM,3,L,10,na,4,10:42,12,na,,
2017-Aug,2017-08-27,Stryker,20,BMM,3,L,10,na,4,10:42,9,na,,
2017-Aug,2017-08-27,Stryker,20,KH,3,R,11,na,4,11:06,1,na,,
2017-Aug,2017-08-27,Stryker,20,KH,3,R,11.2,na,4,11:06,2,na,,
2017-Aug,2017-08-27,Stryker,20,BMM,3,L,14,na,4,10:42,2,C,,
2017-Aug,2017-08-27,Stryker,20,BMM,3,L,14,na,4,10:42,5,na,,
2017-Aug,2017-08-27,Stryker,20,BMM,3,L,14,na,4,10:42,4,C,,
2017-Aug,2017-08-27,Stryker,20,BMM,3,L,14,na,4,10:42,3,C,,
2017-Aug,2017-08-27,Stryker,20,BMM,3,L,14,na,4,10:42,4,C,,
2017-Aug,2017-08-27,Stryker,20,KH,3,R,20,na,4,11:06,11,na,,
2017-Aug,2017-08-25,Triquet,20,OP,1,L,14.2,na,4,10:10,4,na,,
2017-Aug,2017-08-25,Triquet,20,OP,1,L,3.25,na,4,10:00,3,na,,
2017-Aug,2017-08-25,Triquet,20,NAP,1,L,0.5,na,4,10:03,1,na,,
2017-Aug,2017-08-25,Triquet,20,NAP,1,L,2.5,na,4,10:06,4,na,,
2017-Aug,2017-08-25,Triquet,20,NAP,1,L,2.5,na,4,10:11,3,na,,
2017-Aug,2017-08-25,Triquet,20,NAP,1,L,2.5,na,4,10:15,6,na,,
2017-Aug,2017-08-25,Triquet,20,NAP,1,L,2.5,na,4,10:17,5,na,,
2017-Aug,2017-08-25,Triquet,20,NAP,1,L,14,na,4,10:20,3,na,,
2017-Aug,2017-08-25,Triquet,20,NAP,1,L,14,na,4,10:22,4,na,,
2017-Aug,2017-08-25,Triquet,20,NAP,1,L,16,na,4,10:23,2,na,,
2017-Aug,2017-08-25,Triquet,20,NAP,1,L,17,na,4,10:24,4,T,,
2017-Aug,2017-08-25,Triquet,20,NAP,1,L,17,na,4,10:27,4,na,,
2017-Aug,2017-08-25,Triquet,20,NAP,1,L,17.5,na,4,10:29,6,na,,
2014-May,2014-05-24,Golden,20,na,3,L,1,7.4,na,13:37-14:20,15,T,no sporo counts,
2014-May,2014-05-24,Golden,20,na,3,L,4.5,7.4,na,13:37-14:20,12,na,,
2014-May,2014-05-24,Golden,20,na,3,R,4.5,7.4,na,13:37-14:20,9,T,,
2014-May,2014-05-24,Golden,20,na,3,L,6,6.2,na,13:37-14:20,4,na,,
2014-May,2014-05-24,Golden,20,na,3,R,6.5,6.3,na,13:37-14:20,4,na,,
2014-May,2014-05-29,Meay,20,na,3,L,3,4.6,na,14:45-16:00,4,na,no sporo counts,plant recorded as tangled but estimates of length given
2014-May,2014-05-29,Meay,20,na,3,L,6.2,4.5,na,14:45-16:00,3,T,no sporo counts,
2014-May,2014-05-29,Meay,20,na,3,L,10.5,4.2,na,14:45-16:00,17,na,,
2014-May,2014-05-29,Meay,20,na,3,L,3,4.6,na,14:45-16:00,1,na,,
2014-May,2014-05-29,Meay,20,na,3,L,3,4.7,na,14:45-16:00,2,T,,
2014-May,2014-05-29,Meay,20,na,3,R,10.5,4.2,na,14:45-16:00,4,P,,
2014-May,2014-05-29,Meay,20,na,3,L,15.5,3.5,na,14:45-16:00,11,T,,
2014-May,2014-05-29,Meay,20,na,3,R,15.5,3.9,na,14:45-16:00,9,na,,
2014-May,2014-05-25,Simmonds,20,na,3,L,19,9.6,na,10:52-11:35,8,na,no sporo counts,
2014-May,2014-05-25,Simmonds,20,na,3,R,11.5,6,na,10:52-11:35,44,T,no sporo counts,
2014-May,2014-05-25,Simmonds,20,na,3,R,7,6.5,na,10:52-11:35,2,na,,
2014-May,2014-05-25,Simmonds,20,na,3,R,13.3,6.3,na,10:52-11:35,2,na,,
2014-May,2014-05-25,Simmonds,20,na,3,R,14.1,6.4,na,10:52-11:35,1,na,,
2014-May,2014-05-26,Stryker,20,na,3,R,7.5,7.8,na,10:44-11:52,6,na,no sporo counts,plant recorded as tangled but estimates of length given
2014-May,2014-05-26,Stryker,20,na,3,R,2.5,7.8,na,10:44-11:52,5,na,no sporo counts,
2014-May,2014-05-26,Stryker,20,na,3,L,4,7.9,na,10:44-11:52,11,na,no sporo counts,
2014-May,2014-05-26,Stryker,20,na,3,L,7.5,7.5,na,10:44-11:52,29,na,Was 563,plant recorded as tangled but estimates of length given
2014-May,2014-05-26,Stryker,20,na,3,L,2.5,8.1,na,10:44-11:52,4,na,,
2014-May,2014-05-26,Stryker,20,na,3,L,2.5,8.1,na,10:44-11:52,6,na,,
2014-May,2014-05-26,Stryker,20,na,3,L,2.5,8.1,na,10:44-11:52,10,na,,
2014-May,2014-05-26,Stryker,20,na,3,R,2.5,7.8,na,10:44-11:52,9,T,,
2014-May,2014-05-26,Stryker,20,na,3,R,5.6,7.9,na,10:44-11:52,6,na,,
2014-May,2014-05-26,Stryker,20,na,3,L,6,7.8,na,10:44-11:52,4,na,,
2014-May,2014-05-26,Stryker,20,na,3,L,6,7.8,na,10:44-11:52,4,na,,
2014-May,2014-05-26,Stryker,20,na,3,R,8,7.8,na,10:44-11:52,4,na,,
2014-May,2014-05-26,Stryker,20,na,3,L,10,7.7,na,10:44-11:52,14,na,,
2014-May,2014-05-26,Stryker,20,na,3,R,10,7.8,na,10:44-11:52,4,P,,
2014-May,2014-05-26,Stryker,20,na,3,L,14.4,7.2,na,10:44-11:52,4,P,,
2014-May,2014-05-26,Stryker,20,na,3,L,17,6.8,na,10:44-11:52,14,na,,
2014-May,2014-05-26,Stryker,20,na,3,R,17,6.8,na,10:44-11:52,1,P,,
2014-May,2014-05-26,Stryker,20,na,3,R,19.5,6.5,na,10:44-11:52,6,na,,
2014-May,2014-05-26,Stryker,20,na,3,R,20,6.5,na,10:44-11:52,13,P,,
2014-May,2014-05-31,Triquet,20,na,3,R,13.5,4.6,na,12:50-13:20,2,na,no sporo counts,
2014-May,2014-05-31,Triquet,20,na,3,R,13,5.1,na,12:50-13:20,3,na,no sporo counts,
2014-May,2014-05-31,Triquet,20,na,3,L,1.5,5.3,na,12:50-13:20,12,na,no sporo counts,
2014-May,2014-05-31,Triquet,20,na,3,L,2.5,5.7,na,12:50-13:20,3,na,Was 595,
2014-May,2014-05-31,Triquet,20,na,3,R,8.25,4,na,12:50-13:20,2,P,,
2014-May,2014-05-31,Triquet,20,na,3,R,13.1,5.1,na,12:50-13:20,2,na,,
2014-Jun,2014-06-28,Golden,20,na,3,L,1,7.8,na,15:45-16:08,17,T,no sporo counts,
2014-Jun,2014-06-28,Golden,20,na,3,R,4.5,7.9,na,15:45-16:08,11,na,no sporo counts,plant recorded as tangled but estimates of length given
2014-Jun,2014-06-28,Golden,20,na,3,L,6,7.6,na,15:45-16:08,5,na,Was 844,
2014-Jun,2014-06-28,Golden,20,na,3,L,4.25,7.8,na,15:45-16:08,1,T,,
2014-Jun,2014-06-28,Golden,20,na,3,L,4.25,7.8,na,15:45-16:08,8,T,,
2014-Jun,2014-06-28,Golden,20,na,3,L,4.4,7.8,na,15:45-16:08,1,na,,
2014-Jun,2014-06-28,Golden,20,na,3,L,4.4,7.8,na,15:45-16:08,4,T,,
2014-Jun,2014-06-28,Golden,20,na,3,R,5.5,7.5,na,15:45-16:08,5,na,,plant recorded as tangled but estimates of length given
2014-Jun,2014-06-28,Golden,20,na,3,R,6.5,7.4,na,15:45-16:08,4,na,,
2014-Jun,2014-06-28,Golden,20,na,3,R,6.5,7.4,na,15:45-16:08,11,P,,
2014-Jun,2014-06-28,Golden,20,na,3,R,7,7.4,na,15:45-16:08,11,T,,plant recorded as tangled but estimates of length given
2014-Jul,2014-07-03,Meay,20,na,3,L,3,3.2,na,8:49-10:00,4,na,,plant recorded as tangled but estimates of length given
2014-Jul,2014-07-03,Meay,20,na,3,L,6.2,2.7,na,8:49-10:00,4,na,,plant recorded as tangled but estimates of length given
2014-Jul,2014-07-03,Meay,20,na,3,R,10.5,2.3,na,8:49-10:00,19,na,,plant recorded as tangled but estimates of length given
2014-Jul,2014-07-03,Meay,20,na,3,L,3,3.2,na,8:49-10:00,2,na,,
2014-Jul,2014-07-03,Meay,20,na,3,R,10,2.4,na,8:49-10:00,1,na,,plant recorded as tangled but estimates of length given
2014-Jul,2014-07-03,Meay,20,na,3,R,10.5,2.6,na,8:49-10:00,2,na,,
2014-Jul,2014-07-03,Meay,20,na,3,R,10.5,2.6,na,8:49-10:00,4,na,,
2014-Jul,2014-07-03,Meay,20,na,3,L,11,2.5,na,8:49-10:00,15,na,,plant recorded as tangled but estimates of length given
2014-Jul,2014-07-03,Meay,20,na,3,L,15.5,1.7,na,8:49-10:00,14,T,,
2014-Jun,2014-06-27,Simmonds,20,na,3,L,19,6.9,na,12:35-13:37,9,na,no sporo counts,plant recorded as tangled but estimates of length given
2014-Jun,2014-06-27,Simmonds,20,na,3,R,11.5,3.7,na,12:35-13:37,43,na,,
2014-Jun,2014-06-27,Simmonds,20,na,3,R,13,3.7,na,10:33-11:00,2,na,"no sporo counts, used to be 2146 but 2 tags existed with this number",
2014-Jun,2014-06-27,Simmonds,20,na,3,L,11,6.2,na,12:35-13:37,14,na,,plant recorded as tangled but estimates of length given
2014-Jun,2014-06-27,Simmonds,20,na,3,R,6.5,4.1,na,10:33-11:00,1,na,,
2014-Jun,2014-06-27,Simmonds,20,na,3,R,6.75,4.1,na,10:33-11:00,4,na,,
2014-Jun,2014-06-27,Simmonds,20,na,3,R,11.25,3.9,na,10:33-11:00,1,na,,
2014-Jun,2014-06-27,Simmonds,20,na,3,R,11.5,3.9,na,10:33-11:00,6,na,,
2014-Jun,2014-06-27,Simmonds,20,na,3,R,11.5,3.9,na,10:33-11:00,10,na,,
2014-Jun,2014-06-27,Simmonds,20,na,3,R,14,4.2,na,10:33-11:00,3,na,,
2014-Jun,2014-06-27,Simmonds,20,na,3,L,14.5,4.2,na,10:33-11:00,1,na,,
2014-Jun,2014-06-26,Stryker,20,na,3,R,7.5,7.7,na,11:50-13:01,7,na,,
2014-Jun,2014-06-26,Stryker,20,na,3,R,2.5,7.8,na,11:50-13:01,6,na,no sporo counts,
2014-Jun,2014-06-26,Stryker,20,na,3,L,4,7.8,na,11:50-13:01,10,na,no sporo counts,plant recorded as tangled but estimates of length given
2014-Jun,2014-06-26,Stryker,20,na,3,L,7.5,7.5,na,11:50-13:01,27,na,Was 563,plant recorded as tangled but estimates of length given
2014-Jun,2014-06-26,Stryker,20,na,3,L,2,7.8,na,11:50-13:01,2,na,,
2014-Jun,2014-06-26,Stryker,20,na,3,L,2,7.8,na,9:23-10:52,22,na,,plant recorded as tangled but estimates of length given
2014-Jun,2014-06-26,Stryker,20,na,3,R,2.5,7.8,na,11:50-13:01,6,T,,
2014-Jun,2014-06-26,Stryker,20,na,3,R,2.5,7.8,na,11:50-13:01,9,P,,
2014-Jun,2014-06-26,Stryker,20,na,3,R,2.5,7.8,na,11:50-13:01,11,na,,
2014-Jun,2014-06-26,Stryker,20,na,3,L,5.5,7.6,na,11:50-13:01,5,na,,
2014-Jun,2014-06-26,Stryker,20,na,3,R,5.75,7.8,na,11:50-13:01,11,na,,
2014-Jun,2014-06-26,Stryker,20,na,3,L,7,7.5,na,11:50-13:01,7,na,,plant recorded as tangled but estimates of length given
2014-Jun,2014-06-26,Stryker,20,na,3,R,8,7.7,na,11:50-13:01,6,T,,
2014-Jun,2014-06-26,Stryker,20,na,3,L,10,7.5,na,11:50-13:01,17,na,,plant recorded as tangled but estimates of length given
2014-Jun,2014-06-26,Stryker,20,na,3,R,10,7.7,na,11:50-13:01,6,P,,
2014-Jun,2014-06-26,Stryker,20,na,3,R,10,7.7,na,11:50-13:01,8,na,,plant recorded as tangled but estimates of length given
2014-Jun,2014-06-26,Stryker,20,na,3,L,14.5,7,na,11:50-13:01,12,T,,plant recorded as tangled but estimates of length given
2014-Jun,2014-06-26,Stryker,20,na,3,L,17,6.5,na,11:50-13:01,6,na,,
2014-Jun,2014-06-26,Stryker,20,na,3,L,17,6.5,na,11:50-13:01,15,na,,plant recorded as tangled but estimates of length given
2014-Jun,2014-06-26,Stryker,20,na,3,R,17,6.7,na,11:50-13:01,5,na,,
2014-Jun,2014-06-26,Stryker,20,na,3,R,19.75,6.5,na,11:50-13:01,7,T,,
2014-Jun,2014-06-26,Stryker,20,na,3,R,19.75,6.5,na,11:50-13:01,8,T,,
2014-Jul,2014-07-01,Triquet,20,na,3,R,13.5,4.2,na,11:43-12:56,3,na,no sporo counts,
2014-Jul,2014-07-01,Triquet,20,na,3,R,13,4.2,na,11:43-12:56,4,na,,
2014-Jul,2014-07-01,Triquet,20,na,3,L,1.5,4.4,na,11:43-12:56,16,na,no sporo counts,
2014-Jul,2014-07-01,Triquet,20,na,3,L,2.5,4.7,na,11:43-12:56,5,na,Was 595,
2014-Jul,2014-07-01,Triquet,20,na,3,L,0.5,4.7,na,11:43-12:56,3,na,,
2014-Jul,2014-07-01,Triquet,20,na,3,R,0.5,5.1,na,11:43-12:56,1,na,,
2014-Jul,2014-07-01,Triquet,20,na,3,R,8,3.7,na,11:43-12:56,5,na,,
2014-Jul,2014-07-01,Triquet,20,na,3,R,13,4.2,na,11:43-12:56,2,na,,
2014-Jul,2014-07-01,Triquet,20,na,3,R,13.25,4.2,na,11:43-12:56,2,na,,
2014-Jul,2014-07-01,Triquet,20,na,3,R,13.75,4.2,na,11:43-12:56,1,na,,
2014-Sep,2014-09-06,Golden,20,na,3,L,1,6.1,na,15:30,13,na,no sporo counts,
2014-Sep,2014-09-06,Golden,20,na,3,R,4.75,6.1,na,15:26,11,na,no sporo counts,
2014-Sep,2014-09-06,Golden,20,na,3,L,6,6,na,15:24,5,na,Was 844,
2014-Sep,2014-09-06,Golden,20,na,3,L,4.5,5,na,15:27,2,na,,
2014-Sep,2014-09-06,Golden,20,na,3,L,4.5,5.8,na,15:27,5,na,,
2014-Sep,2014-09-06,Golden,20,na,3,R,8,5.9,na,15:24,14,T,,
2014-Sep,2014-09-06,Golden,20,na,3,L,11,5.7,na,15:22,4,P,,
2014-Sep,2014-09-10,Meay,20,na,3,L,3,5.9,na,15:09,7,na,no sporo counts,
2014-Sep,2014-09-10,Meay,20,na,3,L,6.2,5.6,na,15:06,5,na,no sporo counts,
2014-Sep,2014-09-10,Meay,20,na,3,R,11,5.2,na,15:03,17,na,no sporo counts,
2014-Sep,2014-09-10,Meay,20,na,3,L,10.5,5.7,na,15:03,11,na,Was 803,plant recorded as tangled but estimates of length given
2014-Sep,2014-09-10,Meay,20,na,3,R,10.75,4.9,na,15:04,20,T,,
2014-Sep,2014-09-10,Meay,20,na,3,R,15.5,4.6,na,14:59,11,T,,
2014-Sep,2014-09-10,Meay,20,na,3,L,16,5.4,na,14:58,20,na,,
2014-Sep,2014-09-06,Simmonds,20,na,3,L,19,9.5,na,10:56,10,na,no sporo counts,plant recorded as tangled but estimates of length given
2014-Sep,2014-09-06,Simmonds,20,na,3,R,11.5,5.3,na,11:13,30,na,,
2014-Sep,2014-09-06,Simmonds,20,na,3,R,13,6.2,na,11:05,4,na,"no sporo counts, used to be 2146 but 2 tags existed with this number",
2014-Sep,2014-09-06,Simmonds,20,na,3,L,11,6.3,na,11:07,19,na,,
2014-Sep,2014-09-06,Simmonds,20,na,3,R,6.5,6.6,na,11:18,4,na,,
2014-Sep,2014-09-06,Simmonds,20,na,3,R,8,6.7,na,11:18,6,na,,
2014-Sep,2014-09-06,Simmonds,20,na,3,L,13,6,na,11:05,1,na,,
2014-Sep,2014-09-06,Simmonds,20,na,3,R,14.25,6.9,na,11:02,3,na,,
2014-Sep,2014-09-13,Stryker,20,na,3,R,7.5,5.5,na,11:08,11,T,,
2014-Sep,2014-09-13,Stryker,20,na,3,R,2.5,5.9,na,10:58,7,T,no sporo counts,
2014-Sep,2014-09-13,Stryker,20,na,3,L,4,5.9,na,10:59,11,na,no sporo counts,
2014-Sep,2014-09-13,Stryker,20,na,3,L,7.5,5.6,na,11:08,24,T,Was 563,
2014-Sep,2014-09-13,Stryker,20,na,3,R,2.5,5.7,na,11:02,31,T,,
2014-Sep,2014-09-13,Stryker,20,na,3,R,2.75,5.8,na,11:03,12,T,,
2014-Sep,2014-09-13,Stryker,20,na,3,L,3.5,5.9,na,10:56,22,na,,
2014-Sep,2014-09-13,Stryker,20,na,3,R,5.5,5.6,na,11:06,16,na,,
2014-Sep,2014-09-13,Stryker,20,na,3,L,6,5.6,na,11:04,6,na,,
2014-Sep,2014-09-13,Stryker,20,na,3,L,7.5,5.6,na,11:08,11,T,,
2014-Sep,2014-09-13,Stryker,20,na,3,R,7.75,5.4,na,11:10,3,T,,
2014-Sep,2014-09-13,Stryker,20,na,3,R,9.75,5.2,na,11:14,17,na,,
2014-Sep,2014-09-13,Stryker,20,na,3,L,10,5.3,na,11:13,12,na,,
2014-Sep,2014-09-13,Stryker,20,na,3,R,14.5,5.1,na,11:58,7,na,,
2014-Sep,2014-09-13,Stryker,20,na,3,L,15,4.9,na,11:58,11,P,,
2014-Sep,2014-09-13,Stryker,20,na,3,L,16.75,5,na,11:59,6,na,,
2014-Sep,2014-09-13,Stryker,20,na,3,L,16.75,5,na,11:59,6,na,,
2014-Sep,2014-09-13,Stryker,20,na,3,R,17,5,na,12:01,8,na,,
2014-Sep,2014-09-13,Stryker,20,na,3,R,19.5,4.6,na,12:03,6,na,,
2014-Sep,2014-09-13,Stryker,20,na,3,R,19.5,4.6,na,12:04,8,na,,
2014-Sep,2014-09-05,Triquet,20,na,3,R,12,5,na,13:08,4,na,no sporo counts,
2014-Sep,2014-09-05,Triquet,20,na,3,R,11,5.6,na,13:02,5,na,,
2014-Sep,2014-09-05,Triquet,20,na,3,L,2,6.1,na,13:02,22,na,no sporo counts,
2014-Sep,2014-09-05,Triquet,20,na,3,L,2.5,6,na,12:58,6,na,Was 595,
2014-Sep,2014-09-05,Triquet,20,na,3,L,0.5,6.3,na,13:13,3,na,,
2014-Sep,2014-09-05,Triquet,20,na,3,R,0.5,6.4,na,13:13,2,na,,
2014-Sep,2014-09-05,Triquet,20,na,3,R,9,5.1,na,13:26,6,na,,
2014-Sep,2014-09-05,Triquet,20,na,3,R,11.25,5.3,na,13:05,2,na,,
2014-Sep,2014-09-05,Triquet,20,na,3,L,19.5,6.7,na,12:54,1,na,,
2014-Sep,2014-09-05,Triquet,20,na,3,L,19.75,6.7,na,12:53,2,na,,
2015-Apr,2015-04-29,Golden,20,na,3,R,4.75,7.3,na,10:10,0,na,no sporo counts,
2015-Apr,2015-04-29,Golden,20,na,3,L,6,7.4,na,10:15,2,na,"Was 844, no sporo counts",
2015-Apr,2015-04-29,Golden,20,na,3,L,15,7.3,na,10:25,1,na,,
2015-Apr,2015-04-29,Golden,20,na,3,R,4,7.4,na,10:14,6,na,,
2015-Apr,2015-04-29,Golden,20,na,3,L,4.5,7.4,na,10:11,2,na,,
2015-Apr,2015-04-29,Golden,20,na,3,L,4.75,7.4,na,10:11,1,na,,
2015-Apr,2015-04-29,Golden,20,na,3,R,5.1,7.3,na,10:16,0,na,,
2015-Apr,2015-04-29,Golden,20,na,3,R,7,7.1,na,10:17,4,P,,
2015-Apr,2015-04-29,Golden,20,na,3,R,7.1,7.1,na,10:19,1,na,,
2015-Apr,2015-04-29,Golden,20,na,3,L,11.5,7.1,na,10:22,3,na,,plant recorded as tangled but estimates of length given
2015-Apr,2015-04-29,Golden,20,na,3,L,15.25,7.3,na,10:15,0,na,,
2015-Apr,2015-04-29,Golden,20,na,3,L,16,7.3,na,10:15,2,na,,
2015-Apr,2015-04-23,Meay,20,na,3,L,3,4.6,na,16:15,1,na,no sporo counts,
2015-Apr,2015-04-23,Meay,20,na,3,L,6.2,4.4,na,16:43,2,na,no sporo counts,
2015-Apr,2015-04-23,Meay,20,na,3,L,15.5,3.7,na,16:04,12,na,,
2015-Apr,2015-04-23,Meay,20,na,3,R,11,4.1,na,16:03,9,na,,
2015-Apr,2015-04-23,Meay,20,na,3,L,10.5,4.1,na,16:08,6,na,Was 803,
2015-Apr,2015-04-23,Meay,20,na,3,L,10.5,4.1,na,16:08,3,na,,
2015-Apr,2015-04-24,Simmonds,20,na,3,R,13,4.1,na,14:41,2,na, used to be 2146 but 2 tags existed with this number,
2015-Apr,2015-04-24,Simmonds,20,na,3,L,11,4.8,na,14:42,0,na,no sporo counts,
2015-Apr,2015-04-24,Simmonds,20,na,3,R,7,4.6,na,14:38,4,na,,
2015-Apr,2015-04-24,Simmonds,20,na,3,L,8,4.8,na,14:40,0,na,,
2015-Apr,2015-04-24,Stryker,20,na,3,R,7.5,5.7,na,11:01,3,na,,
2015-Apr,2015-04-24,Stryker,20,na,3,R,2.5,5.8,na,10:45,6,na,,plant recorded as tangled but estimates of length given
2015-Apr,2015-04-24,Stryker,20,na,3,L,4,6.1,na,10:52,2,na,no sporo counts,
2015-Apr,2015-04-24,Stryker,20,na,3,R,15,5.1,na,11:10,6,na,,plant recorded as tangled but estimates of length given
2015-Apr,2015-04-24,Stryker,20,na,3,L,7.5,5.7,na,11:01,0,na,Was 563,
2015-Apr,2015-04-24,Stryker,20,na,3,R,3,5.7,na,11:01,1,na,,
2015-Apr,2015-04-24,Stryker,20,na,3,L,3.5,6.1,na,10:52,12,na,,
2015-Apr,2015-04-24,Stryker,20,na,3,L,6,5.8,na,10:59,2,na,,
2015-Apr,2015-04-24,Stryker,20,na,3,R,6,5.5,na,11:06,13,na,,plant recorded as tangled but estimates of length given
2015-Apr,2015-04-24,Stryker,20,na,3,L,7.5,5.7,na,11:01,3,na,,
2015-Apr,2015-04-24,Stryker,20,na,3,L,7.5,5.7,na,11:01,14,na,,plant recorded as tangled but estimates of length given
2015-Apr,2015-04-24,Stryker,20,na,3,R,9.5,5.3,na,11:08,4,na,,
2015-Apr,2015-04-24,Stryker,20,na,3,L,9.75,5.2,na,11:11,3,na,,plant recorded as tangled but estimates of length given
2015-Apr,2015-04-24,Stryker,20,na,3,L,9.75,5.2,na,11:11,17,na,,plant recorded as tangled but estimates of length given
2015-Apr,2015-04-24,Stryker,20,na,3,L,15,4.7,na,11:16,4,na,,
2015-Apr,2015-04-24,Stryker,20,na,3,L,17,4.7,na,11:18,4,na,,
2015-Apr,2015-04-24,Stryker,20,na,3,L,17,4.7,na,11:18,4,na,,
2015-Apr,2015-04-24,Stryker,20,na,3,R,19,4.1,na,11:15,1,na,,
2015-Apr,2015-04-23,Triquet,20,na,3,L,2,3.8,na,10:44,15,na,,
2015-Sep,2015-09-12,Triquet,20,na,3,L,14,6,na,10:32,2,na,was 1951,
2015-Apr,2015-04-23,Triquet,20,na,3,L,2.5,4.6,na,12:54,3,na,Was 595,
2015-Apr,2015-04-23,Triquet,20,na,3,R,15.75,4.4,na,12:56,1,na,Was 483,
2015-Apr,2015-04-23,Triquet,20,na,3,R,0.5,4.6,na,10:44,1,na,,
2015-Apr,2015-04-23,Triquet,20,na,3,R,12,3.9,na,10:47,1,na,,
2015-Apr,2015-04-23,Triquet,20,na,3,R,13.5,3.9,na,10:49,1,P,,
2015-Apr,2015-04-23,Triquet,20,na,3,R,15.5,3.9,na,10:53,4,na,,
2015-Apr,2015-04-23,Triquet,20,na,3,R,15.75,4.4,na,12:56,1,na,,
2015-Apr,2015-04-23,Triquet,20,na,3,R,16,4.4,na,12:56,0,na,,
2015-May,2015-05-21,Golden,20,na,3,R,4.75,4.4,na,10:34,1,na,no sporo counts,
2015-May,2015-05-21,Golden,20,na,3,L,6,4.4,na,10:37,3,na,"Was 844, no sporo counts",
2015-May,2015-05-21,Golden,20,na,3,L,15,4.3,na,10:41,2,na,,
2015-May,2015-05-21,Golden,20,na,3,L,4,4.3,na,10:35,2,na,,
2015-May,2015-05-21,Golden,20,na,3,L,5,4.3,na,10:39,2,na,,
2015-May,2015-05-21,Golden,20,na,3,R,5.5,4.4,na,10:36,1,na,,
2015-May,2015-05-21,Golden,20,na,3,R,7,4.2,na,10:31,3,na,,plant recorded as tangled but estimates of length given
2015-May,2015-05-21,Golden,20,na,3,R,7.2,4.2,na,10:32,4,na,,
2015-May,2015-05-21,Golden,20,na,3,L,13.5,4.3,na,10:43,1,na,,
2015-May,2015-05-21,Golden,20,na,3,L,15,4.3,na,10:41,2,na,,
2015-May,2015-05-22,Meay,20,na,3,L,3,3.1,na,9:11,1,na,no sporo counts,
2015-May,2015-05-22,Meay,20,na,3,L,6.2,2.6,na,9:14,1,na,no sporo counts,
2015-May,2015-05-22,Meay,20,na,3,L,15.5,1.8,na,9:25,14,na,,
2015-May,2015-05-22,Meay,20,na,3,R,10,2.5,na,10:00,4,na,no sporo counts,
2015-May,2015-05-22,Meay,20,na,3,R,10,2.5,na,10:11,10,na,,
2015-May,2015-05-22,Meay,20,na,3,L,10.5,2.3,na,9:18,3,na,Was 803,
2015-May,2015-05-22,Meay,20,na,3,L,3,3.1,na,9:11,2,na,,
2015-May,2015-05-22,Meay,20,na,3,L,10.5,2.3,na,9:18,2,na,,
2015-May,2015-05-20,Simmonds,20,na,3,L,19,9.9,na,15:20,0,na,,
2015-May,2015-05-20,Simmonds,20,na,3,R,13,6.3,na,15:15,2,T,,
2015-May,2015-05-20,Simmonds,20,na,3,L,11,6.6,na,15:06,2,na,no sporo counts,
2015-May,2015-05-20,Simmonds,20,na,3,R,7,6.8,na,15:03,6,na,,
2015-May,2015-05-20,Simmonds,20,na,3,L,8,6.8,na,15:04,2,na,,
2015-May,2015-05-20,Simmonds,20,na,3,R,9.8,6.8,na,15:08,4,P,,
2015-May,2015-05-20,Simmonds,20,na,3,R,11.5,6.5,na,15:13,0,na,,
2015-May,2015-05-20,Stryker,20,na,3,R,7.5,5.8,na,11:55,5,T,,
2015-May,2015-05-20,Stryker,20,na,3,R,2.5,5.7,na,11:53,18,na,,plant recorded as tangled but estimates of length given
2015-May,2015-05-20,Stryker,20,na,3,L,4,5.9,na,11:48,3,na,no sporo counts,plant recorded as tangled but estimates of length given
2015-May,2015-05-20,Stryker,20,na,3,R,15,5.8,na,12:54,4,na,,plant recorded as tangled but estimates of length given
2015-May,2015-05-20,Stryker,20,na,3,L,7.5,5.8,na,11:55,15,T,"Was 563, no sporo counts",
2015-May,2015-05-20,Stryker,20,na,3,R,3,5.8,na,12:10,1,na,,
2015-May,2015-05-20,Stryker,20,na,3,R,2.5,5.7,na,12:10,5,na,,plant recorded as tangled but estimates of length given
2015-May,2015-05-20,Stryker,20,na,3,L,3.5,6.1,na,11:52,4,T,,
2015-May,2015-05-20,Stryker,20,na,3,L,3.5,6,na,11:56,19,T,,
2015-May,2015-05-20,Stryker,20,na,3,L,5.5,5,na,11:59,5,T,,
2015-May,2015-05-20,Stryker,20,na,3,L,6,5,na,12:16,5,T,,
2015-May,2015-05-20,Stryker,20,na,3,R,6,5.8,na,12:10,11,na,,plant recorded as tangled but estimates of length given
2015-May,2015-05-20,Stryker,20,na,3,L,7.5,5.7,na,12:06,5,na,,
2015-May,2015-05-20,Stryker,20,na,3,L,7.5,5.1,na,12:12,6,T,,
2015-May,2015-05-20,Stryker,20,na,3,R,9,6.2,na,12:48,2,C,,
2015-May,2015-05-20,Stryker,20,na,3,L,10,5.4,na,12:14,2,T,,
2015-May,2015-05-20,Stryker,20,na,3,L,10,5.2,na,12:05,4,na,,plant recorded as tangled but estimates of length given
2015-May,2015-05-20,Stryker,20,na,3,R,10,6.2,na,12:50,3,na,,plant recorded as tangled but estimates of length given
2015-May,2015-05-20,Stryker,20,na,3,R,10.1,6.2,na,12:50,3,na,,plant recorded as tangled but estimates of length given
2015-May,2015-05-20,Stryker,20,na,3,R,10.1,6.2,na,12:50,3,P,,
2015-May,2015-05-20,Stryker,20,na,3,L,15,5.2,na,12:10,5,T,,
2015-May,2015-05-20,Stryker,20,na,3,L,17,4.8,na,12:12,6,na,,plant recorded as tangled but estimates of length given
2015-May,2015-05-20,Stryker,20,na,3,R,19,6.2,na,12:56,2,na,,
2015-May,2015-05-20,Stryker,20,na,3,L,20,5.6,na,13:03,5,na,,
2016-May,2016-05-22,Triquet,20,AM,3,L,14,na,4,10:30,2,na,"was 1951, plant changed side from R to L",
2015-May,2015-05-22,Triquet,20,na,3,L,2.5,3.6,na,10:54,1,na,Was 595,
2015-May,2015-05-22,Triquet,20,na,3,L,2,3.8,na,10:39,13,T,no sporo counts,
2015-May,2015-05-22,Triquet,20,na,3,R,15.75,3.9,na,10:57,3,na,Was 483,
2015-May,2015-05-22,Triquet,20,na,3,R,13,3.6,na,10:38,2,na,,
2015-May,2015-05-22,Triquet,20,na,3,R,13,3.6,na,10:38,3,na,,
2015-May,2015-05-22,Triquet,20,na,3,R,13,3.25,na,10:38,3,na,,plant recorded as tangled but estimates of length given
2015-May,2015-05-22,Triquet,20,na,3,R,13,3.6,na,10:38,4,na,,plant recorded as tangled but estimates of length given
2015-May,2015-05-22,Triquet,20,na,3,R,15.25,3.8,na,10:50,5,na,,
2015-May,2015-05-22,Triquet,20,na,3,R,15.5,3.8,na,10:50,4,na,,plant recorded as tangled but estimates of length given
2015-May,2015-05-22,Triquet,20,na,3,R,15.5,3.8,na,10:50,4,na,,plant recorded as tangled but estimates of length given
2015-May,2015-05-22,Triquet,20,na,3,R,15.5,3.8,na,10:50,4,P,,
2015-May,2015-05-22,Triquet,20,na,3,R,15.75,3.8,na,10:50,1,na,,
2015-May,2015-05-22,Triquet,20,na,3,R,15.75,3.8,na,10:50,3,na,,
2015-Jun,2015-06-27,Golden,20,na,3,L,6,5.2,na,14:57,2,na,,
2015-Jun,2015-06-27,Golden,20,na,3,R,4.75,6.1,na,14:46,1,na,no sporo counts,
2015-Jun,2015-06-27,Golden,20,na,3,L,15,5.6,na,15:05,0,C,,
2015-Jun,2015-06-27,Golden,20,na,3,L,4,6,na,14:49,2,na,,
2015-Jun,2015-06-27,Golden,20,na,3,L,4.5,6,na,14:51,0,na,,
2015-Jun,2015-06-27,Golden,20,na,3,L,5,6,na,14:52,1,na,,
2015-Jun,2015-06-27,Golden,20,na,3,R,6,6.1,na,14:48,1,na,,
2015-Jun,2015-06-27,Golden,20,na,3,R,6,6.1,na,14:48,2,na,,
2015-Jun,2015-06-27,Golden,20,na,3,R,7,6,na,14:50,6,T,,
2015-Jun,2015-06-27,Golden,20,na,3,R,7.1,6,na,14:50,2,na,,
2015-Jun,2015-06-27,Golden,20,na,3,L,9,5.5,na,15:02,3,P,,
2015-Jun,2015-06-27,Golden,20,na,3,L,15,5.7,na,15:07,2,na,,
2015-Jun,2015-06-29,Meay,20,na,3,L,3,4.3,na,14:47,1,na,no sporo counts,
2015-Jun,2015-06-29,Meay,20,na,3,L,6.2,3.7,na,14:55,3,na,,
2015-Jun,2015-06-29,Meay,20,na,3,L,15.5,3,na,15:02,16,T,,
2015-Jun,2015-06-29,Meay,20,na,3,R,10,3.6,na,14:40,0,C,,
2015-Jun,2015-06-29,Meay,20,na,3,R,10,3.6,na,14:48,9,na,no sporo counts,
2015-Jun,2015-06-29,Meay,20,na,3,L,10.5,3.6,na,14:58,4,T,Was 803,
2015-Jun,2015-06-29,Meay,20,na,3,R,8,3.8,na,14:32,3,na,,
2015-Jun,2015-06-29,Meay,20,na,3,R,8,3.8,na,14:33,4,na,,
2015-Jun,2015-06-29,Meay,20,na,3,R,8,3.8,na,14:31,10,na,,
2015-Jun,2015-06-29,Meay,20,na,3,L,11,3.6,na,14:38,3,na,,
2015-Jun,2015-06-29,Meay,20,na,3,R,15,3.5,na,15:05,1,na,,
2015-Jun,2015-06-29,Meay,20,na,3,L,17,3.4,na,15:04,2,na,,
2015-Jun,2015-06-29,Meay,20,na,3,R,19,3.5,na,15:08,2,na,,
2015-Jun,2015-06-27,Simmonds,20,na,3,R,13,5.4,na,10:29,5,T,no sporo counts,
2015-Jun,2015-06-27,Simmonds,20,na,3,L,11,5.9,na,10:09,3,na,no sporo counts,
2015-Jun,2015-06-27,Simmonds,20,na,3,L,18.25,5.5,na,10:14,2,na,,
2015-Jun,2015-06-27,Simmonds,20,na,3,R,7,5.9,na,10:17,7,T,,
2015-Jun,2015-06-27,Simmonds,20,na,3,L,8,6,na,10:04,5,na,,plant recorded as tangled but estimates of length given
2015-Jun,2015-06-27,Simmonds,20,na,3,R,0,7.8,na,11:04,0,na,,
2015-Jun,2015-06-27,Simmonds,20,na,3,R,0.25,7.2,na,10:36,0,na,,
2015-Jun,2015-06-27,Simmonds,20,na,3,R,3,6.4,na,10:38,2,na,,
2015-Jun,2015-06-27,Simmonds,20,na,3,R,3.5,6.2,na,10:39,5,P,,
2015-Jun,2015-06-27,Simmonds,20,na,3,R,4,6.2,na,10:39,0,na,,
2015-Jun,2015-06-27,Simmonds,20,na,3,R,5,7.2,na,11:05,0,na,,
2015-Jun,2015-06-27,Simmonds,20,na,3,R,5,7.2,na,11:05,0,na,,
2015-Jun,2015-06-27,Simmonds,20,na,3,R,5,7.2,na,11:05,0,na,,
2015-Jun,2015-06-27,Simmonds,20,na,3,R,5,7.2,na,11:05,0,na,,
2015-Jun,2015-06-27,Simmonds,20,na,3,R,5,7.2,na,11:05,0,na,,
2015-Jun,2015-06-27,Simmonds,20,na,3,R,5,7.2,na,11:07,2,na,,
2015-Jun,2015-06-27,Simmonds,20,na,3,L,5.5,6.5,na,10:03,2,na,,
2015-Jun,2015-06-27,Simmonds,20,na,3,R,5.5,7.2,na,11:10,2,na,,
2015-Jun,2015-06-27,Simmonds,20,na,3,R,6,5.8,na,10:11,0,na,,
2015-Jun,2015-06-27,Simmonds,20,na,3,R,7.5,5.8,na,10:18,1,na,,
2015-Jun,2015-06-27,Simmonds,20,na,3,L,8.25,6.2,na,10:08,2,na,,
2015-Jun,2015-06-27,Simmonds,20,na,3,R,9,6,na,10:19,0,na,,
2015-Jun,2015-06-27,Simmonds,20,na,3,R,9.5,6.1,na,10:47,14,T,,plant recorded as tangled but estimates of length given
2015-Jun,2015-06-27,Simmonds,20,na,3,R,10,6.2,na,10:22,4,na,,
2015-Jun,2015-06-27,Simmonds,20,na,3,R,10,6.9,na,11:24,4,na,,
2015-Jun,2015-06-27,Simmonds,20,na,3,R,11,5.3,na,10:25,4,na,,
2015-Jun,2015-06-27,Simmonds,20,na,3,R,12,6.8,na,10:50,8,na,,
2015-Jun,2015-06-27,Simmonds,20,na,3,R,13,6,na,10:52,4,na,,
2015-Jun,2015-06-27,Simmonds,20,na,3,R,13,5.4,na,10:31,11,T,,
2015-Jun,2015-06-27,Simmonds,20,na,3,R,15,6,na,10:52,0,na,,
2015-Jun,2015-06-27,Simmonds,20,na,3,R,15,6,na,10:52,2,na,,
2015-Jun,2015-06-27,Simmonds,20,na,3,R,16,7.2,na,11:02,1,na,,
2015-Jun,2015-06-27,Simmonds,20,na,3,R,16,7.2,na,11:02,2,na,,
2015-Jun,2015-06-27,Simmonds,20,na,3,L,17.75,5.7,na,10:13,0,na,,
2015-Jun,2015-06-27,Simmonds,20,na,3,L,18,5.5,na,10:14,0,na,,
2015-Jun,2015-06-27,Simmonds,20,na,3,R,20,9.1,na,10:33,0,na,,
2015-Jun,2015-06-23,Stryker,20,na,3,R,7.5,6.1,na,14:39,5,na,,
2015-Jun,2015-06-23,Stryker,20,na,3,R,2.5,6.4,na,14:27,16,T,no sporo counts ,
2015-Jun,2015-06-23,Stryker,20,na,3,L,4,6.1,na,14:31,6,na,no sporo counts,
2015-Jun,2015-06-23,Stryker,20,na,3,R,15,5.1,na,14:56,4,na,,
2015-Jun,2015-06-23,Stryker,20,na,3,L,7.5,6.1,na,14:39,16,na,Was 563,
2015-Jun,2015-06-23,Stryker,20,na,3,R,3,6.4,na,14:22,2,na,,
2015-Jun,2015-06-23,Stryker,20,na,3,R,1,6.4,na,14:37,14,T,,
2015-Jun,2015-06-23,Stryker,20,na,3,L,3.5,6.3,na,14:24,4,na,,
2015-Jun,2015-06-23,Stryker,20,na,3,L,3.5,6.3,na,14:24,7,na,,plant recorded as tangled but estimates of length given
2015-Jun,2015-06-23,Stryker,20,na,3,L,3.5,6.3,na,14:24,7,na,,
2015-Jun,2015-06-23,Stryker,20,na,3,R,4.5,6.4,na,14:41,7,P,,
2015-Jun,2015-06-23,Stryker,20,na,3,R,5.5,6.3,na,14:42,12,na,,
2015-Jun,2015-06-23,Stryker,20,na,3,L,6,6.3,na,14:37,5,na,,
2015-Jun,2015-06-23,Stryker,20,na,3,L,7.5,6.1,na,14:39,5,na,,
2015-Jun,2015-06-23,Stryker,20,na,3,L,7.5,6.1,na,14:39,6,na,,
2015-Jun,2015-06-23,Stryker,20,na,3,R,8,5.5,na,14:48,3,na,,
2015-Jun,2015-06-23,Stryker,20,na,3,R,8,5.5,na,14:48,4,na,,
2015-Jun,2015-06-23,Stryker,20,na,3,R,8,5.5,na,14:48,5,na,,plant recorded as tangled but estimates of length given
2015-Jun,2015-06-23,Stryker,20,na,3,L,10,6,na,14:51,4,na,,
2015-Jun,2015-06-23,Stryker,20,na,3,L,10,6,na,14:51,21,T,,
2015-Jun,2015-06-23,Stryker,20,na,3,R,14,5.1,na,15:02,24,P,,
2015-Jun,2015-06-23,Stryker,20,na,3,L,15,5.3,na,14:36,6,T,,
2015-Jun,2015-06-23,Stryker,20,na,3,R,16,5.1,na,15:05,1,na,,
2015-Jun,2015-06-23,Stryker,20,na,3,L,16.5,5.3,na,14:57,7,na,,plant recorded as tangled but estimates of length given
2015-Jun,2015-06-23,Stryker,20,na,3,R,19.5,5,na,15:07,3,na,,
2015-Jun,2015-06-23,Stryker,20,na,3,R,19.5,5,na,15:08,7,na,,
2016-Jun,2016-06-11,Triquet,20,NR,3,L,14,na,4,12:36,2,na,was 1951,
2015-Jun,2015-06-28,Triquet,20,na,3,L,2.5,6,na,9:46,2,na,Was 595,
2015-Jun,2015-06-28,Triquet,20,na,3,L,2,6,na,9:46,17,T,no sporo counts,
2015-Jun,2015-06-28,Triquet,20,na,3,R,15.75,6.1,na,10:05,3,na,Was 483,
2015-Jun,2015-06-28,Triquet,20,na,3,R,0,6.4,na,9:43,2,na,,
2015-Jun,2015-06-28,Triquet,20,na,3,L,2,6,na,9:46,4,T,,
2015-Jun,2015-06-28,Triquet,20,na,3,L,2.5,6,na,9:46,4,T,,
2015-Jun,2015-06-28,Triquet,20,na,3,R,10.5,5.1,na,9:50,4,na,,
2015-Jun,2015-06-28,Triquet,20,na,3,R,11,6,na,9:53,4,na,,
2015-Jun,2015-06-28,Triquet,20,na,3,R,11,6,na,9:51,4,na,,
2015-Jun,2015-06-28,Triquet,20,na,3,R,12,6,na,9:53,4,na,,
2015-Jun,2015-06-28,Triquet,20,na,3,R,12,6,na,9:53,7,na,,
2015-Jun,2015-06-28,Triquet,20,na,3,R,15,6,na,10:01,39,na,,plant recorded as tangled but estimates of length given
2015-Jun,2015-06-28,Triquet,20,na,3,R,16,6.1,na,10:03,0,na,,
2015-Aug,2015-08-07,Golden,20,na,3,L,4,6,na,11:12,2,na,,
2015-Aug,2015-08-07,Golden,20,na,3,R,5.25,5.3,na,11:34,2,P,,
2015-Aug,2015-08-07,Golden,20,na,3,R,12,5.8,na,11:38,2,na,,
2015-Aug,2015-08-07,Golden,20,na,3,R,12,5.8,na,11:38,4,na,,
2015-Aug,2015-08-07,Golden,20,na,3,R,12,5.8,na,11:38,6,T,,
2015-Aug,2015-08-07,Golden,20,na,3,L,15.5,5.9,na,11:09,2,na,,
2016-Aug,2016-08-15,Meay,20,AM,3,L,10.5,na,2,10:30,4,na,,
2015-Aug,2015-08-08,Meay,20,na,3,L,15.5,3.3,na,10:30,7,na,no sporo counts,
2015-Aug,2015-08-08,Meay,20,na,3,R,10,3.6,na,9:40,1,na,,
2015-Aug,2015-08-08,Meay,20,na,3,L,10.5,3.8,na,10:25,3,na,Was 803,
2015-Aug,2015-08-08,Meay,20,na,3,L,6.2,4.2,na,10:12,20,na,,
2015-Aug,2015-08-08,Meay,20,na,3,L,3,4.4,na,10:09,1,na,,
2015-Aug,2015-08-08,Meay,20,na,3,R,7.75,3.9,na,9:35,0,na,,
2015-Aug,2015-08-08,Meay,20,na,3,R,7.75,3.9,na,9:37,3,P,,
2015-Aug,2015-08-08,Meay,20,na,3,R,9.5,3.8,na,9:42,2,na,,
2015-Aug,2015-08-08,Meay,20,na,3,R,17,3.6,na,9:45,5,na,,
2015-Aug,2015-08-09,Simmonds,20,na,3,R,13,5.6,na,11:07,4,na,,
2015-Aug,2015-08-09,Simmonds,20,na,3,L,18.25,5.6,na,11:00,4,na,,
2015-Aug,2015-08-09,Simmonds,20,na,3,R,7,7,na,10:05,11,na,,
2015-Aug,2015-08-09,Simmonds,20,na,3,L,8,6.1,na,11:04,8,na,,
2015-Aug,2015-08-09,Simmonds,20,na,3,L,18,5.6,na,11:01,2,na,,
2015-Aug,2015-08-09,Simmonds,20,na,3,R,0.5,7.6,na,10:49,0,na,,
2015-Aug,2015-08-09,Simmonds,20,na,3,R,0.5,7.6,na,10:49,0,na,,
2015-Aug,2015-08-09,Simmonds,20,na,3,L,5.5,6.6,na,10:01,4,na,,
2015-Aug,2015-08-09,Simmonds,20,na,3,L,6,6.1,na,11:13,0,na,,
2015-Aug,2015-08-09,Simmonds,20,na,3,L,6,6.1,na,11:13,2,na,,
2015-Aug,2015-08-09,Simmonds,20,na,3,L,6,6.6,na,10:01,2,na,,
2015-Aug,2015-08-09,Simmonds,20,na,3,R,6,6.5,na,10:49,1,na,,
2015-Aug,2015-08-09,Simmonds,20,na,3,R,7,5.9,na,11:04,1,C,,
2015-Aug,2015-08-09,Simmonds,20,na,3,R,9,6.2,na,11:04,3,na,,
2015-Aug,2015-08-09,Simmonds,20,na,3,R,10,6.2,na,11:05,6,na,,
2015-Aug,2015-08-09,Simmonds,20,na,3,R,11,5.8,na,11:05,7,na,,
2015-Aug,2015-08-09,Simmonds,20,na,3,R,11.5,5,na,12:23,0,na,,
2015-Aug,2015-08-09,Simmonds,20,na,3,R,14,5,na,12:23,1,na,,
2015-Aug,2015-08-09,Simmonds,20,na,3,R,14,5.3,na,12:25,1,na,,
2015-Aug,2015-08-09,Simmonds,20,na,3,R,14,5.3,na,12:23,21,na,,plant recorded as tangled but estimates of length given
2015-Aug,2015-08-09,Simmonds,20,na,3,R,15,6.7,na,12:25,0,na,,
2015-Aug,2015-08-09,Simmonds,20,na,3,R,15,6.7,na,12:25,0,na,,
2015-Aug,2015-08-09,Simmonds,20,na,3,R,17,8,na,12:25,1,na,,
2015-Aug,2015-08-09,Simmonds,20,na,3,L,18,5.6,na,11:01,2,T,,
2015-Aug,2015-08-09,Simmonds,20,na,3,L,19,7,na,11:01,0,na,,
2015-Aug,2015-08-05,Stryker,20,na,3,R,7.5,5.3,na,11:05,7,na,,
2015-Aug,2015-08-05,Stryker,20,na,3,R,2.5,5.3,na,10:46,17,na,,plant recorded as tangled but estimates of length given
2015-Aug,2015-08-05,Stryker,20,na,3,L,4,5.7,na,10:57,4,na,,
2015-Aug,2015-08-05,Stryker,20,na,3,R,15,4.3,na,11:26,5,na,no sporo counts,
2015-Aug,2015-08-05,Stryker,20,na,3,L,7.5,5.3,na,11:05,19,na,Was 563,plant recorded as tangled but estimates of length given
2015-Aug,2015-08-05,Stryker,20,na,3,R,3,5.3,na,11:08,1,na,,
2015-Aug,2015-08-05,Stryker,20,na,3,L,3.5,5.7,na,10:50,4,na,,
2015-Aug,2015-08-05,Stryker,20,na,3,L,3.5,5.7,na,10:50,6,na,,
2015-Aug,2015-08-05,Stryker,20,na,3,L,3.75,5.7,na,10:50,6,na,,
2015-Aug,2015-08-05,Stryker,20,na,3,L,3.75,5.5,na,10:50,8,T,,
2015-Aug,2015-08-05,Stryker,20,na,3,R,5.5,5.2,na,11:16,16,na,,plant recorded as tangled but estimates of length given
2015-Aug,2015-08-05,Stryker,20,na,3,L,6,5.5,na,11:03,3,na,,plant recorded as tangled but estimates of length given
2015-Aug,2015-08-05,Stryker,20,na,3,L,7.5,5.2,na,11:19,6,na,,plant recorded as tangled but estimates of length given
2015-Aug,2015-08-05,Stryker,20,na,3,L,7.5,5.3,na,11:05,8,na,,plant recorded as tangled but estimates of length given
2015-Aug,2015-08-05,Stryker,20,na,3,R,9.5,4.8,na,11:18,1,na,,
2015-Aug,2015-08-05,Stryker,20,na,3,L,10,5,na,11:26,24,T,,
2015-Aug,2015-08-05,Stryker,20,na,3,R,10,4.8,na,11:20,6,na,,
2015-Aug,2015-08-05,Stryker,20,na,3,L,12,4.6,na,11:27,1,na,,
2015-Aug,2015-08-05,Stryker,20,na,3,L,15,4.5,na,11:28,5,na,,
2015-Aug,2015-08-05,Stryker,20,na,3,L,15,4.5,na,11:28,8,T,,
2015-Aug,2015-08-05,Stryker,20,na,3,R,16,4.3,na,11:26,1,P,,
2015-Aug,2015-08-05,Stryker,20,na,3,L,16.5,4.4,na,11:31,3,na,,
2015-Aug,2015-08-05,Stryker,20,na,3,L,16.5,4.4,na,11:31,8,T,,
2015-Aug,2015-08-05,Stryker,20,na,3,R,19,3.7,na,11:30,4,na,,plant recorded as tangled but estimates of length given
2016-Aug,2016-08-12,Triquet,20,AM,3,L,14,na,4,10:15,2,na,was 1951,
2015-Aug,2015-08-06,Triquet,20,na,3,L,2.5,5.2,na,10:12,3,C,Was 595,
2015-Aug,2015-08-06,Triquet,20,na,3,L,2,5.2,na,10:12,17,na,,
2015-Aug,2015-08-06,Triquet,20,na,3,R,0,5.6,na,10:09,0,C,,
2015-Aug,2015-08-06,Triquet,20,na,3,R,1,5.6,na,10:09,0,na,,
2015-Aug,2015-08-06,Triquet,20,na,3,L,2,4.7,na,10:21,6,C,,
2015-Aug,2015-08-06,Triquet,20,na,3,L,6,5.2,na,10:24,0,na,,
2015-Aug,2015-08-06,Triquet,20,na,3,L,6,5.2,na,10:24,0,na,,
2015-Aug,2015-08-06,Triquet,20,na,3,R,12,4.8,na,10:15,5,na,,
2015-Aug,2015-08-06,Triquet,20,na,3,R,13,4.9,na,10:17,4,na,,
2015-Aug,2015-08-06,Triquet,20,na,3,R,15,4.7,na,10:27,4,na,,plant recorded as tangled but estimates of length given
2015-Aug,2015-08-06,Triquet,20,na,3,R,15,4.7,na,10:25,4,na,,
2015-Aug,2015-08-06,Triquet,20,na,3,R,15,4.7,na,10:29,7,na,,plant recorded as tangled but estimates of length given
2015-Aug,2015-08-06,Triquet,20,na,3,R,15.5,4.7,na,10:35,3,na,,
2015-Sep,2015-09-11,Golden,20,na,3,L,4,7.1,na,10:38,2,C,,
2015-Sep,2015-09-11,Golden,20,na,3,L,12,6.8,na,10:44,2,C,no sporo counts,
2015-Sep,2015-09-11,Golden,20,na,3,R,5,7,na,10:40,2,na,,plant recorded as tangled but estimates of length given
2015-Sep,2015-09-11,Golden,20,na,3,R,7,7,na,10:41,6,P,,
2015-Sep,2015-09-11,Golden,20,na,3,L,16,7,na,10:45,2,na,,plant recorded as tangled but estimates of length given
2016-Sep,2016-09-07,Meay,20,OP,3,L,10.5,na,2,9:45,3,na,,
2015-Sep,2015-09-13,Meay,20,na,3,R,10,2.3,na,9:59,2,na,,
2015-Sep,2015-09-13,Meay,20,na,3,L,10.5,2.3,na,10:03,3,na,Was 803,
2015-Sep,2015-09-13,Meay,20,na,3,L,6.2,2.4,na,9:50,19,na,,plant recorded as tangled but estimates of length given
2015-Sep,2015-09-13,Meay,20,na,3,L,15.5,2,na,10:10,1,na,,
2015-Sep,2015-09-13,Meay,20,na,3,R,8,2.3,na,10:00,2,na,,
2015-Sep,2015-09-13,Meay,20,na,3,R,15,1.9,na,10:09,1,na,,
2015-Sep,2015-09-13,Meay,20,na,3,L,16,2.4,na,10:12,2,na,,
2015-Sep,2015-09-10,Simmonds,20,na,3,R,13,6.6,na,12:58,9,na,no sporo counts,plant recorded as tangled but estimates of length given
2015-Sep,2015-09-10,Simmonds,20,na,3,L,16,6.2,na,13:05,5,na,,plant recorded as tangled but estimates of length given
2015-Sep,2015-09-10,Simmonds,20,na,3,R,7,7,na,11:51,15,na,,plant recorded as tangled but estimates of length given
2015-Sep,2015-09-10,Simmonds,20,na,3,L,8,7,na,12:47,10,na,,plant recorded as tangled but estimates of length given
2015-Sep,2015-09-10,Simmonds,20,na,3,L,14,6.1,na,13:14,3,T,,
2015-Sep,2015-09-10,Simmonds,20,na,3,R,1,9,na,11:47,4,na,,
2015-Sep,2015-09-10,Simmonds,20,na,3,L,6,7,na,11:51,1,na,,
2015-Sep,2015-09-10,Simmonds,20,na,3,L,6,7,na,11:48,2,na,,
2015-Sep,2015-09-10,Simmonds,20,na,3,L,6,7,na,11:50,4,na,,
2015-Sep,2015-09-10,Simmonds,20,na,3,R,12,6.6,na,12:55,16,na,,plant recorded as tangled but estimates of length given
2015-Sep,2015-09-10,Simmonds,20,na,3,R,15,7.1,na,13:08,3,na,,plant recorded as tangled but estimates of length given
2015-Sep,2015-09-10,Simmonds,20,na,3,R,16,8.2,na,13:08,1,na,,
2015-Sep,2015-09-10,Simmonds,20,na,3,R,17,9.1,na,13:11,2,na,,
2015-Sep,2015-09-09,Stryker,20,na,3,R,7.5,8,na,12:50,7,na,Frond loss data messed up for this interval,
2015-Sep,2015-09-09,Stryker,20,na,3,R,2.5,8.3,na,12:36,12,na,Frond loss data messed up for this interval,
2015-Sep,2015-09-09,Stryker,20,na,3,R,15,7.3,na,12:54,7,na,Frond loss data messed up for this interval,
2015-Sep,2015-09-09,Stryker,20,na,3,L,7.5,8,na,12:55,28,na,Was 563,
2015-Sep,2015-09-09,Stryker,20,na,3,R,3,8.2,na,12:43,5,na,Frond loss data messed up for this interval,
2015-Sep,2015-09-09,Stryker,20,na,3,L,5.5,8,na,12:47,5,na,,
2015-Sep,2015-09-09,Stryker,20,na,3,L,10,8,na,13:01,31,T,,
2015-Sep,2015-09-09,Stryker,20,na,3,R,10,8,na,12:52,7,na,,
2015-Sep,2015-09-09,Stryker,20,na,3,L,15,6,na,13:05,16,na,,
2015-Sep,2015-09-09,Stryker,20,na,3,L,16,7,na,13:06,5,na,,
2016-Sep,2016-09-07,Triquet,20,KH,3,L,14,na,4,14:30,2,na,was 1951,
2015-Sep,2015-09-12,Triquet,20,na,3,L,2.5,6,na,10:19,3,na,Was 595,
2015-Sep,2015-09-12,Triquet,20,na,3,L,2,6,na,10:10,18,na,,
2015-Sep,2015-09-12,Triquet,20,na,3,R,5,6,na,10:27,9,na,,plant recorded as tangled but estimates of length given
2017-Aug,2017-08-25,Triquet,20,OP,2,L,10,na,4,10:20,12,na,used to be 1783,
2017-Aug,2017-08-25,Triquet,20,OP,2,L,20,na,4,10:15,7,na,,
2017-Aug,2017-08-25,Triquet,20,NAP,2,L,10,na,4,10:48,12,T,,
2017-Aug,2017-08-25,Triquet,20,NAP,2,L,18,na,4,10:41,8,na,,
2017-Aug,2017-08-25,Triquet,20,NAP,2,L,18,na,4,10:42,4,na,,
2017-Aug,2017-08-25,Triquet,20,OP,3,L,12,na,4,10:40,4,na,,
2017-Aug,2017-08-25,Triquet,20,KH,3,L,1.5,na,4,10:53,6,na,,
2017-Aug,2017-08-25,Triquet,20,KH,3,L,1.6,na,4,10:52,6,T,,
2017-Aug,2017-08-25,Triquet,20,KH,3,L,20,na,4,10:46,6,na,,
2017-Aug,2017-08-25,Triquet,20,OP,1,R,15,na,4,10:05,13,na,,
2017-Aug,2017-08-25,Triquet,20,OP,1,R,0,na,4,9:52,14,na,,
2017-Aug,2017-08-25,Triquet,20,OP,1,R,8,na,4,10:30,3,na,used to be 707,
2017-Aug,2017-08-25,Triquet,20,KH,1,R,10,na,4,10:02,14,na,,
2017-Aug,2017-08-25,Triquet,20,KH,1,R,13,na,4,10:07,5,na,,
2017-Aug,2017-08-25,Triquet,20,KH,1,R,18,na,4,10:10,15,na,,
2017-Aug,2017-08-25,Triquet,20,OP,2,R,17,na,4,10:15,4,na,*Used to be 754,
2017-Aug,2017-08-25,Triquet,20,OP,2,R,1,na,4,10:25,4,na,,
2017-Aug,2017-08-25,Triquet,20,KH,2,R,1.5,na,4,10:35,3,na,,
2017-Aug,2017-08-25,Triquet,20,KH,2,R,1.9,na,4,10:34,6,na,,
2017-Aug,2017-08-25,Triquet,20,KH,2,R,2,na,4,10:33,2,na,,
2017-Aug,2017-08-25,Triquet,20,KH,2,R,2.1,na,4,10:32,4,na,,
2017-Aug,2017-08-25,Triquet,20,KH,2,R,3,na,4,10:31,6,na,,
2017-Aug,2017-08-25,Triquet,20,KH,2,R,3.2,na,4,10:30,4,na,,
2017-Aug,2017-08-25,Triquet,20,KH,2,R,9,na,4,10:29,10,na,,
2017-Aug,2017-08-25,Triquet,20,KH,2,R,9.1,na,4,10:25,5,T,,
2017-Aug,2017-08-25,Triquet,20,KH,2,R,9.9,na,4,10:23,5,na,,
2017-Aug,2017-08-25,Triquet,20,KH,2,R,16.2,na,4,10:22,1,na,,
2017-Aug,2017-08-25,Triquet,20,KH,2,R,17,na,4,10:21,1,na,,
2017-Aug,2017-08-25,Triquet,20,KH,2,R,17.2,na,4,10:20,1,na,,
2017-Aug,2017-08-25,Triquet,20,KH,2,R,19.5,na,4,10:17,10,na,,
2017-Aug,2017-08-25,Triquet,20,OP,3,R,10.5,na,4,11:00,8,na,,
2017-Aug,2017-08-25,Triquet,20,OP,3,R,13.5,na,4,10:50,7,na,used to be 104,
2017-Aug,2017-08-25,Triquet,20,OP,3,R,1,na,4,10:35,37,T,,
2017-Aug,2017-08-25,Triquet,20,KH,3,R,13.9,na,4,10:39,16,na,,
2017-Aug,2017-08-25,Triquet,20,KH,3,R,18.9,na,4,10:44,1,na,,
2017-Aug,2017-08-26,Westbeach,20,OP,1,L,12,na,2,10:00,13,na,,
2017-Aug,2017-08-26,Westbeach,20,OP,1,L,15,na,2,10:00,3,na,,
2017-Aug,2017-08-26,Westbeach,20,KH,1,L,4.2,na,2,10:00,2,na,rounded up times and depths,
2017-Aug,2017-08-26,Westbeach,20,KH,1,L,5.5,na,2,10:00,3,na,rounded up times and depths,
2017-Aug,2017-08-26,Westbeach,20,KH,1,L,5.6,na,2,10:00,4,na,rounded up times and depths,
2017-Aug,2017-08-26,Westbeach,20,KH,1,L,9.8,na,2,10:00,6,na,rounded up times and depths,
2017-Aug,2017-08-26,Westbeach,20,KH,1,L,9.9,na,2,10:00,5,na,rounded up times and depths,
2017-Aug,2017-08-26,Westbeach,20,KH,1,L,11.5,na,2,10:00,1,na,rounded up times and depths,
2017-Aug,2017-08-26,Westbeach,20,KH,1,L,12.1,na,2,10:00,7,na,rounded up times and depths,
2017-Aug,2017-08-26,Westbeach,20,KH,1,L,12.2,na,2,10:00,2,na,rounded up times and depths,
2017-Aug,2017-08-26,Westbeach,20,KH,1,L,12.3,na,2,10:00,5,na,rounded up times and depths,
2017-Aug,2017-08-26,Westbeach,20,KH,1,L,15.5,na,2,10:00,7,na,rounded up times and depths,
2017-Aug,2017-08-26,Westbeach,20,KH,1,L,15.7,na,2,10:00,2,na,rounded up times and depths,
2017-Aug,2017-08-26,Westbeach,20,OP,2,L,6,na,2,10:00,4,na,,
2017-Aug,2017-08-26,Westbeach,20,OP,2,L,1,na,2,10:00,2,na,used to be 144,
2017-Aug,2017-08-26,Westbeach,20,OP,2,L,1,na,2,10:00,6,na,rounded up times and depths,
2017-Aug,2017-08-26,Westbeach,20,OP,2,L,5,na,2,10:00,3,na,rounded up times and depths,
2017-Aug,2017-08-26,Westbeach,20,OP,2,L,5,na,2,10:00,5,na,rounded up times and depths,
2017-Aug,2017-08-26,Westbeach,20,OP,2,L,5,na,2,10:00,4,na,rounded up times and depths,
2017-Aug,2017-08-26,Westbeach,20,OP,2,L,5,na,2,10:00,2,na,rounded up times and depths,
2017-Aug,2017-08-26,Westbeach,20,OP,2,L,11,na,2,10:00,3,na,rounded up times and depths,
2017-Aug,2017-08-26,Westbeach,20,OP,2,L,11,na,2,10:00,1,na,rounded up times and depths,
2017-Aug,2017-08-26,Westbeach,20,OP,2,L,11,na,2,10:00,9,na,rounded up times and depths,
2017-Aug,2017-08-26,Westbeach,20,KH,2,L,11.8,na,2,10:00,7,na,rounded up times and depths,
2017-Aug,2017-08-26,Westbeach,20,KH,2,L,11.9,na,2,10:00,7,na,rounded up times and depths,
2017-Aug,2017-08-26,Westbeach,20,KH,2,L,12,na,2,10:00,15,na,rounded up times and depths,
2017-Aug,2017-08-26,Westbeach,20,KH,2,L,12.1,na,2,10:00,4,na,rounded up times and depths,
2017-Aug,2017-08-26,Westbeach,20,KH,2,L,12.2,na,2,10:00,4,na,rounded up times and depths,
2017-Aug,2017-08-26,Westbeach,20,KH,2,L,12.3,na,2,10:00,10,na,rounded up times and depths,
2017-Aug,2017-08-26,Westbeach,20,KH,2,L,12.8,na,2,10:00,16,na,rounded up times and depths,
2017-Aug,2017-08-26,Westbeach,20,KH,3,L,2.1,na,2,10:00,8,na,rounded up times and depths,
2017-Aug,2017-08-26,Westbeach,20,KH,3,L,2.5,na,2,10:00,5,na,rounded up times and depths,
2017-Aug,2017-08-26,Westbeach,20,KH,3,L,2.6,na,2,10:00,19,na,rounded up times and depths,
2017-Aug,2017-08-26,Westbeach,20,KH,3,L,3,na,2,10:00,7,na,rounded up times and depths,
2017-Aug,2017-08-26,Westbeach,20,KH,3,L,3.1,na,2,10:00,5,na,rounded up times and depths,
2017-Aug,2017-08-26,Westbeach,20,KH,3,L,3.9,na,2,10:00,15,na,rounded up times and depths,
2017-Aug,2017-08-26,Westbeach,20,KH,3,L,4,na,2,10:00,12,na,rounded up times and depths,
2017-Aug,2017-08-26,Westbeach,20,KH,3,L,4.1,na,2,10:00,8,na,rounded up times and depths,
2017-Aug,2017-08-26,Westbeach,20,KH,3,L,4.2,na,2,10:00,2,na,rounded up times and depths,
2017-Aug,2017-08-26,Westbeach,20,KH,3,L,4.6,na,2,10:00,18,na,rounded up times and depths,
2017-Aug,2017-08-26,Westbeach,20,KH,3,L,5,na,2,10:00,4,na,rounded up times and depths,
2017-Aug,2017-08-26,Westbeach,20,KH,3,L,7.5,na,2,10:00,1,na,rounded up times and depths,
2017-Aug,2017-08-26,Westbeach,20,KH,3,L,7.6,na,2,10:00,11,na,rounded up times and depths,
2017-Aug,2017-08-26,Westbeach,20,KH,3,L,10.4,na,2,10:00,3,na,rounded up times and depths,
2017-Aug,2017-08-26,Westbeach,20,KH,3,L,10.5,na,2,10:00,2,na,rounded up times and depths,
2017-Aug,2017-08-26,Westbeach,20,KH,3,L,11,na,2,10:00,4,na,rounded up times and depths,
2017-Aug,2017-08-26,Westbeach,20,KH,3,L,11.5,na,2,10:00,3,na,rounded up times and depths,
2017-Aug,2017-08-26,Westbeach,20,KH,3,L,11.7,na,2,10:00,3,na,rounded up times and depths,
2017-Aug,2017-08-26,Westbeach,20,KH,3,L,11.8,na,2,10:00,5,na,rounded up times and depths,
2017-Aug,2017-08-26,Westbeach,20,KH,3,L,12,na,2,10:00,2,na,rounded up times and depths,
2017-Aug,2017-08-26,Westbeach,20,KH,3,L,12.2,na,2,10:00,8,na,rounded up times and depths,
2017-Aug,2017-08-26,Westbeach,20,KH,3,L,13,na,2,10:00,14,P,rounded up times and depths,
2017-Aug,2017-08-26,Westbeach,20,KH,3,L,15,na,2,10:00,16,na,rounded up times and depths,
2017-Aug,2017-08-26,Westbeach,20,KH,3,L,15.1,na,2,10:00,10,na,rounded up times and depths,
2017-Aug,2017-08-26,Westbeach,20,KH,3,L,17.2,na,2,10:00,6,na,rounded up times and depths,
2017-Aug,2017-08-26,Westbeach,20,KH,3,L,17.3,na,2,10:00,4,na,rounded up times and depths,
2017-Aug,2017-08-26,Westbeach,20,KH,3,L,17.9,na,2,10:00,32,na,rounded up times and depths,
2017-Aug,2017-08-26,Westbeach,20,OP,1,R,12.5,na,2,10:00,18,na,,
2017-Aug,2017-08-26,Westbeach,20,OP,1,R,1.5,na,2,10:00,1,na,*Used to be 1758,
2017-Aug,2017-08-26,Westbeach,20,BMM,1,R,3,na,2,10:00,5,na,rounded up times and depths,
2017-Aug,2017-08-26,Westbeach,20,BMM,1,R,4,na,2,10:00,2,na,rounded up times and depths,
2017-Aug,2017-08-26,Westbeach,20,BMM,1,R,4,na,2,10:00,5,na,rounded up times and depths,
2017-Aug,2017-08-26,Westbeach,20,BMM,1,R,4,na,2,10:00,2,na,rounded up times and depths,
2017-Aug,2017-08-26,Westbeach,20,BMM,1,R,4,na,2,10:00,2,na,rounded up times and depths,
2017-Aug,2017-08-26,Westbeach,20,BMM,1,R,4,na,2,10:00,1,na,rounded up times and depths,
2017-Aug,2017-08-26,Westbeach,20,BMM,1,R,4,na,2,10:00,3,na,rounded up times and depths,
2017-Aug,2017-08-26,Westbeach,20,BMM,1,R,4,na,2,10:00,2,na,rounded up times and depths,
2017-Aug,2017-08-26,Westbeach,20,BMM,1,R,4,na,2,10:00,3,na,rounded up times and depths,
2017-Aug,2017-08-26,Westbeach,20,BMM,1,R,5,na,2,10:00,5,na,rounded up times and depths,
2017-Aug,2017-08-26,Westbeach,20,BMM,1,R,5,na,2,10:00,1,na,rounded up times and depths,
2017-Aug,2017-08-26,Westbeach,20,BMM,1,R,6,na,2,10:00,5,na,rounded up times and depths,
2017-Aug,2017-08-26,Westbeach,20,BMM,1,R,6,na,2,10:00,2,na,rounded up times and depths,
2017-Aug,2017-08-26,Westbeach,20,BMM,1,R,6,na,2,10:00,3,na,rounded up times and depths,
2017-Aug,2017-08-26,Westbeach,20,BMM,1,R,13,na,2,10:00,4,na,rounded up times and depths,
2017-Aug,2017-08-26,Westbeach,20,BMM,1,R,13,na,2,10:00,1,na,rounded up times and depths,
2017-Aug,2017-08-26,Westbeach,20,BMM,1,R,13,na,2,10:00,5,na,rounded up times and depths,
2017-Aug,2017-08-26,Westbeach,20,BMM,1,R,13,na,2,10:00,5,na,rounded up times and depths,
2017-Aug,2017-08-26,Westbeach,20,BMM,1,R,15,na,2,10:00,3,na,rounded up times and depths,
2017-Aug,2017-08-26,Westbeach,20,BMM,1,R,16,na,2,10:00,8,na,rounded up times and depths,
2017-Aug,2017-08-26,Westbeach,20,BMM,1,R,16,na,2,10:00,2,na,rounded up times and depths,
2017-Aug,2017-08-26,Westbeach,20,BMM,1,R,17,na,2,10:00,8,na,rounded up times and depths,
2017-Aug,2017-08-26,Westbeach,20,BMM,1,R,17,na,2,10:00,3,na,rounded up times and depths,
2017-Aug,2017-08-26,Westbeach,20,BMM,1,R,17,na,2,10:00,1,na,rounded up times and depths,
2017-Aug,2017-08-26,Westbeach,20,BMM,1,R,17,na,2,10:00,4,na,rounded up times and depths,
2017-Aug,2017-08-26,Westbeach,20,OP,2,R,2,na,2,10:00,5,na,used to be 116,
2017-Aug,2017-08-26,Westbeach,20,OP,2,L,12,na,2,10:00,5,na,changed to R side,
2017-Aug,2017-08-26,Westbeach,20,OP,2,R,8,na,2,10:00,13,na,,
2017-Aug,2017-08-26,Westbeach,20,BMM,2,R,2,na,2,10:00,3,na,rounded up times and depths,
2017-Aug,2017-08-26,Westbeach,20,BMM,2,R,2,na,2,10:00,2,na,rounded up times and depths,
2017-Aug,2017-08-26,Westbeach,20,BMM,2,R,9,na,2,10:00,2,na,rounded up times and depths,
2017-Aug,2017-08-26,Westbeach,20,BMM,2,R,9,na,2,10:00,2,na,rounded up times and depths,
2017-Aug,2017-08-26,Westbeach,20,BMM,2,R,9,na,2,10:00,6,na,rounded up times and depths,
2017-Aug,2017-08-26,Westbeach,20,BMM,2,R,9,na,2,10:00,7,na,rounded up times and depths,
2017-Aug,2017-08-26,Westbeach,20,BMM,2,R,9,na,2,10:00,8,na,rounded up times and depths,
2017-Aug,2017-08-26,Westbeach,20,BMM,2,R,11,na,2,10:00,10,na,rounded up times and depths,
2017-Aug,2017-08-26,Westbeach,20,BMM,2,R,11,na,2,10:00,4,na,rounded up times and depths,
2017-Aug,2017-08-26,Westbeach,20,BMM,2,R,11,na,2,10:00,10,na,rounded up times and depths,
2017-Aug,2017-08-26,Westbeach,20,BMM,2,R,11,na,2,10:00,5,na,rounded up times and depths,
2017-Aug,2017-08-26,Westbeach,20,BMM,2,R,11,na,2,10:00,3,na,rounded up times and depths,
2017-Aug,2017-08-26,Westbeach,20,BMM,2,R,11,na,2,10:00,5,na,rounded up times and depths,
2017-Aug,2017-08-26,Westbeach,20,BMM,2,R,12,na,2,10:00,4,na,rounded up times and depths,
2017-Aug,2017-08-26,Westbeach,20,BMM,2,R,12,na,2,10:00,3,na,rounded up times and depths,
2017-Aug,2017-08-26,Westbeach,20,BMM,2,R,12,na,2,10:00,2,na,rounded up times and depths,
2017-Aug,2017-08-26,Westbeach,20,BMM,2,R,13,na,2,10:00,6,na,rounded up times and depths,
2017-Aug,2017-08-26,Westbeach,20,BMM,2,R,13,na,2,10:00,5,na,rounded up times and depths,
2017-Aug,2017-08-26,Westbeach,20,OP,3,R,7.5,na,2,10:00,5,na,,
2017-Aug,2017-08-26,Westbeach,20,OP,3,R,13,na,2,10:00,4,na,,
2017-Aug,2017-08-26,Westbeach,20,OP,3,R,13,na,2,10:00,3,na,,
2017-Aug,2017-08-26,Westbeach,20,OP,3,R,4,na,2,10:00,10,na,,
2017-Aug,2017-08-26,Westbeach,20,OP,3,R,3,na,2,10:00,9,na,,
2017-Aug,2017-08-26,Westbeach,20,BMM,3,R,7,na,2,10:00,2,na,rounded up times and depths,
2017-Aug,2017-08-26,Westbeach,20,BMM,3,R,7,na,2,10:00,2,na,rounded up times and depths,
2017-Aug,2017-08-26,Westbeach,20,BMM,3,R,8,na,2,10:00,1,na,rounded up times and depths,
2017-Aug,2017-08-26,Westbeach,20,BMM,3,R,8,na,2,10:00,5,na,rounded up times and depths,
2017-Aug,2017-08-26,Westbeach,20,BMM,3,R,8,na,2,10:00,2,na,rounded up times and depths,
2017-Aug,2017-08-26,Westbeach,20,BMM,3,R,8,na,2,10:00,3,na,rounded up times and depths,
2017-Aug,2017-08-26,Westbeach,20,BMM,3,R,8,na,2,10:00,2,na,rounded up times and depths,
2017-Aug,2017-08-26,Westbeach,20,BMM,3,R,13,na,2,10:00,2,na,rounded up times and depths,
2017-Aug,2017-08-26,Westbeach,20,BMM,3,R,13,na,2,10:00,2,na,rounded up times and depths,
2017-Aug,2017-08-26,Westbeach,20,BMM,3,R,13,na,2,10:00,3,na,rounded up times and depths,
2017-Aug,2017-08-25,Womanley,20,OP,1,L,7.5,na,5,13:30,4,T,was 124,
2017-Aug,2017-08-25,Womanley,20,OP,1,L,2.5,na,5,13:30,8,T,,
2017-Aug,2017-08-25,Womanley,20,NAP,1,L,0.5,na,5,13:54,3,na,,
2017-Aug,2017-08-25,Womanley,20,NAP,1,L,0.5,na,5,13:55,9,T,,
2017-Aug,2017-08-25,Womanley,20,NAP,1,L,3,na,5,13:58,4,na,,
2017-Aug,2017-08-25,Womanley,20,NAP,1,L,7,na,5,14:02,6,na,,
2017-Aug,2017-08-25,Womanley,20,NAP,1,L,7,na,5,14:03,2,T,,
2017-Aug,2017-08-25,Womanley,20,NAP,1,L,7.5,na,5,14:05,6,na,,
2017-Aug,2017-08-25,Womanley,20,NAP,1,L,7.5,na,5,14:08,3,na,,
2017-Aug,2017-08-25,Womanley,20,NAP,1,L,7.5,na,5,14:09,2,na,,
2017-Aug,2017-08-25,Womanley,20,NAP,1,L,11,na,5,14:10,1,na,,
2017-Aug,2017-08-25,Womanley,20,OP,2,L,16.5,na,5,13:30,6,na,,
2017-Aug,2017-08-25,Womanley,20,OP,2,L,14,na,5,13:30,4,na,,
2017-Aug,2017-08-25,Womanley,20,NAP,2,L,8.5,na,5,13:49,2,na,,
2017-Aug,2017-08-25,Womanley,20,NAP,2,L,10,na,5,13:47,3,na,,
2017-Aug,2017-08-25,Womanley,20,NAP,2,L,10,na,5,13:48,1,na,,
2017-Aug,2017-08-25,Womanley,20,NAP,2,L,10,na,5,13:48,1,na,,
2017-Aug,2017-08-25,Womanley,20,NAP,2,L,10,na,5,13:48,1,na,,
2017-Aug,2017-08-25,Womanley,20,NAP,2,L,11,na,5,13:44,4,na,,
2017-Aug,2017-08-25,Womanley,20,NAP,2,L,11,na,5,13:45,4,na,,
2017-Aug,2017-08-25,Womanley,20,NAP,2,L,11,na,5,13:46,3,na,,
2017-Aug,2017-08-25,Womanley,20,NAP,2,L,12.5,na,5,13:43,2,na,,
2017-Aug,2017-08-25,Womanley,20,NAP,2,L,14,na,5,13:41,4,na,,
2017-Aug,2017-08-25,Womanley,20,NAP,2,L,14,na,5,13:41,1,na,,
2017-Aug,2017-08-25,Womanley,20,NAP,2,L,15,na,5,13:40,5,na,,
2017-Aug,2017-08-25,Womanley,20,NAP,2,L,15,na,5,13:40,1,na,,
2017-Aug,2017-08-25,Womanley,20,NAP,2,L,16,na,5,13:38,2,na,,
2017-Aug,2017-08-25,Womanley,20,NAP,2,L,17.5,na,5,13:38,2,na,,
2017-Aug,2017-08-25,Womanley,20,OP,3,L,13,na,5,13:30,6,na,,
2017-Aug,2017-08-25,Womanley,20,NAP,3,L,2,na,5,13:07,1,na,,
2017-Aug,2017-08-25,Womanley,20,NAP,3,L,8,na,5,13:10,3,na,,
2017-Aug,2017-08-25,Womanley,20,NAP,3,L,8,na,5,13:17,4,na,,
2017-Aug,2017-08-25,Womanley,20,NAP,3,L,11.5,na,5,13:23,4,na,,
2017-Aug,2017-08-25,Womanley,20,NAP,3,L,11.5,na,5,13:24,5,na,,
2017-Aug,2017-08-25,Womanley,20,NAP,3,L,11.5,na,5,13:27,2,na,,
2017-Aug,2017-08-25,Womanley,20,NAP,3,L,12,na,5,13:29,4,na,,
2017-Aug,2017-08-25,Womanley,20,NAP,3,L,12,na,5,13:31,4,na,,
2017-Aug,2017-08-25,Womanley,20,NAP,3,L,12,na,5,13:35,6,T,,
2017-Aug,2017-08-25,Womanley,20,NAP,3,L,12,na,5,13:35,5,na,,
2017-Aug,2017-08-25,Womanley,20,OP,1,R,20,na,5,13:30,8,na,could have been 104 or 105 at some point,
2017-Aug,2017-08-25,Womanley,20,OP,1,R,13.7,na,5,13:30,13,na,,
2017-Aug,2017-08-25,Womanley,20,OP,1,R,5.2,na,5,13:30,4,na,,
2017-Aug,2017-08-25,Womanley,20,KH,1,R,3.2,na,5,13:40,15,na,,
2017-Aug,2017-08-25,Womanley,20,KH,1,R,4,na,5,13:43,7,na,,
2017-Aug,2017-08-25,Womanley,20,KH,1,R,9,na,5,13:45,9,P,,
2017-Aug,2017-08-25,Womanley,20,KH,1,R,12.9,na,5,13:51,15,na,,
2017-Aug,2017-08-25,Womanley,20,KH,1,R,13,na,5,13:53,10,na,,
2017-Aug,2017-08-25,Womanley,20,KH,1,R,14,na,5,13:56,23,na,,
2017-Aug,2017-08-25,Womanley,20,KH,1,R,15,na,5,13:59,7,na,,
2017-Aug,2017-08-25,Womanley,20,KH,1,R,19,na,5,13:48,11,na,,
2017-Aug,2017-08-25,Womanley,20,OP,2,R,8,na,5,13:30,5,na,,
2017-Aug,2017-08-25,Womanley,20,OP,2,R,10.6,na,5,13:30,9,na,,
2017-Aug,2017-08-25,Womanley,20,KH,2,R,0.5,na,5,13:38,2,na,,
2017-Aug,2017-08-25,Womanley,20,KH,2,R,3,na,5,13:37,2,na,,
2017-Aug,2017-08-25,Womanley,20,KH,2,R,4,na,5,13:36,1,na,,
2017-Aug,2017-08-25,Womanley,20,KH,2,R,7.5,na,5,13:35,1,na,,
2017-Aug,2017-08-25,Womanley,20,KH,2,R,15,na,5,13:31,4,P,,
2017-Aug,2017-08-25,Womanley,20,KH,2,R,16.5,na,5,13:31,1,na,,
2017-Aug,2017-08-25,Womanley,20,KH,2,R,20,na,5,13:28,17,na,,
2017-Aug,2017-08-25,Womanley,20,OP,3,R,10.5,na,5,13:30,10,na,,
2017-Aug,2017-08-25,Womanley,20,KH,3,R,0.5,na,5,13:05,11,T,,
2017-Aug,2017-08-25,Womanley,20,KH,3,R,0.6,na,5,13:10,17,T,,
2017-Aug,2017-08-25,Womanley,20,KH,3,R,2.1,na,5,13:15,2,na,,
2017-Aug,2017-08-25,Womanley,20,KH,3,R,9.9,na,5,13:17,5,na,,
2017-Aug,2017-08-25,Womanley,20,KH,3,R,10,na,5,13:19,5,na,,
2017-Aug,2017-08-25,Womanley,20,KH,3,R,16.8,na,5,13:20,5,na,,
2017-Aug,2017-08-25,Womanley,20,KH,3,R,16.9,na,5,13:22,5,na,,
2017-Aug,2017-08-25,Womanley,20,KH,3,R,16.9,na,5,13:21,25,P,,
2017-Aug,2017-08-25,Womanley,20,KH,3,R,17,na,5,13:23,5,na,,
2017-Aug,2017-08-25,Womanley,20,KH,3,R,17.1,na,5,13:24,3,na,,
2017-Aug,2017-08-25,Womanley,20,KH,3,R,17.2,na,5,13:25,2,na,,
2017-Nov,2017-11-19,Triquet,20,DVM,1,L,14.2,na,4,11:49,3,na,,
2017-Nov,2017-11-19,Triquet,20,DVM,1,L,3.25,na,4,11:41,4,C,,
2017-Nov,2017-11-19,Triquet,20,BMM,1,L,0,na,4,11:02,6,na,,
2017-Nov,2017-11-19,Triquet,20,BMM,1,L,15,na,4,11:06,1,na,,
2017-Nov,2017-11-19,Triquet,20,BMM,1,L,15,na,4,11:07,7,na,,
2017-Nov,2017-11-19,Triquet,20,BMM,1,L,18,na,4,11:09,1,na,,
2017-Nov,2017-11-19,Triquet,20,BMM,1,L,18,na,4,11:10,3,na,,
2017-Nov,2017-11-19,Triquet,20,BMM,1,L,18,na,4,11:11,6,na,,
2017-Nov,2017-11-19,Triquet,20,DVM,2,L,10,na,4,11:27,27,na,used to be 1783,
2017-Nov,2017-11-19,Triquet,20,DVM,2,L,20,na,4,11:19,8,na,,
2017-Nov,2017-11-19,Triquet,20,BMM,2,L,2,na,4,11:29,5,na,,
2017-Nov,2017-11-19,Triquet,20,BMM,2,L,3,na,4,11:27,2,na,,
2017-Nov,2017-11-19,Triquet,20,BMM,2,L,3,na,4,11:28,2,na,,
2017-Nov,2017-11-19,Triquet,20,BMM,2,L,10,na,4,11:22,3,na,,
2017-Nov,2017-11-19,Triquet,20,BMM,2,L,10,na,4,11:24,4,na,,
2017-Nov,2017-11-19,Triquet,20,BMM,2,L,10,na,4,11:25,3,na,,
2017-Nov,2017-11-19,Triquet,20,BMM,2,L,10,na,4,11:26,2,na,,
2017-Nov,2017-11-19,Triquet,20,BMM,2,L,16,na,4,11:21,1,na,,
2017-Nov,2017-11-19,Triquet,20,BMM,2,L,17,na,4,11:20,8,na,,
2017-Nov,2017-11-19,Triquet,20,ZM,2,L,19,na,4,11:38,10,na,,
2017-Nov,2017-11-19,Triquet,20,BMM,2,L,20,na,4,11:19,8,na,,
2017-Nov,2017-11-19,Triquet,20,DVM,3,L,12,na,4,11:06,4,na,,
2017-Nov,2017-11-19,Triquet,20,ZM,3,L,1.5,na,4,11:18,3,na,,
2017-Nov,2017-11-19,Triquet,20,ZM,3,L,1.5,na,4,11:20,5,na,,
2017-Nov,2017-11-19,Triquet,20,ZM,3,L,20,na,4,11:34,4,na,,
2017-Nov,2017-11-19,Triquet,20,DVM,1,R,15,na,4,11:50,15,na,,
2017-Nov,2017-11-19,Triquet,20,DVM,1,R,0,na,4,11:53,12,na,,
2017-Nov,2017-11-19,Triquet,20,DVM,1,R,8,na,4,11:45,3,C,used to be 707,
2017-Nov,2017-11-19,Triquet,20,BMM,1,R,10,na,4,11:04,7,na,,
2017-Nov,2017-11-19,Triquet,20,BMM,1,R,10,na,4,11:05,5,na,,
2017-Nov,2017-11-19,Triquet,20,BMM,1,R,15,na,4,11:08,6,na,,
2017-Nov,2017-11-19,Triquet,20,BMM,1,R,18,na,4,11:17,6,na,,
2017-Nov,2017-11-19,Triquet,20,BMM,1,R,18,na,4,11:19,8,na,,
2017-Nov,2017-11-19,Triquet,20,DVM,2,R,1,na,4,11:30,5,na,,
2017-Nov,2017-11-19,Triquet,20,DVM,2,R,17,na,4,11:24,4,na,*Used to be 754,
2017-Nov,2017-11-19,Triquet,20,DVM,3,R,13.5,na,4,11:15,5,na,used to be 104,
2017-Nov,2017-11-19,Triquet,20,DVM,3,R,1,na,4,11:03,21,na,,
2017-Nov,2017-11-19,Triquet,20,ZM,3,R,1.5,na,4,11:22,4,na,,
2017-Nov,2017-11-19,Triquet,20,ZM,3,R,13.5,na,4,11:26,14,na,,
2017-Nov,2017-11-19,Triquet,20,ZM,3,R,13.5,na,4,11:27,8,na,,
2017-Nov,2017-11-19,Triquet,20,BMM,1,R,18,na,4,11:18,7,na,,
2017-Nov,2017-11-19,Triquet,20,DVM,3,R,10.5,na,4,11:10,10,na,,
2017-Nov,2017-11-17,Westbeach,20,DVM,1,L,12,na,2,10:46,18,na,,
2017-Nov,2017-11-17,Westbeach,20,DVM,1,L,15,na,2,11:10,7,na,,
2017-Nov,2017-11-17,Westbeach,20,ZM,1,L,5.5,na,2,11:21,4,na,,
2017-Nov,2017-11-17,Westbeach,20,ZM,1,L,10,na,2,11:05,5,na,,
2017-Nov,2017-11-17,Westbeach,20,ZM,1,L,10,na,2,11:05,5,na,,
2017-Nov,2017-11-17,Westbeach,20,ZM,1,L,10,na,2,11:05,1,na,,
2017-Nov,2017-11-17,Westbeach,20,ZM,1,L,10,na,2,11:05,2,na,,
2017-Nov,2017-11-17,Westbeach,20,DVM,2,L,6,na,2,11:26,9,na,,
2017-Nov,2017-11-17,Westbeach,20,DVM,2,L,1,na,2,11:20,7,na,used to be 144,
2017-Nov,2017-11-17,Westbeach,20,BMM,2,L,1,na,2,11:30,5,na,,
2017-Nov,2017-11-17,Westbeach,20,DVM,3,L,12,na,2,11:40,4,na,used to be 1990,
2017-Nov,2017-11-17,Westbeach,20,BMM,3,L,2,na,2,11:30,2,na,,
2017-Nov,2017-11-17,Westbeach,20,BMM,3,L,2,na,2,11:30,4,na,,
2017-Nov,2017-11-17,Westbeach,20,BMM,3,L,3,na,2,11:30,9,na,,
2017-Nov,2017-11-17,Westbeach,20,BMM,3,L,3,na,2,11:30,3,na,,
2017-Nov,2017-11-17,Westbeach,20,BMM,3,L,4,na,2,11:30,4,na,,
2017-Nov,2017-11-17,Westbeach,20,BMM,3,L,4,na,2,11:30,5,na,,
2017-Nov,2017-11-17,Westbeach,20,BMM,3,L,4,na,2,11:30,3,na,,
2017-Nov,2017-11-17,Westbeach,20,BMM,3,L,5,na,2,11:30,3,na,,
2017-Nov,2017-11-17,Westbeach,20,BMM,3,L,5,na,2,11:30,6,na,,
2017-Nov,2017-11-17,Westbeach,20,BMM,3,L,5,na,2,11:30,3,na,,
2017-Nov,2017-11-17,Westbeach,20,BMM,3,L,5,na,2,11:30,2,na,,
2017-Nov,2017-11-17,Westbeach,20,BMM,3,L,5,na,2,11:30,2,na,,
2017-Nov,2017-11-17,Westbeach,20,BMM,3,L,10,na,2,11:30,2,na,,
2017-Nov,2017-11-17,Westbeach,20,BMM,3,L,10,na,2,11:30,2,na,,
2017-Nov,2017-11-17,Westbeach,20,BMM,3,L,10,na,2,11:30,2,na,,
2017-Nov,2017-11-17,Westbeach,20,BMM,3,L,11,na,2,11:30,3,na,,
2017-Nov,2017-11-17,Westbeach,20,BMM,3,L,12,na,2,11:30,5,na,,
2017-Nov,2017-11-17,Westbeach,20,BMM,3,L,12,na,2,11:30,2,na,,
2017-Nov,2017-11-17,Westbeach,20,BMM,3,L,12,na,2,11:30,6,na,,
2017-Nov,2017-11-17,Westbeach,20,BMM,3,L,12,na,2,11:30,3,na,,
2017-Nov,2017-11-17,Westbeach,20,BMM,3,L,15,na,2,11:30,1,na,,
2017-Nov,2017-11-17,Westbeach,20,BMM,3,L,15,na,2,11:30,4,na,,
2017-Nov,2017-11-17,Westbeach,20,DVM,1,R,12.5,na,2,10:56,16,na,used to be 1894,
2017-Nov,2017-11-17,Westbeach,20,DVM,1,R,1.5,na,2,11:45,8,na,*Used to be 1758,
2017-Nov,2017-11-17,Westbeach,20,ZM,1,R,2.5,na,2,11:35,5,na,,
2017-Nov,2017-11-17,Westbeach,20,ZM,1,R,4,na,2,11:29,2,na,,
2017-Nov,2017-11-17,Westbeach,20,ZM,1,R,4,na,2,11:29,1,na,,
2017-Nov,2017-11-17,Westbeach,20,ZM,1,R,4,na,2,11:29,1,na,,
2017-Nov,2017-11-17,Westbeach,20,ZM,1,R,4,na,2,11:29,3,na,,
2017-Nov,2017-11-17,Westbeach,20,ZM,1,R,4.5,na,2,11:24,4,na,,
2017-Nov,2017-11-17,Westbeach,20,ZM,1,R,4.5,na,2,11:24,1,na,,
2017-Nov,2017-11-17,Westbeach,20,ZM,1,R,4.5,na,2,11:24,1,na,,
2017-Nov,2017-11-17,Westbeach,20,ZM,1,R,4.5,na,2,11:24,2,na,,
2017-Nov,2017-11-17,Westbeach,20,ZM,1,R,5,na,2,11:17,3,na,,
2017-Nov,2017-11-17,Westbeach,20,ZM,1,R,5,na,2,11:17,4,na,,
2017-Nov,2017-11-17,Westbeach,20,ZM,1,R,5.5,na,2,11:21,1,na,,
2017-Nov,2017-11-17,Westbeach,20,ZM,1,R,6,na,2,11:12,4,na,,
2017-Nov,2017-11-17,Westbeach,20,ZM,1,R,6,na,2,11:12,4,na,,
2017-Nov,2017-11-17,Westbeach,20,ZM,1,R,6,na,2,11:12,3,na,,
2017-Nov,2017-11-17,Westbeach,20,ZM,1,R,6,na,2,11:12,2,na,,
2017-Nov,2017-11-17,Westbeach,20,ZM,1,R,13,na,2,11:02,8,na,,
2017-Nov,2017-11-17,Westbeach,20,ZM,1,R,13,na,2,11:02,3,na,,
2017-Nov,2017-11-17,Westbeach,20,ZM,1,R,15,na,2,10:52,5,na,,
2017-Nov,2017-11-17,Westbeach,20,ZM,1,R,15,na,2,10:52,6,na,,
2017-Nov,2017-11-17,Westbeach,20,ZM,1,R,15,na,2,10:52,3,na,,
2017-Nov,2017-11-17,Westbeach,20,ZM,1,R,15,na,2,10:52,4,na,,
2017-Nov,2017-11-17,Westbeach,20,ZM,1,R,15,na,2,10:52,5,na,,
2017-Nov,2017-11-17,Westbeach,20,ZM,1,R,16,na,2,10:46,7,na,,
2017-Nov,2017-11-17,Westbeach,20,DVM,2,R,2,na,2,11:24,12,na,used to be 116,
2017-Nov,2017-11-17,Westbeach,20,DVM,2,R,12,na,2,11:42,5,na,,
2017-Nov,2017-11-17,Westbeach,20,DVM,2,R,8,na,2,11:32,10,na,,
2017-Nov,2017-11-17,Westbeach,20,ZM,2,R,2,na,2,11:39,5,na,,
2017-Nov,2017-11-17,Westbeach,20,ZM,2,R,9,na,2,11:41,2,C,,
2017-Nov,2017-11-17,Westbeach,20,ZM,2,R,9,na,2,11:41,5,C,,
2017-Nov,2017-11-17,Westbeach,20,ZM,2,R,9,na,2,11:41,6,na,,
2017-Nov,2017-11-17,Westbeach,20,ZM,2,R,9,na,2,11:41,2,na,,
2017-Nov,2017-11-17,Westbeach,20,ZM,2,R,9,na,2,11:41,4,na,,
2017-Nov,2017-11-17,Westbeach,20,ZM,2,R,11,na,2,11:50,5,C,,
2017-Nov,2017-11-17,Westbeach,20,ZM,2,R,11,na,2,11:50,5,C,,
2017-Nov,2017-11-17,Westbeach,20,ZM,2,R,11,na,2,11:50,1,C,,
2017-Nov,2017-11-17,Westbeach,20,ZM,2,R,11,na,2,11:50,7,C,,
2017-Nov,2017-11-17,Westbeach,20,ZM,2,R,11,na,2,11:50,7,na,,
2017-Nov,2017-11-17,Westbeach,20,ZM,2,R,13,na,2,12:56,4,C,,
2017-Nov,2017-11-17,Westbeach,20,ZM,2,R,13,na,2,12:56,4,C,,
2017-Nov,2017-11-17,Westbeach,20,DVM,3,R,4,na,2,12:20,8,na,,
2017-Nov,2017-11-17,Westbeach,20,DVM,3,R,7.5,na,2,11:45,7,na,,
2017-Nov,2017-11-17,Westbeach,20,DVM,3,R,13,na,2,11:45,3,na,,
2017-Nov,2017-11-17,Westbeach,20,DVM,3,R,13,na,2,11:40,3,na,,
2017-Nov,2017-11-17,Westbeach,20,DVM,3,R,3,na,2,11:45,14,na,,
2017-Nov,2017-11-17,Westbeach,20,BMM,3,R,3,na,2,11:30,4,na,,
2017-Nov,2017-11-17,Westbeach,20,BMM,3,R,3,na,2,11:30,3,na,,
2017-Nov,2017-11-17,Westbeach,20,BMM,3,R,7,na,2,11:30,2,na,,
2017-Nov,2017-11-17,Westbeach,20,BMM,3,R,7,na,2,11:30,1,na,,
2017-Nov,2017-11-17,Westbeach,20,BMM,3,R,7,na,2,11:30,3,na,,
2017-Nov,2017-11-17,Westbeach,20,BMM,3,R,8,na,2,11:30,2,na,,
2017-Nov,2017-11-17,Westbeach,20,BMM,3,R,8,na,2,11:30,3,na,,
2017-Nov,2017-11-17,Westbeach,20,BMM,3,R,8,na,2,11:30,3,na,,
2017-Nov,2017-11-17,Westbeach,20,BMM,3,R,13,na,2,11:30,4,na,,
2017-Nov,2017-11-17,Westbeach,20,BMM,2,L,6,na,2,11:30,4,na,,
2017-Nov,2017-11-17,Westbeach,20,BMM,2,L,6,na,2,11:30,4,na,,
2017-Nov,2017-11-17,Westbeach,20,BMM,2,L,6,na,2,11:30,4,na,,
2017-Nov,2017-11-17,Westbeach,20,BMM,2,L,6,na,2,11:30,3,na,,
2017-Nov,2017-11-17,Westbeach,20,BMM,2,L,11,na,2,11:30,5,na,,
2017-Nov,2017-11-17,Westbeach,20,BMM,2,L,11,na,2,11:30,2,na,,
2017-Nov,2017-11-17,Westbeach,20,BMM,2,L,11,na,2,11:30,4,na,,
2017-Nov,2017-11-17,Westbeach,20,BMM,2,L,11,na,2,11:30,6,na,,
2017-Nov,2017-11-20,Womanley,20,DVM,1,L,2.5,na,5,10:20,9,na,,
2017-Nov,2017-11-20,Womanley,20,DVM,1,L,7.5,na,5,10:26,6,na,was 124,
2017-Nov,2017-11-20,Womanley,20,ZM,1,L,0.5,na,5,9:58,1,na,,
2017-Nov,2017-11-20,Womanley,20,ZM,1,L,0.5,na,5,9:58,9,na,,
2017-Nov,2017-11-20,Womanley,20,ZM,1,L,7.5,na,5,10:02,5,na,,
2017-Nov,2017-11-20,Womanley,20,ZM,1,L,7.5,na,5,10:02,4,na,,
2017-Nov,2017-11-20,Womanley,20,ZM,1,L,8,na,5,10:02,3,na,,
2017-Nov,2017-11-20,Womanley,20,ZM,1,L,11.5,na,5,10:25,2,na,,
2017-Nov,2017-11-20,Womanley,20,DVM,2,L,16.5,na,5,10:15,6,na,,
2017-Nov,2017-11-20,Womanley,20,DVM,2,L,14,na,5,10:13,3,na,,
2017-Nov,2017-11-20,Womanley,20,BMM,2,L,8,na,5,10:07,1,na,,
2017-Nov,2017-11-20,Womanley,20,BMM,2,L,8,na,5,10:07,1,na,,
2017-Nov,2017-11-20,Womanley,20,BMM,2,L,8,na,5,10:07,1,na,,
2017-Nov,2017-11-20,Womanley,20,BMM,2,L,12,na,5,10:07,1,na,,
2017-Nov,2017-11-20,Womanley,20,BMM,2,L,15,na,5,10:07,5,na,,
2017-Nov,2017-11-20,Womanley,20,DVM,3,L,13,na,5,10:03,6,na,,
2017-Nov,2017-11-20,Womanley,20,BMM,3,L,9,na,5,9:57,7,na,,
2017-Nov,2017-11-20,Womanley,20,BMM,3,L,12,na,5,9:57,4,na,,
2017-Nov,2017-11-20,Womanley,20,BMM,3,L,12,na,5,9:57,1,na,,
2017-Nov,2017-11-20,Womanley,20,BMM,3,L,12,na,5,9:57,2,na,,
2017-Nov,2017-11-20,Womanley,20,BMM,3,L,12,na,5,9:57,9,na,,
2017-Nov,2017-11-20,Womanley,20,BMM,3,L,12,na,5,9:57,6,na,,
2017-Nov,2017-11-20,Womanley,20,DVM,1,R,20,na,5,10:29,12,na,could have been 104 or 105 at some point,
2017-Nov,2017-11-20,Womanley,20,DVM,1,R,5.2,na,5,10:22,3,na,,
2017-Nov,2017-11-20,Womanley,20,ZM,1,R,0,na,5,9:58,1,na,,
2017-Nov,2017-11-20,Womanley,20,ZM,1,R,3.5,na,5,9:58,7,na,,
2017-Nov,2017-11-20,Womanley,20,ZM,1,R,3.5,na,5,9:58,9,na,,
2017-Nov,2017-11-20,Womanley,20,ZM,1,R,9,na,5,10:25,10,na,,
2017-Nov,2017-11-20,Womanley,20,ZM,1,R,12,na,5,10:27,8,na,,
2017-Nov,2017-11-20,Womanley,20,ZM,1,R,12,na,5,10:27,3,na,,
2017-Nov,2017-11-20,Womanley,20,ZM,1,R,12,na,5,10:27,14,na,,
2017-Nov,2017-11-20,Womanley,20,ZM,1,R,12.5,na,5,10:36,22,na,,plant recorded as tangled but estimates of length given
2017-Nov,2017-11-20,Womanley,20,ZM,1,R,12.5,na,5,10:36,7,na,,
2017-Nov,2017-11-20,Womanley,20,BMM,1,R,20,na,5,10:37,6,na,,
2017-Nov,2017-11-20,Womanley,20,DVM,2,R,8,na,5,10:06,4,na,,
2017-Nov,2017-11-20,Womanley,20,DVM,2,R,10.6,na,5,10:08,6,na,,
2017-Nov,2017-11-20,Womanley,20,BMM,2,R,1,na,5,10:31,1,na,,
2017-Nov,2017-11-20,Womanley,20,BMM,2,R,5,na,5,10:31,1,na,,
2017-Nov,2017-11-20,Womanley,20,BMM,2,R,17,na,5,10:31,3,na,,
2017-Nov,2017-11-20,Womanley,20,BMM,2,R,17,na,5,10:31,1,na,,
2017-Nov,2017-11-20,Womanley,20,BMM,2,R,20,na,5,10:23,7,na,,
2017-Nov,2017-11-20,Womanley,20,BMM,2,R,20,na,5,10:23,7,na,,
2017-Nov,2017-11-20,Womanley,20,BMM,2,R,20,na,5,10:23,2,na,,
2017-Nov,2017-11-20,Womanley,20,BMM,2,R,20,na,5,10:23,2,na,,
2017-Nov,2017-11-20,Womanley,20,DVM,3,R,10.5,na,5,9:58,7,na,,
2017-Nov,2017-11-20,Womanley,20,BMM,3,R,17,na,5,10:02,1,na,,
2017-Nov,2017-11-20,Womanley,20,BMM,3,R,17,na,5,10:02,1,na,,
2017-Nov,2017-11-20,Womanley,20,BMM,3,R,17,na,5,10:02,1,na,,
2017-Nov,2017-11-20,Womanley,20,BMM,3,R,17,na,5,10:02,1,P,,
2017-Nov,2017-11-20,Womanley,20,DVM,1,R,13.7,na,5,10:35,13,na,,
2017-Nov,2017-11-20,Womanley,20,ZM,1,R,0.5,na,5,9:58,1,na,,
2018-Feb,2018-02-16,Triquet,20,DVM,1,L,3.25,na,4,11:20,3,na,,
2018-Feb,2018-02-16,Triquet,20,DVM,1,L,14.5,na,4,11:30,2,na,,
2018-Feb,2018-02-16,Triquet,20,BMM,1,L,0,na,4,10:55,3,na,,
2018-Feb,2018-02-16,Triquet,20,BMM,1,L,3,na,4,10:55,1,na,,
2018-Feb,2018-02-16,Triquet,20,BMM,1,L,15,na,4,11:02,2,na,,
2018-Feb,2018-02-16,Triquet,20,BMM,1,L,18,na,4,11:02,2,T,,
2018-Feb,2018-02-16,Triquet,20,DVM,2,L,10,na,4,11:05,6,na,used to be 1783,
2018-Feb,2018-02-16,Triquet,20,DVM,2,L,20,na,4,11:13,3,na,,
2018-Feb,2018-02-16,Triquet,20,DVM,3,L,12,na,4,10:56,5,na,,
2018-Feb,2018-02-16,Triquet,20,DVM,1,R,15.5,na,4,11:35,10,na,,
2018-Feb,2018-02-16,Triquet,20,BMM,1,R,11,na,4,10:55,2,na,,
2018-Feb,2018-02-16,Triquet,20,BMM,1,R,11,na,4,10:55,2,na,,
2018-Feb,2018-02-16,Triquet,20,BMM,1,R,15.5,na,4,11:02,3,na,,
2018-Feb,2018-02-16,Triquet,20,BMM,1,R,15.5,na,4,11:02,1,na,,
2018-Feb,2018-02-16,Triquet,20,BMM,1,R,15.5,na,4,11:02,4,na,,
2018-Feb,2018-02-16,Triquet,20,BMM,1,R,15.5,na,4,11:02,1,na,,
2018-Feb,2018-02-16,Triquet,20,BMM,1,R,18,na,4,11:02,3,na,,
2018-Feb,2018-02-16,Triquet,20,BMM,1,R,18,na,4,11:02,3,na,,
2018-Feb,2018-02-16,Triquet,20,BMM,1,R,18,na,4,11:02,6,na,,
2018-Feb,2018-02-16,Triquet,20,DVM,2,R,17,na,4,11:11,4,na,*Used to be 754,
2018-Feb,2018-02-16,Triquet,20,BMM,2,R,2,na,4,10:55,1,na,,
2018-Feb,2018-02-16,Triquet,20,BMM,2,R,2,na,4,10:55,1,na,,
2018-Feb,2018-02-16,Triquet,20,BMM,2,R,2,na,4,10:55,3,na,,
2018-Feb,2018-02-16,Triquet,20,BMM,2,R,9,na,4,10:52,3,na,,
2018-Feb,2018-02-16,Triquet,20,BMM,2,R,9,na,4,10:52,1,na,,
2018-Feb,2018-02-16,Triquet,20,BMM,2,R,10,na,4,10:52,2,na,,
2018-Feb,2018-02-16,Triquet,20,BMM,2,R,20,na,4,10:50,5,na,,
2018-Feb,2018-02-16,Triquet,20,DVM,3,R,13.5,na,4,10:58,1,na,used to be 104,
2018-Feb,2018-02-16,Triquet,20,DVM,3,R,1,na,4,10:46,14,na,,
2018-Feb,2018-02-16,Triquet,20,BMM,3,R,14,na,4,10:48,2,na,,
2018-Feb,2018-02-16,Triquet,20,BMM,3,R,14,na,4,10:48,6,na,,
2018-Feb,2018-02-16,Triquet,20,BMM,3,R,14,na,4,10:48,3,na,,
2018-Feb,2018-02-16,Triquet,20,BMM,3,R,14,na,4,10:48,2,na,,
2018-Feb,2018-02-16,Triquet,20,DVM,1,R,0,na,4,11:17,10,na,,
2018-Feb,2018-02-16,Triquet,20,DVM,1,R,8,na,4,11:25,1,na,used to be 707,
2018-Feb,2018-02-16,Triquet,20,BMM,1,R,11,na,4,10:55,2,na,,
2018-Feb,2018-02-16,Triquet,20,DVM,2,R,1,na,4,11:02,2,na,,
2018-Feb,2018-02-16,Triquet,20,DVM,3,R,10.5,na,4,10:59,6,na,,
2018-Feb,2018-02-15,Westbeach,20,DVM,1,L,12,na,2,10:33,6,na,,
2018-Feb,2018-02-15,Westbeach,20,DVM,1,L,15,na,2,10:28,8,na,,
2018-Feb,2018-02-15,Westbeach,20,BMM,1,L,10,na,2,11:12,2,C,,
2018-Feb,2018-02-15,Westbeach,20,BMM,1,L,10,na,2,11:12,2,na,,
2018-Feb,2018-02-15,Westbeach,20,BMM,1,L,10,na,2,11:12,4,na,,
2018-Feb,2018-02-15,Westbeach,20,BMM,1,L,10,na,2,11:12,2,C,,
2018-Feb,2018-02-15,Westbeach,20,BMM,1,L,10,na,2,11:12,1,C,,
2018-Feb,2018-02-15,Westbeach,20,BMM,1,L,17,na,2,11:02,5,na,,
2018-Feb,2018-02-15,Westbeach,20,BMM,1,L,17,na,2,11:02,2,na,,
2018-Feb,2018-02-15,Westbeach,20,DVM,2,L,6,na,2,11:04,8,na,,
2018-Feb,2018-02-15,Westbeach,20,DVM,2,L,1,na,2,10:55,4,na,,
2018-Feb,2018-02-15,Westbeach,20,BMM,2,L,1,na,2,10:37,2,na,,
2018-Feb,2018-02-15,Westbeach,20,BMM,2,L,1,na,2,10:37,2,na,,
2018-Feb,2018-02-15,Westbeach,20,BMM,2,L,1,na,2,10:37,1,C,,
2018-Feb,2018-02-15,Westbeach,20,BMM,2,L,6,na,2,10:34,3,na,,
2018-Feb,2018-02-15,Westbeach,20,BMM,2,L,6,na,2,10:34,3,na,,
2018-Feb,2018-02-15,Westbeach,20,BMM,2,L,6,na,2,10:34,2,C,,
2018-Feb,2018-02-15,Westbeach,20,BMM,2,L,12,na,2,10:27,2,na,,
2018-Feb,2018-02-15,Westbeach,20,BMM,2,L,12,na,2,10:27,3,na,,
2018-Feb,2018-02-15,Westbeach,20,BMM,2,L,12,na,2,10:27,3,na,,
2018-Feb,2018-02-15,Westbeach,20,BMM,2,L,12,na,2,10:27,3,na,,
2018-Feb,2018-02-15,Westbeach,20,BMM,2,L,12.5,na,2,10:27,4,na,,
2018-Feb,2018-02-15,Westbeach,20,BMM,2,L,12.5,na,2,10:27,2,na,,
2018-Feb,2018-02-15,Westbeach,20,BMM,2,L,12.5,na,2,10:27,4,na,,
2018-Feb,2018-02-15,Westbeach,20,DVM,3,L,16,na,2,11:43,3,na,,
2018-Feb,2018-02-15,Westbeach,20,DVM,3,L,12,na,2,11:35,2,na,,
2018-Feb,2018-02-15,Westbeach,20,BMM,3,L,2,na,2,10:41,1,C,,
2018-Feb,2018-02-15,Westbeach,20,BMM,3,L,3,na,2,10:41,1,na,,
2018-Feb,2018-02-15,Westbeach,20,BMM,3,L,3,na,2,10:41,2,na,,
2018-Feb,2018-02-15,Westbeach,20,BMM,3,L,3,na,2,10:41,1,C,,
2018-Feb,2018-02-15,Westbeach,20,BMM,3,L,3,na,2,10:41,1,na,,
2018-Feb,2018-02-15,Westbeach,20,BMM,3,L,3,na,2,10:41,1,C,,
2018-Feb,2018-02-15,Westbeach,20,BMM,3,L,3,na,2,10:41,3,C,,
2018-Feb,2018-02-15,Westbeach,20,BMM,3,L,3,na,2,10:41,3,C,,
2018-Feb,2018-02-15,Westbeach,20,BMM,3,L,4,na,2,10:45,4,na,,
2018-Feb,2018-02-15,Westbeach,20,BMM,3,L,4,na,2,10:45,1,na,,
2018-Feb,2018-02-15,Westbeach,20,BMM,3,L,4,na,2,10:45,1,na,,
2018-Feb,2018-02-15,Westbeach,20,BMM,3,L,4,na,2,10:45,3,na,,
2018-Feb,2018-02-15,Westbeach,20,BMM,3,L,4,na,2,10:45,2,na,,
2018-Feb,2018-02-15,Westbeach,20,BMM,3,L,4.5,na,2,10:48,3,na,,
2018-Feb,2018-02-15,Westbeach,20,BMM,3,L,4.5,na,2,10:48,1,C,,
2018-Feb,2018-02-15,Westbeach,20,BMM,3,L,4.5,na,2,10:48,3,C,,
2018-Feb,2018-02-15,Westbeach,20,BMM,3,L,4.5,na,2,10:48,2,C,,
2018-Feb,2018-02-15,Westbeach,20,BMM,3,L,11,na,2,10:53,3,na,,
2018-Feb,2018-02-15,Westbeach,20,BMM,3,L,11,na,2,10:53,3,na,,
2018-Feb,2018-02-15,Westbeach,20,BMM,3,L,11,na,2,10:53,3,C,,
2018-Feb,2018-02-15,Westbeach,20,BMM,3,L,11,na,2,10:53,1,C,,
2018-Feb,2018-02-15,Westbeach,20,BMM,3,L,17.5,na,2,10:58,3,na,,
2018-Feb,2018-02-15,Westbeach,20,BMM,3,L,17.5,na,2,10:58,2,na,,
2018-Feb,2018-02-15,Westbeach,20,BMM,3,L,17.5,na,2,10:58,4,na,,
2018-Feb,2018-02-15,Westbeach,20,BMM,3,L,17.5,na,2,10:58,4,na,,
2018-Feb,2018-02-15,Westbeach,20,BMM,3,L,17.5,na,2,10:58,5,na,,
2018-Feb,2018-02-15,Westbeach,20,BMM,1,R,0,na,2,11:19,2,C,,
2018-Feb,2018-02-15,Westbeach,20,BMM,1,R,5.5,na,2,11:15,2,na,,
2018-Feb,2018-02-15,Westbeach,20,BMM,1,R,5.5,na,2,11:15,1,na,,
2018-Feb,2018-02-15,Westbeach,20,BMM,1,R,5.5,na,2,11:15,1,na,,
2018-Feb,2018-02-15,Westbeach,20,BMM,1,R,5.5,na,2,11:15,1,C,,
2018-Feb,2018-02-15,Westbeach,20,BMM,1,R,14,na,2,11:08,1,na,,
2018-Feb,2018-02-15,Westbeach,20,BMM,1,R,15,na,2,11:02,1,na,,
2018-Feb,2018-02-15,Westbeach,20,BMM,1,R,15,na,2,11:02,3,na,,
2018-Feb,2018-02-15,Westbeach,20,BMM,1,R,15,na,2,11:02,1,C,,
2018-Feb,2018-02-15,Westbeach,20,BMM,1,R,15,na,2,11:02,4,na,,
2018-Feb,2018-02-15,Westbeach,20,BMM,1,R,15,na,2,11:02,4,na,,
2018-Feb,2018-02-15,Westbeach,20,BMM,1,R,18,na,2,11:02,1,C,,
2018-Feb,2018-02-15,Westbeach,20,BMM,1,R,18,na,2,11:02,3,C,,
2018-Feb,2018-02-15,Westbeach,20,BMM,2,R,1,na,2,10:37,2,na,,
2018-Feb,2018-02-15,Westbeach,20,BMM,3,R,4.5,na,2,10:48,3,na,,
2018-Feb,2018-02-15,Westbeach,20,BMM,3,R,7.5,na,2,10:51,3,na,,
2018-Feb,2018-02-15,Westbeach,20,BMM,3,R,7.5,na,2,10:51,1,na,,
2018-Feb,2018-02-15,Westbeach,20,BMM,3,R,7.5,na,2,10:51,3,na,,
2018-Feb,2018-02-15,Westbeach,20,BMM,3,R,8,na,2,10:51,1,C,,
2018-Feb,2018-02-15,Westbeach,20,BMM,3,R,11,na,2,10:53,1,C,,
2018-Feb,2018-02-15,Westbeach,20,DVM,1,R,2,na,2,10:43,3,na,,
2018-Feb,2018-02-15,Westbeach,20,DVM,1,R,12.5,na,2,10:47,3,na,,
2018-Feb,2018-02-15,Westbeach,20,BMM,1,R,4,na,2,11:17,1,na,,
2018-Feb,2018-02-15,Westbeach,20,BMM,1,R,4,na,2,11:17,1,na,,
2018-Feb,2018-02-15,Westbeach,20,BMM,1,R,4,na,2,11:17,1,na,,
2018-Feb,2018-02-15,Westbeach,20,BMM,1,R,12.5,na,2,11:10,1,C,,
2018-Feb,2018-02-15,Westbeach,20,BMM,1,R,12.5,na,2,11:10,1,na,,
2018-Feb,2018-02-15,Westbeach,20,BMM,1,R,12.5,na,2,11:10,1,na,,
2018-Feb,2018-02-15,Westbeach,20,BMM,1,R,12.5,na,2,11:10,1,C,,
2018-Feb,2018-02-15,Westbeach,20,BMM,1,R,12.5,na,2,11:10,2,C,,
2018-Feb,2018-02-15,Westbeach,20,BMM,1,R,12.5,na,2,11:10,1,na,,
2018-Feb,2018-02-15,Westbeach,20,DVM,2,R,12,na,2,11:22,3,na,,
2018-Feb,2018-02-15,Westbeach,20,DVM,2,R,8,na,2,11:12,9,na,,
2018-Feb,2018-02-15,Westbeach,20,DVM,2,R,2,na,2,11:00,7,na,,
2018-Feb,2018-02-15,Westbeach,20,DVM,3,R,4,na,2,11:28,5,na,,
2018-Feb,2018-02-15,Westbeach,20,DVM,3,R,7.5,na,2,11:23,3,C,,
2018-Feb,2018-02-15,Westbeach,20,DVM,3,R,13,na,2,11:40,2,C,,
2018-Feb,2018-02-15,Westbeach,20,DVM,3,R,3,na,2,11:23,5,C,,
2018-Feb,2018-02-16,Womanley,20,BMM,1,L,0,na,5,13:02,4,na,,
2018-Feb,2018-02-16,Womanley,20,BMM,1,L,0,na,5,13:02,7,na,,
2018-Feb,2018-02-16,Womanley,20,BMM,1,L,5,na,5,13:02,1,na,,
2018-Feb,2018-02-16,Womanley,20,BMM,1,L,7,na,5,13:02,4,na,,
2018-Feb,2018-02-16,Womanley,20,BMM,1,L,11,na,5,13:09,2,T,,
2018-Feb,2018-02-16,Womanley,20,BMM,2,L,10,na,5,13:24,1,na,,
2018-Feb,2018-02-16,Womanley,20,BMM,1,R,3,na,5,13:02,3,na,,
2018-Feb,2018-02-16,Womanley,20,BMM,1,R,3,na,5,13:02,2,na,,
2018-Feb,2018-02-16,Womanley,20,BMM,1,R,3,na,5,13:02,2,na,,
2018-Feb,2018-02-16,Womanley,20,BMM,1,R,13,na,5,13:10,4,na,,
2018-Feb,2018-02-16,Womanley,20,BMM,1,R,13,na,5,13:10,2,na,,
2018-Feb,2018-02-16,Womanley,20,BMM,1,R,13,na,5,13:10,2,na,,
2018-Feb,2018-02-16,Womanley,20,BMM,1,R,13,na,5,13:10,1,na,,
2018-Feb,2018-02-16,Womanley,20,BMM,1,R,13,na,5,13:10,3,na,,
2018-Feb,2018-02-16,Womanley,20,BMM,1,R,13,na,5,13:10,2,na,,
2018-Feb,2018-02-16,Womanley,20,BMM,1,R,14,na,5,13:10,3,na,,
2018-Feb,2018-02-16,Womanley,20,BMM,1,R,14,na,5,13:10,6,na,,
2018-Feb,2018-02-16,Womanley,20,BMM,1,R,14,na,5,13:10,2,na,,
2018-Feb,2018-02-16,Womanley,20,BMM,1,R,14,na,5,13:10,2,na,,
2018-Feb,2018-02-16,Womanley,20,BMM,1,R,14,na,5,13:10,2,na,,
2018-Feb,2018-02-16,Womanley,20,BMM,2,R,4,na,5,13:24,1,na,,
2018-Feb,2018-02-16,Womanley,20,BMM,2,R,16,na,5,13:24,3,na,,
2018-Feb,2018-02-16,Womanley,20,BMM,2,R,16,na,5,13:24,2,na,,
2018-Feb,2018-02-16,Womanley,20,BMM,2,R,20,na,5,13:21,3,na,,
2018-Feb,2018-02-16,Womanley,20,BMM,2,R,20,na,5,13:21,6,T,,
2018-Feb,2018-02-16,Womanley,20,BMM,2,R,20,na,5,13:21,4,T,,
2018-Feb,2018-02-16,Womanley,20,BMM,2,R,20,na,5,13:21,7,T,,
2018-Feb,2018-02-16,Womanley,20,BMM,3,R,10,na,5,13:29,6,na,,
2018-Feb,2018-02-16,Womanley,20,BMM,3,R,10,na,5,13:29,10,na,,
2018-Feb,2018-02-16,Womanley,20,BMM,3,R,12,na,5,13:33,6,na,,
2018-Feb,2018-02-16,Womanley,20,BMM,3,R,12,na,5,13:33,4,na,,
2018-Feb,2018-02-16,Womanley,20,BMM,3,R,12,na,5,13:33,4,na,,
2018-Feb,2018-02-16,Womanley,20,DVM,1,L,2.5,na,5,13:10,10,na,,
2018-Feb,2018-02-16,Womanley,20,DVM,1,L,7.5,na,5,13:10,5,na,,
2018-Feb,2018-02-16,Womanley,20,DVM,2,L,16.5,na,5,13:10,5,na,,
2018-Feb,2018-02-16,Womanley,20,DVM,2,L,14.5,na,5,13:10,5,na,,
2018-Feb,2018-02-16,Womanley,20,DVM,3,L,13,na,5,13:10,3,na,,
2018-Feb,2018-02-16,Womanley,20,DVM,1,R,13.5,na,5,13:10,10,na,,
2018-Feb,2018-02-16,Womanley,20,DVM,1,R,5.2,na,5,13:10,4,na,,
2018-Feb,2018-02-16,Womanley,20,DVM,1,R,20,na,5,13:10,12,na,,
2018-Feb,2018-02-16,Womanley,20,DVM,2,R,8,na,5,13:10,5,na,,
2018-Feb,2018-02-16,Womanley,20,DVM,2,R,10.6,na,5,13:10,3,na,,
2018-Feb,2018-02-16,Womanley,20,DVM,3,R,10,na,5,13:10,5,na,,
2018-Apr,2018-04-28,Triquet,20,OP,1,L,3.25,na,4,10:30,3,na,,
2018-Apr,2018-04-28,Triquet,20,OP,1,L,14.5,na,4,10:30,4,na,,
2018-Apr,2018-04-28,Triquet,20,NAP,1,L,0,na,4,10:12,2,na,,
2018-Apr,2018-04-28,Triquet,20,NAP,1,L,3,na,4,10:12,2,C,,
2018-Apr,2018-04-28,Triquet,20,NAP,1,L,3,na,4,10:12,3,na,,
2018-Apr,2018-04-28,Triquet,20,NAP,1,L,3,na,4,10:12,4,na,,
2018-Apr,2018-04-28,Triquet,20,NAP,1,L,11.5,na,4,10:12,3,na,,
2018-Apr,2018-04-28,Triquet,20,NAP,1,L,18,na,4,10:12,3,na,,
2018-Apr,2018-04-28,Triquet,20,OP,2,L,10,na,4,10:30,6,na,,
2018-Apr,2018-04-28,Triquet,20,OP,2,L,20,na,4,10:30,2,na,,
2018-Apr,2018-04-28,Triquet,20,NAP,2,L,18,na,4,10:12,3,na,,
2018-Apr,2018-04-28,Triquet,20,OP,3,L,12,na,4,10:30,1,na,,
2018-Apr,2018-04-28,Triquet,20,OP,1,R,15.5,na,4,10:30,12,na,,
2018-Apr,2018-04-28,Triquet,20,NAP,1,R,10,na,4,10:12,3,na,,
2018-Apr,2018-04-28,Triquet,20,NAP,1,R,10,na,4,10:12,4,T,,
2018-Apr,2018-04-28,Triquet,20,NAP,1,R,13.5,na,4,10:12,4,na,,
2018-Apr,2018-04-28,Triquet,20,NAP,1,R,18,na,4,10:12,1,na,,
2018-Apr,2018-04-28,Triquet,20,NAP,1,R,18,na,4,10:12,3,T,,
2018-Apr,2018-04-28,Triquet,20,NAP,1,R,18,na,4,10:12,5,na,,
2018-Apr,2018-04-28,Triquet,20,NAP,1,R,19.5,na,4,10:12,4,na,,
2018-Apr,2018-04-28,Triquet,20,OP,2,R,17,na,4,10:30,2,na,,
2018-Apr,2018-04-28,Triquet,20,OP,2,R,1.5,na,4,10:30,3,na,,
2018-Apr,2018-04-28,Triquet,20,KH,2,R,1.8,na,4,10:12,5,na,,
2018-Apr,2018-04-28,Triquet,20,KH,2,R,1.9,na,4,10:12,4,na,,
2018-Apr,2018-04-28,Triquet,20,KH,2,R,2.5,na,4,10:12,1,na,,
2018-Apr,2018-04-28,Triquet,20,KH,2,R,8,na,4,10:12,1,C,*Could be tagged plant 1824,
2018-Apr,2018-04-28,Triquet,20,KH,2,R,8.9,na,4,10:12,5,na,,
2018-Apr,2018-04-28,Triquet,20,KH,2,R,17,na,4,10:12,1,na,,
2018-Apr,2018-04-28,Triquet,20,KH,2,R,19.5,na,4,10:12,1,na,,
2018-Apr,2018-04-28,Triquet,20,OP,3,R,10.5,na,4,10:30,3,na,,
2018-Apr,2018-04-28,Triquet,20,OP,3,R,13.5,na,4,10:30,3,na,,
2018-Apr,2018-04-28,Triquet,20,OP,3,R,1,na,4,10:30,3,na,,
2018-Apr,2018-04-28,Triquet,20,KH,3,R,1,na,4,10:12,3,C,,
2018-Apr,2018-04-28,Triquet,20,KH,3,R,1.1,na,4,10:12,4,na,,
2018-Apr,2018-04-28,Triquet,20,KH,3,R,1.2,na,4,10:12,3,C,,
2018-Apr,2018-04-28,Triquet,20,KH,3,R,10.5,na,4,10:12,1,na,,
2018-Apr,2018-04-28,Triquet,20,KH,3,R,10.7,na,4,10:12,4,na,,
2018-Apr,2018-04-28,Triquet,20,KH,3,R,11,na,4,10:12,8,P,,
2018-Apr,2018-04-28,Triquet,20,KH,3,R,13.4,na,4,10:12,1,na,,
2018-Apr,2018-04-28,Triquet,20,KH,3,R,13.5,na,4,10:12,7,na,,plant recorded as tangled but estimates of length given
2018-Apr,2018-04-28,Triquet,20,KH,3,R,13.6,na,4,10:12,5,na,,
2018-Apr,2018-04-28,Triquet,20,OP,1,R,0,na,4,10:30,12,na,,
2018-Apr,2018-04-30,Westbeach,20,DVM,2,L,0.5,na,2,13:28,5,na,"plant is growing on the line, chose left side arbritrarily ",
2018-Apr,2018-04-30,Westbeach,20,DVM,2,L,6,na,2,13:28,9,na,"plant is growing on the line, chose left side arbritrarily ",
2018-Apr,2018-04-30,Westbeach,20,DVM,2,L,12,na,2,13:28,13,T,"plant is growing on the line, chose left side arbritrarily ",
2018-Apr,2018-04-30,Westbeach,20,NAP,1,L,5.5,na,2,13:28,2,na,,
2018-Apr,2018-04-30,Westbeach,20,NAP,1,L,5.5,na,2,13:28,8,na,,
2018-Apr,2018-04-30,Westbeach,20,NAP,1,L,9,na,2,13:28,1,na,,
2018-Apr,2018-04-30,Westbeach,20,NAP,1,L,9,na,2,13:28,5,na,,
2018-Apr,2018-04-30,Westbeach,20,NAP,1,L,9,na,2,13:28,2,na,,
2018-Apr,2018-04-30,Westbeach,20,NAP,1,L,9.5,na,2,13:28,6,na,,
2018-Apr,2018-04-30,Westbeach,20,NAP,1,L,15,na,2,13:28,5,na,,
2018-Apr,2018-04-30,Westbeach,20,OP,1,L,12,na,2,13:52,3,na,finished surveying 2018-05-02,
2018-Apr,2018-04-30,Westbeach,20,OP,1,L,15,na,2,13:52,9,na,finished surveying 2018-05-03,
2018-Apr,2018-04-30,Westbeach,20,OP,1,L,12,na,2,13:52,5,na,finished surveying 2018-05-04,
2018-Apr,2018-04-30,Westbeach,20,DVM,2,L,6,na,2,13:28,6,na,,
2018-Apr,2018-04-30,Westbeach,20,DVM,2,L,11.5,na,2,13:28,4,na,,
2018-Apr,2018-04-30,Westbeach,20,DVM,2,L,12,na,2,13:28,2,na,,
2018-Apr,2018-04-30,Westbeach,20,DVM,2,L,12.5,na,2,13:28,25,na,,
2018-Apr,2018-04-30,Westbeach,20,OP,2,L,6,na,2,13:52,6,na,finished surveying 2018-05-05,
2018-Apr,2018-04-30,Westbeach,20,OP,2,L,1,na,2,13:52,8,na,finished surveying 2018-05-06,
2018-Apr,2018-04-30,Westbeach,20,DVM,3,L,3,na,2,13:28,6,na,,
2018-Apr,2018-04-30,Westbeach,20,DVM,3,L,3,na,2,13:28,3,na,,
2018-Apr,2018-04-30,Westbeach,20,DVM,3,L,3.5,na,2,13:28,2,na,,
2018-Apr,2018-04-30,Westbeach,20,DVM,3,L,3.5,na,2,13:28,5,na,,
2018-Apr,2018-04-30,Westbeach,20,DVM,3,L,4,na,2,13:28,6,na,,
2018-Apr,2018-04-30,Westbeach,20,DVM,3,L,4.25,na,2,13:28,9,T,SFC_Long greater than 7m ,
2018-Apr,2018-04-30,Westbeach,20,DVM,3,L,4.5,na,2,13:28,1,na,,
2018-Apr,2018-04-30,Westbeach,20,DVM,3,L,4.75,na,2,13:28,5,na,,
2018-Apr,2018-04-30,Westbeach,20,DVM,3,L,10,na,2,13:28,2,na,,
2018-Apr,2018-04-30,Westbeach,20,DVM,3,L,10.25,na,2,13:28,3,na,,
2018-Apr,2018-04-30,Westbeach,20,DVM,3,L,11.25,na,2,13:28,5,na,,
2018-Apr,2018-04-30,Westbeach,20,DVM,3,L,12,na,2,13:28,3,na,,
2018-Apr,2018-04-30,Westbeach,20,DVM,3,L,15,na,2,13:28,7,na,,
2018-Apr,2018-04-30,Westbeach,20,DVM,3,L,15,na,2,13:28,1,na,,
2018-Apr,2018-04-30,Westbeach,20,DVM,3,L,17.9,na,2,13:28,8,na,,
2018-Apr,2018-04-30,Westbeach,20,DVM,3,L,18.25,na,2,13:28,7,na,,
2018-Apr,2018-04-30,Westbeach,20,OP,3,L,12,na,2,13:52,3,na,finished surveying 2018-05-07,
2018-Apr,2018-04-30,Westbeach,20,NAP,1,R,0.3,na,2,13:28,3,na,,
2018-Apr,2018-04-30,Westbeach,20,NAP,1,R,2.5,na,2,13:28,3,na,,
2018-Apr,2018-04-30,Westbeach,20,NAP,1,R,3,na,2,13:28,3,na,,
2018-Apr,2018-04-30,Westbeach,20,NAP,1,R,3,na,2,13:28,3,na,,
2018-Apr,2018-04-30,Westbeach,20,NAP,1,R,3.5,na,2,13:28,4,na,,
2018-Apr,2018-04-30,Westbeach,20,NAP,1,R,3.8,na,2,13:28,3,na,,
2018-Apr,2018-04-30,Westbeach,20,NAP,1,R,3.8,na,2,13:28,4,na,,
2018-Apr,2018-04-30,Westbeach,20,NAP,1,R,4.2,na,2,13:28,5,na,,
2018-Apr,2018-04-30,Westbeach,20,NAP,1,R,4.2,na,2,13:28,2,na,,
2018-Apr,2018-04-30,Westbeach,20,NAP,1,R,5,na,2,13:28,2,na,,
2018-Apr,2018-04-30,Westbeach,20,NAP,1,R,5,na,2,13:28,5,na,,
2018-Apr,2018-04-30,Westbeach,20,NAP,1,R,5,na,2,13:28,4,na,,
2018-Apr,2018-04-30,Westbeach,20,NAP,1,R,5.5,na,2,13:28,3,na,,
2018-Apr,2018-04-30,Westbeach,20,NAP,1,R,12,na,2,13:28,4,P,,
2018-Apr,2018-04-30,Westbeach,20,NAP,1,R,12.5,na,2,13:28,2,na,,
2018-Apr,2018-04-30,Westbeach,20,NAP,1,R,12.5,na,2,13:28,2,na,,
2018-Apr,2018-04-30,Westbeach,20,NAP,1,R,12.5,na,2,13:28,2,na,,
2018-Apr,2018-04-30,Westbeach,20,NAP,1,R,13,na,2,13:28,5,na,,
2018-Apr,2018-04-30,Westbeach,20,NAP,1,R,13.8,na,2,13:28,1,na,,
2018-Apr,2018-04-30,Westbeach,20,NAP,1,R,14.3,na,2,13:28,4,C,,
2018-Apr,2018-04-30,Westbeach,20,NAP,1,R,14.5,na,2,13:28,5,na,,
2018-Apr,2018-04-30,Westbeach,20,NAP,1,R,15,na,2,13:28,4,na,,
2018-Apr,2018-04-30,Westbeach,20,NAP,1,R,16,na,2,13:28,1,na,,
2018-Apr,2018-04-30,Westbeach,20,NAP,1,R,16,na,2,13:28,1,C,,
2018-Apr,2018-04-30,Westbeach,20,OP,1,R,2.5,na,2,13:52,6,na,finished surveying 2018-05-08,
2018-Apr,2018-04-30,Westbeach,20,OP,1,R,12.5,na,2,13:52,1,na,finished surveying 2018-05-09,
2018-Apr,2018-04-30,Westbeach,20,NAP,2,R,13,na,2,13:28,2,na,,
2018-Apr,2018-04-30,Westbeach,20,NAP,2,R,12.5,na,2,13:28,2,na,,
2018-Apr,2018-04-30,Westbeach,20,NAP,2,R,12,na,2,13:28,3,na,,
2018-Apr,2018-04-30,Westbeach,20,NAP,2,R,12,na,2,13:28,5,na,,
2018-Apr,2018-04-30,Westbeach,20,NAP,2,R,11.5,na,2,13:28,5,na,,
2018-Apr,2018-04-30,Westbeach,20,NAP,2,R,11.5,na,2,13:28,5,na,,
2018-Apr,2018-04-30,Westbeach,20,NAP,2,R,11.5,na,2,13:28,3,na,,
2018-Apr,2018-04-30,Westbeach,20,NAP,2,R,10.5,na,2,13:28,5,na,,
2018-Apr,2018-04-30,Westbeach,20,NAP,2,R,9.2,na,2,13:28,5,na,,
2018-Apr,2018-04-30,Westbeach,20,NAP,2,R,9,na,2,13:28,5,na,,
2018-Apr,2018-04-30,Westbeach,20,NAP,2,R,9,na,2,13:28,5,na,,
2018-Apr,2018-04-30,Westbeach,20,NAP,2,R,9,na,2,13:28,4,na,,
2018-Apr,2018-04-30,Westbeach,20,NAP,2,R,2,na,2,13:28,4,na,,
2018-Apr,2018-04-30,Westbeach,20,NAP,2,R,1.5,na,2,13:28,2,na,,
2018-Apr,2018-04-30,Westbeach,20,NAP,2,R,1,na,2,13:28,5,na,,
2018-Apr,2018-04-30,Westbeach,20,OP,2,R,2,na,2,13:52,14,na,finished surveying 2018-05-10,
2018-Apr,2018-04-30,Westbeach,20,OP,2,R,12,na,2,13:52,6,na,finished surveying 2018-05-11,
2018-Apr,2018-04-30,Westbeach,20,OP,2,R,8.5,na,2,13:52,8,na,finished surveying 2018-05-12,
2018-Apr,2018-04-30,Westbeach,20,OP,2,R,9,na,2,13:52,8,na,finished surveying 2018-05-13,
2018-Apr,2018-04-30,Westbeach,20,DVM,3,R,4.5,na,2,13:28,10,na,,
2018-Apr,2018-04-30,Westbeach,20,DVM,3,R,7,na,2,13:28,6,na,,
2018-Apr,2018-04-30,Westbeach,20,DVM,3,R,7.25,na,2,13:28,6,na,,
2018-Apr,2018-04-30,Westbeach,20,DVM,3,R,7.5,na,2,13:28,3,na,,
2018-Apr,2018-04-30,Westbeach,20,DVM,3,R,8.25,na,2,13:28,1,na,,
2018-Apr,2018-04-30,Westbeach,20,DVM,3,R,10.5,na,2,13:28,3,na,,
2018-Apr,2018-04-30,Westbeach,20,OP,3,R,3,na,2,13:52,13,na,finished surveying 2018-05-14,
2018-Apr,2018-04-30,Westbeach,20,OP,3,R,4,na,2,13:52,4,na,finished surveying 2018-05-15,
2018-Apr,2018-04-30,Westbeach,20,OP,3,R,7.5,na,2,13:52,4,na,finished surveying 2018-05-16,
2018-Apr,2018-04-30,Westbeach,20,OP,3,R,13,na,2,13:52,2,na,finished surveying 2018-05-17,
2018-Apr,2018-04-28,Womanley,20,OP,1,L,7.5,na,5,14:00,1,na,,
2018-Apr,2018-04-28,Womanley,20,OP,2,L,16.5,na,5,14:00,10,na,,
2018-Apr,2018-04-28,Womanley,20,OP,2,L,14.5,na,5,14:00,10,na,,
2018-Apr,2018-04-28,Womanley,20,OP,3,L,13,na,5,14:00,2,na,,
2018-Apr,2018-04-28,Womanley,20,OP,3,L,9,na,5,14:00,7,na,,
2018-Apr,2018-04-28,Womanley,20,OP,1,R,13.5,na,5,14:00,15,na,,
2018-Apr,2018-04-28,Womanley,20,OP,1,R,20,na,5,14:00,5,na,,
2018-Apr,2018-04-28,Womanley,20,OP,2,R,8,na,5,14:00,6,na,,
2018-Apr,2018-04-28,Womanley,20,OP,3,R,17,na,5,14:00,4,na,,
2018-Apr,2018-04-28,Womanley,20,OP,1,R,5.2,na,5,14:00,5,na,,
2018-Apr,2018-04-28,Womanley,20,OP,2,R,10.6,na,5,14:00,2,na,,
2018-Apr,2018-04-28,Womanley,20,OP,3,R,10,na,5,14:00,7,na,,
2018-Apr,2018-04-28,Womanley,20,NAP,1,L,0.5,na,5,13:39,5,na,,
2018-Apr,2018-04-28,Womanley,20,NAP,1,L,0.5,na,5,13:39,2,na,,
2018-Apr,2018-04-28,Womanley,20,NAP,1,L,0.5,na,5,13:39,2,na,,
2018-Apr,2018-04-28,Womanley,20,NAP,1,L,2.5,na,5,13:39,3,na,,
2018-Apr,2018-04-28,Womanley,20,NAP,1,L,2.5,na,5,13:39,7,na,,
2018-Apr,2018-04-28,Womanley,20,NAP,1,L,3.5,na,5,13:39,2,na,,
2018-Apr,2018-04-28,Womanley,20,NAP,1,L,11.5,na,5,13:39,3,na,,
2018-Apr,2018-04-28,Womanley,20,NAP,1,L,7.5,na,5,14:39,5,na,,
2018-Apr,2018-04-28,Womanley,20,NAP,2,L,0,na,5,13:39,15,na,,
2018-Apr,2018-04-28,Womanley,20,NAP,2,L,0,na,5,13:39,2,na,,
2018-Apr,2018-04-28,Womanley,20,NAP,2,L,3,na,5,13:39,3,T,,
2018-Apr,2018-04-28,Womanley,20,NAP,2,L,3,na,5,13:39,6,T,,
2018-Apr,2018-04-28,Womanley,20,NAP,2,L,3,na,5,13:39,4,T,,
2018-Apr,2018-04-28,Womanley,20,NAP,2,L,3,na,5,13:39,4,na,,
2018-Apr,2018-04-28,Womanley,20,NAP,2,L,8,na,5,13:39,1,na,,
2018-Apr,2018-04-28,Womanley,20,NAP,2,L,10,na,5,13:39,6,na,,
2018-Apr,2018-04-28,Womanley,20,NAP,2,L,10,na,5,13:39,1,na,,
2018-Apr,2018-04-28,Womanley,20,NAP,2,L,11,na,5,13:39,2,na,,
2018-Apr,2018-04-28,Womanley,20,NAP,2,L,12,na,5,13:39,2,na,,
2018-Apr,2018-04-28,Womanley,20,KH,3,L,12,na,5,13:39,7,na,,
2018-Apr,2018-04-28,Womanley,20,KH,3,L,12.4,na,5,13:39,4,na,,
2018-Apr,2018-04-28,Womanley,20,KH,3,L,12.1,na,5,13:39,1,na,,
2018-Apr,2018-04-28,Womanley,20,KH,3,L,12.1,na,5,13:39,4,na,,
2018-Apr,2018-04-28,Womanley,20,NAP,1,R,3,na,5,13:39,6,na,,
2018-Apr,2018-04-28,Womanley,20,NAP,1,R,3,na,5,13:39,4,na,,
2018-Apr,2018-04-28,Womanley,20,NAP,1,R,4,na,5,13:39,4,T,,
2018-Apr,2018-04-28,Womanley,20,NAP,1,R,4,na,5,13:39,7,na,,
2018-Apr,2018-04-28,Womanley,20,NAP,1,R,9,na,5,13:39,9,T,,
2018-Apr,2018-04-28,Womanley,20,NAP,1,R,13,na,5,13:39,4,T,,
2018-Apr,2018-04-28,Womanley,20,NAP,1,R,13,na,5,13:39,7,na,,
2018-Apr,2018-04-28,Womanley,20,NAP,1,R,13,na,5,13:39,3,na,,
2018-Apr,2018-04-28,Womanley,20,NAP,1,R,13,na,5,13:39,3,T,,
2018-Apr,2018-04-28,Womanley,20,NAP,1,R,14,na,5,13:39,13,na,,
2018-Apr,2018-04-28,Womanley,20,NAP,1,R,14,na,5,13:39,7,T,,
2018-Apr,2018-04-28,Womanley,20,NAP,1,R,14,na,5,13:39,8,na,,
2018-Apr,2018-04-28,Womanley,20,NAP,1,R,14,na,5,13:39,7,na,,
2018-Apr,2018-04-28,Womanley,20,NAP,1,R,20,na,5,13:39,4,na,,
2018-Apr,2018-04-28,Womanley,20,NAP,1,R,20,na,5,13:39,14,na,,
2018-Apr,2018-04-28,Womanley,20,KH,2,R,4,na,5,13:39,1,na,,
2018-Apr,2018-04-28,Womanley,20,KH,2,R,8.1,na,5,13:39,2,na,,
2018-Apr,2018-04-28,Womanley,20,KH,2,R,13.9,na,5,13:39,4,na,,
2018-Apr,2018-04-28,Womanley,20,KH,2,R,15,na,5,13:39,4,P,,
2018-Apr,2018-04-28,Womanley,20,KH,2,R,16.5,na,5,13:39,3,na,,
2018-Apr,2018-04-28,Womanley,20,KH,2,R,20,na,5,13:39,32,na,,
2018-Apr,2018-04-28,Womanley,20,KH,3,R,7,na,5,15:39,9,na,,
2018-Apr,2018-04-28,Womanley,20,KH,3,R,1.1,na,5,13:39,40,P,approximately 5 fronds insite transect,
2018-Apr,2018-04-28,Womanley,20,KH,3,R,10,na,5,13:39,3,na,,
2018-Apr,2018-04-28,Womanley,20,KH,3,R,17,na,5,13:39,8,na,,
2018-Apr,2018-04-28,Womanley,20,KH,3,R,16.9,na,5,13:39,8,na,,
2018-Apr,2018-04-28,Womanley,20,NAP,1,R,0,na,5,13:39,2,na,,
2018-Jul,2018-07-14,Triquet,20,OP,1,L,3.25,na,4,12:00,6,na,,
2018-Jul,2018-07-14,Triquet,20,OP,1,L,14.5,na,4,12:00,7,na,,
2018-Jul,2018-07-14,Triquet,20,OP,2,L,10,na,4,12:00,9,na,,
2018-Jul,2018-07-14,Triquet,20,OP,2,R,17,na,4,12:00,5,na,,
2018-Jul,2018-07-14,Triquet,20,OP,2,R,1.5,na,4,12:00,8,na,,plant recorded as tangled but estimates of length given
2018-Jul,2018-07-14,Triquet,20,OP,3,R,10.5,na,4,12:00,5,na,,plant recorded as tangled but estimates of length given
2018-Jul,2018-07-14,Triquet,20,OP,3,R,13.5,na,4,12:00,6,na,,plant recorded as tangled but estimates of length given
2018-Jul,2018-07-14,Triquet,20,OP,3,R,1,na,4,12:00,6,na,,plant recorded as tangled but estimates of length given
2018-Jul,2018-07-14,Triquet,20,OP,1,R,0,na,4,12:00,20,na,,
2018-Jul,2018-07-14,Triquet,20,OP,1,R,15.5,na,4,12:00,16,na,,
2018-Jul,2018-07-14,Triquet,20,OP,2,L,1.5,na,4,12:00,5,na,,
2018-Jul,2018-07-14,Triquet,20,OP,3,R,13.75,na,4,12:00,8,na,,plant recorded as tangled but estimates of length given
2018-Jul,2018-07-14,Triquet,20,DV,2,R,1.9,na,4,12:00,8,na,,
2018-Jul,2018-07-14,Triquet,20,DV,2,L,13,na,4,12:00,1,na,,
2018-Jul,2018-07-14,Triquet,20,DV,2,R,16,na,4,12:00,3,na,,
2018-Jul,2018-07-14,Triquet,20,DV,2,R,17,na,4,12:00,3,T,,
2018-Jul,2018-07-14,Triquet,20,DV,3,R,11,na,4,12:00,9,T,,
2018-Jul,2018-07-14,Triquet,20,DV,3,R,13.5,na,4,12:00,7,T,,
2018-Jul,2018-07-14,Triquet,20,DV,3,R,13.75,na,4,12:00,12,T,,
2018-Jul,2018-07-14,Triquet,20,DV,3,R,13.75,na,4,12:00,12,P,,
2018-Jul,2018-07-14,Triquet,20,DV,1,L,0,na,4,12:00,3,na,,
2018-Jul,2018-07-14,Triquet,20,DV,1,R,10,na,4,12:00,20,na,,
2018-Jul,2018-07-14,Triquet,20,DV,1,R,18,na,4,12:00,10,na,,
2018-Jul,2018-07-14,Triquet,20,DV,1,R,18,na,4,12:00,9,na,,
2018-Jul,2018-07-14,Triquet,20,DV,1,R,18,na,4,12:00,7,na,,
2018-Jul,2018-07-14,Triquet,20,DV,1,R,18,na,4,12:00,1,na,,
2018-Jul,2018-07-14,Triquet,20,DV,1,L,2.9,na,4,12:00,15,T,,
2018-Jul,2018-07-14,Triquet,20,DV,2.5,na,2,na,4,14:00,6,na,,
2018-Jul,2018-07-14,Triquet,20,DV,2.5,na,9.5,na,4,14:00,5,na,,
2018-Jul,2018-07-14,Triquet,20,DV,2.5,na,11,na,4,14:00,12,na,,
2018-Jul,2018-07-14,Triquet,20,DV,2.5,na,11.5,na,4,14:00,15,na,,
2018-Jul,2018-07-14,Triquet,20,DV,2.5,na,14,na,4,14:00,38,na,,
2018-Jul,2018-07-14,Triquet,20,DV,2.5,na,16,na,4,14:00,1,na,,
2018-Jul,2018-07-14,Triquet,20,DV,2.5,na,16.5,na,4,14:00,2,na,,
2018-Jul,2018-07-14,Triquet,20,DV,2.5,na,16.5,na,4,14:00,3,na,,
2018-Jul,2018-07-14,Triquet,20,DV,1.5,na,20,na,4,14:00,10,na,,
2018-Jul,2018-07-14,Triquet,20,DV,1.5,na,19,na,4,14:00,5,na,,
2018-Jul,2018-07-14,Triquet,20,OP,1.5,na,0.5,na,4,14:00,10,na,,
2018-Jul,2018-07-14,Triquet,20,OP,1.5,na,1,na,4,14:00,7,T,,
2018-Jul,2018-07-14,Triquet,20,OP,1.5,na,0.75,na,4,14:00,4,T,,
2018-Jul,2018-07-14,Triquet,20,OP,1.5,na,1.25,na,4,14:00,4,na,,
2018-Jul,2018-07-14,Triquet,20,OP,1.5,na,0.75,na,4,14:00,4,T,,
2018-Jul,2018-07-14,Triquet,20,OP,1.5,na,3.5,na,4,14:00,15,T,,
2018-Jul,2018-07-14,Triquet,20,OP,1.5,na,3,na,4,14:00,6,na,,
2018-Jul,2018-07-14,Triquet,20,OP,1.5,na,3.25,na,4,14:00,3,na,,
2018-Jul,2018-07-14,Triquet,20,OP,1.5,na,8,na,4,14:00,9,na,,
2018-Jul,2018-07-14,Triquet,20,OP,1.5,na,14,na,4,14:00,5,na,,
2018-Jul,2018-07-14,Triquet,20,OP,1.5,na,14.25,na,4,14:00,5,T,,
2018-Jul,2018-07-14,Triquet,20,OP,1.5,na,15,na,4,14:00,4,na,,
2018-Jul,2018-07-14,Triquet,20,OP,1.5,na,15.1,na,4,14:00,5,na,,
2018-Jul,2018-07-14,Triquet,20,OP,1.5,na,16,na,4,14:00,5,na,,
2018-Jul,2018-07-14,Triquet,20,OP,1.5,na,16.1,na,4,14:00,2,na,,
2018-Jul,2018-07-14,Triquet,20,OP,1.5,na,17,na,4,14:00,6,T,,
2018-Jul,2018-07-14,Triquet,20,OP,1.5,na,17.1,na,4,14:00,4,na,,
2018-Jul,2018-07-14,Triquet,20,OP,1.5,na,20,na,4,14:00,5,na,,
2018-Jul,2018-07-21,Womanley,20,KH,1,L,7.5,na,5,9:43,9,na,,
2018-Jul,2018-07-21,Womanley,20,KH,2,L,16.5,na,5,9:43,12,na,,
2018-Jul,2018-07-21,Womanley,20,KH,2,L,14.5,na,5,9:43,16,na,,
2018-Jul,2018-07-21,Womanley,20,KH,3,L,9,na,5,9:43,9,na,,
2018-Jul,2018-07-21,Womanley,20,KH,1,R,13.5,na,5,9:43,12,na,,
2018-Jul,2018-07-21,Womanley,20,KH,1,R,20,na,5,9:43,5,na,,
2018-Jul,2018-07-21,Womanley,20,KH,2,R,8,na,5,9:43,8,na,,
2018-Jul,2018-07-21,Womanley,20,KH,3,R,17,na,5,9:43,2,na,,
2018-Jul,2018-07-21,Womanley,20,KH,1,R,5.2,na,5,9:43,5,na,,plant recorded as tangled but estimates of length given
2018-Jul,2018-07-21,Womanley,20,KH,2,R,10.6,na,5,9:43,3,na,,
2018-Jul,2018-07-21,Womanley,20,KH,3,R,10,na,5,9:43,12,na,,
2018-Jul,2018-07-21,Womanley,20,KH,3,L,12,na,5,9:43,2,na,,
2018-Jul,2018-07-21,Womanley,20,NAP,1,L,0.5,na,5,9:43,11,na,,
2018-Jul,2018-07-21,Womanley,20,NAP,1,L,2.5,na,5,9:43,7,na,,
2018-Jul,2018-07-21,Womanley,20,NAP,1,L,2.75,na,5,9:43,9,na,,
2018-Jul,2018-07-21,Womanley,20,NAP,1,R,2.75,na,5,9:43,4,na,,
2018-Jul,2018-07-21,Womanley,20,NAP,1,R,3.2,na,5,9:43,4,na,,
2018-Jul,2018-07-21,Womanley,20,NAP,1,R,4,na,5,9:43,14,T,,
2018-Jul,2018-07-21,Womanley,20,NAP,1,L,7.5,na,5,9:43,7,na,,
2018-Jul,2018-07-21,Womanley,20,NAP,1,R,8.5,na,5,9:43,4,T,,
2018-Jul,2018-07-21,Womanley,20,NAP,1,R,15.5,na,5,9:43,6,na,,
2018-Jul,2018-07-21,Womanley,20,NAP,1,R,15.5,na,5,9:43,6,na,,
2018-Jul,2018-07-21,Womanley,20,NAP,1,R,15.5,na,5,9:43,5,na,,
2018-Jul,2018-07-21,Womanley,20,NAP,1,R,15.2,na,5,9:43,7,na,,
2018-Jul,2018-07-21,Womanley,20,NAP,1,R,15,na,5,9:43,8,na,,
2018-Jul,2018-07-21,Womanley,20,NAP,1,R,15,na,5,9:43,3,na,,
2018-Jul,2018-07-21,Womanley,20,NAP,1,R,15,na,5,9:43,2,na,,
2018-Jul,2018-07-21,Womanley,20,LL,1,L,13.5,na,5,9:43,5,na,,
2018-Jul,2018-07-21,Womanley,20,LL,1,L,13.5,na,5,9:43,12,T,,
2018-Jul,2018-07-21,Womanley,20,LL,1,L,13.5,na,5,9:43,5,na,,
2018-Jul,2018-07-21,Womanley,20,DVM,1,R,20,na,5,9:43,9,na,,
2018-Jul,2018-07-21,Womanley,20,DVM,1,R,12.5,na,5,9:43,7,na,,
2018-Jul,2018-07-21,Womanley,20,DVM,1,R,12.6,na,5,9:43,6,na,,
2018-Jul,2018-07-21,Womanley,20,DVM,1,R,13.2,na,5,9:43,5,na,,
2018-Jul,2018-07-21,Womanley,20,DVM,1,R,13.25,na,5,9:43,6,na,,
2018-Jul,2018-07-21,Womanley,20,LL,2,L,5,na,5,9:43,10,na,,
2018-Jul,2018-07-21,Womanley,20,LL,2,L,8,na,5,9:43,2,na,,
2018-Jul,2018-07-21,Womanley,20,LL,2,R,8.1,na,5,9:43,3,C,,
2018-Jul,2018-07-21,Womanley,20,LL,2,L,9.5,na,5,9:43,6,na,,
2018-Jul,2018-07-21,Womanley,20,LL,2,R,10,na,5,9:43,2,P,,
2018-Jul,2018-07-21,Womanley,20,LL,2,L,13.5,na,5,9:43,5,T,,
2018-Jul,2018-07-21,Womanley,20,DVM,2,R,19.9,na,5,9:43,27,na,,plant recorded as tangled but estimates of length given
2018-Jul,2018-07-21,Womanley,20,DVM,2,R,16.5,na,5,9:43,2,na,,
2018-Jul,2018-07-21,Womanley,20,DVM,3,R,7,na,5,9:43,9,na,,
2018-Jul,2018-07-21,Womanley,20,DVM,3,L,9,na,5,9:43,14,na,,
2018-Jul,2018-07-21,Womanley,20,DVM,3,L,12,na,5,9:43,4,C,,
2018-Jul,2018-07-21,Womanley,20,DVM,3,L,12.1,na,5,9:43,4,C,,
2018-Jul,2018-07-21,Womanley,20,DVM,3,R,17,na,5,9:43,17,na,,plant recorded as tangled but estimates of length given
2018-Jul,2018-07-21,Womanley,20,NAP,1.5,na,15,na,5,12:15,5,T,,
2018-Jul,2018-07-21,Womanley,20,NAP,1.5,na,14,na,5,12:15,5,na,,
2018-Jul,2018-07-21,Womanley,20,NAP,1.5,na,13.5,na,5,12:15,1,na,,
2018-Jul,2018-07-21,Womanley,20,NAP,1.5,na,13.5,na,5,12:15,5,na,,
2018-Jul,2018-07-21,Womanley,20,NAP,1.5,na,13,na,5,12:15,5,na,,
2018-Jul,2018-07-21,Womanley,20,NAP,1.5,na,13,na,5,12:15,5,na,,
2018-Jul,2018-07-21,Womanley,20,NAP,1.5,na,13,na,5,12:15,1,T,,
2018-Jul,2018-07-21,Womanley,20,NAP,1.5,na,12,na,5,12:15,11,na,,
2018-Jul,2018-07-21,Womanley,20,NAP,1.5,na,12,na,5,12:15,3,na,,
2018-Jul,2018-07-21,Womanley,20,NAP,1.5,na,11.5,na,5,12:15,2,na,,
2018-Jul,2018-07-21,Womanley,20,NAP,1.5,na,11.5,na,5,12:15,6,na,,
2018-Jul,2018-07-21,Womanley,20,NAP,1.5,na,10.5,na,5,12:15,1,na,,
2018-Jul,2018-07-21,Womanley,20,NAP,1.5,na,10,na,5,12:15,5,na,,
2018-Jul,2018-07-21,Womanley,20,NAP,2.5,na,16.5,na,5,12:15,4,na,,
2018-Jul,2018-07-21,Womanley,20,NAP,2.5,na,16.5,na,5,12:15,4,na,,
2018-Jul,2018-07-21,Womanley,20,DVM,2.5,na,3,na,5,12:15,53,na,,
2018-Jul,2018-07-21,Womanley,20,DVM,2.5,na,1,na,5,12:15,4,na,,
2018-Jul,2018-07-21,Womanley,20,DVM,2.5,na,0.5,na,5,12:15,6,na,,
2018-Jul,2018-07-21,Womanley,20,DVM,2.5,na,0,na,5,12:15,17,na,,
2018-Jul,2018-07-21,Womanley,20,DVM,2.5,na,1,na,5,12:15,11,na,,
2018-Jul,2018-07-21,Womanley,20,DVM,2.5,na,1,na,5,12:15,23,na,,
2018-Jul,2018-07-21,Womanley,20,DVM,2.5,na,1.25,na,5,12:15,13,na,,
2018-Jul,2018-07-21,Womanley,20,DVM,2.5,na,3.75,na,5,12:15,11,na,,
2018-Jul,2018-07-21,Womanley,20,DVM,2.5,na,5.25,na,5,12:15,34,na,,
2018-Jul,2018-07-21,Womanley,20,DVM,2.5,na,8.25,na,5,12:15,4,na,,
2018-Jul,2018-07-21,Womanley,20,DVM,2.5,na,8.5,na,5,12:15,5,na,,
2018-Jul,2018-07-21,Womanley,20,DVM,2.5,na,10,na,5,12:15,20,na,,
2018-Jul,2018-07-21,Womanley,20,DVM,2.5,na,12.5,na,5,12:15,25,na,,
2018-Jul,2018-07-21,Womanley,20,DVM,2.5,na,12,na,5,12:15,15,na,,
2018-Jul,2018-07-21,Womanley,20,DVM,2.5,na,12.25,na,5,12:15,5,na,,
2018-Jul,2018-07-21,Womanley,20,DVM,2.5,na,12.3,na,5,12:15,16,na,,
2018-Jul,2018-07-21,Womanley,20,DVM,2.5,na,14.25,na,5,12:15,6,na,,
2018-Jul,2018-07-21,Womanley,20,DVM,2.5,na,17.5,na,5,12:15,7,na,,
2018-Jul,2018-07-21,Womanley,20,LL,2.5,na,20,na,5,12:15,7,C,,
2018-Jul,2018-07-21,Womanley,20,KH,2.5,na,18.6,na,5,12:15,2,na,,
2018-Jul,2018-07-21,Womanley,20,KH,2.5,na,18.5,na,5,12:15,11,na,,
2018-Jul,2018-07-21,Womanley,20,LL,1.5,na,0,na,5,12:15,6,na,,
2018-Jul,2018-07-21,Womanley,20,LL,1.5,na,0,na,5,12:15,2,na,,
2018-Jul,2018-07-21,Womanley,20,LL,1.5,na,0,na,5,12:15,5,na,,
2018-Jul,2018-07-21,Womanley,20,LL,1.5,na,0,na,5,12:15,6,T,,
2018-Jul,2018-07-21,Womanley,20,LL,1.5,na,0,na,5,12:15,7,T,,
2018-Jul,2018-07-21,Womanley,20,LL,1.5,na,1,na,5,12:15,3,na,,
2018-Jul,2018-07-21,Womanley,20,LL,1.5,na,1,na,5,12:15,12,na,,
2018-Jul,2018-07-21,Womanley,20,LL,1.5,na,9,na,5,12:15,3,na,,
2018-Jul,2018-07-21,Womanley,20,LL,1.5,na,9,na,5,12:15,8,na,,
2018-Jul,2018-07-22,Westbeach,20,KH,1,L,12,na,2,9:14,2,na,,
2018-Jul,2018-07-22,Westbeach,20,KH,1,L,15,na,2,10:00,20,na,,
2018-Jul,2018-07-22,Westbeach,20,KH,2,L,6,na,2,10:00,12,na,,
2018-Jul,2018-07-22,Westbeach,20,KH,2,L,1,na,2,10:00,11,na,,
2018-Jul,2018-07-22,Westbeach,20,KH,3,L,12,na,2,10:00,6,na,,
2018-Jul,2018-07-22,Westbeach,20,KH,1,R,2.5,na,2,10:00,7,na,,
2018-Jul,2018-07-22,Westbeach,20,KH,1,R,12.5,na,2,10:00,1,na,,
2018-Jul,2018-07-22,Westbeach,20,KH,2,R,2,na,2,10:00,4,na,,
2018-Jul,2018-07-22,Westbeach,20,KH,2,R,12,na,2,10:00,14,na,,
2018-Jul,2018-07-22,Westbeach,20,KH,2,R,8.5,na,2,10:00,3,na,,
2018-Jul,2018-07-22,Westbeach,20,KH,2,R,9,na,2,10:00,17,na,,
2018-Jul,2018-07-22,Westbeach,20,KH,3,R,3,na,2,10:00,20,na,,
2018-Jul,2018-07-22,Westbeach,20,KH,3,R,4,na,2,10:00,5,na,,
2018-Jul,2018-07-22,Westbeach,20,KH,3,R,7.5,na,2,10:00,7,na,,
2018-Jul,2018-07-22,Westbeach,20,KH,3,R,13,na,2,10:00,3,na,,
2018-Jul,2018-07-22,Westbeach,20,LL,1,R,15,na,2,10:00,2,na,,
2018-Jul,2018-07-22,Westbeach,20,LL,1,R,15,na,2,10:00,2,C,,
2018-Jul,2018-07-22,Westbeach,20,LL,1,R,14.5,na,2,10:00,5,na,,
2018-Jul,2018-07-22,Westbeach,20,LL,1,R,14.5,na,2,10:00,4,T,,
2018-Jul,2018-07-22,Westbeach,20,LL,1,R,12,na,2,10:00,7,na,,
2018-Jul,2018-07-22,Westbeach,20,LL,1,R,12,na,2,10:00,4,na,,
2018-Jul,2018-07-22,Westbeach,20,LL,1,R,12,na,2,10:00,3,na,,
2018-Jul,2018-07-22,Westbeach,20,LL,1,R,11.5,na,2,10:00,4,P,,
2018-Jul,2018-07-22,Westbeach,20,LL,1,L,11.5,na,2,10:00,3,T,,
2018-Jul,2018-07-22,Westbeach,20,LL,1,R,11,na,2,10:00,7,na,,
2018-Jul,2018-07-22,Westbeach,20,LL,1,L,10,na,2,10:00,7,C,,
2018-Jul,2018-07-22,Westbeach,20,LL,1,L,10,na,2,10:00,7,na,,
2018-Jul,2018-07-22,Westbeach,20,LL,1,L,9.5,na,2,10:00,3,T,,
2018-Jul,2018-07-22,Westbeach,20,LL,1,L,9.5,na,2,10:00,3,T,,
2018-Jul,2018-07-22,Westbeach,20,LL,1,R,5.5,na,2,10:00,9,na,,
2018-Jul,2018-07-22,Westbeach,20,LL,1,R,5.5,na,2,10:00,4,na,,
2018-Jul,2018-07-22,Westbeach,20,LL,1,R,5,na,2,10:00,4,na,,
2018-Jul,2018-07-22,Westbeach,20,LL,1,R,5,na,2,10:00,3,C,,
2018-Jul,2018-07-22,Westbeach,20,LL,1,R,5,na,2,10:00,2,na,,
2018-Jul,2018-07-22,Westbeach,20,LL,1,R,5,na,2,10:00,4,na,,
2018-Jul,2018-07-22,Westbeach,20,LL,1,L,5.5,na,2,10:00,6,na,,
2018-Jul,2018-07-22,Westbeach,20,LL,1,L,5.5,na,2,10:00,4,na,,
2018-Jul,2018-07-22,Westbeach,20,LL,1,R,4,na,2,10:00,6,na,,
2018-Jul,2018-07-22,Westbeach,20,LL,1,R,3.9,na,2,10:00,3,T,,
2018-Jul,2018-07-22,Westbeach,20,LL,1,R,3.1,na,2,10:00,3,na,,
2018-Jul,2018-07-22,Westbeach,20,LL,1,R,3,na,2,10:00,5,na,,
2018-Jul,2018-07-22,Westbeach,20,LL,1,R,3,na,2,10:00,4,na,,
2018-Jul,2018-07-22,Westbeach,20,LL,1,R,0,na,2,10:00,3,na,,
2018-Jul,2018-07-22,Westbeach,20,LL,1,R,0,na,2,10:00,8,na,,
2018-Jul,2018-07-22,Westbeach,20,LL,1,R,0,na,2,10:00,7,na,,
2018-Jul,2018-07-22,Westbeach,20,LL,1,R,0,na,2,10:00,4,na,,
2018-Jul,2018-07-22,Westbeach,20,LL,1,R,0,na,2,10:00,5,T,,
2018-Jul,2018-07-22,Westbeach,20,NAP,2,R,12.5,na,2,9:19,4,na,,
2018-Jul,2018-07-22,Westbeach,20,NAP,2,L,12.5,na,2,9:19,7,na,,
2018-Jul,2018-07-22,Westbeach,20,NAP,2,L,12.5,na,2,9:19,6,na,,
2018-Jul,2018-07-22,Westbeach,20,NAP,2,L,12.5,na,2,9:19,6,na,,
2018-Jul,2018-07-22,Westbeach,20,NAP,2,L,12.5,na,2,9:19,3,na,,
2018-Jul,2018-07-22,Westbeach,20,NAP,2,L,12.5,na,2,9:19,4,na,,
2018-Jul,2018-07-22,Westbeach,20,NAP,2,L,12.5,na,2,9:19,5,na,,
2018-Jul,2018-07-22,Westbeach,20,NAP,2,R,12.2,na,2,9:19,3,na,,
2018-Jul,2018-07-22,Westbeach,20,NAP,2,R,12,na,2,9:19,5,na,,
2018-Jul,2018-07-22,Westbeach,20,NAP,2,R,11.9,na,2,9:19,3,na,,
2018-Jul,2018-07-22,Westbeach,20,NAP,2,R,11.9,na,2,9:19,7,na,,
2018-Jul,2018-07-22,Westbeach,20,NAP,2,L,11.8,na,2,9:19,4,na,,
2018-Jul,2018-07-22,Westbeach,20,NAP,2,L,11.5,na,2,9:19,3,na,,
2018-Jul,2018-07-22,Westbeach,20,NAP,2,L,11.5,na,2,9:19,7,na,,
2018-Jul,2018-07-22,Westbeach,20,NAP,2,R,11.5,na,2,9:19,6,na,,
2018-Jul,2018-07-22,Westbeach,20,NAP,2,R,9,na,2,9:19,7,na,,
2018-Jul,2018-07-22,Westbeach,20,NAP,2,R,9,na,2,9:19,2,na,,
2018-Jul,2018-07-22,Westbeach,20,NAP,2,R,9,na,2,9:19,6,na,,
2018-Jul,2018-07-22,Westbeach,20,NAP,2,R,9,na,2,9:19,5,na,,
2018-Jul,2018-07-22,Westbeach,20,NAP,2,R,8.5,na,2,9:19,4,na,,
2018-Jul,2018-07-22,Westbeach,20,NAP,2,R,8.5,na,2,9:19,2,na,,
2018-Jul,2018-07-22,Westbeach,20,NAP,2,R,8.5,na,2,9:19,3,na,,
2018-Jul,2018-07-22,Westbeach,20,NAP,2,R,8,na,2,9:19,4,na,,
2018-Jul,2018-07-22,Westbeach,20,NAP,2,R,8,na,2,9:19,5,na,,
2018-Jul,2018-07-22,Westbeach,20,NAP,2,R,8,na,2,9:19,2,na,,
2018-Jul,2018-07-22,Westbeach,20,NAP,2,R,2.5,na,2,9:19,6,na,,
2018-Jul,2018-07-22,Westbeach,20,NAP,2,R,2.5,na,2,9:19,6,na,,
2018-Jul,2018-07-22,Westbeach,20,NAP,2,R,2.5,na,2,9:19,5,na,,
2018-Jul,2018-07-22,Westbeach,20,NAP,2,R,2,na,2,9:19,2,na,,
2018-Jul,2018-07-22,Westbeach,20,NAP,2,R,1.8,na,2,9:19,1,na,,
2018-Jul,2018-07-22,Westbeach,20,NAP,2,R,1.8,na,2,9:19,8,na,,
2018-Jul,2018-07-22,Westbeach,20,NAP,2,R,1.8,na,2,9:19,2,na,,
2018-Jul,2018-07-22,Westbeach,20,NAP,2,L,1.8,na,2,9:19,2,na,,
2018-Jul,2018-07-22,Westbeach,20,NAP,2,L,0.5,na,2,9:19,4,na,,
2018-Jul,2018-07-22,Westbeach,20,NAP,2,L,0.5,na,2,9:19,7,na,,
2018-Jul,2018-07-22,Westbeach,20,NAP,2,R,7,na,2,9:19,6,na,,
2018-Jul,2018-07-22,Westbeach,20,NAP,2,R,7.2,na,2,9:19,4,na,,
2018-Jul,2018-07-22,Westbeach,20,NAP,2,L,7.5,na,2,9:19,1,na,,
2018-Jul,2018-07-22,Westbeach,20,DVM,3,L,3.5,na,2,9:22,16,na,,
2018-Jul,2018-07-22,Westbeach,20,DVM,3,L,3.6,na,2,9:22,10,na,,
2018-Jul,2018-07-22,Westbeach,20,DVM,3,L,3.75,na,2,9:22,15,C,,
2018-Jul,2018-07-22,Westbeach,20,DVM,3,L,4.25,na,2,9:22,17,na,,plant recorded as tangled but estimates of length given
2018-Jul,2018-07-22,Westbeach,20,DVM,3,L,4.25,na,2,9:22,6,na,,
2018-Jul,2018-07-22,Westbeach,20,DVM,3,R,4.3,na,2,9:22,11,na,,plant recorded as tangled but estimates of length given
2018-Jul,2018-07-22,Westbeach,20,DVM,3,R,4.4,na,2,9:22,13,na,,
2018-Jul,2018-07-22,Westbeach,20,DVM,3,L,4.9,na,2,9:22,10,na,,
2018-Jul,2018-07-22,Westbeach,20,DVM,3,L,5,na,2,9:22,9,P,,
2018-Jul,2018-07-22,Westbeach,20,DVM,3,R,7,na,2,9:22,9,na,,
2018-Jul,2018-07-22,Westbeach,20,DVM,3,R,7.2,na,2,9:22,6,na,,plant recorded as tangled but estimates of length given
2018-Jul,2018-07-22,Westbeach,20,DVM,3,L,7.5,na,2,9:22,12,P,,
2018-Jul,2018-07-22,Westbeach,20,DVM,3,R,8.2,na,2,9:22,4,na,,
2018-Jul,2018-07-22,Westbeach,20,DVM,3,L,10.1,na,2,9:22,1,C,,
2018-Jul,2018-07-22,Westbeach,20,DVM,3,L,10.25,na,2,9:22,5,na,,
2018-Jul,2018-07-22,Westbeach,20,DVM,3,L,11.5,na,2,9:22,2,na,,
2018-Jul,2018-07-22,Westbeach,20,DVM,3,L,14.5,na,2,9:22,15,P,,
2018-Jul,2018-07-22,Westbeach,20,DVM,3,L,15,na,2,9:22,4,na,,
2018-Jul,2018-07-22,Westbeach,20,DVM,3,L,18,na,2,9:22,29,na,,plant recorded as tangled but estimates of length given
2018-Jul,2018-07-22,Westbeach,20,LL,1.5,na,16,na,2,12:10,3,T,,
2018-Jul,2018-07-22,Westbeach,20,LL,1.5,na,16.1,na,2,12:10,3,T,,
2018-Jul,2018-07-22,Westbeach,20,LL,1.5,na,14,na,2,12:10,5,T,,
2018-Jul,2018-07-22,Westbeach,20,LL,1.5,na,13.9,na,2,12:10,11,T,,
2018-Jul,2018-07-22,Westbeach,20,LL,1.5,na,13.9,na,2,12:10,7,T,,
2018-Jul,2018-07-22,Westbeach,20,LL,1.5,na,13.8,na,2,12:10,6,T,,
2018-Jul,2018-07-22,Westbeach,20,LL,1.5,na,13.8,na,2,12:10,7,T,,
2018-Jul,2018-07-22,Westbeach,20,LL,1.5,na,10,na,2,12:10,3,T,,
2018-Jul,2018-07-22,Westbeach,20,LL,1.5,na,10,na,2,12:10,4,T,,
2018-Jul,2018-07-22,Westbeach,20,LL,1.5,na,8,na,2,12:10,4,T,,
2018-Jul,2018-07-22,Westbeach,20,LL,1.5,na,8,na,2,12:10,8,T,,
2018-Jul,2018-07-22,Westbeach,20,LL,1.5,na,7,na,2,12:10,7,T,,
2018-Jul,2018-07-22,Westbeach,20,LL,1.5,na,7,na,2,12:10,7,T,,
2018-Jul,2018-07-22,Westbeach,20,LL,1.5,na,5,na,2,12:10,4,T,,
2018-Jul,2018-07-22,Westbeach,20,LL,1.5,na,4.7,na,2,12:10,8,T,,
2018-Jul,2018-07-22,Westbeach,20,LL,1.5,na,2,na,2,12:10,12,T,,
2018-Jul,2018-07-22,Westbeach,20,LL,1.5,na,2,na,2,12:10,8,T,,
2018-Jul,2018-07-22,Westbeach,20,LL,1.5,na,2,na,2,12:10,3,T,,
2018-Jul,2018-07-22,Westbeach,20,LL,1.5,na,0,na,2,12:10,5,T,,
2018-Jul,2018-07-22,Westbeach,20,LL,1.5,na,0,na,2,12:10,8,T,,
2018-Jul,2018-07-22,Westbeach,20,LL,1.5,na,0,na,2,12:10,4,T,,
2018-Jul,2018-07-22,Westbeach,20,LL,1.5,na,0,na,2,12:10,8,T,,
2018-Jul,2018-07-22,Westbeach,20,LL,1.5,na,0,na,2,12:10,10,T,,
2018-Jul,2018-07-22,Westbeach,20,LL,1.5,na,0,na,2,12:10,5,T,,
2018-Jul,2018-07-22,Westbeach,20,LL,1.5,na,0,na,2,12:10,2,T,,
2018-Jul,2018-07-22,Westbeach,20,LL,1.5,na,0,na,2,12:10,3,T,,
2018-Jul,2018-07-22,Westbeach,20,LL,1.5,na,0,na,2,12:10,3,T,,
2018-Jul,2018-07-22,Westbeach,20,LL,1.5,na,4,na,2,12:10,7,T,,
2018-Jul,2018-07-22,Westbeach,20,LL,1.5,na,6,na,2,12:10,6,T,,
2018-Jul,2018-07-22,Westbeach,20,DVM,1.5,na,18,na,2,12:10,5,T,,
2018-Jul,2018-07-22,Westbeach,20,DVM,2.5,na,3,na,2,12:10,42,T,,
2018-Jul,2018-07-22,Westbeach,20,DVM,2.5,na,8,na,2,12:10,17,T,,
2018-Jul,2018-07-22,Westbeach,20,DVM,2.5,na,8.5,na,2,12:10,15,T,,
2018-Jul,2018-07-22,Westbeach,20,DVM,2.5,na,8.5,na,2,12:10,11,T,,
2018-Jul,2018-07-22,Westbeach,20,DVM,2.5,na,9,na,2,12:10,7,T,,
2018-Jul,2018-07-22,Westbeach,20,DVM,2.5,na,9,na,2,12:10,7,T,,
2018-Jul,2018-07-22,Westbeach,20,DVM,2.5,na,8.2,na,2,12:10,16,T,,
2018-Jul,2018-07-22,Westbeach,20,DVM,2.5,na,9.5,na,2,12:10,8,T,,
2018-Jul,2018-07-22,Westbeach,20,DVM,2.5,na,9.5,na,2,12:10,19,T,,
2018-Jul,2018-07-22,Westbeach,20,DVM,2.5,na,9.5,na,2,12:10,14,T,,
2018-Jul,2018-07-22,Westbeach,20,DVM,2.5,na,9.5,na,2,12:10,28,T,,
2018-Jul,2018-07-22,Westbeach,20,DVM,2.5,na,9.5,na,2,12:10,5,T,,
2018-Jul,2018-07-22,Westbeach,20,DVM,2.5,na,14.5,na,2,12:10,10,T,,
2018-Jul,2018-07-22,Westbeach,20,DVM,2.5,na,15,na,2,12:10,9,T,,
2018-Jul,2018-07-22,Westbeach,20,DVM,2.5,na,13,na,2,12:10,13,T,,
2018-Jul,2018-07-22,Westbeach,20,DVM,2.5,na,13.5,na,2,12:10,7,T,,
2018-Jul,2018-07-22,Westbeach,20,DVM,2.5,na,14,na,2,12:10,16,T,,
2018-Jul,2018-07-22,Westbeach,20,DVM,2.5,na,16,na,2,12:10,11,T,,
2018-Jul,2018-07-22,Westbeach,20,DVM,2.5,na,16,na,2,12:10,7,T,,
2018-Jul,2018-07-22,Westbeach,20,DVM,2.5,na,16.5,na,2,12:10,5,T,,
2018-Jul,2018-07-22,Westbeach,20,DVM,2.5,na,17,na,2,12:10,9,T,,
2018-Jul,2018-07-22,Westbeach,20,DVM,2.5,na,17,na,2,12:10,7,T,,
2018-Jul,2018-07-22,Westbeach,20,DVM,2.5,na,17.5,na,2,12:10,9,T,,
2018-Jul,2018-07-22,Westbeach,20,DVM,2.5,na,18,na,2,12:10,14,T,,
2018-Aug,2018-08-17,Stryker,20,OP,3,R,20,na,4,14:30,15,na,,
2018-Aug,2018-08-17,Stryker,20,OP,3,R,19.75,na,4,14:30,4,na,,
2018-Aug,2018-08-17,Stryker,20,OP,3,R,19.5,na,4,14:30,5,na,,
2018-Aug,2018-08-17,Stryker,20,OP,3,R,19.25,na,4,14:30,6,P,,
2018-Aug,2018-08-17,Stryker,20,OP,3,R,10,na,4,14:30,7,na,,
2018-Aug,2018-08-17,Stryker,20,OP,3,R,9.8,na,4,14:30,16,na,,
2018-Aug,2018-08-17,Stryker,20,OP,3,R,6.2,na,4,14:30,9,na,,
2018-Aug,2018-08-17,Stryker,20,OP,3,R,3,na,4,14:30,2,na,,
2018-Aug,2018-08-17,Stryker,20,OP,3,R,2.5,na,4,14:30,12,T,,
2018-Aug,2018-08-17,Stryker,20,OP,3,R,2.5,na,4,14:30,6,P,,
2018-Aug,2018-08-17,Stryker,20,OP,3,L,1,na,4,14:30,17,na,,
2018-Aug,2018-08-17,Stryker,20,OP,3,R,1,na,4,14:30,2,na,,
2018-Aug,2018-08-17,Stryker,20,OP,3,L,3,na,4,14:30,11,na,,
2018-Aug,2018-08-17,Stryker,20,OP,3,L,3.2,na,4,14:30,5,na,,
2018-Aug,2018-08-17,Stryker,20,OP,3,L,3.4,na,4,14:30,10,na,,
2018-Aug,2018-08-17,Stryker,20,OP,3,L,3.6,na,4,14:30,10,na,,
2018-Aug,2018-08-17,Stryker,20,OP,3,L,7,na,4,14:30,13,na,,
2018-Aug,2018-08-17,Stryker,20,OP,3,L,7.2,na,4,14:30,8,na,,
2018-Aug,2018-08-17,Stryker,20,OP,3,L,7.4,na,4,14:30,7,na,,
2018-Aug,2018-08-17,Stryker,20,OP,3,L,7.6,na,4,14:30,6,na,,
2018-Aug,2018-08-17,Stryker,20,NAP,1,R,14,na,4,14:30,7,na,,
2018-Aug,2018-08-17,Stryker,20,NAP,1,R,14,na,4,14:30,6,T,,
2018-Aug,2018-08-17,Stryker,20,NAP,1,L,18,na,4,14:30,3,na,,
2018-Aug,2018-08-17,Stryker,20,NAP,1,L,18,na,4,14:30,6,na,,
2018-Aug,2018-08-17,Stryker,20,NAP,1,L,18,na,4,14:30,5,na,,
2018-Aug,2018-08-17,Stryker,20,NAP,1,L,18,na,4,14:30,6,na,,
2018-Aug,2018-08-17,Stryker,20,NAP,1,L,18,na,4,14:30,5,na,,
2018-Aug,2018-08-17,Stryker,20,NAP,1,L,18,na,4,14:30,3,na,,
2018-Aug,2018-08-17,Stryker,20,NAP,1,L,19.5,na,4,14:30,5,na,,
2018-Aug,2018-08-17,Stryker,20,NAP,1,L,19.5,na,4,14:30,6,na,,
2018-Aug,2018-08-17,Stryker,20,NAP,1.5,na,19,na,4,14:30,8,T,,
2018-Aug,2018-08-17,Stryker,20,NAP,1.5,na,19,na,4,14:30,7,T,,
2018-Aug,2018-08-17,Stryker,20,NAP,1.5,na,18,na,4,14:30,6,T,,
2018-Aug,2018-08-17,Stryker,20,NAP,1.5,na,17.5,na,4,14:30,8,T,,
2018-Aug,2018-08-17,Stryker,20,NAP,1.5,na,17.5,na,4,14:30,4,T,,
2018-Aug,2018-08-17,Stryker,20,NAP,1.5,na,19,na,4,14:30,9,T,,
2018-Aug,2018-08-17,Stryker,20,NAP,1.5,na,18,na,4,14:30,9,T,,
2018-Aug,2018-08-17,Stryker,20,NAP,1.5,na,13,na,4,14:30,4,T,,
2018-Aug,2018-08-17,Stryker,20,NAP,1.5,na,13,na,4,14:30,8,T,,
2018-Aug,2018-08-17,Stryker,20,NAP,1.5,na,13,na,4,14:30,11,T,,
2018-Aug,2018-08-17,Stryker,20,NAP,1.5,na,12,na,4,14:30,2,T,,
2018-Aug,2018-08-17,Stryker,20,NAP,1.5,na,12,na,4,14:30,2,T,,
2018-Aug,2018-08-17,Stryker,20,NAP,1.5,na,11,na,4,14:30,4,T,,
2018-Aug,2018-08-17,Stryker,20,NAP,1.5,na,10,na,4,14:30,4,T,,
2018-Aug,2018-08-17,Stryker,20,NAP,1.5,na,8,na,4,14:30,7,T,,
2018-Aug,2018-08-17,Stryker,20,NAP,1.5,na,8,na,4,14:30,10,T,,
2018-Aug,2018-08-17,Stryker,20,NAP,1.5,na,8,na,4,14:30,6,T,,
2018-Aug,2018-08-17,Stryker,20,NAP,1.5,na,8,na,4,14:30,8,T,,
2018-Aug,2018-08-17,Stryker,20,NAP,1.5,na,8,na,4,14:30,8,T,,
2018-Aug,2018-08-17,Stryker,20,NAP,1.5,na,6,na,4,14:30,3,T,,
2018-Aug,2018-08-17,Stryker,20,NAP,1.5,na,6,na,4,14:30,7,T,,
2018-Aug,2018-08-17,Stryker,20,NAP,1.5,na,5,na,4,14:30,8,T,,
2018-Aug,2018-08-17,Stryker,20,NAP,1.5,na,5,na,4,14:30,12,T,,
2018-Aug,2018-08-17,Stryker,20,NAP,1.5,na,5,na,4,14:30,11,T,,
2018-Aug,2018-08-17,Stryker,20,NAP,1.5,na,4,na,4,14:30,7,T,,
2018-Aug,2018-08-17,Stryker,20,NAP,1.5,na,4,na,4,14:30,5,T,,
2018-Aug,2018-08-17,Stryker,20,NAP,1.5,na,4,na,4,14:30,11,T,,
2018-Aug,2018-08-17,Stryker,20,NAP,1.5,na,4,na,4,14:30,10,T,,
2018-Aug,2018-08-17,Stryker,20,NAP,1.5,na,4,na,4,14:30,8,T,,
2018-Aug,2018-08-17,Stryker,20,NAP,1.5,na,4,na,4,14:30,3,T,,
2018-Aug,2018-08-17,Stryker,20,NAP,1.5,na,2.5,na,4,14:30,4,T,,
2018-Aug,2018-08-17,Stryker,20,NAP,1.5,na,2.5,na,4,14:30,4,T,,
2018-Aug,2018-08-17,Stryker,20,NAP,1.5,na,2.5,na,4,14:30,3,T,,
2018-Aug,2018-08-17,Stryker,20,NAP,1.5,na,1.5,na,4,14:30,8,T,,
2018-Aug,2018-08-17,Stryker,20,NAP,1.5,na,1,na,4,14:30,7,T,,
2018-Aug,2018-08-17,Stryker,20,NAP,1.5,na,1,na,4,14:30,4,T,,
2018-Aug,2018-08-17,Stryker,20,OP,2.5,na,3,na,4,14:30,9,T,,
2018-Aug,2018-08-17,Stryker,20,OP,2.5,na,4,na,4,14:30,3,T,,
2018-Aug,2018-08-17,Stryker,20,OP,2.5,na,5,na,4,14:30,2,T,,
2018-Aug,2018-08-17,Stryker,20,OP,2.5,na,7,na,4,14:30,26,T,,
2018-Aug,2018-08-17,Stryker,20,OP,2.5,na,8,na,4,14:30,28,T,,
2018-Aug,2018-08-17,Stryker,20,OP,2.5,na,10.5,na,4,14:30,18,T,,
2018-Aug,2018-08-17,Stryker,20,OP,2.5,na,10,na,4,14:30,15,T,,
2018-Aug,2018-08-17,Stryker,20,OP,2.5,na,11,na,4,14:30,14,T,,
2018-Aug,2018-08-17,Stryker,20,OP,2.5,na,12,na,4,14:30,24,T,,
2018-Aug,2018-08-17,Stryker,20,OP,2.75,na,14.5,na,4,14:30,36,T,,
2018-Aug,2018-08-17,Stryker,20,OP,2.25,na,14,na,4,14:30,22,T,,
2018-Aug,2018-08-17,Stryker,20,OP,2.25,na,15,na,4,14:30,13,T,,
2018-Aug,2018-08-17,Stryker,20,OP,2.75,na,16,na,4,14:30,44,T,,
2018-Aug,2018-08-17,Stryker,20,OP,2.75,na,16,na,4,14:30,13,T,,
2018-Aug,2018-08-17,Stryker,20,OP,2.5,na,18,na,4,14:30,20,T,,
2018-Aug,2018-08-17,Stryker,20,OP,2.75,na,20,na,4,14:30,47,T,,
2018-Aug,2018-08-17,Stryker,20,OP,2.5,na,20,na,4,14:30,54,T,,
2018-Aug,2018-08-17,Stryker,20,OP,2.25,na,20,na,4,14:30,3,T,,
2018-Aug,2018-08-17,Stryker,20,OP,2.75,na,7,na,4,14:30,11,T,,
2018-Aug,2018-08-17,Stryker,20,OP,2.75,na,5,na,4,14:30,57,T,,
2018-Aug,2018-08-17,Stryker,20,OP,2.75,na,3,na,4,14:30,27,T,,
2018-Aug,2018-08-17,Stryker,20,KH,2,R,0,na,4,14:30,10,na,,
2018-Aug,2018-08-17,Stryker,20,KH,2,R,0.5,na,4,14:30,5,na,,
2018-Aug,2018-08-17,Stryker,20,KH,2,L,0.75,na,4,14:30,13,na,,
2018-Aug,2018-08-17,Stryker,20,KH,2,R,3,na,4,14:30,7,C,,
2018-Aug,2018-08-17,Stryker,20,KH,2,L,4,na,4,14:30,19,na,,
2018-Aug,2018-08-17,Stryker,20,KH,2,L,3.9,na,4,14:30,3,na,,
2018-Aug,2018-08-17,Stryker,20,KH,2,L,4.1,na,4,14:30,14,na,,
2018-Aug,2018-08-17,Stryker,20,KH,2,L,5.8,na,4,14:30,17,na,,
2018-Aug,2018-08-17,Stryker,20,KH,2,L,10.8,na,4,14:30,12,na,,
2018-Aug,2018-08-17,Stryker,20,KH,2,R,11.5,na,4,14:30,17,na,,
2018-Aug,2018-08-17,Stryker,20,KH,2,R,12.2,na,4,14:30,1,P,,
2018-Aug,2018-08-17,Stryker,20,KH,2,R,12.4,na,4,14:30,6,na,,
2018-Aug,2018-08-17,Stryker,20,KH,2,R,12.9,na,4,14:30,4,na,,
2018-Aug,2018-08-17,Stryker,20,KH,1,L,1.2,na,4,14:30,4,na,,
2018-Aug,2018-08-17,Stryker,20,KH,1,L,1.3,na,4,14:30,3,na,,
2018-Aug,2018-08-17,Stryker,20,KH,1,L,4,na,4,14:30,7,P,,
2018-Aug,2018-08-17,Stryker,20,KH,1,L,4.1,na,4,14:30,18,C,,
2018-Aug,2018-08-17,Stryker,20,KH,1,R,7,na,4,14:30,5,na,,
2018-Aug,2018-08-17,Stryker,20,KH,1,R,7.5,na,4,14:30,8,na,,
2018-Aug,2018-08-17,Stryker,20,KH,1,L,10.9,na,4,14:30,5,na,,
2018-Aug,2018-08-17,Stryker,20,KH,1,L,11,na,4,14:30,3,na,,
2018-Aug,2018-08-17,Stryker,20,KH,1,L,11.1,na,4,14:30,5,na,,
2018-Aug,2018-08-17,Stryker,20,KH,1,L,13.5,na,4,14:30,66,na,,
2018-Aug,2018-08-17,Stryker,20,KH,1,L,17,na,4,14:30,12,na,,
2018-Aug,2018-08-17,Stryker,20,KH,1,L,16.9,na,4,14:30,3,na,,
2018-Aug,2018-08-18,Simmonds,20,OP,1,L,18.25,na,5,14:00,3,T,,
2018-Aug,2018-08-18,Simmonds,20,OP,1,R,18.25,na,5,14:00,2,na,,
2018-Aug,2018-08-18,Simmonds,20,OP,1,L,18.2,na,5,14:00,8,P,,
2018-Aug,2018-08-18,Simmonds,20,OP,1,L,19.5,na,5,14:00,3,na,,
2018-Aug,2018-08-18,Simmonds,20,OP,1,L,20,na,5,14:00,6,na,,
2018-Aug,2018-08-18,Simmonds,20,OP,1,L,3,na,5,14:00,4,na,,
2018-Aug,2018-08-18,Simmonds,20,OP,1,L,4,na,5,14:00,4,na,,
2018-Aug,2018-08-18,Simmonds,20,OP,1,L,10,na,5,14:00,14,na,,
2018-Aug,2018-08-18,Simmonds,20,OP,1,L,11.5,na,5,14:00,2,na,,
2018-Aug,2018-08-18,Simmonds,20,OP,1,L,11.75,na,5,14:00,34,na,,
2018-Aug,2018-08-18,Simmonds,20,OP,1,R,13,na,5,14:00,1,P,,
2018-Aug,2018-08-18,Simmonds,20,OP,1,R,14.75,na,5,14:00,2,na,,
2018-Aug,2018-08-18,Simmonds,20,OP,1,R,15,na,5,14:00,1,na,,
2018-Aug,2018-08-18,Simmonds,20,OP,1,R,15.5,na,5,14:00,1,na,,
2018-Aug,2018-08-18,Simmonds,20,OP,1,L,16.5,na,5,14:00,4,T,,
2018-Aug,2018-08-18,Simmonds,20,OP,1,L,18,na,5,14:00,8,na,,
2018-Aug,2018-08-18,Simmonds,20,OP,1.25,na,20,na,5,14:00,15,T,,
2018-Aug,2018-08-18,Simmonds,20,OP,1.25,na,15_17,na,5,14:00,39,T,,
2018-Aug,2018-08-18,Simmonds,20,OP,1.25,na,13_15,na,5,14:00,5,T,,
2018-Aug,2018-08-18,Simmonds,20,OP,1.5,na,15_17,na,5,14:00,34,T,,
2018-Aug,2018-08-18,Simmonds,20,OP,1.5,na,13_15,na,5,14:00,8,T,,
2018-Aug,2018-08-18,Simmonds,20,OP,1.5,na,10_13,na,5,14:00,4,T,,
2018-Aug,2018-08-18,Simmonds,20,OP,1.25,na,11,na,5,14:00,12,T,,
2018-Aug,2018-08-18,Simmonds,20,OP,1.25,na,6_7,na,5,14:00,13,T,,
2018-Aug,2018-08-18,Simmonds,20,OP,1.25,na,4,na,5,14:00,29,T,,
2018-Aug,2018-08-18,Simmonds,20,OP,1.75,na,10_12,na,5,14:00,12,T,,
2018-Aug,2018-08-18,Simmonds,20,OP,1.75,na,2_4,na,5,14:00,9,T,,
2018-Aug,2018-08-18,Simmonds,20,OP,1.75,na,4_6,na,5,14:00,42,T,,
2018-Aug,2018-08-18,Simmonds,20,OP,1.75,na,6_8,na,5,14:00,15,T,,
2018-Aug,2018-08-18,Simmonds,20,OP,1.75,na,8_10,na,5,14:00,24,T,,
2018-Aug,2018-08-18,Simmonds,20,OP,1.5,na,8_10,na,5,14:00,13,T,,
2018-Aug,2018-08-18,Simmonds,20,OP,1.5,na,6_8,na,5,14:00,13,T,,
2018-Aug,2018-08-18,Simmonds,20,OP,1.75,na,12_14,na,5,14:00,20,T,,
2018-Aug,2018-08-18,Simmonds,20,OP,1.5,na,17,na,5,14:00,29,T,,
2018-Aug,2018-08-18,Simmonds,20,OP,1.75,na,17,na,5,14:00,2,T,,
2018-Aug,2018-08-18,Simmonds,20,BMM,3,L,1.5,na,5,14:00,1,na,,
2018-Aug,2018-08-18,Simmonds,20,BMM,3,L,4,na,5,14:00,1,na,,
2018-Aug,2018-08-18,Simmonds,20,BMM,3,L,5,na,5,14:00,2,T,,
2018-Aug,2018-08-18,Simmonds,20,BMM,3,R,5.5,na,5,14:00,6,P,,
2018-Aug,2018-08-18,Simmonds,20,BMM,3,L,6,na,5,14:00,1,na,,
2018-Aug,2018-08-18,Simmonds,20,BMM,3,R,6,na,5,14:00,2,na,,
2018-Aug,2018-08-18,Simmonds,20,BMM,3,L,6,na,5,14:00,2,na,,
2018-Aug,2018-08-18,Simmonds,20,BMM,3,R,7,na,5,14:00,1,na,,
2018-Aug,2018-08-18,Simmonds,20,BMM,3,R,7,na,5,14:00,2,na,,
2018-Aug,2018-08-18,Simmonds,20,BMM,3,L,7,na,5,14:00,1,na,,
2018-Aug,2018-08-18,Simmonds,20,BMM,3,L,7,na,5,14:00,2,na,,
2018-Aug,2018-08-18,Simmonds,20,BMM,3,L,8,na,5,14:00,3,na,,
2018-Aug,2018-08-18,Simmonds,20,BMM,3,R,9,na,5,14:00,4,T,,
2018-Aug,2018-08-18,Simmonds,20,BMM,3,R,11,na,5,14:00,6,na,,
2018-Aug,2018-08-18,Simmonds,20,BMM,3,R,11,na,5,14:00,3,C,,
2018-Aug,2018-08-18,Simmonds,20,BMM,3,R,11,na,5,14:00,3,na,,
2018-Aug,2018-08-18,Simmonds,20,BMM,3,R,11,na,5,14:00,8,T,,
2018-Aug,2018-08-18,Simmonds,20,BMM,3,R,12,na,5,14:00,6,na,,
2018-Aug,2018-08-18,Simmonds,20,BMM,3,R,12,na,5,14:00,5,T,,
2018-Aug,2018-08-18,Simmonds,20,BMM,3,L,13,na,5,14:00,6,na,,
2018-Aug,2018-08-18,Simmonds,20,BMM,3,L,13,na,5,14:00,8,P,,
2018-Aug,2018-08-18,Simmonds,20,BMM,3,L,13,na,5,14:00,3,C,,
2018-Aug,2018-08-18,Simmonds,20,BMM,3,L,14,na,5,14:00,4,na,,
2018-Aug,2018-08-18,Simmonds,20,BMM,3,L,14,na,5,14:00,2,na,,
2018-Aug,2018-08-18,Simmonds,20,BMM,3,R,18,na,5,14:00,1,na,,
2018-Aug,2018-08-18,Simmonds,20,BMM,3,L,18,na,5,14:00,3,na,,
2018-Aug,2018-08-18,Simmonds,20,BMM,3,L,18,na,5,14:00,4,T,,
2018-Aug,2018-08-18,Simmonds,20,BMM,2,R,20,na,5,14:00,2,na,,
2018-Aug,2018-08-18,Simmonds,20,BMM,2,L,18,na,5,14:00,1,na,,
2018-Aug,2018-08-18,Simmonds,20,BMM,2,L,17.5,na,5,14:00,4,na,,
2018-Aug,2018-08-18,Simmonds,20,BMM,2,L,17.5,na,5,14:00,4,P,,
2018-Aug,2018-08-18,Simmonds,20,BMM,2,L,17.5,na,5,14:00,6,P,,
2018-Aug,2018-08-18,Simmonds,20,BMM,2,L,17.5,na,5,14:00,2,P,,
2018-Aug,2018-08-18,Simmonds,20,BMM,2.5,na,17_18,na,5,14:00,1,T,"not recorded numbers, lots of incertainty",
2018-Aug,2018-08-18,Simmonds,20,BMM,2.5,na,16_17,na,5,14:00,20,T,"not recorded numbers, lots of incertainty",
2018-Aug,2018-08-18,Simmonds,20,BMM,2.5,na,15_16,na,5,14:00,1,T,"not recorded numbers, lots of incertainty",
2018-Aug,2018-08-18,Simmonds,20,BMM,2.5,na,7_8,na,5,14:00,1,T,"not recorded numbers, lots of incertainty",
2018-Aug,2018-08-18,Simmonds,20,BMM,2.5,na,6_7,na,5,14:00,3,T,"not recorded numbers, lots of incertainty",
2018-Aug,2018-08-18,Simmonds,20,BMM,2.5,na,5_6,na,5,14:00,2,T,"not recorded numbers, lots of incertainty",
2018-Aug,2018-08-18,Simmonds,20,BMM,2.5,na,4_5,na,5,14:00,3,T,"not recorded numbers, lots of incertainty",
2018-Aug,2018-08-18,Simmonds,20,BMM,2.5,na,3_4,na,5,14:00,0,na,"no recorded numbers, lots of incertainty",
2018-Aug,2018-08-18,Simmonds,20,BMM,2.5,na,2_3,na,5,14:00,7,T,"not recorded numbers, lots of incertainty",
2018-Aug,2018-08-18,Simmonds,20,BMM,2.5,na,1_2,na,5,14:00,9,T,"not recorded numbers, lots of incertainty",
2018-Aug,2018-08-18,Simmonds,20,KH,2,L,0,na,5,14:00,2,na,,
2018-Aug,2018-08-18,Simmonds,20,KH,2,R,0.9,na,5,14:00,5,na,,
2018-Aug,2018-08-18,Simmonds,20,KH,2,L,1,na,5,14:00,1,na,,
2018-Aug,2018-08-18,Simmonds,20,KH,2,L,1.1,na,5,14:00,1,na,,
2018-Aug,2018-08-18,Simmonds,20,KH,2,L,1.2,na,5,14:00,1,na,,
2018-Aug,2018-08-18,Simmonds,20,KH,2,R,1.5,na,5,14:00,1,na,,
2018-Aug,2018-08-18,Simmonds,20,KH,2,R,1.6,na,5,14:00,1,na,,
2018-Aug,2018-08-18,Simmonds,20,KH,2,R,2.7,na,5,14:00,2,na,,
2018-Aug,2018-08-18,Simmonds,20,KH,2,R,2.9,na,5,14:00,1,na,,
2018-Aug,2018-08-18,Simmonds,20,KH,2,L,4.8,na,5,14:00,1,na,,
2018-Aug,2018-08-18,Simmonds,20,KH,2,R,4.7,na,5,14:00,2,na,,
2018-Aug,2018-08-18,Simmonds,20,KH,2,R,4.8,na,5,14:00,2,na,,
2018-Aug,2018-08-18,Simmonds,20,KH,2,R,5,na,5,14:00,3,na,,
2018-Aug,2018-08-18,Simmonds,20,KH,2,R,5.1,na,5,14:00,2,na,,
2018-Aug,2018-08-18,Simmonds,20,KH,2,R,5.5,na,5,14:00,4,na,,
2018-Aug,2018-08-18,Simmonds,20,KH,2,R,6,na,5,14:00,16,P,,
2018-Aug,2018-08-18,Simmonds,20,KH,2,R,6,na,5,14:00,5,na,,
2018-Aug,2018-08-18,Simmonds,20,KH,2,L,7,na,5,14:00,2,na,,
2018-Aug,2018-08-18,Simmonds,20,KH,2,L,7.5,na,5,14:00,1,na,,
2018-Aug,2018-08-18,Simmonds,20,KH,2,R,7,na,5,14:00,1,na,,
2018-Aug,2018-08-18,Simmonds,20,KH,2,R,7.5,na,5,14:00,4,na,,
2018-Aug,2018-08-18,Simmonds,20,KH,2,R,8,na,5,14:00,1,na,,
2018-Aug,2018-08-18,Simmonds,20,KH,2,L,7.9,na,5,14:00,2,na,,
2018-Aug,2018-08-18,Simmonds,20,KH,2,L,8,na,5,14:00,4,na,,
2018-Aug,2018-08-18,Simmonds,20,KH,2,L,8.1,na,5,14:00,1,na,,
2018-Aug,2018-08-18,Simmonds,20,KH,2,L,8.4,na,5,14:00,4,na,,
2018-Aug,2018-08-18,Simmonds,20,KH,2,R,8.5,na,5,14:00,2,na,,
2018-Aug,2018-08-18,Simmonds,20,KH,2,R,8.2,na,5,14:00,1,na,,
2018-Aug,2018-08-18,Simmonds,20,KH,2,R,8.6,na,5,14:00,1,na,,
2018-Aug,2018-08-18,Simmonds,20,KH,2,L,8.7,na,5,14:00,4,na,,
2018-Aug,2018-08-18,Simmonds,20,KH,2,R,9.3,na,5,14:00,1,na,,
2018-Aug,2018-08-18,Simmonds,20,KH,2,L,9.4,na,5,14:00,1,na,,
2018-Aug,2018-08-18,Simmonds,20,KH,2,R,9.4,na,5,14:00,5,P,,
2018-Aug,2018-08-18,Simmonds,20,KH,2,R,12,na,5,14:00,3,na,,
2018-Aug,2018-08-18,Simmonds,20,KH,2,R,16,na,5,14:00,4,na,,
2018-Aug,2018-08-18,Simmonds,20,KH,2,R,16.2,na,5,14:00,11,na,,
2018-Aug,2018-08-18,Simmonds,20,KH,2,R,17,na,5,14:00,3,na,,
2017-Jul,2017-07-29,Meay,20,OP,1,L,0_20,na,2,na,0,na,no macro (not even holdfast),
2017-Jul,2017-07-29,Meay,20,OP,2,L,0_20,na,2,na,0,na,no macro (not even holdfast),
2017-Jul,2017-07-29,Meay,20,OP,3,L,0_20,na,2,na,0,na,no macro (not even holdfast),
2017-Jul,2017-07-29,Meay,20,OP,1,R,0_20,na,2,na,0,na,no macro (not even holdfast),
2017-Jul,2017-07-29,Meay,20,OP,2,R,0_20,na,2,na,0,na,no macro (not even holdfast),
2017-Jul,2017-07-29,Meay,20,OP,3,R,0_20,na,2,na,0,na,no macro (not even holdfast),
2018-Aug,2018-08-20,Meay,20,OP,1,L,17,na,2,11:00,2,na,,
2018-Aug,2018-08-20,Meay,20,KH,2,R,4.8,na,2,11:00,1,na,,
2018-Aug,2018-08-20,Meay,20,OP,3,R,16.5,na,2,12:00,3,na,,
2018-Aug,2018-08-20,Meay,20,BMM,3,R,3.5,na,2,11:00,6,na,,
2018-Aug,2018-08-20,Meay,20,BMM,3,R,18,na,2,11:00,6,T,,
2018-Aug,2018-08-22,Westbeach,20,OP,1,L,12,na,2,10:00,1,na,,
2018-Aug,2018-08-22,Westbeach,20,OP,1,L,15,na,2,10:00,9,na,,
2018-Aug,2018-08-22,Westbeach,20,OP,2,L,6,na,2,10:00,13,na,,
2018-Aug,2018-08-22,Westbeach,20,OP,3,L,12,na,2,10:00,7,na,,
2018-Aug,2018-08-22,Westbeach,20,OP,1,R,2.5,na,2,10:00,9,na,,
2018-Aug,2018-08-22,Westbeach,20,OP,2,R,2,na,2,10:00,4,na,,
2018-Aug,2018-08-22,Westbeach,20,OP,2,R,12,na,2,10:00,11,na,,
2018-Aug,2018-08-22,Westbeach,20,OP,2,R,8.5,na,2,10:00,9,na,,
2018-Aug,2018-08-22,Westbeach,20,OP,2,R,9,na,2,10:00,18,na,,
2018-Aug,2018-08-22,Westbeach,20,OP,3,R,3,na,2,10:00,19,na,,
2018-Aug,2018-08-22,Westbeach,20,OP,3,R,7.5,na,2,10:00,10,na,,
2018-Aug,2018-08-22,Westbeach,20,OP,3,R,13,na,2,10:00,3,na,,
2018-Aug,2018-08-22,Westbeach,20,OP,1,L,12,na,2,10:00,10,na,,
2018-Aug,2018-08-22,Westbeach,20,NAP,1,R,0.3,na,2,10:00,2,C,,
2018-Aug,2018-08-22,Westbeach,20,NAP,1,R,0,na,2,10:00,10,na,,
2018-Aug,2018-08-22,Westbeach,20,NAP,1,R,2.5,na,2,10:00,4,na,,
2018-Aug,2018-08-22,Westbeach,20,NAP,1,R,2.5,na,2,10:00,9,na,,
2018-Aug,2018-08-22,Westbeach,20,NAP,1,R,2.5,na,2,10:00,5,na,,
2018-Aug,2018-08-22,Westbeach,20,NAP,1,L,3,na,2,10:00,15,P,,
2018-Aug,2018-08-22,Westbeach,20,NAP,1,R,4,na,2,10:00,3,na,,
2018-Aug,2018-08-22,Westbeach,20,NAP,1,R,3.75,na,2,10:00,3,C,,
2018-Aug,2018-08-22,Westbeach,20,NAP,1,R,3.5,na,2,10:00,7,na,,
2018-Aug,2018-08-22,Westbeach,20,NAP,1,R,4.3,na,2,10:00,6,na,,
2018-Aug,2018-08-22,Westbeach,20,NAP,1,R,3.8,na,2,10:00,5,na,,
2018-Aug,2018-08-22,Westbeach,20,NAP,1,R,5,na,2,10:00,9,P,,
2018-Aug,2018-08-22,Westbeach,20,NAP,1,R,5,na,2,10:00,2,na,,
2018-Aug,2018-08-22,Westbeach,20,NAP,1,R,5.25,na,2,10:00,14,P,,
2018-Aug,2018-08-22,Westbeach,20,NAP,1,R,5.25,na,2,10:00,16,na,,
2018-Aug,2018-08-22,Westbeach,20,NAP,1,L,9,na,2,10:00,5,na,,
2018-Aug,2018-08-22,Westbeach,20,NAP,1,L,9.6,na,2,10:00,10,na,,
2018-Aug,2018-08-22,Westbeach,20,NAP,1,R,10,na,2,10:00,12,P,,
2018-Aug,2018-08-22,Westbeach,20,NAP,1,R,12.5,na,2,10:00,6,na,,
2018-Aug,2018-08-22,Westbeach,20,NAP,1,R,12.5,na,2,10:00,2,na,,
2018-Aug,2018-08-22,Westbeach,20,NAP,1,R,14.5,na,2,10:00,4,na,,
2018-Aug,2018-08-22,Westbeach,20,NAP,1,R,14.5,na,2,10:00,4,na,,
2018-Aug,2018-08-22,Westbeach,20,NAP,1,R,14.5,na,2,10:00,4,na,,
2018-Aug,2018-08-22,Westbeach,20,NAP,2,R,13,na,2,10:00,3,na,,
2018-Aug,2018-08-22,Westbeach,20,NAP,2,R,12,na,2,10:00,5,na,,
2018-Aug,2018-08-22,Westbeach,20,NAP,2,R,12,na,2,10:00,2,na,,
2018-Aug,2018-08-22,Westbeach,20,NAP,2,R,12,na,2,10:00,8,na,,
2018-Aug,2018-08-22,Westbeach,20,NAP,2,R,12,na,2,10:00,8,na,,
2018-Aug,2018-08-22,Westbeach,20,NAP,2,R,11.5,na,2,10:00,11,na,,
2018-Aug,2018-08-22,Westbeach,20,NAP,2,R,11.5,na,2,10:00,6,na,,
2018-Aug,2018-08-22,Westbeach,20,NAP,2,R,11.5,na,2,10:00,9,na,,
2018-Aug,2018-08-22,Westbeach,20,NAP,2,R,11.5,na,2,10:00,8,na,,
2018-Aug,2018-08-22,Westbeach,20,NAP,2,R,10.5,na,2,10:00,7,na,,
2018-Aug,2018-08-22,Westbeach,20,NAP,2,R,9.5,na,2,10:00,8,T,,
2018-Aug,2018-08-22,Westbeach,20,NAP,2,R,9.5,na,2,10:00,3,na,,
2018-Aug,2018-08-22,Westbeach,20,NAP,2,R,9.5,na,2,10:00,7,na,,
2018-Aug,2018-08-22,Westbeach,20,NAP,2,R,9.5,na,2,10:00,5,na,,
2018-Aug,2018-08-22,Westbeach,20,NAP,2,R,3,na,2,10:00,3,na,,
2018-Aug,2018-08-22,Westbeach,20,NAP,2,R,3,na,2,10:00,9,T,,
2018-Aug,2018-08-22,Westbeach,20,NAP,2,R,2.5,na,2,10:00,2,na,,
2018-Aug,2018-08-22,Westbeach,20,NAP,2,R,2.5,na,2,10:00,3,C,,
2018-Aug,2018-08-22,Westbeach,20,NAP,2,R,1.9,na,2,10:00,9,na,,
2018-Aug,2018-08-22,Westbeach,20,BMM,3,L,18,na,2,10:00,12,na,,
2018-Aug,2018-08-22,Westbeach,20,BMM,3,L,18,na,2,10:00,4,na,,
2018-Aug,2018-08-22,Westbeach,20,BMM,3,L,18,na,2,10:00,11,na,,
2018-Aug,2018-08-22,Westbeach,20,BMM,3,L,18,na,2,10:00,4,na,,
2018-Aug,2018-08-22,Westbeach,20,BMM,3,L,18,na,2,10:00,8,na,,
2018-Aug,2018-08-22,Westbeach,20,BMM,3,L,18,na,2,10:00,4,P,,
2018-Aug,2018-08-22,Westbeach,20,BMM,3,L,12,na,2,10:00,7,na,,
2018-Aug,2018-08-22,Westbeach,20,BMM,3,L,10,na,2,10:00,5,na,,
2018-Aug,2018-08-22,Westbeach,20,BMM,3,R,8,na,2,10:00,4,na,,
2018-Aug,2018-08-22,Westbeach,20,BMM,3,R,7,na,2,10:00,3,na,,
2018-Aug,2018-08-22,Westbeach,20,BMM,3,R,7,na,2,10:00,8,na,,
2018-Aug,2018-08-22,Westbeach,20,BMM,3,R,7,na,2,10:00,5,P,,
2018-Aug,2018-08-22,Westbeach,20,BMM,3,L,5,na,2,10:00,6,na,,
2018-Aug,2018-08-22,Westbeach,20,BMM,3,L,5,na,2,10:00,4,na,,
2018-Aug,2018-08-22,Westbeach,20,BMM,3,R,5,na,2,10:00,4,na,,
2018-Aug,2018-08-22,Westbeach,20,BMM,3,R,5,na,2,10:00,4,na,,
2018-Aug,2018-08-22,Westbeach,20,BMM,3,R,5,na,2,10:00,3,na,,
2018-Aug,2018-08-22,Westbeach,20,BMM,3,R,5,na,2,10:00,1,na,,
2018-Aug,2018-08-22,Westbeach,20,BMM,3,R,5,na,2,10:00,8,na,,
2018-Aug,2018-08-22,Westbeach,20,BMM,3,R,5,na,2,10:00,3,na,,
2018-Aug,2018-08-22,Westbeach,20,BMM,3,L,5,na,2,10:00,1,na,,
2018-Aug,2018-08-22,Westbeach,20,BMM,3,L,4,na,2,10:00,5,na,,
2018-Aug,2018-08-22,Westbeach,20,BMM,3,L,4,na,2,10:00,12,na,,
2018-Aug,2018-08-22,Westbeach,20,BMM,3,L,4,na,2,10:00,7,na,,
2018-Aug,2018-08-22,Westbeach,20,BMM,3,L,4,na,2,10:00,6,na,,
2018-Aug,2018-08-22,Westbeach,20,BMM,3,L,4,na,2,10:00,8,P,,
2018-Aug,2018-08-22,Westbeach,20,BMM,3,L,3,na,2,10:00,9,na,,
2018-Aug,2018-08-22,Westbeach,20,BMM,3,L,3,na,2,10:00,9,na,,
2018-Aug,2018-08-22,Westbeach,20,BMM,3,L,3,na,2,10:00,4,na,,
2018-Aug,2018-08-22,Westbeach,20,BMM,3,L,3,na,2,10:00,9,P,,
2018-Aug,2018-08-22,Westbeach,20,BMM,2,L,0,na,2,10:00,5,na,,
2018-Aug,2018-08-22,Westbeach,20,BMM,2,L,0,na,2,10:00,8,na,,
2018-Aug,2018-08-22,Westbeach,20,BMM,2,L,2,na,2,10:00,5,na,,
2018-Aug,2018-08-22,Westbeach,20,BMM,2,L,2,na,2,10:00,14,na,,
2018-Aug,2018-08-22,Westbeach,20,BMM,2,L,5.5,na,2,10:00,8,T,,
2018-Aug,2018-08-22,Westbeach,20,BMM,2,L,5.5,na,2,10:00,4,na,,
2018-Aug,2018-08-22,Westbeach,20,BMM,2,L,5.5,na,2,10:00,2,na,,
2018-Aug,2018-08-22,Westbeach,20,BMM,2,L,6,na,2,10:00,7,na,,
2018-Aug,2018-08-22,Westbeach,20,BMM,2,L,6,na,2,10:00,11,T,,
2018-Aug,2018-08-22,Westbeach,20,BMM,2,L,12,na,2,10:00,10,na,,
2018-Aug,2018-08-22,Westbeach,20,BMM,2,L,12,na,2,10:00,11,na,,
2018-Aug,2018-08-22,Westbeach,20,BMM,1.5,na,0_1,na,2,12:00,98,T,"datasheet include 1m swath, had to substract fronds from 1m swath data",
2018-Aug,2018-08-22,Westbeach,20,BMM,1.5,na,1_2,na,2,12:00,29,T,"datasheet include 1m swath, had to substract fronds from 1m swath data",
2018-Aug,2018-08-22,Westbeach,20,BMM,1.5,na,2_3,na,2,12:00,21,T,"datasheet include 1m swath, had to substract fronds from 1m swath data",
2018-Aug,2018-08-22,Westbeach,20,BMM,1.5,na,3_4,na,2,12:00,6,T,"datasheet include 1m swath, had to substract fronds from 1m swath data",
2018-Aug,2018-08-22,Westbeach,20,BMM,1.5,na,4_5,na,2,12:00,21,T,"datasheet include 1m swath, had to substract fronds from 1m swath data",
2018-Aug,2018-08-22,Westbeach,20,BMM,1.5,na,5_6,na,2,12:00,18,T,"datasheet include 1m swath, had to substract fronds from 1m swath data",
2018-Aug,2018-08-22,Westbeach,20,BMM,1.5,na,6_7,na,2,12:00,9,T,"datasheet include 1m swath, had to substract fronds from 1m swath data",
2018-Aug,2018-08-22,Westbeach,20,BMM,1.5,na,7_8,na,2,12:00,71,T,"datasheet include 1m swath, had to substract fronds from 1m swath data",
2018-Aug,2018-08-22,Westbeach,20,BMM,1.5,na,8_9,na,2,12:00,47,T,"datasheet include 1m swath, had to substract fronds from 1m swath data",
2018-Aug,2018-08-22,Westbeach,20,BMM,1.5,na,9_10,na,2,12:00,14,T,"datasheet include 1m swath, had to substract fronds from 1m swath data",
2018-Aug,2018-08-22,Westbeach,20,BMM,1.5,na,10_11,na,2,12:00,22,T,"datasheet include 1m swath, had to substract fronds from 1m swath data",
2018-Aug,2018-08-22,Westbeach,20,BMM,1.5,na,11_12,na,2,12:00,57,T,"datasheet include 1m swath, had to substract fronds from 1m swath data",
2018-Aug,2018-08-22,Westbeach,20,BMM,1.5,na,12_13,na,2,12:00,15,T,"datasheet include 1m swath, had to substract fronds from 1m swath data",
2018-Aug,2018-08-22,Westbeach,20,BMM,1.5,na,13_14,na,2,12:00,1,T,"datasheet include 1m swath, had to substract fronds from 1m swath data",
2018-Aug,2018-08-22,Westbeach,20,BMM,1.5,na,14_15,na,2,12:00,2,T,"datasheet include 1m swath, had to substract fronds from 1m swath data",
2018-Aug,2018-08-22,Westbeach,20,BMM,1.5,na,15_16,na,2,12:00,31,T,"datasheet include 1m swath, had to substract fronds from 1m swath data",
2018-Aug,2018-08-22,Westbeach,20,BMM,2.5,na,0_1,na,2,12:00,11,T,"datasheet include 1m swath, had to substract fronds from 1m swath data",
2018-Aug,2018-08-22,Westbeach,20,BMM,2.5,na,1_2,na,2,12:00,42,T,,
2018-Aug,2018-08-22,Westbeach,20,BMM,2.5,na,2_3,na,2,12:00,10,T,,
2018-Aug,2018-08-22,Westbeach,20,BMM,2.5,na,3_4,na,2,12:00,60,T,,
2018-Aug,2018-08-22,Westbeach,20,BMM,2.5,na,4_5,na,2,12:00,49,T,,
2018-Aug,2018-08-22,Westbeach,20,BMM,2.5,na,5_6,na,2,12:00,10,T,,
2018-Aug,2018-08-22,Westbeach,20,BMM,2.5,na,6_7,na,2,12:00,34,T,,
2018-Aug,2018-08-22,Westbeach,20,BMM,2.5,na,7_8,na,2,12:00,6,T,,
2018-Aug,2018-08-22,Westbeach,20,BMM,2.5,na,8_9,na,2,12:00,1,T,,
2018-Aug,2018-08-22,Westbeach,20,BMM,2.5,na,9_10,na,2,12:00,107,T,,
2018-Aug,2018-08-22,Westbeach,20,BMM,2.5,na,10_11,na,2,12:00,56,T,,
2018-Aug,2018-08-22,Westbeach,20,BMM,2.5,na,11_12,na,2,12:00,73,T,,
2018-Aug,2018-08-22,Westbeach,20,BMM,2.5,na,12_13,na,2,12:00,49,T,,
2018-Aug,2018-08-22,Westbeach,20,BMM,2.5,na,13_14,na,2,12:00,27,T,,
2018-Aug,2018-08-22,Westbeach,20,BMM,2.5,na,14_15,na,2,12:00,47,T,,
2018-Aug,2018-08-22,Westbeach,20,BMM,2.5,na,15_16,na,2,12:00,57,T,,
2018-Aug,2018-08-22,Westbeach,20,BMM,2.5,na,16_17,na,2,12:00,55,T,,
2018-Aug,2018-08-24,Triquet,20,KH,1,L,3.25,na,4,14:30,7,na,,
2018-Aug,2018-08-24,Triquet,20,KH,1,L,14.5,na,4,14:30,10,na,,
2018-Aug,2018-08-24,Triquet,20,KH,2,L,10,na,4,14:30,4,na,,
2018-Aug,2018-08-24,Triquet,20,KH,2,R,17,na,4,14:30,7,na,,
2018-Aug,2018-08-24,Triquet,20,KH,2,R,1.5,na,4,14:30,11,na,,
2018-Aug,2018-08-24,Triquet,20,KH,3,R,10.5,na,4,14:30,4,na,,
2018-Aug,2018-08-24,Triquet,20,KH,3,R,13.5,na,4,14:30,7,na,,
2018-Aug,2018-08-24,Triquet,20,KH,3,R,1,na,4,14:30,6,na,,
2018-Aug,2018-08-24,Triquet,20,KH,1,R,0,na,4,14:30,15,na,,
2018-Aug,2018-08-24,Triquet,20,KH,1,R,15.5,na,4,14:30,4,na,,
2018-Aug,2018-08-24,Triquet,20,KH,2,L,1.5,na,4,14:30,8,na,,
2018-Aug,2018-08-24,Triquet,20,KH,3,R,13.75,na,4,14:30,10,na,,
2018-Aug,2018-08-24,Triquet,20,NAP,3,R,0.5,na,4,14:30,6,na,,
2018-Aug,2018-08-24,Triquet,20,NAP,3,R,10,na,4,14:30,9,na,,
2018-Aug,2018-08-24,Triquet,20,NAP,3,R,11,na,4,14:30,5,T,,
2018-Aug,2018-08-24,Triquet,20,NAP,3,R,11.25,na,4,14:30,9,na,,
2018-Aug,2018-08-24,Triquet,20,NAP,3,R,13.5,na,4,14:30,5,na,,
2018-Aug,2018-08-24,Triquet,20,NAP,3,R,13.5,na,4,14:30,1,na,,
2018-Aug,2018-08-24,Triquet,20,NAP,3,R,14,na,4,14:30,12,na,,
2018-Aug,2018-08-24,Triquet,20,NAP,2,R,18,na,4,14:30,3,na,,
2018-Aug,2018-08-24,Triquet,20,NAP,2,R,15,na,4,14:30,2,na,,
2018-Aug,2018-08-24,Triquet,20,NAP,2,L,12.5,na,4,14:30,1,na,,
2018-Aug,2018-08-24,Triquet,20,NAP,2,R,2,na,4,14:30,9,na,,
2018-Aug,2018-08-24,Triquet,20,NAP,1,L,0,na,4,14:30,5,na,,
2018-Aug,2018-08-24,Triquet,20,NAP,1,L,3.5,na,4,14:30,12,P,,
2018-Aug,2018-08-24,Triquet,20,NAP,1,R,10,na,4,14:30,6,na,,
2018-Aug,2018-08-24,Triquet,20,NAP,1,R,10,na,4,14:30,4,na,,
2018-Aug,2018-08-24,Triquet,20,NAP,1,R,10,na,4,14:30,5,na,,
2018-Aug,2018-08-24,Triquet,20,NAP,1,R,10,na,4,14:30,6,na,,
2018-Aug,2018-08-24,Triquet,20,NAP,1,L,15,na,4,14:30,3,na,,
2018-Aug,2018-08-24,Triquet,20,NAP,1,R,15.2,na,4,14:30,8,T,,
2018-Aug,2018-08-24,Triquet,20,NAP,1,R,15.2,na,4,14:30,4,na,,
2018-Aug,2018-08-24,Triquet,20,NAP,1,R,15.2,na,4,14:30,2,C,,
2018-Aug,2018-08-24,Triquet,20,NAP,1,R,18,na,4,14:30,8,na,,
2018-Aug,2018-08-24,Triquet,20,NAP,1,R,18,na,4,14:30,6,na,,
2018-Aug,2018-08-24,Triquet,20,NAP,1,R,18.5,na,4,14:30,3,na,,
2018-Aug,2018-08-24,Triquet,20,NAP,1,R,18.5,na,4,14:30,5,na,,
2018-Aug,2018-08-24,Triquet,20,NAP,1.5,na,2.5,na,4,14:30,3,T,,
2018-Aug,2018-08-24,Triquet,20,NAP,1.5,na,2.5,na,4,14:30,4,T,,
2018-Aug,2018-08-24,Triquet,20,NAP,1.5,na,1.5,na,4,14:30,8,T,,
2018-Aug,2018-08-24,Triquet,20,NAP,1.5,na,2.5,na,4,14:30,1,T,,
2018-Aug,2018-08-24,Triquet,20,NAP,1.5,na,4,na,4,14:30,13,T,,
2018-Aug,2018-08-24,Triquet,20,NAP,1.5,na,6.5,na,4,14:30,18,T,,
2018-Aug,2018-08-24,Triquet,20,NAP,1.5,na,6.5,na,4,14:30,7,T,,
2018-Aug,2018-08-24,Triquet,20,NAP,1.5,na,6.5,na,4,14:30,7,T,,
2018-Aug,2018-08-24,Triquet,20,NAP,1.5,na,8,na,4,14:30,6,T,,
2018-Aug,2018-08-24,Triquet,20,NAP,1.5,na,8,na,4,14:30,3,T,,
2018-Aug,2018-08-24,Triquet,20,NAP,1.5,na,15,na,4,14:30,11,T,,
2018-Aug,2018-08-24,Triquet,20,NAP,1.5,na,15,na,4,14:30,5,T,,
2018-Aug,2018-08-24,Triquet,20,NAP,1.5,na,19,na,4,14:30,9,T,,
2018-Aug,2018-08-24,Triquet,20,NAP,1.5,na,19,na,4,14:30,2,T,,
2018-Aug,2018-08-24,Triquet,20,NAP,1.5,na,19,na,4,14:30,3,T,,
2018-Aug,2018-08-24,Triquet,20,NAP,2.5,na,18,na,4,14:30,8,T,,
2018-Aug,2018-08-24,Triquet,20,NAP,2.5,na,16,na,4,14:30,18,T,,
2018-Aug,2018-08-24,Triquet,20,NAP,2.5,na,16,na,4,14:30,5,T,,
2018-Aug,2018-08-24,Triquet,20,NAP,2.5,na,15,na,4,14:30,4,T,,
2018-Aug,2018-08-24,Triquet,20,NAP,2.5,na,14,na,4,14:30,18,T,,
2018-Aug,2018-08-24,Triquet,20,NAP,2.5,na,14,na,4,14:30,5,T,,
2018-Aug,2018-08-24,Triquet,20,NAP,2.5,na,12,na,4,14:30,6,T,,
2018-Aug,2018-08-24,Triquet,20,NAP,2.5,na,12,na,4,14:30,7,T,,
2018-Aug,2018-08-24,Triquet,20,NAP,2.5,na,12,na,4,14:30,2,T,,
2018-Aug,2018-08-24,Triquet,20,NAP,2.5,na,12,na,4,14:30,3,T,,
2018-Aug,2018-08-24,Triquet,20,NAP,2.5,na,3,na,4,14:30,4,T,,
2018-Aug,2018-08-29,Womanley,20,CN,1,L,0.5,na,5,10:00,13,na,,
2018-Aug,2018-08-29,Womanley,20,CN,1,L,2,na,5,10:00,8,P,,
2018-Aug,2018-08-29,Womanley,20,CN,1,L,2.2,na,5,10:00,9,na,,plant recorded as tangled but estimates of length given
2018-Aug,2018-08-29,Womanley,20,CN,1,L,2.4,na,5,10:00,12,na,,plant recorded as tangled but estimates of length given
2018-Aug,2018-08-29,Womanley,20,CN,1,R,3.25,na,5,10:00,4,na,,
2018-Aug,2018-08-29,Womanley,20,CN,1,R,3.5,na,5,10:00,16,na,,
2018-Aug,2018-08-29,Womanley,20,CN,1,R,3.2,na,5,10:00,3,na,,
2018-Aug,2018-08-29,Womanley,20,CN,1,L,8,na,5,10:00,10,na,,
2018-Aug,2018-08-29,Womanley,20,CN,1,R,9.5,na,5,10:00,5,P,,
2018-Aug,2018-08-29,Womanley,20,CN,1,R,12.5,na,5,10:00,7,na,,
2018-Aug,2018-08-29,Womanley,20,CN,1,R,13,na,5,10:00,8,na,,
2018-Aug,2018-08-29,Womanley,20,CN,1,R,13.5,na,5,10:00,7,na,,
2018-Aug,2018-08-29,Womanley,20,CN,1,R,14.5,na,5,10:00,42,na,,
2018-Aug,2018-08-29,Womanley,20,CN,1,R,19,na,5,10:00,24,na,,
2018-Aug,2018-08-29,Womanley,20,CN,1,R,19.5,na,5,10:00,3,na,,
2018-Aug,2018-08-29,Womanley,20,CN,1,R,19.8,na,5,10:00,12,na,,
2018-Aug,2018-08-29,Womanley,20,CN,1.5,na,12,na,5,10:00,1,T,,
2018-Aug,2018-08-29,Womanley,20,CN,1.5,na,11.5,na,5,10:00,16,T,,
2018-Aug,2018-08-29,Womanley,20,CN,1.5,na,10.8,na,5,10:00,7,T,,
2018-Aug,2018-08-29,Womanley,20,CN,1.5,na,10.8,na,5,10:00,1,T,,
2018-Aug,2018-08-29,Womanley,20,CN,1.5,na,10.7,na,5,10:00,7,T,,
2018-Aug,2018-08-29,Womanley,20,CN,1.5,na,10.3,na,5,10:00,10,T,,
2018-Aug,2018-08-29,Womanley,20,CN,1.5,na,5.5,na,5,10:00,8,T,,
2018-Aug,2018-08-29,Womanley,20,CN,1.5,na,2,na,5,10:00,18,T,,
2018-Aug,2018-08-29,Womanley,20,CN,1.5,na,0.3,na,5,10:00,19,T,,
2018-Aug,2018-08-29,Womanley,20,CN,1.5,na,0.2,na,5,10:00,8,T,,
2018-Aug,2018-08-29,Womanley,20,CN,1.5,na,0.2,na,5,10:00,10,T,,
2018-Aug,2018-08-29,Womanley,20,CN,1.5,na,0.1,na,5,10:00,5,T,,
2018-Aug,2018-08-29,Womanley,20,HS,1.5,na,13,na,5,10:00,6,T,,
2018-Aug,2018-08-29,Womanley,20,HS,3,L,9,na,5,10:00,17,T,,
2018-Aug,2018-08-29,Womanley,20,HS,3,L,11.7,na,5,10:00,1,C,,
2018-Aug,2018-08-29,Womanley,20,HS,3,L,11.7,na,5,10:00,4,na,,
2018-Aug,2018-08-29,Womanley,20,HS,3,L,11.7,na,5,10:00,1,C,,
2018-Aug,2018-08-29,Womanley,20,HS,3,L,11.8,na,5,10:00,2,C,,
2018-Aug,2018-08-29,Womanley,20,HS,3,L,11.9,na,5,10:00,2,na,,
2018-Aug,2018-08-29,Womanley,20,HS,3,R,12,na,5,10:00,9,na,,
2018-Aug,2018-08-29,Womanley,20,HS,2.5,na,11,na,5,10:00,7,T,,
2018-Aug,2018-08-29,Womanley,20,HS,2.5,na,11.3,na,5,10:00,5,T,,
2018-Aug,2018-08-29,Womanley,20,HS,2.5,na,11.3,na,5,10:00,3,T,,
2018-Aug,2018-08-29,Womanley,20,HS,2.5,na,11.4,na,5,10:00,4,T,,
2018-Aug,2018-08-29,Womanley,20,HS,2.5,na,17,na,5,10:00,2,T,,
2018-Aug,2018-08-29,Womanley,20,HS,2.5,na,17.1,na,5,10:00,22,T,,
2018-Aug,2018-08-29,Womanley,20,DR,2.5,na,0.5,na,5,10:00,11,T,,
2018-Aug,2018-08-29,Womanley,20,DR,2.5,na,1.9,na,5,10:00,12,T,,
2018-Aug,2018-08-29,Womanley,20,DR,2.5,na,2,na,5,10:00,4,T,,
2018-Aug,2018-08-29,Womanley,20,DR,2.5,na,2,na,5,10:00,11,T,,
2018-Aug,2018-08-29,Womanley,20,DR,2.5,na,3,na,5,10:00,14,T,,
2018-Aug,2018-08-29,Womanley,20,DR,2,L,5.2,na,5,10:00,20,na,,
2018-Aug,2018-08-29,Womanley,20,DR,2,L,7.9,na,5,10:00,2,na,,
2018-Aug,2018-08-29,Womanley,20,DR,2,R,8,na,5,10:00,10,na,,
2018-Aug,2018-08-29,Womanley,20,DR,2.5,na,8.2,na,5,10:00,2,T,,
2018-Aug,2018-08-29,Womanley,20,DR,2.5,na,8.2,na,5,10:00,2,T,,
2018-Aug,2018-08-29,Womanley,20,DR,2.5,na,8.2,na,5,10:00,2,T,,
2018-Aug,2018-08-29,Womanley,20,DR,2.5,na,9,na,5,10:00,21,T,,
2018-Aug,2018-08-29,Womanley,20,DR,2,L,11.6,na,5,10:00,1,na,,
2018-Aug,2018-08-29,Womanley,20,DR,2,R,15,na,5,10:00,5,T,,
2018-Aug,2018-08-29,Womanley,20,DR,1.5,na,13,na,5,10:00,9,T,,
2018-Aug,2018-08-29,Womanley,20,DR,1.5,na,13,na,5,10:00,6,T,,
2018-Aug,2018-08-29,Womanley,20,OP,1,L,7.5,na,5,10:00,2,na,*both tags there,
2018-Aug,2018-08-29,Womanley,20,OP,2,L,16.5,na,5,10:00,18,na,,
2018-Aug,2018-08-29,Womanley,20,OP,2,L,14.5,na,5,10:00,18,na,,
2018-Aug,2018-08-29,Womanley,20,OP,3,L,9,na,5,10:00,11,na,,
2018-Aug,2018-08-29,Womanley,20,OP,1,R,13.5,na,5,10:00,5,na,,
2018-Aug,2018-08-29,Womanley,20,OP,1,R,20,na,5,10:00,4,na,*both tags there,
2018-Aug,2018-08-29,Womanley,20,OP,2,R,8,na,5,10:00,4,na,,
2018-Aug,2018-08-29,Womanley,20,OP,3,R,17,na,5,10:00,2,na,,
2018-Aug,2018-08-29,Womanley,20,OP,1,R,5.2,na,5,10:00,5,na,,plant recorded as tangled but estimates of length given
2018-Aug,2018-08-29,Womanley,20,OP,2,R,10.6,na,5,10:00,3,na,,plant recorded as tangled but estimates of length given
2018-Aug,2018-08-29,Womanley,20,OP,3,R,10,na,5,10:00,14,na,,
2018-Aug,2018-08-29,Womanley,20,OP,3,L,12,na,5,10:00,2,na,,
2018-Aug,2018-08-28,Golden,20,CN,3,R,20,na,4,14:00,12,na,,
2018-Aug,2018-08-28,Golden,20,CN,3,L,20,na,4,14:00,12,na,,
2018-Aug,2018-08-28,Golden,20,CN,3,L,10,na,4,14:00,11,na,"plant is growing on the line, chose left side arbritrarily ",
2018-Aug,2018-08-28,Golden,20,NAP,2,L,20,na,4,14:00,6,na,,
2018-Aug,2018-08-28,Golden,20,NAP,2,L,2,na,4,14:00,6,na,,
2018-Aug,2018-08-28,Golden,20,NAP,1,L,na,na,4,14:00,0,na,,
2018-Aug,2018-08-28,Golden,20,NAP,1,R,na,na,4,14:00,0,na,,
2019-Jul,2019-07-04,Simmonds,20,OP,3,L,1.7,na,5,13:00,3,na,,
2019-Jul,2019-07-04,Simmonds,20,OP,3,L,3.8,na,5,13:00,1,na,,
2019-Jul,2019-07-04,Simmonds,20,OP,3,L,3.9,na,5,13:00,2,na,,
2019-Jul,2019-07-04,Simmonds,20,OP,3,L,4.8,na,5,13:00,6,na,entered as tangled?,
2019-Jul,2019-07-04,Simmonds,20,OP,3,L,6.4,na,5,13:00,6,na,,
2019-Jul,2019-07-04,Simmonds,20,OP,3,L,5.8,na,5,13:00,2,na,,
2019-Jul,2019-07-04,Simmonds,20,OP,3,L,7.6,na,5,13:00,6,na,,
2019-Jul,2019-07-04,Simmonds,20,OP,3,L,7.6,na,5,13:00,2,na,,
2019-Jul,2019-07-04,Simmonds,20,OP,3,L,7.6,na,5,13:00,9,P,,
2019-Jul,2019-07-04,Simmonds,20,OP,3,L,7.8,na,5,13:00,2,na,,
2019-Jul,2019-07-04,Simmonds,20,OP,3,L,11,na,5,13:00,4,T,,
2019-Jul,2019-07-04,Simmonds,20,OP,3,L,11.2,na,5,13:00,2,na,,
2019-Jul,2019-07-04,Simmonds,20,OP,3,L,11.4,na,5,13:00,4,na,entered as tangled?,
2019-Jul,2019-07-04,Simmonds,20,OP,3,L,13,na,5,13:00,3,na,,
2019-Jul,2019-07-04,Simmonds,20,OP,3,L,12.8,na,5,13:00,3,na,,
2019-Jul,2019-07-04,Simmonds,20,OP,3,L,13,na,5,13:00,6,na,,
2019-Jul,2019-07-04,Simmonds,20,OP,3,L,13,na,5,13:00,18,na,,
2019-Jul,2019-07-04,Simmonds,20,OP,3,L,17.3,na,5,13:00,6,na,entered as tangled?,
2019-Jul,2019-07-04,Simmonds,20,OP,3,L,17.5,na,5,13:00,6,na,entered as tangled?,
2019-Jul,2019-07-04,Simmonds,20,OP,3,L,17.7,na,5,13:00,10,na,entered as tangled?,
2019-Jul,2019-07-04,Simmonds,20,OP,1,L,20,na,5,13:00,8,na,,
2019-Jul,2019-07-04,Simmonds,20,OP,2,L,17.5,na,5,13:00,7,na,entered as tangled?,
2019-Jul,2019-07-04,Simmonds,20,OP,2,L,17.4,na,5,13:00,6,na,entered as tangled?,
2019-Jul,2019-07-04,Simmonds,20,OP,2,L,17.3,na,5,13:00,9,na,entered as tangled?,
2019-Jul,2019-07-04,Simmonds,20,OP,2,L,15,na,5,13:00,5,na,,
2019-Jul,2019-07-04,Simmonds,20,OP,2,L,13.1,na,5,13:00,2,na,,
2019-Jul,2019-07-04,Simmonds,20,OP,2,L,8.5,na,5,13:00,16,T,,
2019-Jul,2019-07-04,Simmonds,20,OP,2,L,5.7,na,5,13:00,3,T,,
2019-Jul,2019-07-04,Simmonds,20,OP,2,L,4.4,na,5,13:00,2,na,,
2019-Jul,2019-07-04,Simmonds,20,OP,2,L,4.5,na,5,13:00,3,na,,
2019-Jul,2019-07-04,Simmonds,20,OP,2,L,2.7,na,5,13:00,1,na,,
2019-Jul,2019-07-04,Simmonds,20,OP,2,L,2,na,5,13:00,1,C,,
2019-Jul,2019-07-04,Simmonds,20,OP,1,L,1.5,na,5,13:00,4,na,,
2019-Jul,2019-07-04,Simmonds,20,OP,1,L,4.8,na,5,13:00,8,na,,
2019-Jul,2019-07-04,Simmonds,20,OP,1,L,6,na,5,13:00,2,na,,
2019-Jul,2019-07-04,Simmonds,20,OP,1,L,11,na,5,13:00,54,T,,
2019-Jul,2019-07-04,Simmonds,20,OP,1,L,12.4,na,5,13:00,20,T,,
2019-Jul,2019-07-04,Simmonds,20,OP,1,L,16,na,5,13:00,1,na,,
2019-Jul,2019-07-04,Simmonds,20,OP,1,L,17,na,5,13:00,3,na,,
2019-Jul,2019-07-04,Simmonds,20,OP,1,L,18,na,5,13:00,12,na,,
2019-Jul,2019-07-04,Simmonds,20,ZM,3,R,1.5,na,5,13:00,7,na,,
2019-Jul,2019-07-04,Simmonds,20,ZM,3,R,5.5,na,5,13:00,12,na,entered as tangled?,
2019-Jul,2019-07-04,Simmonds,20,ZM,3,R,6.2,na,5,13:00,3,na,,
2019-Jul,2019-07-04,Simmonds,20,ZM,3,R,6.7,na,5,13:00,7,T,,
2019-Jul,2019-07-04,Simmonds,20,ZM,3,R,8.6,na,5,13:00,22,na,entered as tangled?,
2019-Jul,2019-07-04,Simmonds,20,ZM,3,R,9.6,na,5,13:00,13,P,,
2019-Jul,2019-07-04,Simmonds,20,ZM,3,R,9.9,na,5,13:00,1,na,,
2019-Jul,2019-07-04,Simmonds,20,ZM,3,R,10,na,5,13:00,2,na,,
2019-Jul,2019-07-04,Simmonds,20,ZM,3,R,10.7,na,5,13:00,19,na,entered as tangled?,
2019-Jul,2019-07-04,Simmonds,20,ZM,3,R,11.5,na,5,13:00,29,na,entered as tangled?,
2019-Jul,2019-07-04,Simmonds,20,ZM,3,R,12.5,na,5,13:00,10,na,,
2019-Jul,2019-07-04,Simmonds,20,ZM,3,R,13.4,na,5,13:00,17,na,,
2019-Jul,2019-07-04,Simmonds,20,ZM,3,R,17.8,na,5,13:00,2,na,,
2019-Jul,2019-07-04,Simmonds,20,ZM,3,R,18.3,na,5,13:00,10,na,,
2019-Jul,2019-07-04,Simmonds,20,ZM,2,R,18.4,na,5,13:00,2,na,,
2019-Jul,2019-07-04,Simmonds,20,ZM,2,R,16,na,5,13:00,6,na,,
2019-Jul,2019-07-04,Simmonds,20,ZM,2,R,14.5,na,5,13:00,22,na,entered as tangled?,
2019-Jul,2019-07-04,Simmonds,20,ZM,2,R,14.1,na,5,13:00,6,na,,
2019-Jul,2019-07-04,Simmonds,20,ZM,2,R,8,na,5,13:00,22,na,,
2019-Jul,2019-07-04,Simmonds,20,ZM,2,R,6.5,na,5,13:00,19,na,entered as tangled?,
2019-Jul,2019-07-04,Simmonds,20,ZM,2,R,4.5,na,5,13:00,3,P,,
2019-Jul,2019-07-04,Simmonds,20,ZM,1,R,1,na,5,13:00,12,na,entered as tangled?,
2019-Jul,2019-07-04,Simmonds,20,ZM,1,R,11,na,5,13:00,11,na,entered as tangled?,
2019-Jul,2019-07-04,Simmonds,20,ZM,1,R,13.7,na,5,13:00,7,na,entered as tangled?,
2019-Jul,2019-07-04,Simmonds,20,ZM,1,R,16.6,na,5,13:00,3,C,,
2019-Jul,2019-07-04,Simmonds,20,ZM,1,R,18.7,na,5,13:00,9,na,,
2019-Jul,2019-07-05,Stryker,20,OP,1,R,6.2,na,4,11:00,3,na,,
2019-Jul,2019-07-05,Stryker,20,OP,1,L,20,na,4,11:00,7,na,,
2019-Jul,2019-07-05,Stryker,20,OP,1,L,19,na,4,11:00,7,na,,
2019-Jul,2019-07-05,Stryker,20,OP,1,L,18,na,4,11:00,11,na,,
2019-Jul,2019-07-05,Stryker,20,OP,1,L,16,na,4,11:00,25,P,,
2019-Jul,2019-07-05,Stryker,20,OP,1,L,13.5,na,4,11:00,4,na,,
2019-Jul,2019-07-05,Stryker,20,OP,1,L,13,na,4,11:00,36,P,,
2019-Jul,2019-07-05,Stryker,20,OP,1,L,10.5,na,4,11:00,3,na,,
2019-Jul,2019-07-05,Stryker,20,OP,1,L,10.3,na,4,11:00,5,na,,
2019-Jul,2019-07-05,Stryker,20,OP,1,L,10,na,4,11:00,8,na,,
2019-Jul,2019-07-05,Stryker,20,OP,1,L,3.6,na,4,11:00,9,na,,
2019-Jul,2019-07-05,Stryker,20,OP,1,L,0,na,4,11:00,7,P,,
2019-Jul,2019-07-05,Stryker,20,OP,2,R,12.7,na,4,11:00,8,T,,
2019-Jul,2019-07-05,Stryker,20,OP,2,R,12.5,na,4,11:00,5,T,,
2019-Jul,2019-07-05,Stryker,20,OP,2,R,11,na,4,11:00,16,T,,
2019-Jul,2019-07-05,Stryker,20,OP,2,R,11.1,na,4,11:00,10,P,,
2019-Jul,2019-07-05,Stryker,20,OP,2,L,6,na,4,11:00,15,na,,
2019-Jul,2019-07-05,Stryker,20,OP,2,L,11,na,4,11:00,19,T,,
2019-Jul,2019-07-05,Stryker,20,OP,2,R,0,na,4,11:00,8,T,,
2019-Jul,2019-07-05,Stryker,20,OP,2,R,0.1,na,4,11:00,7,P,,
2019-Jul,2019-07-05,Stryker,20,OP,2,R,0.5,na,4,11:00,10,na,entered as tangled?,
2019-Jul,2019-07-05,Stryker,20,OP,2,R,0.75,na,4,11:00,7,T,,
2019-Jul,2019-07-05,Stryker,20,OP,2,R,3.4,na,4,11:00,4,na,,
2019-Jul,2019-07-05,Stryker,20,OP,2,L,4.6,na,4,11:00,9,na,,
2019-Jul,2019-07-05,Stryker,20,OP,2,L,4.8,na,4,11:00,7,na,,
2019-Jul,2019-07-05,Stryker,20,OP,2,L,5,na,4,11:00,11,P,,
2019-Jul,2019-07-05,Stryker,20,OP,2,L,5.2,na,4,11:00,4,na,,
2019-Jul,2019-07-05,Stryker,20,OP,2,L,5.3,na,4,11:00,7,P,,
2019-Jul,2019-07-05,Stryker,20,DV,3,R,1.4,na,4,11:00,12,na,,
2019-Jul,2019-07-05,Stryker,20,DV,3,L,1.4,na,4,11:00,9,na,,
2019-Jul,2019-07-05,Stryker,20,DV,3,L,2.9,na,4,11:00,2,na,,
2019-Jul,2019-07-05,Stryker,20,DV,3,L,3.3,na,4,11:00,1,na,,
2019-Jul,2019-07-05,Stryker,20,DV,3,L,3.2,na,4,11:00,5,na,,
2019-Jul,2019-07-05,Stryker,20,DV,3,L,3.2,na,4,11:00,11,na,,
2019-Jul,2019-07-05,Stryker,20,DV,3,L,4,na,4,11:00,13,na,,
2019-Jul,2019-07-05,Stryker,20,DV,3,R,7,na,4,11:00,7,na,,
2019-Jul,2019-07-05,Stryker,20,DV,3,L,8.2,na,4,11:00,4,T,,
2019-Jul,2019-07-05,Stryker,20,DV,3,L,9,na,4,11:00,14,na,,
2019-Jul,2019-07-05,Stryker,20,DV,3,R,10.6,na,4,11:00,19,T,,
2019-Jul,2019-07-05,Stryker,20,DV,3,R,13,na,4,11:00,2,na,,
2019-Jul,2019-07-05,Stryker,20,DV,3,R,14.6,na,4,11:00,2,na,,
2019-Jul,2019-07-05,Stryker,20,DV,3,R,15.2,na,4,11:00,13,na,,
2019-Jul,2019-07-05,Stryker,20,DV,3,R,15.9,na,4,11:00,5,na,,
2019-Jul,2019-07-05,Stryker,20,DV,3,R,18.7,na,4,11:00,2,na,,
2019-Jul,2019-07-05,Stryker,20,DV,3,R,19.5,na,4,11:00,24,na,,
2019-Jul,2019-07-05,Stryker,20,DV,3,R,19.5,na,4,11:00,26,na,entered as tangled?,
2019-Jul,2019-07-09,Triquet,20,OP,2,R,1.7,na,4,10:30,10,na,,
2019-Jul,2019-07-09,Triquet,20,OP,2,R,1.9,na,4,10:30,5,na,,
2019-Jul,2019-07-09,Triquet,20,OP,2,R,17.5,na,4,10:30,3,na,,
2019-Jul,2019-07-09,Triquet,20,OP,2,R,17.2,na,4,10:30,3,na,,
2019-Jul,2019-07-09,Triquet,20,OP,3,R,1,na,4,10:30,8,na,,
2019-Jul,2019-07-09,Triquet,20,OP,3,R,10,na,4,10:30,3,na,,
2019-Jul,2019-07-09,Triquet,20,OP,3,R,10.6,na,4,10:30,1,na,,
2019-Jul,2019-07-09,Triquet,20,OP,3,R,10.7,na,4,10:30,1,na,,
2019-Jul,2019-07-09,Triquet,20,OP,3,R,11.3,na,4,10:30,5,na,,
2019-Jul,2019-07-09,Triquet,20,OP,3,R,11.4,na,4,10:30,2,na,,
2019-Jul,2019-07-09,Triquet,20,OP,3,R,11.4,na,4,10:30,5,na,,
2019-Jul,2019-07-09,Triquet,20,OP,3,R,13.3,na,4,10:30,4,na,entered as tangled?,
2019-Jul,2019-07-09,Triquet,20,OP,3,R,13.3,na,4,10:30,10,na,entered as tangled?,
2019-Jul,2019-07-09,Triquet,20,OP,3,R,13.5,na,4,10:30,4,na,entered as tangled?,
2019-Jul,2019-07-09,Triquet,20,OP,3,R,13.5,na,4,10:30,6,na,entered as tangled?,
2019-Jul,2019-07-09,Triquet,20,OP,3,R,14,na,4,10:30,4,na,entered as tangled?,
2019-Jul,2019-07-09,Triquet,20,OP,3,R,14,na,4,10:30,5,na,entered as tangled?,
2019-Jul,2019-07-09,Triquet,20,OP,3,R,14,na,4,10:30,8,na,entered as tangled?,
2019-Jul,2019-07-09,Triquet,20,OP,3,L,20,na,4,10:30,5,na,,
2019-Jul,2019-07-09,Triquet,20,OP,1,L,0.2,na,4,10:30,7,na,,
2019-Jul,2019-07-09,Triquet,20,OP,1,R,0.5,na,4,10:30,3,na,,
2019-Jul,2019-07-09,Triquet,20,OP,1,R,10,na,4,10:30,13,na,,
2019-Jul,2019-07-09,Triquet,20,OP,1,L,15,na,4,10:30,8,na,,
2019-Jul,2019-07-09,Triquet,20,OP,1,R,15.5,na,4,10:30,5,na,,
2019-Jul,2019-07-09,Triquet,20,OP,1,R,15.6,na,4,10:30,6,na,,
2019-Jul,2019-07-09,Triquet,20,OP,1,R,17.5,na,4,10:30,9,na,,
2019-Jul,2019-07-09,Triquet,20,OP,1,R,17.6,na,4,10:30,2,na,,
2019-Jul,2019-07-09,Triquet,20,OP,1,R,17.8,na,4,10:30,4,na,,
2019-Jul,2019-07-09,Triquet,20,OP,1,R,18,na,4,10:30,6,na,,
2019-Jul,2019-07-09,Womanley,20,OP,2,L,5,na,5,13:30,4,na,,
2019-Jul,2019-07-09,Womanley,20,OP,2,L,4.5,na,5,13:30,3,na,,
2019-Jul,2019-07-09,Womanley,20,OP,2,L,5,na,5,13:30,3,na,,
2019-Jul,2019-07-09,Womanley,20,OP,2,R,6.5,na,5,13:30,3,na,,
2019-Jul,2019-07-09,Womanley,20,OP,2,R,7.1,na,5,13:30,1,na,,
2019-Jul,2019-07-09,Womanley,20,OP,2,L,7.3,na,5,13:30,2,na,,
2019-Jul,2019-07-09,Womanley,20,OP,2,R,7.5,na,5,13:30,9,na,,
2019-Jul,2019-07-09,Womanley,20,OP,2,R,7.7,na,5,13:30,1,na,,
2019-Jul,2019-07-09,Womanley,20,OP,2,L,9.3,na,5,13:30,18,na,,
2019-Jul,2019-07-09,Womanley,20,OP,2,L,9.5,na,5,13:30,1,na,,
2019-Jul,2019-07-09,Womanley,20,OP,2,R,9.5,na,5,13:30,4,na,,
2019-Jul,2019-07-09,Womanley,20,OP,2,R,13,na,5,13:30,2,na,entered as tangled?,
2019-Jul,2019-07-09,Womanley,20,OP,2,L,15,na,5,13:30,4,na,entered as tangled?,
2019-Jul,2019-07-09,Womanley,20,OP,2,L,15,na,5,13:30,3,na,entered as tangled?,
2019-Jul,2019-07-09,Womanley,20,OP,2,L,15,na,5,13:30,5,na,entered as tangled?,
2019-Jul,2019-07-09,Womanley,20,OP,2,R,15,na,5,13:30,3,C,,
2019-Jul,2019-07-09,Womanley,20,OP,2,L,16.3,na,5,13:30,3,na,,
2019-Jul,2019-07-09,Womanley,20,OP,2,R,19.5,na,5,13:30,3,na,,
2019-Jul,2019-07-09,Womanley,20,OP,3,R,9.5,na,5,13:30,5,na,,
2019-Jul,2019-07-09,Womanley,20,OP,3,R,9.7,na,5,13:30,2,na,,
2019-Jul,2019-07-09,Womanley,20,OP,3,L,9.5,na,5,13:30,8,P,,
2019-Jul,2019-07-09,Womanley,20,OP,3,L,13,na,5,13:30,5,P,,
2019-Jul,2019-07-09,Womanley,20,OP,3,R,17,na,5,13:30,2,na,entered as tangled?,
2019-Jul,2019-07-09,Womanley,20,OP,1,R,12,na,5,13:30,1,C,,
2019-Jul,2019-07-09,Womanley,20,OP,1,R,12,na,5,13:30,2,C,,
2019-Jul,2019-07-09,Womanley,20,OP,1,L,12,na,5,13:30,2,P,,
2019-Jul,2019-07-09,Womanley,20,OP,1,R,8.5,na,5,13:30,2,P,,
2019-Jul,2019-07-09,Womanley,20,OP,1,L,6.5,na,5,13:30,18,na,,
2019-Jul,2019-07-09,Womanley,20,OP,1,L,0,na,5,13:30,5,na,,
2019-Jul,2019-07-09,Womanley,20,OP,1,L,2,na,5,13:30,14,na,entered as tangled?,
2019-Jul,2019-07-09,Womanley,20,OP,1,L,2,na,5,13:30,5,na,entered as tangled?,
2019-Jul,2019-07-09,Womanley,20,OP,1,R,3.4,na,5,13:30,9,na,,
2019-Jul,2019-07-09,Womanley,20,OP,1,L,3.2,na,5,13:30,9,na,entered as tangled?,
2019-Jul,2019-07-09,Manley,20,LL,3,L,9,na,4,15:00,4,na,entered as tangled?,
2019-Jul,2019-07-09,Manley,20,LL,3,L,9.1,na,4,15:00,4,na,entered as tangled?,
2019-Jul,2019-07-09,Manley,20,LL,3,L,11,na,4,15:00,3,na,entered as tangled?,
2019-Jul,2019-07-09,Manley,20,LL,3,L,17,na,4,15:00,3,na,entered as tangled?,
2019-Jul,2019-07-09,Manley,20,LL,3,L,19,na,4,15:00,11,na,entered as tangled?,
2019-Jul,2019-07-09,Manley,20,LL,3,L,19,na,4,15:00,3,na,entered as tangled?,
2019-Jul,2019-07-09,Manley,20,LL,1,L,11,na,4,15:00,13,na,entered as tangled?,
2019-Jul,2019-07-09,Manley,20,LL,1,L,11,na,4,15:00,7,na,entered as tangled?,
2019-Jul,2019-07-09,Manley,20,LL,1,L,11,na,4,15:00,19,na,entered as tangled?,
2019-Jul,2019-07-09,Manley,20,LL,1,L,15,na,4,15:00,4,na,entered as tangled?,
2019-Jul,2019-07-09,Manley,20,OP,2,R,1,na,4,15:00,6,na,,
2019-Jul,2019-07-09,Manley,20,OP,2,R,3,na,4,15:00,66,na,,
2019-Jul,2019-07-09,Manley,20,OP,2,L,3,na,4,15:00,26,na,,
2019-Jul,2019-07-09,Manley,20,OP,2,R,5,na,4,15:00,51,P,in datasheet marked as T not P but I think this was an oversight. also another 70 fronds considered as P at 5.4 but I think there migth have been some over counts,
2019-Jul,2019-07-09,Manley,20,OP,2,L,6,na,4,15:00,15,na,,
2019-Jul,2019-07-09,Manley,20,OP,2,L,5.5,na,4,15:00,5,P,,
2019-Jul,2019-07-09,Manley,20,OP,2,L,5.3,na,4,15:00,14,P,,
2019-Jul,2019-07-09,Manley,20,OP,2,L,7,na,4,15:00,28,na,,
2019-Jul,2019-07-12,Westbeach,20,DV,1,R,2.5,na,2,10:00,19,T,,
2019-Jul,2019-07-12,Westbeach,20,DV,1,R,2.5,na,2,10:00,28,na,,
2019-Jul,2019-07-12,Westbeach,20,DV,1,R,3.5,na,2,10:00,6,na,,
2019-Jul,2019-07-12,Westbeach,20,DV,1,R,3.5,na,2,10:00,5,na,,
2019-Jul,2019-07-12,Westbeach,20,DV,1,L,5.2,na,2,10:00,2,na,,
2019-Jul,2019-07-12,Westbeach,20,DV,1,L,5.6,na,2,10:00,15,na,,
2019-Jul,2019-07-12,Westbeach,20,DV,1,R,5.3,na,2,10:00,39,na,,
2019-Jul,2019-07-12,Westbeach,20,DV,1,R,5.3,na,2,10:00,8,na,,
2019-Jul,2019-07-12,Westbeach,20,DV,1,R,5.5,na,2,10:00,19,P,,
2019-Jul,2019-07-12,Westbeach,20,DV,1,L,9,na,2,10:00,12,na,,
2019-Jul,2019-07-12,Westbeach,20,DV,1,L,9.6,na,2,10:00,16,na,,
2019-Jul,2019-07-12,Westbeach,20,DV,1,R,11,na,2,10:00,9,na,,
2019-Jul,2019-07-12,Westbeach,20,DV,1,R,11,na,2,10:00,11,na,,
2019-Jul,2019-07-12,Westbeach,20,DV,1,R,11.2,na,2,10:00,12,na,,
2019-Jul,2019-07-12,Westbeach,20,DV,1,L,12,na,2,10:00,16,na,,
2019-Jul,2019-07-12,Westbeach,20,DV,1,R,12.6,na,2,10:00,2,na,,
2019-Jul,2019-07-12,Westbeach,20,DV,1,R,13,na,2,10:00,15,na,,
2019-Jul,2019-07-12,Westbeach,20,DV,1,R,13.2,na,2,10:00,4,na,,
2019-Jul,2019-07-12,Westbeach,20,DV,1,R,14.7,na,2,10:00,6,na,,
2019-Jul,2019-07-12,Westbeach,20,DV,1,L,19,na,2,10:00,6,na,,
2019-Jul,2019-07-12,Westbeach,20,DV,2,L,14.6,na,2,10:00,16,na,,
2019-Jul,2019-07-12,Westbeach,20,DV,2,L,11.8,na,2,10:00,30,na,,
2019-Jul,2019-07-12,Westbeach,20,DV,2,R,12,na,2,10:00,7,na,,
2019-Jul,2019-07-12,Westbeach,20,DV,2,R,10.2,na,2,10:00,22,na,,
2019-Jul,2019-07-12,Westbeach,20,DV,2,R,10.5,na,2,10:00,21,na,,
2019-Jul,2019-07-12,Westbeach,20,DV,2,L,11.2,na,2,10:00,21,na,,
2019-Jul,2019-07-12,Westbeach,20,DV,2,R,11.2,na,2,10:00,11,na,,
2019-Jul,2019-07-12,Westbeach,20,DV,2,R,7,na,2,10:00,5,na,,
2019-Jul,2019-07-12,Westbeach,20,DV,2,R,7,na,2,10:00,5,na,,
2019-Jul,2019-07-12,Westbeach,20,DV,2,R,8.1,na,2,10:00,14,na,,
2019-Jul,2019-07-12,Westbeach,20,DV,2,R,8.9,na,2,10:00,7,na,,
2019-Jul,2019-07-12,Westbeach,20,DV,2,L,5.5,na,2,10:00,12,na,,
2019-Jul,2019-07-12,Westbeach,20,DV,2,L,5.4,na,2,10:00,5,na,,
2019-Jul,2019-07-12,Westbeach,20,DV,2,L,5.9,na,2,10:00,8,na,,
2019-Jul,2019-07-12,Westbeach,20,DV,2,R,5.9,na,2,10:00,5,na,,
2019-Jul,2019-07-12,Westbeach,20,DV,2,L,1.2,na,2,10:00,2,na,,
2019-Jul,2019-07-12,Westbeach,20,DV,2,R,1.3,na,2,10:00,2,na,,
2019-Jul,2019-07-12,Westbeach,20,DV,2,R,2.2,na,2,10:00,6,na,,
2019-Jul,2019-07-12,Westbeach,20,OP,3,L,18.2,na,2,10:00,35,na,,
2019-Jul,2019-07-12,Westbeach,20,OP,3,L,18.3,na,2,10:00,30,na,,
2019-Jul,2019-07-12,Westbeach,20,OP,3,L,18.4,na,2,10:00,9,na,,
2019-Jul,2019-07-12,Westbeach,20,OP,3,L,16,na,2,10:00,7,na,,
2019-Jul,2019-07-12,Westbeach,20,OP,3,R,16,na,2,10:00,19,P,,
2019-Jul,2019-07-12,Westbeach,20,OP,3,L,16.1,na,2,10:00,5,P,,
2019-Jul,2019-07-12,Westbeach,20,OP,3,L,14.5,na,2,10:00,12,P,,
2019-Jul,2019-07-12,Westbeach,20,OP,3,L,14.6,na,2,10:00,6,P,,
2019-Jul,2019-07-12,Westbeach,20,OP,3,L,14.6,na,2,10:00,14,P,,
2019-Jul,2019-07-12,Westbeach,20,OP,3,L,13.7,na,2,10:00,12,P,,
2019-Jul,2019-07-12,Westbeach,20,OP,3,L,12.2,na,2,10:00,6,P,,
2019-Jul,2019-07-12,Westbeach,20,OP,3,L,11.7,na,2,10:00,8,P,,
2019-Jul,2019-07-12,Westbeach,20,OP,3,L,11.4,na,2,10:00,5,P,,
2019-Jul,2019-07-12,Westbeach,20,OP,3,L,11.3,na,2,10:00,6,P,,
2019-Jul,2019-07-12,Westbeach,20,OP,3,R,10.9,na,2,10:00,18,P,,
2019-Jul,2019-07-12,Westbeach,20,OP,3,R,10.8,na,2,10:00,21,P,,
2019-Jul,2019-07-12,Westbeach,20,OP,3,L,10.4,na,2,10:00,2,P,,
2019-Jul,2019-07-12,Westbeach,20,OP,3,R,7.7,na,2,10:00,8,P,,
2019-Jul,2019-07-12,Westbeach,20,OP,3,R,7.6,na,2,10:00,21,P,,
2019-Jul,2019-07-12,Westbeach,20,OP,3,L,7.1,na,2,10:00,19,P,,
2019-Jul,2019-07-12,Westbeach,20,OP,3,L,5.5,na,2,10:00,10,P,,
2019-Jul,2019-07-12,Westbeach,20,OP,3,L,5.6,na,2,10:00,8,P,,
2019-Jul,2019-07-12,Westbeach,20,OP,3,L,5.2,na,2,10:00,5,P,,
2019-Jul,2019-07-12,Westbeach,20,OP,3,L,5.3,na,2,10:00,2,P,,
2019-Jul,2019-07-12,Westbeach,20,OP,3,R,4.5,na,2,10:00,49,P,,
2019-Jul,2019-07-12,Westbeach,20,OP,3,L,4.5,na,2,10:00,8,na,entered as tangled?,
2019-Jul,2019-07-12,Westbeach,20,OP,3,R,4.2,na,2,10:00,5,na,entered as tangled?,
2019-Jul,2019-07-12,Westbeach,20,OP,3,R,3.6,na,2,10:00,9,na,entered as tangled?,
2019-Jul,2019-07-12,Westbeach,20,OP,3,R,3.4,na,2,10:00,3,na,entered as tangled?,
2019-Jul,2019-07-12,Westbeach,20,OP,3,L,3.4,na,2,10:00,4,na,entered as tangled?,
2019-Jul,2019-07-12,Westbeach,20,OP,3,L,3.6,na,2,10:00,10,na,,
2019-Jul,2019-07-12,Westbeach,20,OP,3,L,3.6,na,2,10:00,21,P,,
2019-Jul,2019-07-13,Golden,20,LL,3,R,20,na,4,11:45,21,na,,
2019-Jul,2019-07-13,Golden,20,KH,1,L,13,na,4,11:45,3,na,,
2019-Jul,2019-07-13,Golden,20,KH,1,R,13,na,4,11:45,1,na,,
2019-Jul,2019-07-13,Golden,20,KH,1,L,13,na,4,11:45,9,na,,
2019-Jul,2019-07-13,Golden,20,KH,1,L,13,na,4,11:45,2,na,,
2019-Jul,2019-07-13,Golden,20,DV,2,L,2,na,4,11:45,12,na,,
2019-Jul,2019-07-13,Golden,20,DV,2,R,10,na,4,11:45,4,na,,
2019-Jul,2019-07-13,Golden,20,DV,2,R,18,na,4,11:45,4,na,,
2019-Jul,2019-07-11,Meay,20,LL,3,L,5.4,na,2,9:13,2,na,,
2019-Jul,2019-07-11,Meay,20,LL,3,L,15.1,na,2,9:13,7,na,,
2019-Jul,2019-07-11,Meay,20,LL,3,R,17,na,2,9:13,8,na,,
2019-Jul,2019-07-11,Meay,20,LL,3,L,18,na,2,9:13,11,na,,
2019-Jul,2019-07-11,Meay,20,OP,2,R,na,na,2,9:13,0,na,no plants on the line,
2019-Jul,2019-07-11,Meay,20,KH,1,R,13.5,na,2,9:13,1,na,,
2019-Jul,2019-07-11,Meay,20,KH,1,R,9,na,2,9:13,1,na,,
2019-Aug,2019-08-20,Westbeach_north,60,KH,1,L,4,2.6,na,10:07,15,na,,
2019-Aug,2019-08-20,Westbeach_north,60,KH,1,L,3.9,2.6,na,10:09,5,na,,
2019-Aug,2019-08-20,Westbeach_north,60,KH,1,L,3.9,2.7,na,10:09,7,na,,
2019-Aug,2019-08-20,Westbeach_north,60,KH,1,L,5,2.2,na,10:10,24,na,,
2019-Aug,2019-08-20,Westbeach_north,60,KH,1,L,5,2.2,na,10:13,16,na,,
2019-Aug,2019-08-20,Westbeach_north,60,KH,1,L,17.3,2.1,na,10:14,2,na,,
2019-Aug,2019-08-20,Westbeach_north,60,KH,1,L,17.6,2.1,na,10:15,5,na,,
2019-Aug,2019-08-20,Westbeach_north,60,KH,1,L,18,2.1,na,10:23,11,na,,
2019-Aug,2019-08-20,Westbeach_north,60,KH,1,L,19.6,1.3,na,10:24,3,na,,
2019-Aug,2019-08-20,Westbeach_north,60,KH,1,L,21,1.7,na,10:25,8,na,,
2019-Aug,2019-08-20,Westbeach_north,60,KH,1,L,21.7,1.7,na,10:26,4,na,,
2019-Aug,2019-08-20,Westbeach_north,60,KH,1,L,21.8,1.7,na,10:26,5,na,,
2019-Aug,2019-08-20,Westbeach_north,60,KH,1,L,21.8,1.7,na,10:26,1,na,,
2019-Aug,2019-08-20,Westbeach_north,60,KH,1,L,21.8,1.7,na,10:26,2,na,,
2019-Aug,2019-08-20,Westbeach_north,60,KH,1,L,21.8,1.7,na,10:26,3,na,,
2019-Aug,2019-08-20,Westbeach_north,60,KH,1,L,21.8,1.7,na,10:26,3,na,,
2019-Aug,2019-08-20,Westbeach_north,60,KH,1,L,21.8,1.7,na,10:30,10,na,,
2019-Aug,2019-08-20,Westbeach_north,60,KH,1,L,22,1.7,na,10:30,8,na,,
2019-Aug,2019-08-20,Westbeach_north,60,KH,1,L,22,1.7,na,10:30,7,na,,
2019-Aug,2019-08-20,Westbeach_north,60,KH,1,L,22,1.7,na,10:30,10,na,,
2019-Aug,2019-08-20,Westbeach_north,60,KH,1,L,23,1.7,na,10:30,9,na,,
2019-Aug,2019-08-20,Westbeach_north,60,KH,1,L,24,1.7,na,10:30,11,na,,
2019-Aug,2019-08-20,Westbeach_north,60,KH,1,L,24,1.7,na,10:30,5,na,,
2019-Aug,2019-08-20,Westbeach_north,60,KH,1,L,26,1.4,na,10:35,15,na,,
2019-Aug,2019-08-20,Westbeach_north,60,KH,1,L,27,1.4,na,10:35,31,na,,
2019-Aug,2019-08-20,Westbeach_north,60,KH,1,L,28,1.4,na,10:35,11,na,,
2019-Aug,2019-08-20,Westbeach_north,60,KH,1,L,50,1.4,na,10:37,2,na,,
2019-Aug,2019-08-20,Westbeach_north,60,KH,1,L,35,1.5,na,10:38,10,na,,
2019-Aug,2019-08-20,Westbeach_north,60,KH,1,L,37,1.5,na,10:38,6,na,,
2019-Aug,2019-08-20,Westbeach_north,60,KH,1,L,37.2,1.5,na,10:38,6,na,,
2019-Aug,2019-08-20,Westbeach_north,60,KH,1,L,37.5,1.5,na,10:38,10,na,,
2019-Aug,2019-08-20,Westbeach_north,60,KH,1,L,40.5,1.6,na,10:40,15,na,,
2019-Aug,2019-08-20,Westbeach_north,60,KH,1,L,41.4,1.7,na,10:40,32,na,,
2019-Aug,2019-08-20,Westbeach_north,60,KH,2,L,1.6,2.5,na,10:50,8,na,,
2019-Aug,2019-08-20,Westbeach_north,60,KH,2,L,1.6,2.5,na,10:50,3,na,,
2019-Aug,2019-08-20,Westbeach_north,60,KH,2,L,1.6,2.5,na,10:50,4,na,,
2019-Aug,2019-08-20,Westbeach_north,60,KH,2,L,2,2.6,na,10:53,3,na,,
2019-Aug,2019-08-20,Westbeach_north,60,KH,2,L,2,2.6,na,10:53,3,na,,
2019-Aug,2019-08-20,Westbeach_north,60,KH,2,L,2,2.6,na,10:53,5,na,,
2019-Aug,2019-08-20,Westbeach_north,60,KH,2,L,3.3,2,na,10:53,2,na,,
2019-Aug,2019-08-20,Westbeach_north,60,KH,2,L,3.4,2.5,na,10:53,2,na,,
2019-Aug,2019-08-20,Westbeach_north,60,KH,2,L,3.4,2.5,na,10:53,8,na,,
2019-Aug,2019-08-20,Westbeach_north,60,KH,2,L,3.5,2.5,na,10:53,3,na,,
2019-Aug,2019-08-20,Westbeach_north,60,KH,2,L,3.8,2.5,na,10:53,10,na,,
2019-Aug,2019-08-20,Westbeach_north,60,KH,2,L,4,2.5,na,10:53,3,na,,
2019-Aug,2019-08-20,Westbeach_north,60,KH,2,L,4,2.5,na,10:53,1,na,,
2019-Aug,2019-08-20,Westbeach_north,60,KH,2,L,4,2.5,na,10:53,7,na,,
2019-Aug,2019-08-20,Westbeach_north,60,KH,2,L,4,2.5,na,10:53,27,na,,
2019-Aug,2019-08-20,Westbeach_north,60,KH,2,L,4,2.5,na,10:53,4,na,,
2019-Aug,2019-08-20,Westbeach_north,60,KH,2,L,4,2.5,na,10:58,8,na,,
2019-Aug,2019-08-20,Westbeach_north,60,KH,2,L,6.5,2.4,na,10:58,3,na,,
2019-Aug,2019-08-20,Westbeach_north,60,KH,2,L,8,2.4,na,10:59,4,na,,
2019-Aug,2019-08-20,Westbeach_north,60,KH,2,L,10.5,2.4,na,10:59,3,na,,
2019-Aug,2019-08-20,Westbeach_north,60,KH,2,L,10.5,2.4,na,10:59,8,na,,
2019-Aug,2019-08-20,Westbeach_north,60,KH,2,L,11.2,2.4,na,10:59,2,na,,
2019-Aug,2019-08-20,Westbeach_north,60,KH,2,L,11.4,2.2,na,10:59,34,na,,
2019-Aug,2019-08-20,Westbeach_north,60,KH,2,L,11.4,2.2,na,11:04,36,na,,
2019-Aug,2019-08-20,Westbeach_north,60,KH,2,L,15.6,2.1,na,11:04,28,na,,
2019-Aug,2019-08-20,Westbeach_north,60,KH,2,L,15.6,2.1,na,11:07,12,na,,
2019-Aug,2019-08-20,Westbeach_north,60,KH,2,L,17.7,1.9,na,11:08,35,na,,
2019-Aug,2019-08-20,Westbeach_north,60,KH,2,L,19.2,1.9,na,11:08,3,na,,
2019-Aug,2019-08-20,Westbeach_north,60,KH,2,L,19.2,1.9,na,11:08,12,na,,
2019-Aug,2019-08-20,Westbeach_north,60,KH,2,L,24.8,2,na,11:08,10,na,,
2019-Aug,2019-08-20,Westbeach_north,60,KH,2,L,27.2,1.8,na,11:11,23,na,,
2019-Aug,2019-08-20,Westbeach_north,60,KH,2,L,27.2,1.8,na,11:11,14,na,,
2019-Aug,2019-08-20,Westbeach_north,60,KH,2,L,29.9,1.8,na,11:11,15,na,,
2019-Aug,2019-08-20,Westbeach_north,60,KH,2,L,30,1.8,na,11:11,6,na,,
2019-Aug,2019-08-20,Westbeach_north,60,KH,2,L,30,1.8,na,11:11,16,na,,
2019-Aug,2019-08-20,Westbeach_north,60,KH,2,L,30,1.6,na,11:16,11,na,,
2019-Aug,2019-08-20,Westbeach_north,60,KH,2,L,34,1.6,na,11:16,2,na,,
2019-Aug,2019-08-20,Westbeach_north,60,KH,2,L,35,1.6,na,11:18,18,na,,
2019-Aug,2019-08-20,Westbeach_north,60,KH,2,L,35.3,1.9,na,11:18,37,na,,
2019-Aug,2019-08-20,Westbeach_north,60,KH,2,L,35.6,1.9,na,11:19,12,na,,
2019-Aug,2019-08-20,Westbeach_north,60,KH,2,L,37.8,1.9,na,11:19,6,na,,
2019-Aug,2019-08-20,Westbeach_north,60,KH,2,L,38.4,1.9,na,11:19,51,na,,
2019-Aug,2019-08-20,Westbeach_north,60,KH,2,L,39,1.9,na,11:19,11,na,,
2019-Aug,2019-08-20,Westbeach_north,60,KH,2,L,39.6,1.9,na,11:19,26,na,,
2019-Aug,2019-08-20,Westbeach_north,60,KH,2,L,39.8,2.1,na,11:24,30,na,,
2019-Aug,2019-08-20,Westbeach_north,60,KH,2,L,42.5,2.1,na,11:24,25,na,,
2019-Aug,2019-08-20,Westbeach_north,60,KH,2,L,42.8,2.1,na,11:24,1,na,,
2019-Aug,2019-08-20,Westbeach_north,60,KH,2,L,42.8,2.1,na,11:24,10,na,,
2019-Aug,2019-08-20,Westbeach_north,60,KH,2,L,42.8,2.1,na,11:24,5,na,,
2019-Aug,2019-08-20,Westbeach_north,60,KH,2,L,43.8,2.7,na,11:27,16,na,,
2019-Aug,2019-08-20,Westbeach_north,60,KH,2,L,45.8,2.7,na,11:27,56,na,,
2019-Aug,2019-08-20,Westbeach_north,60,KH,2,L,47.1,3,na,11:27,26,na,,
2019-Aug,2019-08-20,Westbeach_north,60,KH,2,L,50.7,3.1,na,11:27,21,na,,
2019-Aug,2019-08-20,Westbeach_north,60,KH,2,L,53.4,3.2,na,11:31,31,na,,
2019-Aug,2019-08-20,Westbeach_north,60,KH,2,L,54.6,3.2,na,11:31,8,na,,
2019-Aug,2019-08-20,Westbeach_north,60,KH,2,L,54.6,3.2,na,11:31,3,na,,
2019-Aug,2019-08-20,Westbeach_north,60,KH,2,L,54.6,3.4,na,11:34,43,na,,
2019-Aug,2019-08-20,Westbeach_north,60,KH,3,L,2.8,3.6,na,12:54,4,na,,
2019-Aug,2019-08-20,Westbeach_north,60,KH,3,L,2.8,3.6,na,12:54,1,na,,
2019-Aug,2019-08-20,Westbeach_north,60,KH,3,L,2.8,3.6,na,12:54,12,na,,
2019-Aug,2019-08-20,Westbeach_north,60,KH,3,L,2.8,3.6,na,12:56,9,na,,
2019-Aug,2019-08-20,Westbeach_north,60,KH,3,L,3.4,3.6,na,12:56,10,na,,
2019-Aug,2019-08-20,Westbeach_north,60,KH,3,L,3.6,3.3,na,12:56,5,na,,
2019-Aug,2019-08-20,Westbeach_north,60,KH,3,L,3.6,3.3,na,12:56,1,na,,
2019-Aug,2019-08-20,Westbeach_north,60,KH,3,L,3.8,3.3,na,12:56,4,na,,
2019-Aug,2019-08-20,Westbeach_north,60,KH,3,L,3.8,3.3,na,12:59,23,na,,
2019-Aug,2019-08-20,Westbeach_north,60,KH,3,L,4.4,3.3,na,12:59,8,na,,
2019-Aug,2019-08-20,Westbeach_north,60,KH,3,L,6,3.3,na,13:01,6,na,,
2019-Aug,2019-08-20,Westbeach_north,60,KH,3,L,6,3.3,na,13:01,2,na,,
2019-Aug,2019-08-20,Westbeach_north,60,KH,3,L,6,3.3,na,13:01,1,na,,
2019-Aug,2019-08-20,Westbeach_north,60,KH,3,L,6,3.3,na,13:01,27,na,,
2019-Aug,2019-08-20,Westbeach_north,60,KH,3,L,6,3.3,na,13:01,2,na,,
2019-Aug,2019-08-20,Westbeach_north,60,KH,3,L,6.5,3.3,na,13:01,10,na,,
2019-Aug,2019-08-20,Westbeach_north,60,KH,3,L,7.2,3.4,na,13:03,19,na,,
2019-Aug,2019-08-20,Westbeach_north,60,KH,3,L,10.4,3.4,na,13:03,36,na,,
2019-Aug,2019-08-20,Westbeach_north,60,KH,3,L,10.4,3.4,na,13:03,19,na,,
2019-Aug,2019-08-20,Westbeach_north,60,KH,3,L,10.4,3.4,na,13:07,10,na,,
2019-Aug,2019-08-20,Westbeach_north,60,KH,3,L,11,3.4,na,13:08,11,na,,
2019-Aug,2019-08-20,Westbeach_north,60,KH,3,L,11.5,3.4,na,13:08,18,na,,
2019-Aug,2019-08-20,Westbeach_north,60,KH,3,L,15,3.3,na,13:10,11,na,,
2019-Aug,2019-08-20,Westbeach_north,60,KH,3,L,15.2,3.3,na,13:10,5,na,,
2019-Aug,2019-08-20,Westbeach_north,60,KH,3,L,15.4,3.3,na,13:10,8,na,,
2019-Aug,2019-08-20,Westbeach_north,60,KH,3,L,15.5,3.3,na,13:10,5,na,,
2019-Aug,2019-08-20,Westbeach_north,60,KH,3,L,15.6,3.3,na,13:11,10,na,,
2019-Aug,2019-08-20,Westbeach_north,60,KH,3,L,16.2,3.3,na,13:13,35,na,,
2019-Aug,2019-08-20,Westbeach_north,60,KH,3,L,17.2,3.2,na,13:14,21,na,,
2019-Aug,2019-08-20,Westbeach_north,60,KH,3,L,18,3.2,na,13:14,7,na,,
2019-Aug,2019-08-20,Westbeach_north,60,KH,3,L,18.9,3.2,na,13:14,22,na,,
2019-Aug,2019-08-20,Westbeach_north,60,KH,3,L,19.3,3.2,na,13:14,9,na,,
2019-Aug,2019-08-20,Westbeach_north,60,KH,3,L,21.6,3.2,na,13:14,45,na,,
2019-Aug,2019-08-20,Westbeach_north,60,KH,3,L,25.6,3.2,na,13:14,32,na,,
2019-Aug,2019-08-20,Westbeach_north,60,KH,3,L,29,3.2,na,13:14,36,na,,
2019-Aug,2019-08-20,Westbeach_north,60,KH,3,L,34.2,2.9,na,13:24,14,na,,
2019-Aug,2019-08-20,Westbeach_north,60,KH,3,L,36,2.9,na,13:24,14,na,,
2019-Aug,2019-08-20,Westbeach_north,60,KH,3,L,36,2.9,na,13:24,9,na,,
2019-Aug,2019-08-20,Westbeach_north,60,KH,3,L,36.3,2.9,na,13:24,37,na,,
2019-Aug,2019-08-20,Westbeach_north,60,KH,3,L,36.6,2.9,na,13:24,15,na,,
2019-Aug,2019-08-20,Westbeach_north,60,KH,3,L,38,2.9,na,13:24,28,na,,
2019-Aug,2019-08-20,Westbeach_north,60,KH,3,L,39.6,3,na,13:28,11,na,,
2019-Aug,2019-08-20,Westbeach_north,60,KH,3,L,42,3,na,13:28,33,na,,
2019-Aug,2019-08-20,Westbeach_north,60,KH,3,L,43.8,3,na,13:28,8,na,,
2019-Aug,2019-08-20,Westbeach_north,60,KH,3,L,46,3,na,13:28,15,na,,
2019-Aug,2019-08-20,Westbeach_north,60,KH,3,L,48.7,3,na,13:28,10,na,,
2019-Aug,2019-08-20,Westbeach_north,60,KH,3,L,50.6,3,na,13:28,27,na,,
2019-Aug,2019-08-20,Westbeach_north,60,KH,3,L,54.5,4.7,na,13:32,14,na,,
2019-Aug,2019-08-20,Westbeach_north,60,LL,3,R,2.2,3.2,na,12:40,24,na,,
2019-Aug,2019-08-20,Westbeach_north,60,LL,3,R,3.3,3.2,na,12:42,13,na,,
2019-Aug,2019-08-20,Westbeach_north,60,LL,3,R,3.3,3.2,na,12:42,11,na,,
2019-Aug,2019-08-20,Westbeach_north,60,LL,3,R,15,2.7,na,12:50,3,na,,
2019-Aug,2019-08-20,Westbeach_north,60,LL,3,R,15,2.7,na,12:50,4,na,,
2019-Aug,2019-08-20,Westbeach_north,60,LL,3,R,15,2.7,na,12:50,13,na,,
2019-Aug,2019-08-20,Westbeach_north,60,LL,3,R,15,2.7,na,12:50,3,na,,
2019-Aug,2019-08-20,Westbeach_north,60,LL,3,R,29.2,2.4,na,12:53,8,na,,
2019-Aug,2019-08-20,Westbeach_north,60,LL,3,R,32.79,2.3,na,12:55,9,na,,
2019-Aug,2019-08-20,Westbeach_north,60,LL,3,R,34,2,na,12:57,5,na,,
2019-Aug,2019-08-20,Westbeach_north,60,LL,3,R,35.8,2.1,na,12:58,20,na,,
2019-Aug,2019-08-20,Westbeach_north,60,LL,3,R,36,2.1,na,12:58,2,na,,
2019-Aug,2019-08-20,Westbeach_north,60,LL,3,R,52.4,3.8,na,13:00,2,na,,
2019-Aug,2019-08-20,Westbeach_north,60,LL,3,R,54.7,4,na,13:00,3,na,,
2019-Aug,2019-08-20,Westbeach_north,60,LL,3,R,56,4.4,na,13:02,11,na,,
2019-Aug,2019-08-20,Westbeach_north,60,LL,3,L,49,3.7,na,13:04,17,na,,
2019-Aug,2019-08-20,Westbeach_north,60,LL,3,L,47.3,3.5,na,13:04,10,na,,
2019-Aug,2019-08-20,Westbeach_north,60,LL,3,L,43.9,2.8,na,13:05,13,na,,
2019-Aug,2019-08-20,Westbeach_north,60,LL,3,L,41.7,2.6,na,13:05,18,na,,
2019-Aug,2019-08-20,Westbeach_north,60,LL,3,L,41.7,2.6,na,13:05,4,na,,
2019-Aug,2019-08-20,Westbeach_north,60,LL,3,L,37.5,2.4,na,13:08,18,na,,
2019-Aug,2019-08-20,Westbeach_north,60,LL,3,L,36.6,2.3,na,13:09,14,na,,
2019-Aug,2019-08-20,Westbeach_north,60,LL,3,L,34.5,2.4,na,13:09,13,na,,
2019-Aug,2019-08-20,Westbeach_north,60,LL,2,R,1.1,2.7,na,10:56,12,na,,
2019-Aug,2019-08-20,Westbeach_north,60,LL,2,R,1.1,2.7,na,10:56,8,na,,
2019-Aug,2019-08-20,Westbeach_north,60,LL,2,R,3.8,2.1,na,10:58,8,na,,
2019-Aug,2019-08-20,Westbeach_north,60,LL,2,R,4.6,2.2,na,10:59,11,na,,
2019-Aug,2019-08-20,Westbeach_north,60,LL,2,R,9.4,2,na,11:01,4,na,,
2019-Aug,2019-08-20,Westbeach_north,60,LL,2,R,9.4,2,na,11:01,13,na,,
2019-Aug,2019-08-20,Westbeach_north,60,LL,2,R,9.8,2.1,na,11:01,11,na,,
2019-Aug,2019-08-20,Westbeach_north,60,LL,2,R,17,1.9,na,11:03,5,na,,
2019-Aug,2019-08-20,Westbeach_north,60,LL,2,R,18.3,1.7,na,11:04,6,na,,
2019-Aug,2019-08-20,Westbeach_north,60,LL,2,R,20.5,1.5,na,11:05,7,na,,
2019-Aug,2019-08-20,Westbeach_north,60,LL,2,R,23.2,1.3,na,11:06,8,na,,
2019-Aug,2019-08-20,Westbeach_north,60,LL,2,R,37,1.5,na,11:08,16,na,,
2019-Aug,2019-08-20,Westbeach_north,60,LL,2,R,37,1.5,na,11:08,13,na,,
2019-Aug,2019-08-20,Westbeach_north,60,LL,2,R,43.8,2,na,11:09,14,na,,
2019-Aug,2019-08-20,Westbeach_north,60,LL,1,R,1.4,2.3,na,9:59,4,na,,
2019-Aug,2019-08-20,Westbeach_north,60,LL,1,R,2,2.2,na,9:59,5,na,,
2019-Aug,2019-08-20,Westbeach_north,60,LL,1,R,2.4,2.1,na,10:01,11,na,,
2019-Aug,2019-08-20,Westbeach_north,60,LL,1,R,2.7,1.7,na,10:03,6,na,,
2019-Aug,2019-08-20,Westbeach_north,60,LL,1,R,2.7,2.1,na,10:03,16,na,,
2019-Aug,2019-08-20,Westbeach_north,60,LL,1,R,17.2,1.4,na,10:06,2,na,,
2019-Aug,2019-08-20,Westbeach_north,60,LL,1,R,21.2,1.7,na,10:15,7,na,,
2019-Aug,2019-08-20,Westbeach_north,60,LL,1,R,21.6,1.4,na,10:15,11,na,,
2019-Aug,2019-08-20,Westbeach_north,60,LL,1,R,22.3,1.5,na,10:16,9,na,,
2019-Aug,2019-08-20,Westbeach_north,60,LL,1,R,24.8,1.4,na,10:18,7,na,,
2019-Aug,2019-08-20,Westbeach_north,60,LL,1,R,26,1.3,na,10:18,5,na,,
2019-Aug,2019-08-20,Westbeach_north,60,LL,1,R,30,1.1,na,10:22,15,na,,
2019-Aug,2019-08-20,Westbeach_north,60,LL,1,R,40.9,1.7,na,10:24,8,na,,
2019-Aug,2019-08-20,Westbeach_north,60,LL,1,R,40.9,1.7,na,10:24,2,na,,
2019-Aug,2019-08-20,Westbeach_north,60,LL,1,R,40.9,1.7,na,10:24,10,na,,
2019-Aug,2019-08-20,Westbeach_north,60,LL,1,R,47.3,2.7,na,10:27,7,na,,
2019-Aug,2019-08-20,Westbeach_north,60,LL,1,R,49.7,2.6,na,10:28,9,na,,
2019-Aug,2019-08-20,Westbeach_north,60,LL,1,R,50.4,2.8,na,10:29,8,na,,
2019-Aug,2019-08-20,Westbeach_north,60,LL,1,R,52.5,2.7,na,10:30,10,na,,
2019-Aug,2019-08-20,Westbeach_north,60,LL,1,R,53.6,2.9,na,10:31,12,na,,
2019-Aug,2019-08-20,Westbeach_north,60,LL,1,R,55.5,3.2,na,10:32,19,na,,
2019-Aug,2019-08-20,Westbeach_north,60,LL,1,R,55.5,3.2,na,10:32,23,na,,
2019-Aug,2019-08-21,Edna,60,LL,1,R,3.6,7.1,na,10:13,3,na,,
2019-Aug,2019-08-21,Edna,60,LL,1,R,3.6,7.1,na,10:13,5,na,,
2019-Aug,2019-08-21,Edna,60,LL,1,R,9.4,6.9,na,10:15,5,na,,
2019-Aug,2019-08-21,Edna,60,LL,1,R,9.9,6.9,na,10:15,3,na,,
2019-Aug,2019-08-21,Edna,60,LL,1,R,9.9,6.9,na,10:15,5,na,,
2019-Aug,2019-08-21,Edna,60,LL,1,R,10.4,6.9,na,10:18,1,na,,
2019-Aug,2019-08-21,Edna,60,LL,1,R,10.4,6.9,na,10:18,2,na,,
2019-Aug,2019-08-21,Edna,60,LL,1,R,15.3,6.4,na,10:20,2,na,,
2019-Aug,2019-08-21,Edna,60,LL,1,R,25.5,4.8,na,10:23,1,na,,
2019-Aug,2019-08-21,Edna,60,LL,1,R,25.5,4.8,na,10:23,2,na,,
2019-Aug,2019-08-21,Edna,60,LL,1,R,25.6,4.8,na,10:23,5,na,,
2019-Aug,2019-08-21,Edna,60,LL,1,R,25.7,4.8,na,10:23,2,na,,
2019-Aug,2019-08-21,Edna,60,LL,1,R,25.8,4.8,na,10:23,8,na,,
2019-Aug,2019-08-21,Edna,60,LL,1,R,26.3,4.7,na,10:26,3,na,,
2019-Aug,2019-08-21,Edna,60,LL,1,R,26.3,4.7,na,10:26,2,na,,
2019-Aug,2019-08-21,Edna,60,LL,1,R,26.3,4.7,na,10:26,2,na,,
2019-Aug,2019-08-21,Edna,60,LL,1,R,27.2,4.3,na,10:27,7,na,,
2019-Aug,2019-08-21,Edna,60,LL,1,R,27.2,4.3,na,10:27,4,na,,
2019-Aug,2019-08-21,Edna,60,LL,1,R,28,4.3,na,10:28,12,na,,
2019-Aug,2019-08-21,Edna,60,LL,1,R,29.5,4.4,na,10:28,5,na,,
2019-Aug,2019-08-21,Edna,60,LL,1,R,29.5,4.4,na,10:28,2,na,,
2019-Aug,2019-08-21,Edna,60,LL,1,R,39.6,3.2,na,10:31,5,na,,
2019-Aug,2019-08-21,Edna,60,LL,1,R,40.7,3.1,na,10:32,5,na,,
2019-Aug,2019-08-21,Edna,60,LL,1,R,44.1,2.9,na,10:34,3,na,,
2019-Aug,2019-08-21,Edna,60,LL,1,R,44.3,2.9,na,10:34,3,na,,
2019-Aug,2019-08-21,Edna,60,LL,1,R,46,3,na,10:35,10,na,,
2019-Aug,2019-08-21,Edna,60,LL,1,R,47,3,na,10:35,7,na,,
2019-Aug,2019-08-21,Edna,60,LL,1,R,49,3,na,10:35,6,na,,
2019-Aug,2019-08-21,Edna,60,LL,1,R,52,3.2,na,10:37,5,na,,
2019-Aug,2019-08-21,Edna,60,LL,1,R,52.7,3.2,na,10:37,7,na,,
2019-Aug,2019-08-21,Edna,60,LL,1,R,54.6,3.2,na,10:39,7,na,,
2019-Aug,2019-08-21,Edna,60,LL,1,R,58.8,2.9,na,10:39,3,na,,
2019-Aug,2019-08-21,Edna,60,KH,1,L,0,7.9,na,10:20,3,na,,
2019-Aug,2019-08-21,Edna,60,KH,1,L,0.1,7.9,na,10:20,2,na,,
2019-Aug,2019-08-21,Edna,60,KH,1,L,0.5,7.5,na,10:21,6,na,,
2019-Aug,2019-08-21,Edna,60,KH,1,L,0.8,7.5,na,10:21,5,na,,
2019-Aug,2019-08-21,Edna,60,KH,1,L,1.3,7.5,na,10:22,1,na,,
2019-Aug,2019-08-21,Edna,60,KH,1,L,1.3,7.5,na,10:22,7,na,,
2019-Aug,2019-08-21,Edna,60,KH,1,L,1.9,7.6,na,10:23,4,na,,
2019-Aug,2019-08-21,Edna,60,KH,1,L,3.6,7.5,na,10:23,1,na,,
2019-Aug,2019-08-21,Edna,60,KH,1,L,4.2,7.5,na,10:24,1,na,,
2019-Aug,2019-08-21,Edna,60,KH,1,L,4.3,7.5,na,10:24,5,na,,
2019-Aug,2019-08-21,Edna,60,KH,1,L,5.3,7.6,na,10:25,3,na,,
2019-Aug,2019-08-21,Edna,60,KH,1,L,5.6,7.6,na,10:25,1,na,,
2019-Aug,2019-08-21,Edna,60,KH,1,L,7,7.6,na,10:26,2,na,,
2019-Aug,2019-08-21,Edna,60,KH,1,L,10,7.3,na,10:26,10,na,,
2019-Aug,2019-08-21,Edna,60,KH,1,L,10.7,7.3,na,10:26,6,na,,
2019-Aug,2019-08-21,Edna,60,KH,1,L,10.8,7.3,na,10:26,3,na,,
2019-Aug,2019-08-21,Edna,60,KH,1,L,12.4,7.2,na,10:27,1,na,,
2019-Aug,2019-08-21,Edna,60,KH,1,L,13.4,7.2,na,10:27,2,na,,
2019-Aug,2019-08-21,Edna,60,KH,1,L,13.6,7.2,na,10:27,1,na,,
2019-Aug,2019-08-21,Edna,60,KH,1,L,13.8,7.2,na,10:27,2,na,,
2019-Aug,2019-08-21,Edna,60,KH,1,L,16.3,6.4,na,10:28,2,na,,
2019-Aug,2019-08-21,Edna,60,KH,1,L,16.3,6.4,na,10:28,3,na,,
2019-Aug,2019-08-21,Edna,60,KH,1,L,16.7,6.4,na,10:29,9,na,,
2019-Aug,2019-08-21,Edna,60,KH,1,L,24,5.1,na,10:30,9,na,,
2019-Aug,2019-08-21,Edna,60,KH,1,L,24,5.1,na,10:30,8,na,,
2019-Aug,2019-08-21,Edna,60,KH,1,L,24.8,5.1,na,10:31,4,na,,
2019-Aug,2019-08-21,Edna,60,KH,1,L,26,4.9,na,10:33,8,na,,
2019-Aug,2019-08-21,Edna,60,KH,1,L,26,4.9,na,10:33,3,na,,
2019-Aug,2019-08-21,Edna,60,KH,1,L,27.5,4.8,na,10:34,2,na,,
2019-Aug,2019-08-21,Edna,60,KH,1,L,28.7,4.8,na,10:34,2,na,,
2019-Aug,2019-08-21,Edna,60,KH,1,L,43.6,2.8,na,10:36,3,na,,
2019-Aug,2019-08-21,Edna,60,KH,1,L,45,2.8,na,10:36,2,na,,
2019-Aug,2019-08-21,Edna,60,KH,1,L,45.7,2.8,na,10:36,1,na,,
2019-Aug,2019-08-21,Edna,60,KH,1,L,48.2,3.3,na,10:39,2,na,,
2019-Aug,2019-08-21,Edna,60,KH,1,L,49,3.3,na,10:39,6,na,,
2019-Aug,2019-08-21,Edna,60,KH,1,L,49,3.3,na,10:39,11,na,,
2019-Aug,2019-08-21,Edna,60,KH,1,L,51,3.3,na,10:39,6,na,,
2019-Aug,2019-08-21,Edna,60,KH,1,L,51.2,3.3,na,10:40,5,na,,
2019-Aug,2019-08-21,Edna,60,KH,1,L,51.2,3.3,na,10:40,3,na,,
2019-Aug,2019-08-21,Edna,60,KH,1,L,51.3,3.3,na,10:40,3,na,,
2019-Aug,2019-08-21,Edna,60,KH,1,L,52.5,3.2,na,10:42,5,na,,
2019-Aug,2019-08-21,Edna,60,KH,1,L,52.7,3.2,na,10:42,1,na,,
2019-Aug,2019-08-21,Edna,60,KH,1,L,58.5,3.2,na,10:43,10,na,,
2019-Aug,2019-08-21,Edna,60,KH,1,L,58.7,3.2,na,10:44,3,na,,
2019-Aug,2019-08-21,Edna,60,KH,1,L,59.1,3.2,na,10:45,4,na,,
2019-Aug,2019-08-21,Edna,60,KH,1,L,59.2,3.2,na,10:45,8,na,,
2019-Aug,2019-08-21,Edna,60,KH,1,L,59.1,3.2,na,10:46,20,na,,
2019-Aug,2019-08-21,Triquet_beach,30,LL,2,R,3.9,6.7,na,12:20,12,na,,
2019-Aug,2019-08-21,Triquet_beach,30,LL,2,R,16.1,6.4,na,12:24,17,na,,
2019-Aug,2019-08-21,Triquet_beach,30,LL,2,R,18.3,6.3,na,12:25,5,na,,
2019-Aug,2019-08-21,Triquet_beach,30,LL,2,R,29.5,6,na,12:28,6,na,,
2019-Aug,2019-08-21,Triquet_beach,30,LL,1,R,2.7,6.5,na,12:46,7,na,,
2019-Aug,2019-08-21,Triquet_beach,30,LL,1,R,5.1,6.2,na,12:47,1,na,,
2019-Aug,2019-08-21,Triquet_beach,30,LL,1,R,5.9,6.2,na,12:47,4,na,,
2019-Aug,2019-08-21,Triquet_beach,30,LL,1,R,24.1,5.9,na,12:50,7,na,,
2019-Aug,2019-08-21,Triquet_beach,30,LL,1,R,28,5.9,na,12:51,12,na,,
2019-Aug,2019-08-21,Triquet_beach,30,LL,3,R,4.2,7.6,na,12:56,3,na,,
2019-Aug,2019-08-21,Triquet_beach,30,LL,3,R,6.3,7.5,na,12:56,10,na,,
2019-Aug,2019-08-21,Triquet_beach,30,LL,3,R,26,6.7,na,13:01,10,na,,
2019-Aug,2019-08-21,Triquet_beach,30,LL,3,R,26,6.7,na,13:01,3,na,,
2019-Aug,2019-08-21,Triquet_beach,30,KH,2,L,4.1,7.1,na,12:29,3,na,,
2019-Aug,2019-08-21,Triquet_beach,30,KH,2,L,14.1,6.6,na,12:31,6,na,,
2019-Aug,2019-08-21,Triquet_beach,30,KH,2,L,18.7,6.6,na,12:32,1,na,,
2019-Aug,2019-08-21,Triquet_beach,30,KH,2,L,22,6.6,na,12:32,2,na,,
2019-Aug,2019-08-21,Triquet_beach,30,KH,2,L,24.1,6.3,na,12:33,2,na,,
2019-Aug,2019-08-21,Triquet_beach,30,KH,2,L,29,6.2,na,12:34,12,na,,
2019-Aug,2019-08-21,Triquet_beach,30,KH,2,L,29,6.2,na,12:34,1,na,,
2019-Aug,2019-08-21,Triquet_beach,30,KH,1,L,2.7,6.7,na,12:54,4,na,,
2019-Aug,2019-08-21,Triquet_beach,30,KH,1,L,5.8,6.4,na,12:55,2,na,,
2019-Aug,2019-08-21,Triquet_beach,30,KH,1,L,8.1,6.5,na,12:57,6,na,,
2019-Aug,2019-08-21,Triquet_beach,30,KH,1,L,8.3,6.5,na,12:57,6,na,,
2019-Aug,2019-08-21,Triquet_beach,30,KH,1,L,9.8,6.5,na,12:57,2,na,,
2019-Aug,2019-08-21,Triquet_beach,30,KH,1,L,11.4,6.4,na,12:58,2,na,,
2019-Aug,2019-08-21,Triquet_beach,30,KH,1,L,11.4,6.4,na,12:58,8,na,,
2019-Aug,2019-08-21,Triquet_beach,30,KH,1,L,11.4,6.4,na,12:58,14,na,,
2019-Aug,2019-08-21,Triquet_beach,30,KH,1,L,16.4,6.4,na,13:00,1,na,,
2019-Aug,2019-08-21,Triquet_beach,30,KH,1,L,16.6,6.4,na,13:00,2,na,,
2019-Aug,2019-08-21,Triquet_beach,30,KH,1,L,17.8,6.4,na,13:00,3,na,,
2019-Aug,2019-08-21,Triquet_beach,30,KH,1,L,21.3,6.3,na,13:00,3,na,,
2019-Aug,2019-08-21,Triquet_beach,30,KH,1,L,24.3,6.3,na,13:01,3,na,,
2019-Aug,2019-08-21,Triquet_beach,30,KH,1,L,24.9,6.3,na,13:01,6,na,,
2019-Aug,2019-08-21,Triquet_beach,30,KH,1,L,24.9,6.3,na,13:01,5,na,,
2019-Aug,2019-08-21,Triquet_beach,30,KH,3,L,9.3,7.3,na,13:05,4,na,,
2019-Aug,2019-08-21,Triquet_beach,30,KH,3,L,9.4,7.3,na,13:05,6,na,,
2019-Aug,2019-08-21,Triquet_beach,30,KH,3,L,9.7,7.4,na,13:07,9,na,,
2019-Aug,2019-08-21,Triquet_beach,30,KH,3,L,9.9,7.6,na,13:08,5,na,,
2019-Aug,2019-08-21,Triquet_beach,30,KH,3,L,10.1,7.6,na,13:08,4,na,,
2019-Aug,2019-08-21,Triquet_beach,30,KH,3,L,10.3,7.6,na,13:09,7,na,,
2019-Aug,2019-08-21,Triquet_beach,30,KH,3,L,10.4,7.6,na,13:09,2,na,,
2019-Aug,2019-08-22,McMullins_center,30,LL,2,R,3,5.5,na,10:14,2,na,,
2019-Aug,2019-08-22,McMullins_center,30,LL,2,R,8.7,3.9,na,10:16,2,na,,
2019-Aug,2019-08-22,McMullins_center,30,LL,2,R,8.7,3.9,na,10:16,5,na,,
2019-Aug,2019-08-22,McMullins_center,30,LL,2,R,11,4.2,na,10:17,2,na,,
2019-Aug,2019-08-22,McMullins_center,30,LL,2,R,14.6,4.3,na,10:18,1,na,,
2019-Aug,2019-08-22,McMullins_center,30,LL,2,R,17.5,4.2,na,10:19,1,na,,
2019-Aug,2019-08-22,McMullins_center,30,LL,2,R,18.5,4.3,na,10:20,5,na,,
2019-Aug,2019-08-22,McMullins_center,30,LL,2,R,18.5,4.3,na,10:20,2,na,,
2019-Aug,2019-08-22,McMullins_center,30,LL,2,R,20,4.2,na,10:21,1,na,,
2019-Aug,2019-08-22,McMullins_center,30,LL,2,R,22.8,4,na,10:22,6,na,,
2019-Aug,2019-08-22,McMullins_center,30,LL,2,R,30,4.4,na,10:23,4,na,,
2019-Aug,2019-08-22,McMullins_center,30,LL,2,R,30,4.4,na,10:23,9,na,,
2019-Aug,2019-08-22,McMullins_center,30,LL,2,R,30,4.4,na,10:23,5,na,,
2019-Aug,2019-08-22,McMullins_center,30,LL,3,R,4.3,3.9,na,10:35,5,na,,
2019-Aug,2019-08-22,McMullins_center,30,LL,3,R,4.3,3.9,na,10:35,3,na,,
2019-Aug,2019-08-22,McMullins_center,30,LL,3,R,4.3,3.9,na,10:35,10,na,,
2019-Aug,2019-08-22,McMullins_center,30,LL,3,R,14.7,3.2,na,10:39,5,na,,
2019-Aug,2019-08-22,McMullins_center,30,LL,3,R,18.2,3.8,na,10:40,7,na,,
2019-Aug,2019-08-22,McMullins_center,30,LL,3,R,27.5,4.4,na,10:42,6,na,,
2019-Aug,2019-08-22,McMullins_center,30,LL,1,R,2,5.6,na,10:50,4,na,,
2019-Aug,2019-08-22,McMullins_center,30,LL,1,R,3.2,5.4,na,10:51,4,na,,
2019-Aug,2019-08-22,McMullins_center,30,LL,1,R,3.2,5.4,na,10:51,3,na,,
2019-Aug,2019-08-22,McMullins_center,30,LL,1,R,3.2,5.4,na,10:51,4,na,,
2019-Aug,2019-08-22,McMullins_center,30,LL,1,R,3.7,5.4,na,10:51,1,na,,
2019-Aug,2019-08-22,McMullins_center,30,LL,1,R,5.2,5.2,na,10:51,1,na,,
2019-Aug,2019-08-22,McMullins_center,30,LL,1,R,8.2,3.8,na,10:53,12,na,,
2019-Aug,2019-08-22,McMullins_center,30,LL,1,R,8.2,3.8,na,10:53,3,na,,
2019-Aug,2019-08-22,McMullins_center,30,LL,1,R,9.8,3.6,na,10:54,11,na,,
2019-Aug,2019-08-22,McMullins_center,30,LL,1,R,12.6,4.3,na,10:56,13,na,,
2019-Aug,2019-08-22,McMullins_center,30,LL,1,R,12.6,4.3,na,10:56,5,na,,
2019-Aug,2019-08-22,McMullins_center,30,KH,1,L,0.4,6.1,na,10:46,11,na,,
2019-Aug,2019-08-22,McMullins_center,30,KH,1,L,0.8,6.1,na,10:46,5,na,,
2019-Aug,2019-08-22,McMullins_center,30,KH,1,L,3.1,5.6,na,10:46,1,na,,
2019-Aug,2019-08-22,McMullins_center,30,KH,1,L,3,5.6,na,10:46,5,na,,
2019-Aug,2019-08-22,McMullins_center,30,KH,1,L,3.8,5.8,na,10:48,1,na,,
2019-Aug,2019-08-22,McMullins_center,30,KH,1,L,4,5.8,na,10:48,3,na,,
2019-Aug,2019-08-22,McMullins_center,30,KH,1,L,3.9,5.8,na,10:48,2,na,,
2019-Aug,2019-08-22,McMullins_center,30,KH,1,L,5,5.8,na,10:49,3,na,,
2019-Aug,2019-08-22,McMullins_center,30,KH,1,L,7.8,4.2,na,10:49,2,na,,
2019-Aug,2019-08-22,McMullins_center,30,KH,1,L,9.6,3.9,na,10:50,1,na,,
2019-Aug,2019-08-22,McMullins_center,30,KH,1,L,9.6,3.9,na,10:50,3,na,,
2019-Aug,2019-08-22,McMullins_center,30,KH,1,L,13,4.1,na,10:51,7,na,,
2019-Aug,2019-08-22,McMullins_center,30,KH,1,L,24.4,6.4,na,10:52,4,na,,
2019-Aug,2019-08-22,McMullins_center,30,KH,1,L,24.5,6.4,na,10:52,2,na,,
2019-Aug,2019-08-22,McMullins_center,30,KH,1,L,28.3,6.4,na,10:53,4,na,,
2019-Aug,2019-08-22,McMullins_center,30,KH,3,L,3.4,3.9,na,10:56,6,na,,
2019-Aug,2019-08-22,McMullins_center,30,KH,3,L,3.5,3.9,na,10:57,6,na,,
2019-Aug,2019-08-22,McMullins_center,30,KH,3,L,3.5,3.9,na,10:57,4,na,,
2019-Aug,2019-08-22,McMullins_center,30,KH,3,L,4.5,3.6,na,10:58,6,na,,
2019-Aug,2019-08-22,McMullins_center,30,KH,3,L,4.7,3.6,na,10:58,10,na,,
2019-Aug,2019-08-22,McMullins_center,30,KH,3,L,6.9,3.7,na,10:58,1,na,,
2019-Aug,2019-08-22,McMullins_center,30,KH,3,L,6.9,3.7,na,10:58,9,na,,
2019-Aug,2019-08-22,McMullins_center,30,KH,3,L,7,3.7,na,10:58,12,na,,
2019-Aug,2019-08-22,McMullins_center,30,KH,3,L,7.4,3.7,na,10:58,8,na,,
2019-Aug,2019-08-22,McMullins_center,30,KH,3,L,7.6,3.6,na,11:01,3,na,,
2019-Aug,2019-08-22,McMullins_center,30,KH,3,L,13.3,4,na,11:02,7,na,,
2019-Aug,2019-08-22,McMullins_center,30,KH,3,L,13.3,4,na,11:02,6,na,,
2019-Aug,2019-08-22,McMullins_center,30,KH,3,L,13.5,4.1,na,11:03,11,na,,
2019-Aug,2019-08-22,McMullins_center,30,KH,3,L,18.2,4,na,11:04,12,na,,
2019-Aug,2019-08-22,McMullins_center,30,KH,3,L,18.3,4,na,11:04,12,na,,
2019-Aug,2019-08-22,McMullins_center,30,KH,3,L,18.5,4,na,11:05,8,na,,
2019-Aug,2019-08-22,McMullins_center,30,KH,3,L,18.8,4,na,11:05,5,na,,
2019-Aug,2019-08-22,McMullins_center,30,KH,3,L,19,4,na,11:05,3,na,,
2019-Aug,2019-08-22,McMullins_center,30,KH,3,L,29.3,4.6,na,11:08,8,na,,
2019-Aug,2019-08-22,McMullins_center,30,KH,3,L,29.6,4.6,na,11:09,4,na,,
2019-Aug,2019-08-22,McMullins_center,30,KH,2,L,0.8,6.4,na,10:21,2,na,,
2019-Aug,2019-08-22,McMullins_center,30,KH,2,L,1.9,6,na,10:22,1,na,,
2019-Aug,2019-08-22,McMullins_center,30,KH,2,L,3.7,4.7,na,10:23,1,na,,
2019-Aug,2019-08-22,McMullins_center,30,KH,2,L,8.6,3.5,na,10:24,6,na,,
2019-Aug,2019-08-22,McMullins_center,30,KH,2,L,11,4.1,na,10:25,3,na,,
2019-Aug,2019-08-22,McMullins_center,30,KH,2,L,11,4.1,na,10:25,2,na,,
2019-Aug,2019-08-22,McMullins_center,30,KH,2,L,11.5,4.3,na,10:26,3,na,,
2019-Aug,2019-08-22,McMullins_center,30,KH,2,L,11.5,4.3,na,10:26,1,na,,
2019-Aug,2019-08-22,McMullins_center,30,KH,2,L,11.5,4.3,na,10:26,5,na,,
2019-Aug,2019-08-22,McMullins_center,30,KH,2,L,11.5,4.3,na,10:26,3,na,,
2019-Aug,2019-08-22,McMullins_center,30,KH,2,L,12.9,4.9,na,10:28,22,na,,
2019-Aug,2019-08-22,McMullins_center,30,KH,2,L,13.1,4.9,na,10:28,1,na,,
2019-Aug,2019-08-22,McMullins_center,30,KH,2,L,14,4.8,na,10:28,5,na,,
2019-Aug,2019-08-22,McMullins_center,30,KH,2,L,14.2,4.8,na,10:29,1,na,,
2019-Aug,2019-08-22,McMullins_center,30,KH,2,L,15.3,4.8,na,10:29,10,na,,
2019-Aug,2019-08-22,McMullins_center,30,KH,2,L,15.5,4.8,na,10:30,1,na,,
2019-Aug,2019-08-22,McMullins_center,30,KH,2,L,18,4.5,na,10:30,6,na,,
2019-Aug,2019-08-22,McMullins_center,30,KH,2,L,21.6,4.4,na,10:30,1,na,,
2019-Aug,2019-08-22,McMullins_center,30,KH,2,L,21.6,4.4,na,10:31,3,na,,
2019-Aug,2019-08-22,McMullins_center,30,KH,2,L,21.8,4.4,na,10:31,3,na,,
2019-Aug,2019-08-22,McMullins_center,30,KH,2,L,21.8,4.4,na,10:32,6,na,,
2019-Aug,2019-08-22,McMullins_center,30,KH,2,L,22,4.4,na,10:32,3,na,,
2019-Aug,2019-08-22,McMullins_center,30,KH,2,L,22.4,4.4,na,10:33,3,na,,
2019-Aug,2019-08-22,McMullins_center,30,KH,2,L,22.2,4.4,na,10:34,4,na,,
2019-Aug,2019-08-22,McMullins_center,30,KH,2,L,22.9,4.4,na,10:34,6,na,,
2019-Aug,2019-08-22,McMullins_center,30,KH,2,L,23.5,4.4,na,10:34,3,na,,
2019-Aug,2019-08-22,McMullins_center,30,KH,2,L,23.6,4.4,na,10:35,8,na,,
2019-Aug,2019-08-22,McMullins_center,30,KH,2,L,25.5,4.1,na,10:35,1,na,,
2020-Jul,2020-07-05,Womanley,20,DVM,3,R,1.5,na,5,9:40,11,na,,
2020-Jul,2020-07-05,Womanley,20,DVM,2,L,9.4,na,5,9:40,11,na,,
2020-Jul,2020-07-05,Womanley,20,DVM,2,L,8.4,na,5,9:40,4,na,,
2020-Jul,2020-07-05,Womanley,20,DVM,1,L,2.6,na,5,9:40,6,T,,
2020-Jul,2020-07-10,Triquet,20,DVM,3,R,1,na,4,10:15,2,na,,
2020-Jul,2020-07-10,Triquet,20,DVM,1,L,0,na,4,10:15,5,na,,
2020-Jul,2020-07-10,Triquet,20,DVM,1,L,0.5,na,4,10:15,7,na,,
2020-Jul,2020-07-10,Triquet,20,DVM,1,R,0.5,na,4,10:15,1,na,,
2020-Jul,2020-07-10,Triquet,20,DVM,1,L,16,na,4,10:15,3,na,,
2020-Jul,2020-07-10,Triquet,20,DVM,1,R,17,na,4,10:15,6,na,,
2020-Jul,2020-07-10,Triquet,20,DVM,1,R,16.2,na,4,10:15,11,na,,
2020-Jul,2020-07-10,Triquet,20,DVM,1,L,16.1,na,4,10:15,1,na,,
2020-Jul,2020-07-10,Triquet,20,DVM,1,L,19,na,4,10:15,3,na,,
2020-Jul,2020-07-10,Triquet,20,DVM,1,R,19,na,4,10:15,7,na,,
2020-Jul,2020-07-10,Triquet,20,DVM,1,R,19,na,4,10:15,7,na,,
2020-Jul,2020-07-10,Triquet,20,DVM,3,R,13,na,4,10:15,5,na,,
2020-Jul,2020-07-10,Triquet,20,DVM,3,R,13.1,na,4,10:15,11,na,,
2020-Jul,2020-07-10,Triquet,20,DVM,3,R,13.3,na,4,10:15,11,na,,
2020-Jul,2020-07-10,Triquet,20,DVM,2,R,17,na,4,10:15,5,na,,
2020-Jul,2020-07-10,Triquet,20,DVM,2,L,12,na,4,10:15,4,na,,
2020-Jul,2020-07-10,Meay,20,KH,2,L,17.5,na,2,14:15,4,na,,
2020-Jul,2020-07-10,Meay,20,KH,3,L,4.5,na,2,14:15,11,na,,
2020-Jul,2020-07-10,Meay,20,KH,3,L,4.7,na,2,14:15,2,na,,
2020-Jul,2020-07-10,Meay,20,KH,3,R,16.3,na,2,14:15,11,na,,
2020-Jul,2020-07-10,Meay,20,KH,3,R,17,na,2,14:15,7,na,,
2020-Jul,2020-07-10,Meay,20,KH,3,L,17.2,na,2,14:15,3,na,,
2020-Jul,2020-07-10,Meay,20,KH,3,L,17.4,na,2,14:15,2,na,,
2020-Jul,2020-07-10,Meay,20,KH,3,L,17.4,na,2,14:15,3,na,,
2020-Jul,2020-07-10,Meay,20,KH,3,L,17.4,na,2,14:15,6,na,,
2020-Jul,2020-07-10,Meay,20,KH,3,R,17.6,na,2,14:15,2,na,,
2020-Jul,2020-07-10,Meay,20,KH,3,L,20,na,2,14:15,5,na,,
2020-Jul,2020-07-10,Meay,20,KH,3,L,20,na,2,14:15,5,na,,
2020-Jul,2020-07-10,Meay,20,KH,1,L,9.5,na,2,14:15,2,na,,
2020-Jul,2020-07-13,Manley,20,OP/KH/LL,1,L,8.6,na,4,14:50,12,T,,
2020-Jul,2020-07-13,Manley,20,OP/KH/LL,1,L,7.9,na,4,14:50,3,T,,
2020-Jul,2020-07-13,Manley,20,OP/KH/LL,1,L,3.4,na,4,14:50,5,T,,
2020-Jul,2020-07-13,Manley,20,OP/KH/LL,2,R,2,na,4,14:50,10,na,estimated lengths most very tangled ,
2020-Jul,2020-07-13,Manley,20,OP/KH/LL,2,R,6,na,4,14:50,71,T,,
2020-Jul,2020-07-13,Manley,20,OP/KH/LL,2,L,6,na,4,14:50,12,na,estimated lengths most very tangled ,
2020-Jul,2020-07-13,Manley,20,OP/KH/LL,2,L,4,na,4,14:50,7,na,estimated lengths most very tangled ,
2020-Jul,2020-07-13,Manley,20,OP/KH/LL,2,L,7,na,4,14:50,3,na,estimated lengths most very tangled ,
2020-Jul,2020-07-13,Manley,20,OP/KH/LL,2,R,8,na,4,14:50,4,T,,
2020-Jul,2020-07-13,Manley,20,OP/KH/LL,2,R,9,na,4,14:50,3,na,estimated lengths most very tangled ,
2020-Jul,2020-07-13,Manley,20,OP/KH/LL,2,R,9,na,4,14:50,4,na,estimated lengths most very tangled ,
2020-Jul,2020-07-13,Manley,20,OP/KH/LL,2,R,9,na,4,14:50,4,na,estimated lengths most very tangled ,
2020-Jul,2020-07-13,Manley,20,OP/KH/LL,2,R,9,na,4,14:50,1,na,,
2020-Jul,2020-07-13,Manley,20,OP/KH/LL,2,L,10,na,4,14:50,2,na,,
2020-Jul,2020-07-13,Manley,20,OP/KH/LL,2,L,12,na,4,14:50,65,T,,
2020-Jul,2020-07-13,Manley,20,OP/KH/LL,3,L,5,na,4,14:50,2,na,,
2020-Jul,2020-07-13,Manley,20,OP/KH/LL,3,L,0,na,4,14:50,4,na,,
2020-Jul,2020-07-13,Manley,20,OP/KH/LL,3,L,0.2,na,4,14:50,13,T,,
2020-Jul,2020-07-13,Manley,20,OP/KH/LL,3,R,2,na,4,14:50,1,na,,
2020-Jul,2020-07-13,Manley,20,OP/KH/LL,3,L,5,na,4,14:50,1,na,,
2020-Jul,2020-07-16,Golden,20,OP,1,R,10.7,na,4,10:30,2,na,,
2020-Jul,2020-07-16,Golden,20,OP,1,R,14,na,4,10:30,11,P,,
2020-Jul,2020-07-16,Golden,20,OP,1,L,18.8,na,4,10:30,9,P,,
2020-Jul,2020-07-16,Golden,20,KH,2,R,12.8,na,4,10:17,5,na,,
2020-Jul,2020-07-16,Golden,20,KH,2,R,12.7,na,4,10:17,36,na,,
2020-Jul,2020-07-16,Golden,20,KH,2,R,20,na,4,10:17,7,C,,
2020-Jul,2020-07-16,Golden,20,KH,3,R,3.5,na,4,10:17,19,T,,
2020-Jul,2020-07-16,Golden,20,KH,3,L,9.8,na,4,10:17,10,na,,
2020-Jul,2020-07-16,Simmonds,20,OP,2,R,6.2,na,5,13:00,7,na,"Tangled, Fronds_SFC estimated ",
2020-Jul,2020-07-16,Simmonds,20,OP,2,R,6.2,na,5,13:00,5,na,"Tangled, Fronds_SFC estimated ",
2020-Jul,2020-07-16,Simmonds,20,OP,2,R,6.2,na,5,13:00,4,na,"Tangled, Fronds_SFC estimated ",
2020-Jul,2020-07-16,Simmonds,20,OP,2,R,6.2,na,5,13:00,1,T,,
2020-Jul,2020-07-16,Simmonds,20,OP,2,R,8.2,na,5,13:00,5,T,,
2020-Jul,2020-07-16,Simmonds,20,OP,2,L,8.2,na,5,13:00,28,T,,
2020-Jul,2020-07-16,Simmonds,20,OP,2,L,9.6,na,5,13:00,11,P,,
2020-Jul,2020-07-16,Simmonds,20,OP,2,R,14,na,5,13:00,3,na,,
2020-Jul,2020-07-16,Simmonds,20,OP,2,R,14.2,na,5,13:00,3,na,"Tangled, SFC_Length estimated ",
2020-Jul,2020-07-16,Simmonds,20,OP,2,R,14.2,na,5,13:00,3,na,"Tangled, SFC_Length estimated ",
2020-Jul,2020-07-16,Simmonds,20,OP,2,R,15.3,na,5,13:00,3,na,"Tangled, SFC_Length estimated ",
2020-Jul,2020-07-16,Simmonds,20,OP,2,R,16.3,na,5,13:00,11,na,"Tangled, SFC_Length estimated ",
2020-Jul,2020-07-16,Simmonds,20,OP,2,R,16.3,na,5,13:00,5,na,"Tangled, SFC_Length estimated ",
2020-Jul,2020-07-16,Simmonds,20,OP,2,L,16.3,na,5,13:00,6,na,"Tangled, SFC_Length estimated ",
2020-Jul,2020-07-16,Simmonds,20,OP,2,L,16.3,na,5,13:00,2,na,"Tangled, SFC_Length estimated ",
2020-Jul,2020-07-16,Simmonds,20,OP,2,R,18.6,na,5,13:00,22,na,,
2020-Jul,2020-07-16,Simmonds,20,OP,3,R,17,na,5,13:00,3,na,"Tangled, SFC_Length estimated ",
2020-Jul,2020-07-16,Simmonds,20,OP,3,R,17,na,5,13:00,6,na,"Tangled, SFC_Length estimated ",
2020-Jul,2020-07-16,Simmonds,20,OP,3,L,17,na,5,13:00,5,na,"Tangled, SFC_Length estimated ",
2020-Jul,2020-07-16,Simmonds,20,OP,3,L,17,na,5,13:00,6,T,,
2020-Jul,2020-07-16,Simmonds,20,OP,3,R,12.8,na,5,13:00,18,T,,
2020-Jul,2020-07-16,Simmonds,20,KH,3,R,0.9,na,5,13:00,4,na,,
2020-Jul,2020-07-16,Simmonds,20,KH,3,L,4.3,na,5,13:00,17,na,,
2020-Jul,2020-07-16,Simmonds,20,KH,3,R,4.7,na,5,13:00,29,T,,
2020-Jul,2020-07-16,Simmonds,20,KH,3,R,4.9,na,5,13:00,1,na,,
2020-Jul,2020-07-16,Simmonds,20,KH,3,L,5.5,na,5,13:00,1,T,,
2020-Jul,2020-07-16,Simmonds,20,KH,3,R,5.9,na,5,13:00,7,T,,
2020-Jul,2020-07-16,Simmonds,20,KH,3,L,5.9,na,5,13:00,3,T,,
2020-Jul,2020-07-16,Simmonds,20,KH,3,L,6.8,na,5,13:00,2,T,,
2020-Jul,2020-07-16,Simmonds,20,KH,3,R,8.1,na,5,13:00,8,T,,
2020-Jul,2020-07-16,Simmonds,20,KH,3,R,10.1,na,5,13:00,14,T,,
2020-Jul,2020-07-16,Simmonds,20,KH,3,R,11,na,5,13:00,12,T,,
2020-Jul,2020-07-16,Simmonds,20,KH,3,R,11.3,na,5,13:00,2,na,,
2020-Jul,2020-07-16,Simmonds,20,KH,3,R,11.6,na,5,13:00,2,C,,
2020-Jul,2020-07-16,Simmonds,20,KH,3,R,11.6,na,5,13:00,22,T,,
2020-Jul,2020-07-16,Simmonds,20,KH,3,R,12.2,na,5,13:00,6,T,,
2020-Jul,2020-07-16,Simmonds,20,KH,3,L,12.3,na,5,13:00,2,na,,
2020-Jul,2020-07-16,Simmonds,20,KH,3,L,12.4,na,5,13:00,25,T,,
2020-Jul,2020-07-16,Simmonds,20,KH,1,L,8.8,na,5,13:00,6,T,,
2020-Jul,2020-07-16,Simmonds,20,KH,1,R,9.2,na,5,13:00,9,T,had floaty plants,
2020-Jul,2020-07-16,Simmonds,20,KH,1,L,13.8,na,5,13:00,2,na,,
2020-Jul,2020-07-16,Simmonds,20,KH,1,L,18.5,na,5,13:00,12,T,had floaty plants,
2020-Jul,2020-07-16,Simmonds,20,KH,1,R,19.8,na,5,13:00,6,P,,
2020-Jul,2020-07-17,Stryker,20,OP,2,R,0,na,4,12:30,15,T,,
2020-Jul,2020-07-17,Stryker,20,OP,2,R,0,na,4,12:30,19,na,,
2020-Jul,2020-07-17,Stryker,20,OP,2,R,0.5,na,4,12:30,2,na,,
2020-Jul,2020-07-17,Stryker,20,OP,2,R,1,na,4,12:30,11,na,,
2020-Jul,2020-07-17,Stryker,20,OP,2,R,3.2,na,4,12:30,15,na,,
2020-Jul,2020-07-17,Stryker,20,OP,2,L,4.1,na,4,12:30,14,na,,
2020-Jul,2020-07-17,Stryker,20,OP,2,L,4.5,na,4,12:30,14,P,,
2020-Jul,2020-07-17,Stryker,20,OP,2,L,4.7,na,4,12:30,1,na,,
2020-Jul,2020-07-17,Stryker,20,OP,2,L,5.5,na,4,12:30,3,na,,
2020-Jul,2020-07-17,Stryker,20,OP,2,R,5.6,na,4,12:30,4,na,,
2020-Jul,2020-07-17,Stryker,20,OP,2,L,5.6,na,4,12:30,4,na,,
2020-Jul,2020-07-17,Stryker,20,OP,2,R,11,na,4,12:30,8,P,,
2020-Jul,2020-07-17,Stryker,20,OP,2,L,11,na,4,12:30,1,C,,
2020-Jul,2020-07-17,Stryker,20,OP,2,R,11.5,na,4,12:30,1,na,,
2020-Jul,2020-07-17,Stryker,20,OP,2,L,13.7,na,4,12:30,26,P,,
2020-Jul,2020-07-17,Stryker,20,OP,2,L,19,na,4,12:30,1,na,,
2020-Jul,2020-07-17,Stryker,20,OP,2,R,20,na,4,12:30,1,na,,
2020-Jul,2020-07-17,Stryker,20,KH,3,R,0,na,4,12:14,3,na,,
2020-Jul,2020-07-17,Stryker,20,KH,3,R,1,na,4,12:14,31,na,,
2020-Jul,2020-07-17,Stryker,20,KH,3,L,2.8,na,4,12:14,6,na,,
2020-Jul,2020-07-17,Stryker,20,KH,3,L,2.7,na,4,12:14,12,na,,
2020-Jul,2020-07-17,Stryker,20,KH,3,L,3.2,na,4,12:14,16,na,,
2020-Jul,2020-07-17,Stryker,20,KH,3,L,3.5,na,4,12:14,8,na,,
2020-Jul,2020-07-17,Stryker,20,KH,3,R,4.4,na,4,12:14,27,na,,
2020-Jul,2020-07-17,Stryker,20,KH,3,R,4.5,na,4,12:14,1,P,,
2020-Jul,2020-07-17,Stryker,20,KH,3,L,7,na,4,12:14,32,na,,
2020-Jul,2020-07-17,Stryker,20,KH,3,L,7.8,na,4,12:14,13,na,,
2020-Jul,2020-07-17,Stryker,20,KH,3,L,8.4,na,4,12:14,5,na,,
2020-Jul,2020-07-17,Stryker,20,KH,3,L,8.4,na,4,12:14,12,na,,
2020-Jul,2020-07-17,Stryker,20,KH,3,L,11.5,na,4,12:14,10,P,,
2020-Jul,2020-07-17,Stryker,20,KH,3,R,12.2,na,4,12:14,16,na,,
2020-Jul,2020-07-17,Stryker,20,KH,3,R,13.7,na,4,12:14,28,na,,
2020-Jul,2020-07-17,Stryker,20,KH,3,L,15.5,na,4,12:14,8,na,,
2020-Jul,2020-07-17,Stryker,20,KH,3,L,16.8,na,4,12:14,1,na,,
2020-Jul,2020-07-17,Stryker,20,KH,3,L,16.9,na,4,12:14,10,na,,
2020-Jul,2020-07-17,Stryker,20,KH,3,L,17.5,na,4,12:14,2,na,,
2020-Jul,2020-07-17,Stryker,20,KH,3,R,18,na,4,12:14,5,na,,
2020-Jul,2020-07-17,Stryker,20,KH,3,R,19,na,4,12:14,22,na,,
2020-Jul,2020-07-17,Stryker,20,KH,3,R,20,na,4,12:14,17,na,,
2020-Jul,2020-07-17,Stryker,20,DVM,1,L,4.5,na,4,12:12,6,na,,
2020-Jul,2020-07-17,Stryker,20,DVM,1,L,4.4,na,4,12:12,10,na,,
2020-Jul,2020-07-17,Stryker,20,DVM,1,R,7,na,4,12:12,15,na,,
2020-Jul,2020-07-17,Stryker,20,DVM,1,L,10.2,na,4,12:12,15,na,,
2020-Jul,2020-07-17,Stryker,20,DVM,1,L,12.8,na,4,12:12,44,na,,
2020-Jul,2020-07-17,Stryker,20,DVM,1,L,13.4,na,4,12:12,33,T,entered as P/T,
2020-Jul,2020-07-17,Stryker,20,DVM,1,L,15.4,na,4,12:12,12,na,,
2020-Jul,2020-07-17,Stryker,20,DVM,1,L,15.7,na,4,12:12,2,na,,
2020-Jul,2020-07-17,Stryker,20,DVM,1,L,17.8,na,4,12:12,17,na,,
2020-Jul,2020-07-17,Stryker,20,DVM,1,L,18.4,na,4,12:12,2,na,,
2020-Jul,2020-07-17,Stryker,20,DVM,1,R,18.7,na,4,12:12,19,na,,
2020-Jul,2020-07-17,Stryker,20,DVM,1,R,19.2,na,4,12:12,5,na,,
2020-Jul,2020-07-17,Stryker,20,DVM,1,L,19.1,na,4,12:12,7,na,,
2020-Jul,2020-07-18,Westbeach,20,OP,1,R,0,na,2,9:25,2,na,,
2020-Jul,2020-07-18,Westbeach,20,OP,1,L,0,na,2,9:25,1,na,,
2020-Jul,2020-07-18,Westbeach,20,OP,1,R,0,na,2,9:25,10,na,,
2020-Jul,2020-07-18,Westbeach,20,OP,1,R,2.4,na,2,9:25,3,na,,
2020-Jul,2020-07-18,Westbeach,20,OP,1,R,2.6,na,2,9:25,7,na,,
2020-Jul,2020-07-18,Westbeach,20,OP,1,R,2.5,na,2,9:25,9,na,,
2020-Jul,2020-07-18,Westbeach,20,OP,1,R,2.5,na,2,9:25,6,na,,
2020-Jul,2020-07-18,Westbeach,20,OP,1,R,3.9,na,2,9:25,5,na,,
2020-Jul,2020-07-18,Westbeach,20,OP,1,R,3.7,na,2,9:25,14,na,,
2020-Jul,2020-07-18,Westbeach,20,OP,1,R,5,na,2,9:25,2,na,,
2020-Jul,2020-07-18,Westbeach,20,OP,1,R,5.5,na,2,9:25,3,na,,
2020-Jul,2020-07-18,Westbeach,20,OP,1,R,6.1,na,2,9:25,3,na,,
2020-Jul,2020-07-18,Westbeach,20,OP,1,R,6.2,na,2,9:25,10,P,,
2020-Jul,2020-07-18,Westbeach,20,OP,1,R,6.1,na,2,9:25,6,na,,
2020-Jul,2020-07-18,Westbeach,20,OP,1,L,6,na,2,9:25,1,na,,
2020-Jul,2020-07-18,Westbeach,20,OP,1,L,6.1,na,2,9:25,7,na,,
2020-Jul,2020-07-18,Westbeach,20,OP,1,L,6.1,na,2,9:25,9,P,,
2020-Jul,2020-07-18,Westbeach,20,OP,1,L,6.2,na,2,9:25,3,na,,
2020-Jul,2020-07-18,Westbeach,20,OP,1,L,6.3,na,2,9:25,5,na,,
2020-Jul,2020-07-18,Westbeach,20,OP,1,R,11.4,na,2,9:25,5,T,,
2020-Jul,2020-07-18,Westbeach,20,OP,1,R,11.4,na,2,9:25,9,P,,
2020-Jul,2020-07-18,Westbeach,20,OP,1,R,11.4,na,2,9:25,5,P,,
2020-Jul,2020-07-18,Westbeach,20,OP,1,R,11.5,na,2,9:25,6,T,,
2020-Jul,2020-07-18,Westbeach,20,OP,1,R,12.2,na,2,9:25,4,P,,
2020-Jul,2020-07-18,Westbeach,20,OP,1,L,12.7,na,2,9:25,4,na,,
2020-Jul,2020-07-18,Westbeach,20,OP,1,L,13.2,na,2,9:25,21,na,,
2020-Jul,2020-07-18,Westbeach,20,OP,1,R,15.2,na,2,9:25,11,na,,
2020-Jul,2020-07-18,Westbeach,20,KH,3,L,15,na,2,9:14,11,C,,
2020-Jul,2020-07-18,Westbeach,20,KH,3,L,13,na,2,9:14,4,na,,
2020-Jul,2020-07-18,Westbeach,20,KH,3,L,13,na,2,9:14,25,na,,
2020-Jul,2020-07-18,Westbeach,20,KH,3,R,13,na,2,9:14,16,na,,
2020-Jul,2020-07-18,Westbeach,20,KH,3,R,12.5,na,2,9:14,5,na,,
2020-Jul,2020-07-18,Westbeach,20,KH,3,R,12.5,na,2,9:14,3,na,,
2020-Jul,2020-07-18,Westbeach,20,KH,3,R,12,na,2,9:14,4,na,,
2020-Jul,2020-07-18,Westbeach,20,KH,3,R,12,na,2,9:14,9,na,,
2020-Jul,2020-07-18,Westbeach,20,KH,3,L,12,na,2,9:14,54,na,,
2020-Jul,2020-07-18,Westbeach,20,KH,3,R,12,na,2,9:14,7,na,,
2020-Jul,2020-07-18,Westbeach,20,KH,3,R,11.5,na,2,9:14,3,na,,
2020-Jul,2020-07-18,Westbeach,20,KH,3,R,9,na,2,9:14,16,na,,
2020-Jul,2020-07-18,Westbeach,20,KH,3,R,10,na,2,9:14,7,na,,
2020-Jul,2020-07-18,Westbeach,20,KH,3,R,10,na,2,9:14,8,na,,
2020-Jul,2020-07-18,Westbeach,20,KH,3,R,8,na,2,9:14,10,na,,
2020-Jul,2020-07-18,Westbeach,20,KH,3,R,8,na,2,9:14,20,na,,
2020-Jul,2020-07-18,Westbeach,20,KH,3,R,6,na,2,9:14,7,T,,
2020-Jul,2020-07-18,Westbeach,20,KH,3,L,6,na,2,9:14,27,T,,
2020-Jul,2020-07-18,Westbeach,20,KH,3,L,2,na,2,9:14,5,na,,
2020-Jul,2020-07-18,Westbeach,20,DVM,2,R,3.4,na,2,9:19,2,na,,
2020-Jul,2020-07-18,Westbeach,20,DVM,2,R,3.5,na,2,9:19,25,na,,
2020-Jul,2020-07-18,Westbeach,20,DVM,2,R,3.8,na,2,9:19,22,na,,
2020-Jul,2020-07-18,Westbeach,20,DVM,2,L,3.7,na,2,9:19,15,na,,
2020-Jul,2020-07-18,Westbeach,20,DVM,2,L,4.3,na,2,9:19,19,na,,
2020-Jul,2020-07-18,Westbeach,20,DVM,2,L,4.3,na,2,9:19,18,na,,
2020-Jul,2020-07-18,Westbeach,20,DVM,2,R,4.8,na,2,9:19,5,T,,
2020-Jul,2020-07-18,Westbeach,20,DVM,2,R,4.9,na,2,9:19,5,na,,
2020-Jul,2020-07-18,Westbeach,20,DVM,2,L,5.5,na,2,9:19,9,na,,
2020-Jul,2020-07-18,Westbeach,20,DVM,2,L,5.5,na,2,9:19,18,na,,
2020-Jul,2020-07-18,Westbeach,20,DVM,2,L,5.6,na,2,9:19,6,na,,
2020-Jul,2020-07-18,Westbeach,20,DVM,2,R,5.6,na,2,9:19,2,na,,
2020-Jul,2020-07-18,Westbeach,20,DVM,2,R,7.3,na,2,9:19,24,na,,
2020-Jul,2020-07-18,Westbeach,20,DVM,2,L,7.2,na,2,9:19,28,T,,
2020-Jul,2020-07-18,Westbeach,20,DVM,2,R,10.2,na,2,9:19,19,T,,
2020-Jul,2020-07-18,Westbeach,20,DVM,2,L,10.9,na,2,9:19,3,T,,
2020-Jul,2020-07-18,Westbeach,20,DVM,2,L,11.2,na,2,9:19,5,na,,
2020-Jul,2020-07-18,Westbeach,20,DVM,2,R,11.2,na,2,9:19,1,na,,
2020-Jul,2020-07-18,Westbeach,20,DVM,2,L,12.9,na,2,9:19,14,T,,
2020-Jul,2020-07-18,Westbeach,20,DVM,2,L,14,na,2,9:19,15,na,,
2020-Jul,2020-07-18,Westbeach,20,DVM,2,L,14.4,na,2,9:19,9,na,,
2020-Jul,2020-07-18,Westbeach,20,DVM,2,L,14.6,na,2,9:19,23,na,,
2020-Jul,2020-07-18,Westbeach,20,DVM,2,L,14.5,na,2,9:19,18,na,,
2020-Jul,2020-07-18,Westbeach,20,DVM,2,L,15.6,na,2,9:19,3,na,,
2020-Jul,2020-07-18,Westbeach,20,DVM,2,R,16.5,na,2,9:19,38,na,,
2020-Jul,2020-07-18,Westbeach,20,DVM,2,L,17.3,na,2,9:19,13,na,,
2020-Jul,2020-07-18,Westbeach,20,DVM,2,L,17.4,na,2,9:19,35,T,,
2020-Jul,2020-07-18,Westbeach,20,DVM,2,L,17.5,na,2,9:19,12,na,,
2020-Jul,2020-07-18,Westbeach,20,DVM,2,L,17.7,na,2,9:19,18,na,,
2020-Jul,2020-07-18,Westbeach,20,DVM,2,R,17,na,2,9:19,12,na,,
2020-Jul,2020-07-21,Triqster,20,BT,2,R,1.5,na,4,11:47,11,na,,
2020-Jul,2020-07-21,Triqster,20,BT,2,R,1.7,na,4,11:47,15,na,,
2020-Jul,2020-07-21,Triqster,20,BT,2,R,3,na,4,11:47,3,na,,
2020-Jul,2020-07-21,Triqster,20,BT,2,R,3.1,na,4,11:47,8,na,,
2020-Jul,2020-07-21,Triqster,20,BT,2,R,3.2,na,4,11:47,1,na,,
2020-Jul,2020-07-21,Triqster,20,BT,2,L,4,na,4,11:47,4,na,,
2020-Jul,2020-07-21,Triqster,20,BT,2,L,4.5,na,4,11:47,7,na,,
2020-Jul,2020-07-21,Triqster,20,BT,2,L,5,na,4,11:47,2,na,,
2020-Jul,2020-07-21,Triqster,20,BT,2,L,8.2,na,4,11:47,15,na,,
2020-Jul,2020-07-21,Triqster,20,BT,2,R,8.2,na,4,11:47,5,na,,
2020-Jul,2020-07-21,Triqster,20,BT,2,L,11.5,na,4,11:47,1,na,,
2020-Jul,2020-07-21,Triqster,20,BT,2,R,12,na,4,11:47,35,na,,
2020-Jul,2020-07-21,Triqster,20,BT,2,R,14,na,4,11:47,6,na,,
2020-Jul,2020-07-21,Triqster,20,BT,2,R,14.1,na,4,11:47,1,na,,
2020-Jul,2020-07-21,Triqster,20,BT,2,L,14.2,na,4,11:47,3,na,,
2020-Jul,2020-07-21,Triqster,20,BT,2,R,14.3,na,4,11:47,6,T,,
2020-Jul,2020-07-21,Triqster,20,BT,2,R,16.3,na,4,11:47,4,na,,
2020-Jul,2020-07-21,Triqster,20,BT,2,R,19.8,na,4,11:47,9,na,,
2020-Jul,2020-07-21,Triqster,20,BT,3,L,5,na,4,11:47,12,na,,
2020-Jul,2020-07-21,Triqster,20,BT,3,R,6.1,na,4,11:47,4,na,,
2020-Jul,2020-07-21,Triqster,20,BT,3,L,6.1,na,4,11:47,13,na,,
2020-Jul,2020-07-21,Triqster,20,BT,3,R,6.9,na,4,11:47,13,na,,
2020-Jul,2020-07-21,Triqster,20,BT,3,L,9,na,4,11:47,9,na,,
2020-Jul,2020-07-21,Triqster,20,BT,3,L,10,na,4,11:47,5,na,,
2020-Jul,2020-07-21,Triqster,20,BT,3,R,10.2,na,4,11:47,4,na,,
2020-Jul,2020-07-21,Triqster,20,BT,3,R,11,na,4,11:47,8,T,,
2020-Jul,2020-07-21,Triqster,20,BT,3,R,11,na,4,11:47,6,na,,
2020-Jul,2020-07-21,Triqster,20,KH,3,R,13,na,4,13:06,7,na,,
2020-Jul,2020-07-21,Triqster,20,KH,3,R,12.5,na,4,13:06,3,na,,
2020-Jul,2020-07-21,Triqster,20,KH,3,R,12.5,na,4,13:06,9,P,,
2020-Jul,2020-07-21,Triqster,20,KH,3,R,11.8,na,4,13:06,4,C,,
2020-Jul,2020-07-21,Triqster,20,KH,3,R,11.7,na,4,13:06,1,na,,
2020-Jul,2020-07-21,Triqster,20,KH,1,L,0.1,na,4,11:47,2,na,,
2020-Jul,2020-07-21,Triqster,20,KH,1,L,0,na,4,11:47,4,na,,
2020-Jul,2020-07-21,Triqster,20,KH,1,L,0.8,na,4,11:47,3,na,,
2020-Jul,2020-07-21,Triqster,20,KH,1,L,0.9,na,4,11:47,5,na,,
2020-Jul,2020-07-21,Triqster,20,KH,1,L,4.9,na,4,11:47,5,na,,
2020-Jul,2020-07-21,Triqster,20,KH,1,L,5.8,na,4,11:47,2,na,,
2020-Jul,2020-07-21,Triqster,20,KH,1,R,6.5,na,4,11:47,7,na,,
2020-Jul,2020-07-21,Triqster,20,KH,1,R,6.5,na,4,11:47,6,na,,
2020-Jul,2020-07-21,Triqster,20,KH,1,R,6.5,na,4,11:47,7,na,,
2020-Jul,2020-07-21,Triqster,20,KH,1,L,7.5,na,4,11:47,1,na,,
2020-Jul,2020-07-21,Triqster,20,KH,1,R,8.4,na,4,11:47,5,na,,
2020-Jul,2020-07-21,Triqster,20,KH,1,L,12,na,4,11:47,2,na,,
2020-Jul,2020-07-21,Triqster,20,KH,1,L,12,na,4,11:47,9,na,,
2020-Jul,2020-07-21,Triqster,20,KH,1,L,12,na,4,11:47,2,na,,
2020-Jul,2020-07-21,Triqster,20,KH,1,L,12,na,4,11:47,5,na,,
2020-Jul,2020-07-21,Triqster,20,KH,1,L,13,na,4,11:47,3,P,,
2020-Jul,2020-07-21,Triqster,20,KH,1,R,13.5,na,4,11:47,6,na,,
2020-Jul,2020-07-21,Triqster,20,KH,1,R,13.5,na,4,11:47,8,na,,
2020-Jul,2020-07-21,Triqster,20,KH,1,R,14,na,4,11:47,28,na,,
2020-Jul,2020-07-21,Triqster,20,KH,1,R,15,na,4,11:47,17,na,had a mean_F (removed),
2020-Jul,2020-07-21,Triqster,20,KH,1,R,16.5,na,4,11:47,4,na,,
2020-Jul,2020-07-21,Triqster,20,KH,1,L,15,na,4,11:47,1,na,,
2020-Jul,2020-07-21,Triqster,20,KH,1,L,17,na,4,11:47,15,na,,
2020-Jul,2020-07-21,Triqster,20,KH,1,L,17,na,4,11:47,7,na,,
2020-Jul,2020-07-21,Triqster,20,KH,1,R,18.5,na,4,11:47,6,na,,
2020-Jul,2020-07-21,Triqster,20,KH,1,R,18.7,na,4,11:47,4,na,,
2020-Jul,2020-07-21,Triqster,20,KH,3,R,18.5,na,4,11:47,9,na,,
2020-Jul,2020-07-21,Triqster,20,KH,3,R,19.5,na,4,11:47,2,na,,
2020-Jul,2020-07-21,Triqster,20,KH,3,L,18,na,4,11:47,7,na,,
2020-Jul,2020-07-21,Triqster,20,KH,3,L,18,na,4,11:47,6,na,,
2020-Jul,2020-07-21,Triqster,20,KH,3,R,18,na,4,11:47,2,na,,
2020-Jul,2020-07-21,Triqster,20,KH,3,L,14,na,4,11:47,14,na,,
2020-Jul,2020-07-21,Triqster,20,KH,3,L,14.5,na,4,11:47,5,na,,
2020-Jul,2020-07-21,Triqster,20,KH,3,L,13.5,na,4,11:47,1,na,,
2020-Jul,2020-07-21,Triqster,20,KH,3,L,13.5,na,4,11:47,7,na,,
2020-Jul,2020-07-21,Triqster,20,KH,3,L,13,na,4,11:47,2,na,,
2020-Jul,2020-07-21,Triqster,20,KH,3,R,13.5,na,4,11:47,5,na,,
2020-Jul,2020-07-21,Triqster,20,KH,3,R,13.5,na,4,11:47,7,P,,
2020-Jul,2020-07-21,Triqster,20,KH,3,R,13.4,na,4,11:47,7,P,,
2021-Jul,2021-07-10,Womanley,20,KH,2,L,8,na,5,7:00,8,na,,
2021-Jul,2021-07-10,Womanley,20,KH,2,L,8.1,na,5,7:00,1,na,,
2021-Jul,2021-07-10,Womanley,20,KH,2,L,8.4,na,5,7:00,1,na,,
2021-Jul,2021-07-10,Womanley,20,KH,2,L,8.5,na,5,7:00,3,na,,
2021-Jul,2021-07-10,Womanley,20,KH,2,L,8.6,na,5,7:00,20,na,,
2021-Jul,2021-07-10,Womanley,20,KH,2,L,9.5,na,5,7:00,10,na,,
2021-Jul,2021-07-10,Womanley,20,KH,2,L,9.6,na,5,7:00,13,na,,
2021-Jul,2021-07-10,Womanley,20,KH,2,L,9.7,na,5,7:00,16,na,,
2021-Jul,2021-07-08,Manley,20,OP,1,R,8,na,4,12:00,2,na,,
2021-Jul,2021-07-08,Manley,20,OP,2,R,4,na,4,12:00,25,na,,
2021-Jul,2021-07-08,Manley,20,OP,2,R,5,na,4,12:00,10,na,,
2021-Jul,2021-07-08,Manley,20,OP,2,R,6,na,4,12:00,55,na,center of line,
2021-Jul,2021-07-08,Manley,20,OP,3,R,na,na,4,12:00,0,na,no plants on the line,
2021-Jul,2021-07-10,Spider_HIRMD,20,KH,2,L,0,3.5 - 6m,na,9:40,10,na,,
2021-Jul,2021-07-10,Spider_HIRMD,20,KH,2,R,1.5,3.5 - 6m,na,9:40,15,na,,
2021-Jul,2021-07-10,Spider_HIRMD,20,KH,2,R,2,3.5 - 6m,na,9:40,9,na,,
2021-Jul,2021-07-10,Spider_HIRMD,20,KH,2,L,6,3.5 - 6m,na,9:40,12,na,,
2021-Jul,2021-07-10,Spider_HIRMD,20,KH,2,L,9.5,3.5 - 6m,na,9:40,11,na,,
2021-Jul,2021-07-10,Spider_HIRMD,20,KH,2,L,10,3.5 - 6m,na,9:40,9,na,,
2021-Jul,2021-07-10,Spider_HIRMD,20,KH,2,R,12.6,3.5 - 6m,na,9:40,7,na,,
2021-Jul,2021-07-10,Spider_HIRMD,20,KH,2,L,14.1,3.5 - 6m,na,9:40,5,na,,
2021-Jul,2021-07-10,Spider_HIRMD,20,KH,2,L,14.2,3.5 - 6m,na,9:40,23,na,,
2021-Jul,2021-07-10,Spider_HIRMD,20,KH,2,R,15,3.5 - 6m,na,9:40,3,na,,
2021-Jul,2021-07-10,Spider_HIRMD,20,KH,2,L,16.5,3.5 - 6m,na,9:40,6,na,,
2021-Jul,2021-07-10,Spider_HIRMD,20,KH,2,L,16.4,3.5 - 6m,na,9:40,3,na,,
2021-Jul,2021-07-10,Spider_HIRMD,20,KH,2,R,18.4,3.5 - 6m,na,9:40,10,na,,
2021-Jul,2021-07-10,Spider_HIRMD,20,KH,2,R,18.5,3.5 - 6m,na,9:40,11,na,,
2021-Jul,2021-07-10,Spider_HIRMD,20,KH,2,R,19,3.5 - 6m,na,9:40,7,na,,
2021-Jul,2021-07-10,Spider_HIRMD,20,KH,2,R,19.5,3.5 - 6m,na,9:40,8,na,,
2021-Jul,2021-07-10,Spider_HIRMD,20,KH,2,L,18.5,3.5 - 6m,na,9:40,10,na,,
2021-Jul,2021-07-10,Spider_HIRMD,20,KH,2,L,18.6,3.5 - 6m,na,9:40,16,na,,
2021-Jul,2021-07-10,Spider_HIRMD,20,KH,2,L,19,3.5 - 6m,na,9:40,9,na,,
2021-Jul,2021-07-10,Spider_HIRMD,20,KH,2,L,19.5,3.5 - 6m,na,9:40,5,na,,
2021-Jul,2021-07-10,Womanley,20,DVM,1,R,0.5,na,5,7:01,4,na,,
2021-Jul,2021-07-10,Womanley,20,DVM,1,L,19,na,5,7:01,1,na,,
2021-Jul,2021-07-10,Womanley,20,DVM,1,L,1.5,na,5,7:01,4,na,,
2021-Jul,2021-07-10,Womanley,20,DVM,1,L,0,na,5,7:01,14,na,,
2021-Jul,2021-07-10,Spider_HIRMD,20,DVM,3,R,0,3.5 - 6m,na,9:45,28,na,,
2021-Jul,2021-07-10,Spider_HIRMD,20,DVM,3,R,6,3.5 - 6m,na,9:45,16,na,,
2021-Jul,2021-07-10,Spider_HIRMD,20,DVM,3,R,9.5,3.5 - 6m,na,9:45,22,na,,
2021-Jul,2021-07-10,Spider_HIRMD,20,DVM,3,R,12,3.5 - 6m,na,9:45,4,na,,
2021-Jul,2021-07-10,Spider_HIRMD,20,DVM,3,R,12.2,3.5 - 6m,na,9:45,3,na,,
2021-Jul,2021-07-10,Spider_HIRMD,20,DVM,3,R,14.5,3.5 - 6m,na,9:45,14,na,,
2021-Jul,2021-07-10,Spider_HIRMD,20,DVM,3,R,17,3.5 - 6m,na,9:45,3,na,,
2021-Jul,2021-07-10,Spider_HIRMD,20,DVM,3,R,17.5,3.5 - 6m,na,9:45,20,na,,
2021-Jul,2021-07-10,Spider_HIRMD,20,DVM,3,R,20,3.5 - 6m,na,9:45,39,na,,
2021-Jul,2021-07-10,Spider_HIRMD,20,DVM,3,L,20,3.5 - 6m,na,9:45,19,na,,
2021-Jul,2021-07-10,Spider_HIRMD,20,DVM,3,L,13.5,3.5 - 6m,na,9:45,33,na,,
2021-Jul,2021-07-10,Spider_HIRMD,20,DVM,3,L,10,3.5 - 6m,na,9:45,12,na,,
2021-Jul,2021-07-10,Spider_HIRMD,20,DVM,3,L,6,3.5 - 6m,na,9:45,21,na,,
2021-Jul,2021-07-10,Spider_HIRMD,20,DVM,3,L,5.5,3.5 - 6m,na,9:45,18,na,,
2021-Jul,2021-07-10,Spider_HIRMD,20,DVM,3,L,3.5,3.5 - 6m,na,9:45,18,na,,
2021-Jul,2021-07-10,Spider_HIRMD,20,DVM,3,L,1.5,3.5 - 6m,na,9:45,23,na,,
2021-Jul,2021-07-10,Spider_HIRMD,20,DVM,3,L,0,3.5 - 6m,na,9:45,36,na,,
2021-Jul,2021-07-10,Spider_HIRMD,20,OP,1,R,4,3.5 - 6m,na,9:46,22,na,,
2021-Jul,2021-07-10,Spider_HIRMD,20,OP,1,R,4,3.5 - 6m,na,9:46,8,na,,
2021-Jul,2021-07-10,Spider_HIRMD,20,OP,1,R,4,3.5 - 6m,na,9:46,4,na,,
2021-Jul,2021-07-10,Spider_HIRMD,20,OP,1,R,7,3.5 - 6m,na,9:46,11,na,,
2021-Jul,2021-07-10,Spider_HIRMD,20,OP,1,R,7,3.5 - 6m,na,9:46,3,na,,
2021-Jul,2021-07-10,Spider_HIRMD,20,OP,1,R,8,3.5 - 6m,na,9:46,5,na,,
2021-Jul,2021-07-10,Spider_HIRMD,20,OP,1,R,8.2,3.5 - 6m,na,9:46,11,na,,
2021-Jul,2021-07-10,Spider_HIRMD,20,OP,1,R,8.4,3.5 - 6m,na,9:46,9,na,,
2021-Jul,2021-07-10,Spider_HIRMD,20,OP,1,R,8.6,3.5 - 6m,na,9:46,2,na,,
2021-Jul,2021-07-10,Spider_HIRMD,20,OP,1,L,8.6,3.5 - 6m,na,9:46,5,na,,
2021-Jul,2021-07-10,Spider_HIRMD,20,OP,1,L,8.4,3.5 - 6m,na,9:46,3,na,,
2021-Jul,2021-07-10,Spider_HIRMD,20,OP,1,L,8.2,3.5 - 6m,na,9:46,5,na,,
2021-Jul,2021-07-10,Spider_HIRMD,20,OP,1,R,14.9,3.5 - 6m,na,9:46,9,na,,
2021-Jul,2021-07-10,Spider_HIRMD,20,OP,1,R,16,3.5 - 6m,na,9:46,15,na,,
2021-Jul,2021-07-10,Spider_HIRMD,20,OP,1,R,20,3.5 - 6m,na,9:46,23,na,,
2021-Jul,2021-07-10,Spider_HIRMD,20,OP,1,L,20,3.5 - 6m,na,9:46,3,na,,
2021-Jul,2021-07-10,Spider_HIRMD,20,OP,1,L,20,3.5 - 6m,na,9:46,8,na,,
2021-Jul,2021-07-10,Spider_HIRMD,20,OP,1,L,20,3.5 - 6m,na,9:46,5,na,,
2021-Jul,2021-07-10,Spider_HIRMD,20,OP,1,L,17.7,3.5 - 6m,na,9:46,2,na,,
2021-Jul,2021-07-10,Spider_HIRMD,20,OP,1,L,16.5,3.5 - 6m,na,9:46,13,na,,
2021-Jul,2021-07-10,Spider_HIRMD,20,OP,1,L,16,3.5 - 6m,na,9:46,7,na,,
2021-Jul,2021-07-10,Spider_HIRMD,20,OP,1,L,14.6,3.5 - 6m,na,9:46,8,na,,
2021-Jul,2021-07-10,Spider_HIRMD,20,OP,1,L,14,3.5 - 6m,na,9:46,13,na,,
2021-Jul,2021-07-10,Spider_HIRMD,20,OP,1,L,7,3.5 - 6m,na,9:46,9,na,,
2021-Jul,2021-07-10,Spider_HIRMD,20,OP,1,L,7,3.5 - 6m,na,9:46,9,na,,
2021-Jul,2021-07-10,Womanley,20,OP,3,R,0_20,na,5,7:00,0,na,NO PLANTS,
2021-Jul,2021-07-10,Womanley,20,OP,3,L,0_20,na,5,7:00,0,na,NO PLANTS,
2021-Jul,2021-07-12,Westbeach,20,MA,2,L,4.5,na,2,7:30,5,na,,
2021-Jul,2021-07-12,Westbeach,20,MA,2,L,4,na,2,7:30,2,na,,
2021-Jul,2021-07-12,Westbeach,20,MA,2,R,5,na,2,7:30,1,na,,
2021-Jul,2021-07-12,Westbeach,20,MA,2,R,7,na,2,7:30,15,na,,
2021-Jul,2021-07-12,Westbeach,20,MA,2,R,10,na,2,7:30,16,na,,
2021-Jul,2021-07-12,Westbeach,20,MA,2,R,13,na,2,7:30,29,na,,
2021-Jul,2021-07-11,Triquet,20,OP,3,R,1.3,4.4,4,7:35,2,na,,
2021-Jul,2021-07-11,Triquet,20,OP,3,R,13.5,4.4,4,7:35,10,na,,
2021-Jul,2021-07-11,Triquet,20,OP,3,R,13.7,4.4,4,7:35,5,na,,
2021-Jul,2021-07-11,Triquet,20,OP,3,R,13.8,4.4,4,7:35,5,na,,
2021-Jul,2021-07-11,Triquet,20,OP,3,R,14,4.4,4,7:35,6,na,,
2021-Jul,2021-07-11,Triquet,20,OP,3,R,14.2,4.4,4,7:35,12,na,,
2021-Jul,2021-07-11,Triquet,20,OP,3,R,14.3,4.4,4,7:35,17,na,,
2021-Jul,2021-07-11,Triquet,20,OP,3,R,14,4.4,4,7:35,4,na,,
2021-Jul,2021-07-11,Triquet,20,OP,3,R,20,4.4,4,7:35,2,na,,
2021-Jul,2021-07-12,Westbeach,20,KH,3,L,13.5,na,2,6:59,13,na,,
2021-Jul,2021-07-12,Westbeach,20,KH,3,L,10.7,na,2,6:59,6,na,,
2021-Jul,2021-07-12,Westbeach,20,KH,3,L,10,na,2,6:59,15,na,,
2021-Jul,2021-07-12,Westbeach,20,KH,3,L,6.5,na,2,6:59,18,na,,
2021-Jul,2021-07-12,Westbeach,20,KH,3,L,6.3,na,2,6:59,23,na,,
2021-Jul,2021-07-12,Westbeach,20,KH,3,L,6,na,2,6:59,14,na,,
2021-Jul,2021-07-12,Westbeach,20,KH,3,L,5,na,2,6:59,38,na,,
2021-Jul,2021-07-12,Westbeach,20,KH,3,L,3,na,2,6:59,3,na,,
2021-Jul,2021-07-12,Westbeach,20,KH,3,R,6,na,2,6:59,48,na,,
2021-Jul,2021-07-12,Westbeach,20,KH,3,R,9,na,2,6:59,14,na,,
2021-Jul,2021-07-12,Westbeach,20,DVM,1,L,9,na,2,7:01,7,na,,
2021-Jul,2021-07-12,Westbeach,20,DVM,1,L,6,na,2,7:01,29,na,,
2021-Jul,2021-07-12,Westbeach,20,DVM,1,L,5,na,2,7:01,21,na,,
2021-Jul,2021-07-12,Westbeach,20,DVM,1,L,0.5,na,2,7:01,12,na,,
2021-Jul,2021-07-12,Westbeach,20,DVM,1,L,0,na,2,7:01,17,na,,
2021-Jul,2021-07-12,Westbeach,20,DVM,1,L,0,na,2,7:01,15,na,,
2021-Jul,2021-07-12,Westbeach,20,DVM,1,R,2,na,2,7:01,26,na,,
2021-Jul,2021-07-12,Westbeach,20,DVM,1,R,2,na,2,7:01,7,P,,
2021-Jul,2021-07-12,Westbeach,20,DVM,1,R,3,na,2,7:01,12,na,,
2021-Jul,2021-07-12,Westbeach,20,DVM,1,R,3.5,na,2,7:01,4,na,,
2021-Jul,2021-07-12,Westbeach,20,DVM,1,R,4.5,na,2,7:01,27,na,,
2021-Jul,2021-07-12,Westbeach,20,DVM,1,R,5,na,2,7:01,21,na,,
2021-Jul,2021-07-12,Westbeach,20,DVM,1,R,5.5,na,2,7:01,32,na,,
2021-Jul,2021-07-12,Westbeach,20,DVM,1,R,6,na,2,7:01,10,na,,
2021-Jul,2021-07-12,Westbeach,20,DVM,1,R,6.5,na,2,7:01,31,na,,
2021-Jul,2021-07-12,Westbeach,20,DVM,1,R,11,na,2,7:01,3,P,,
2021-Jul,2021-07-12,Westbeach,20,DVM,1,R,11.5,na,2,7:01,23,na,,
2021-Jul,2021-07-11,Triquet,20,MA,2,R,15.7,na,4,7:35,7,na,,
2021-Jul,2021-07-11,Triquet,20,MA,2,L,14.4,na,4,7:35,5,P,,
2021-Jul,2021-07-11,Triquet,20,MA,2,L,11.1,na,4,7:35,8,na,,
2021-Jul,2021-07-11,Triquet,20,MA,2,L,10.5,na,4,7:35,3,na,,
2021-Jul,2021-07-11,Triquet,20,KH,1,L,0,na,4,7:09,3,na,,
2021-Jul,2021-07-11,Triquet,20,KH,1,R,0,na,4,7:09,11,na,,
2021-Jul,2021-07-11,Triquet,20,KH,1,R,10.5,na,4,7:09,1,na,,
2021-Jul,2021-07-11,Triquet,20,KH,1,R,11,na,4,7:09,1,na,,
2021-Jul,2021-07-11,Triquet,20,KH,1,L,11.5,na,4,7:09,2,na,,
2021-Jul,2021-07-11,Triquet,20,KH,1,L,12,na,4,7:09,4,na,,
2021-Jul,2021-07-11,Triquet,20,KH,1,L,15,na,4,7:09,13,na,,
2021-Jul,2021-07-11,Triquet,20,KH,1,R,16,na,4,7:09,28,na,,
2021-Jul,2021-07-11,Triquet,20,KH,1,R,19,na,4,7:09,12,na,,
2021-Jul,2021-07-11,Triquet,20,KH,1,L,19.5,na,4,7:09,7,na,,
2021-Jul,2021-07-11,Triqster,20,KH,3,R,1.5,na,4,10:42,4,na,,
2021-Jul,2021-07-11,Triqster,20,KH,3,R,4.2,na,4,10:42,21,na,,
2021-Jul,2021-07-11,Triqster,20,KH,3,R,4.3,na,4,10:42,7,P,,
2021-Jul,2021-07-11,Triqster,20,KH,3,R,6.1,na,4,10:42,5,na,,
2021-Jul,2021-07-11,Triqster,20,KH,3,R,6,na,4,10:42,6,na,,
2021-Jul,2021-07-11,Triqster,20,KH,3,R,9.6,na,4,10:42,4,P,,
2021-Jul,2021-07-11,Triqster,20,KH,1,R,10.9,na,4,10:42,7,na,,
2021-Jul,2021-07-11,Triqster,20,KH,3,R,12,na,4,10:42,4,P,,
2021-Jul,2021-07-11,Triqster,20,KH,3,R,12.1,na,4,10:42,4,na,,
2021-Jul,2021-07-11,Triqster,20,KH,3,R,12.2,na,4,10:42,5,na,,
2021-Jul,2021-07-11,Triqster,20,KH,3,R,12.4,na,4,10:42,11,na,,
2021-Jul,2021-07-11,Triqster,20,KH,3,R,13.5,na,4,10:42,1,na,,
2021-Jul,2021-07-11,Triqster,20,KH,3,R,13.6,na,4,10:42,3,na,,
2021-Jul,2021-07-11,Triqster,20,KH,1,R,13.7,na,4,10:42,5,na,,
2021-Jul,2021-07-11,Triqster,20,KH,3,R,17,na,4,10:42,11,na,,
2021-Jul,2021-07-11,Triqster,20,KH,3,R,19,na,4,10:42,3,na,,
2021-Jul,2021-07-11,Triqster,20,KH,3,R,19.1,na,4,10:42,18,na,,
2021-Jul,2021-07-11,Triqster,20,KH,3,R,19.9,na,4,10:42,3,na,,
2021-Jul,2021-07-11,Triqster,20,KH,3,R,20,na,4,10:42,2,P,,
2021-Jul,2021-07-11,Triqster,20,KH,3,L,19,na,4,10:42,4,na,,
2021-Jul,2021-07-11,Triqster,20,KH,1,L,18.9,na,4,10:42,32,na,,
2021-Jul,2021-07-11,Triqster,20,KH,3,L,14,na,4,10:42,12,na,,
2021-Jul,2021-07-11,Triqster,20,KH,3,L,13.8,na,4,10:42,3,na,,
2021-Jul,2021-07-11,Triqster,20,KH,3,L,13.9,na,4,10:42,1,P,,
2021-Jul,2021-07-11,Triqster,20,KH,3,L,12,na,4,10:42,12,P,,
2021-Jul,2021-07-11,Triqster,20,KH,3,L,11.1,na,4,10:42,5,na,,
2021-Jul,2021-07-11,Triqster,20,KH,3,L,10.9,na,4,10:42,7,na,,
2021-Jul,2021-07-11,Triqster,20,KH,1,L,10,na,4,10:42,12,na,,
2021-Jul,2021-07-11,Triqster,20,KH,3,L,10,na,4,10:42,19,na,,
2021-Jul,2021-07-11,Triqster,20,KH,3,L,9,na,4,10:42,13,na,,
2021-Jul,2021-07-11,Triqster,20,KH,3,L,4.2,na,4,10:42,4,na,,
2021-Jul,2021-07-11,Triqster,20,KH,3,L,4.3,na,4,10:42,4,na,,
2021-Jul,2021-07-11,Triqster,20,KH,3,L,4.4,na,4,10:42,4,na,,
2021-Jul,2021-07-11,Triqster,20,KH,3,L,3.6,na,4,10:42,3,P,,
2021-Jul,2021-07-11,Triqster,20,KH,1,L,3,na,4,10:42,9,na,,
2021-Jul,2021-07-11,Triqster,20,KH,3,L,2.5,na,4,10:42,5,na,,
2021-Jul,2021-07-11,Triqster,20,MA,1,R,4.7,na,4,11:11,4,na,,
2021-Jul,2021-07-11,Triqster,20,MA,1,R,7,na,4,11:11,41,na,,
2021-Jul,2021-07-11,Triqster,20,MA,1,R,9,na,4,11:11,5,na,,
2021-Jul,2021-07-11,Triqster,20,MA,1,R,10.5,na,4,11:11,1,na,,
2021-Jul,2021-07-11,Triqster,20,MA,1,R,14,na,4,11:11,6,na,,
2021-Jul,2021-07-11,Triqster,20,MA,1,R,15.5,na,4,11:11,32,na,,
2021-Jul,2021-07-11,Triqster,20,MA,1,R,16,na,4,11:11,3,na,,
2021-Jul,2021-07-11,Triqster,20,MA,1,R,16.5,na,4,11:11,3,na,,
2021-Jul,2021-07-11,Triqster,20,MA,1,R,19,na,4,11:11,5,na,,
2021-Jul,2021-07-11,Triqster,20,MA,1,R,20,na,4,11:11,7,na,,
2021-Jul,2021-07-11,Triqster,20,MA,1,L,4,na,4,11:11,3,na,,
2021-Jul,2021-07-11,Triqster,20,MA,1,L,5,na,4,11:11,5,na,,
2021-Jul,2021-07-11,Triqster,20,MA,1,L,6,na,4,11:11,5,na,,
2021-Jul,2021-07-11,Triqster,20,MA,1,L,10,na,4,11:11,6,na,,
2021-Jul,2021-07-11,Triqster,20,MA,1,L,10,na,4,11:11,3,na,,
2021-Jul,2021-07-11,Triqster,20,MA,1,L,10,na,4,11:11,7,na,,
2021-Jul,2021-07-11,Triqster,20,MA,1,L,10,na,4,11:11,3,na,,
2021-Jul,2021-07-11,Triqster,20,MA,1,L,11,na,4,11:11,2,na,,
2021-Jul,2021-07-11,Triqster,20,MA,1,L,15,na,4,11:11,9,na,,
2021-Jul,2021-07-11,Triqster,20,MA,1,L,17,na,4,11:11,10,na,,
2021-Jul,2021-07-11,Triqster,20,MA,1,L,17,na,4,11:11,9,na,,
2021-Jul,2021-07-11,Triqster,20,MA,1,L,17,na,4,11:11,7,na,,
2021-Jul,2021-07-11,Triqster,20,MA,1,L,17.5,na,4,11:11,12,na,,
2021-Jul,2021-07-11,Triqster,20,MA,1,L,18,na,4,11:11,5,na,,
2021-Jul,2021-07-11,Triqster,20,MA,1,L,19,na,4,11:11,5,na,,
2021-Jul,2021-07-11,Triqster,20,OP,2,R,2,3.8,5,10:46,4,na,,
2021-Jul,2021-07-11,Triqster,20,OP,2,R,2.1,3.8,5,10:46,7,na,,
2021-Jul,2021-07-11,Triqster,20,OP,2,R,2.3,3.8,5,10:46,1,na,,
2021-Jul,2021-07-11,Triqster,20,OP,2,R,2.1,3.8,5,10:46,13,na,,
2021-Jul,2021-07-11,Triqster,20,OP,2,R,2.5,3.8,5,10:46,10,na,,
2021-Jul,2021-07-11,Triqster,20,OP,2,R,6.5,3.8,5,10:46,4,na,,
2021-Jul,2021-07-11,Triqster,20,OP,2,R,8.4,3.8,5,10:46,20,na,,
2021-Jul,2021-07-11,Triqster,20,OP,2,R,10.5,3.8,5,10:46,2,na,,
2021-Jul,2021-07-11,Triqster,20,OP,2,R,12,3.8,5,10:46,11,na,,
2021-Jul,2021-07-11,Triqster,20,OP,2,R,12.1,3.8,5,10:46,9,na,,
2021-Jul,2021-07-11,Triqster,20,OP,2,R,12.3,3.8,5,10:46,1,na,,
2021-Jul,2021-07-11,Triqster,20,OP,2,R,14,3.8,5,10:46,13,na,,
2021-Jul,2021-07-11,Triqster,20,OP,2,R,14.2,3.8,5,10:46,24,na,,
2021-Jul,2021-07-11,Triqster,20,OP,2,R,14.2,3.8,5,10:46,6,na,,
2021-Jul,2021-07-11,Triqster,20,OP,2,R,16.3,3.8,5,10:46,7,na,,
2021-Jul,2021-07-11,Triqster,20,OP,2,R,16.4,3.8,5,10:46,16,na,,
2021-Jul,2021-07-11,Triqster,20,OP,2,R,18,3.8,5,10:46,9,na,,
2021-Jul,2021-07-11,Triqster,20,OP,2,R,18.2,3.8,5,10:46,5,na,,
2021-Jul,2021-07-11,Triqster,20,OP,2,R,20,3.8,5,10:46,8,na,,
2021-Jul,2021-07-11,Triqster,20,OP,2,L,12.2,3.8,5,10:46,8,na,,
2021-Jul,2021-07-11,Triqster,20,OP,2,L,12,3.8,5,10:46,7,na,,
2021-Jul,2021-07-11,Triqster,20,OP,2,L,11.5,3.8,5,10:46,5,na,,
2021-Jul,2021-07-11,Triqster,20,OP,2,L,16,3.8,5,10:46,5,na,,
2021-Jul,2021-07-11,Triqster,20,OP,2,L,10.8,3.8,5,10:46,2,na,,
2021-Jul,2021-07-11,Triqster,20,OP,2,L,9.5,3.8,5,10:46,3,na,,
2021-Jul,2021-07-11,Triqster,20,OP,2,L,9,3.8,5,10:46,2,na,,
2021-Jul,2021-07-11,Triqster,20,OP,2,L,6,3.8,5,10:46,4,na,,
2021-Jul,2021-07-11,Triqster,20,OP,2,L,5.5,3.8,5,10:46,2,na,,
2021-Jul,2021-07-13,Simmonds,20,MA,1,R,7,na,5,7:41,8,na,,
2021-Jul,2021-07-13,Simmonds,20,MA,1,R,9,na,5,7:41,2,na,,
2021-Jul,2021-07-13,Simmonds,20,MA,1,R,10,na,5,7:41,10,na,,
2021-Jul,2021-07-13,Simmonds,20,MA,1,R,10.5,na,5,7:41,8,na,,
2021-Jul,2021-07-13,Simmonds,20,MA,1,R,12,na,5,7:41,18,na,,
2021-Jul,2021-07-13,Simmonds,20,MA,1,R,13,na,5,7:41,8,na,,
2021-Jul,2021-07-13,Simmonds,20,MA,1,R,12.5,na,5,7:41,2,na,,
2021-Jul,2021-07-13,Simmonds,20,MA,1,R,20,na,5,7:41,10,na,,
2021-Jul,2021-07-13,Simmonds,20,MA,1,L,14,na,5,7:41,1,na,,
2021-Jul,2021-07-13,Simmonds,20,MA,1,L,8,na,5,7:41,12,na,,
2021-Jul,2021-07-13,Simmonds,20,MA,1,L,8,na,5,7:41,4,na,,
2021-Jul,2021-07-13,Simmonds,20,DVM,2,R,6,na,5,7:41,18,na,,
2021-Jul,2021-07-13,Simmonds,20,DVM,2,R,6,na,5,7:41,7,na,,
2021-Jul,2021-07-13,Simmonds,20,DVM,2,R,6.5,na,5,7:41,9,na,,
2021-Jul,2021-07-13,Simmonds,20,DVM,2,R,7,na,5,7:41,15,na,,
2021-Jul,2021-07-13,Simmonds,20,DVM,2,R,7,na,5,7:41,4,na,,
2021-Jul,2021-07-13,Simmonds,20,DVM,2,R,8.5,na,5,7:41,8,na,,
2021-Jul,2021-07-13,Simmonds,20,DVM,2,R,9.5,na,5,7:41,9,na,,
2021-Jul,2021-07-13,Simmonds,20,DVM,2,R,10,na,5,7:41,4,na,,
2021-Jul,2021-07-13,Simmonds,20,DVM,2,R,17,na,5,7:41,4,na,,
2021-Jul,2021-07-13,Simmonds,20,DVM,2,R,19,na,5,7:41,4,na,,
2021-Jul,2021-07-13,Simmonds,20,DVM,2,R,19.5,na,5,7:41,10,na,,
2021-Jul,2021-07-13,Simmonds,20,DVM,2,R,20,na,5,7:41,6,na,,
2021-Jul,2021-07-13,Simmonds,20,DVM,2,L,14.5,na,5,7:41,1,na,,
2021-Jul,2021-07-13,Simmonds,20,DVM,2,L,10,na,5,7:41,5,na,,
2021-Jul,2021-07-13,Simmonds,20,DVM,2,L,9,na,5,7:41,15,na,,
2021-Jul,2021-07-13,Simmonds,20,DVM,2,L,0,na,5,7:41,7,na,,
2021-Jul,2021-07-13,Simmonds,20,OP,3,R,4.5,na,5,7:41,2,na,,
2021-Jul,2021-07-13,Simmonds,20,OP,3,R,4.5,na,5,7:41,9,na,,
2021-Jul,2021-07-13,Simmonds,20,OP,3,R,4.6,na,5,7:41,4,na,,
2021-Jul,2021-07-13,Simmonds,20,OP,3,R,4.7,na,5,7:41,2,na,,
2021-Jul,2021-07-13,Simmonds,20,OP,3,R,4.7,na,5,7:41,4,na,,
2021-Jul,2021-07-13,Simmonds,20,OP,3,R,6.2,na,5,7:41,15,na,,
2021-Jul,2021-07-13,Simmonds,20,OP,3,R,8,na,5,7:41,10,P,,
2021-Jul,2021-07-13,Simmonds,20,OP,3,R,10.4,na,5,7:41,1,na,,
2021-Jul,2021-07-13,Simmonds,20,OP,3,R,11.3,na,5,7:41,7,na,,
2021-Jul,2021-07-13,Simmonds,20,OP,3,R,12,na,5,7:41,11,na,,
2021-Jul,2021-07-13,Simmonds,20,OP,3,R,12.2,na,5,7:41,6,na,,
2021-Jul,2021-07-13,Simmonds,20,OP,3,R,12.5,na,5,7:41,8,na,,
2021-Jul,2021-07-13,Simmonds,20,OP,3,R,12.8,na,5,7:41,7,na,,
2021-Jul,2021-07-13,Simmonds,20,OP,3,R,12.9,na,5,7:41,3,na,,
2021-Jul,2021-07-13,Simmonds,20,OP,3,R,18.5,na,5,7:41,6,na,,
2021-Jul,2021-07-13,Simmonds,20,OP,3,R,18.8,na,5,7:41,10,na,,
2021-Jul,2021-07-13,Simmonds,20,OP,3,R,19,na,5,7:41,8,P,,
2021-Jul,2021-07-13,Simmonds,20,OP,3,L,13.3,na,5,7:41,6,na,,
2021-Jul,2021-07-13,Simmonds,20,OP,3,L,11.1,na,5,7:41,2,na,,
2021-Jul,2021-07-13,Simmonds,20,OP,3,L,9.8,na,5,7:41,2,na,,
2021-Jul,2021-07-13,Simmonds,20,OP,3,L,7.3,na,5,7:41,5,na,,
2021-Jul,2021-07-13,Simmonds,20,OP,3,L,4.8,na,5,7:41,17,na,,
2021-Jul,2021-07-13,Simmonds,20,OP,3,L,4.7,na,5,7:41,6,na,,
2021-Jul,2021-07-13,Simmonds,20,OP,3,L,4.5,na,5,7:41,10,na,,
2021-Jul,2021-07-13,Simmonds_HIRMD,20,MA,3,L,14,3 - 4.5 m,na,9:25,9,na,,
2021-Jul,2021-07-13,Simmonds_HIRMD,20,MA,3,L,13,3 - 4.5 m,na,9:25,22,na,,
2021-Jul,2021-07-13,Simmonds_HIRMD,20,MA,3,L,12,3 - 4.5 m,na,9:25,10,na,,
2021-Jul,2021-07-13,Simmonds_HIRMD,20,MA,3,L,9,3 - 4.5 m,na,9:25,9,P,,
2021-Jul,2021-07-13,Simmonds_HIRMD,20,MA,3,R,9,3 - 4.5 m,na,9:25,4,P,,
2021-Jul,2021-07-13,Simmonds_HIRMD,20,MA,3,L,8,3 - 4.5 m,na,9:25,11,P,,
2021-Jul,2021-07-13,Simmonds_HIRMD,20,MA,3,L,3,3 - 4.5 m,na,9:25,13,na,,
2021-Jul,2021-07-13,Simmonds_HIRMD,20,MA,3,R,2.5,3 - 4.5 m,na,9:25,15,na,,
2021-Jul,2021-07-13,Simmonds_HIRMD,20,MA,3,R,4,3 - 4.5 m,na,9:25,12,na,,
2021-Jul,2021-07-13,Simmonds_HIRMD,20,MA,3,R,4.5,3 - 4.5 m,na,9:25,13,na,,
2021-Jul,2021-07-13,Simmonds_HIRMD,20,MA,3,R,4.5,3 - 4.5 m,na,9:25,8,P,,
2021-Jul,2021-07-13,Simmonds_HIRMD,20,MA,3,R,5,3 - 4.5 m,na,9:25,5,na,,
2021-Jul,2021-07-13,Simmonds_HIRMD,20,MA,3,R,6,3 - 4.5 m,na,9:25,6,na,,
2021-Jul,2021-07-13,Simmonds_HIRMD,20,MA,3,R,8,3 - 4.5 m,na,9:25,18,P,,
2021-Jul,2021-07-13,Simmonds_HIRMD,20,MA,3,R,8,3 - 4.5 m,na,9:25,1,P,,
2021-Jul,2021-07-13,Simmonds_HIRMD,20,MA,3,R,8.5,3 - 4.5 m,na,9:25,11,na,,
2021-Jul,2021-07-13,Simmonds_HIRMD,20,MA,3,R,10,3 - 4.5 m,na,9:25,7,na,,
2021-Jul,2021-07-13,Simmonds_HIRMD,20,MA,3,R,10,3 - 4.5 m,na,9:25,3,na,,
2021-Jul,2021-07-13,Simmonds_HIRMD,20,MA,3,R,11,3 - 4.5 m,na,9:25,4,na,,
2021-Jul,2021-07-13,Simmonds_HIRMD,20,MA,3,R,11,3 - 4.5 m,na,9:25,7,na,,
2021-Jul,2021-07-13,Simmonds_HIRMD,20,OP,2,L,7.5,3 - 4.5 m,na,9:17,8,na,,
2021-Jul,2021-07-13,Simmonds_HIRMD,20,OP,2,L,7.4,3 - 4.5 m,na,9:17,9,na,,
2021-Jul,2021-07-13,Simmonds_HIRMD,20,OP,2,L,7.2,3 - 4.5 m,na,9:17,5,na,,
2021-Jul,2021-07-13,Simmonds_HIRMD,20,OP,2,L,7,3 - 4.5 m,na,9:17,9,na,,
2021-Jul,2021-07-13,Simmonds_HIRMD,20,OP,2,L,1.4,3 - 4.5 m,na,9:17,2,na,,
2021-Jul,2021-07-13,Simmonds_HIRMD,20,OP,2,L,1.5,3 - 4.5 m,na,9:17,3,na,,
2021-Jul,2021-07-13,Simmonds_HIRMD,20,OP,2,L,0,3 - 4.5 m,na,9:17,4,na,,
2021-Jul,2021-07-13,Simmonds_HIRMD,20,OP,2,R,0,3 - 4.5 m,na,9:17,15,na,,
2021-Jul,2021-07-13,Simmonds_HIRMD,20,OP,2,R,1.5,3 - 4.5 m,na,9:17,8,na,,
2021-Jul,2021-07-13,Simmonds_HIRMD,20,OP,2,R,1.6,3 - 4.5 m,na,9:17,16,na,,
2021-Jul,2021-07-13,Simmonds_HIRMD,20,OP,2,R,4.4,3 - 4.5 m,na,9:17,5,na,,
2021-Jul,2021-07-13,Simmonds_HIRMD,20,OP,2,R,5.7,3 - 4.5 m,na,9:17,2,na,,
2021-Jul,2021-07-13,Simmonds_HIRMD,20,OP,2,R,9.4,3 - 4.5 m,na,9:17,7,na,,
2021-Jul,2021-07-13,Simmonds_HIRMD,20,OP,2,R,9.5,3 - 4.5 m,na,9:17,9,na,,
2021-Jul,2021-07-13,Simmonds_HIRMD,20,OP,2,R,9.5,3 - 4.5 m,na,9:17,10,na,,
2021-Jul,2021-07-13,Simmonds_HIRMD,20,OP,2,R,9.6,3 - 4.5 m,na,9:17,8,na,,
2021-Jul,2021-07-13,Simmonds_HIRMD,20,OP,2,R,12,3 - 4.5 m,na,9:17,8,na,,
2021-Jul,2021-07-13,Simmonds_HIRMD,20,OP,2,R,12.2,3 - 4.5 m,na,9:17,19,na,,
2021-Jul,2021-07-13,Simmonds_HIRMD,20,OP,2,R,12.2,3 - 4.5 m,na,9:17,3,na,,
2021-Jul,2021-07-13,Simmonds_HIRMD,20,OP,2,R,19,3 - 4.5 m,na,9:17,3,na,,
2021-Jul,2021-07-13,Simmonds_HIRMD,20,OP,2,R,20,3 - 4.5 m,na,9:17,8,na,,
2021-Jul,2021-07-13,Simmonds_HIRMD,20,OP,2,R,20,3 - 4.5 m,na,9:17,6,na,,
2021-Jul,2021-07-13,Simmonds_HIRMD,20,OP,2,R,20,3 - 4.5 m,na,9:17,5,na,,
2021-Jul,2021-07-13,Simmonds_HIRMD,20,DVM,1,L,17,3 - 4.5 m,na,9:26,22,na,,
2021-Jul,2021-07-13,Simmonds_HIRMD,20,DVM,1,L,17.5,3 - 4.5 m,na,9:26,12,na,,
2021-Jul,2021-07-13,Simmonds_HIRMD,20,DVM,1,L,14.5,3 - 4.5 m,na,9:26,3,na,,
2021-Jul,2021-07-13,Simmonds_HIRMD,20,DVM,1,L,12.5,3 - 4.5 m,na,9:26,17,na,,
2021-Jul,2021-07-13,Simmonds_HIRMD,20,DVM,1,L,11,3 - 4.5 m,na,9:26,24,na,,
2021-Jul,2021-07-13,Simmonds_HIRMD,20,DVM,1,L,10.7,3 - 4.5 m,na,9:26,3,na,,
2021-Jul,2021-07-13,Simmonds_HIRMD,20,DVM,1,L,8,3 - 4.5 m,na,9:26,11,na,,
2021-Jul,2021-07-13,Simmonds_HIRMD,20,DVM,1,L,5,3 - 4.5 m,na,9:26,14,na,,
2021-Jul,2021-07-13,Simmonds_HIRMD,20,DVM,1,L,3.5,3 - 4.5 m,na,9:26,8,na,,
2021-Jul,2021-07-13,Simmonds_HIRMD,20,DVM,1,L,2,3 - 4.5 m,na,9:26,25,P,,
2021-Jul,2021-07-13,Simmonds_HIRMD,20,DVM,1,R,3,3 - 4.5 m,na,9:26,30,na,,
2021-Jul,2021-07-13,Simmonds_HIRMD,20,DVM,1,R,4,3 - 4.5 m,na,9:26,20,na,,
2021-Jul,2021-07-13,Simmonds_HIRMD,20,DVM,1,R,5,3 - 4.5 m,na,9:26,13,na,,
2021-Jul,2021-07-13,Simmonds_HIRMD,20,DVM,1,R,6,3 - 4.5 m,na,9:26,8,P,,
2021-Jul,2021-07-13,Simmonds_HIRMD,20,DVM,1,R,6,3 - 4.5 m,na,9:26,7,na,,
2021-Jul,2021-07-13,Simmonds_HIRMD,20,DVM,1,R,9.5,3 - 4.5 m,na,9:26,17,na,,
2021-Jul,2021-07-13,Simmonds_HIRMD,20,DVM,1,R,15,3 - 4.5 m,na,9:26,24,na,,
2021-Jul,2021-07-13,Simmonds_HIRMD,20,DVM,1,R,18,3 - 4.5 m,na,9:26,9,na,,
2021-Jul,2021-07-14,Golden,20,OP,1,L,2,5.4,4,8:11,8,na,,
2021-Jul,2021-07-14,Golden,20,OP,1,R,2,5.4,4,8:11,3,na,,
2021-Jul,2021-07-14,Golden,20,OP,1,R,7,5.4,4,8:11,2,na,,
2021-Jul,2021-07-14,Golden,20,OP,1,R,20,5.4,4,8:11,4,na,,
2021-Jul,2021-07-14,Golden,20,DVM,3,R,3,5.4,4,7:51,10,na,,
2021-Jul,2021-07-14,Golden,20,DVM,3,R,9.5,5.4,4,7:51,4,na,,
2021-Jul,2021-07-14,Golden,20,DVM,3,R,20,5.4,4,7:51,9,P,,
2021-Jul,2021-07-14,Golden,20,DVM,3,L,13.2,5.4,4,7:51,2,na,,
2021-Jul,2021-07-14,Golden,20,DVM,3,L,9.5,5.4,4,7:51,9,na,,
2021-Jul,2021-07-14,Golden,20,DVM,3,L,9,5.4,4,7:51,8,na,,
2021-Jul,2021-07-14,Golden,20,DVM,3,L,0,5.4,4,7:51,7,na,,
2021-Jul,2021-07-14,Golden,20,KH,2,R,12,5.4,4,8:04,4,na,,
2021-Jul,2021-07-14,Golden,20,KH,2,R,17,5.4,4,8:04,3,na,,
2021-Jul,2021-07-14,Golden,20,KH,2,R,19,5.4,4,8:04,7,na,,
2021-Jul,2021-07-15,Stryker,20,OP,3,R,1,na,4,11:26,5,na,,
2021-Jul,2021-07-15,Stryker,20,OP,3,R,1.2,na,4,11:26,5,na,,
2021-Jul,2021-07-15,Stryker,20,OP,3,R,12.1,na,4,11:26,9,na,,
2021-Jul,2021-07-15,Stryker,20,OP,3,R,12.2,na,4,11:26,18,na,,
2021-Jul,2021-07-15,Stryker,20,OP,3,R,13.8,na,4,11:26,13,na,,
2021-Jul,2021-07-15,Stryker,20,OP,3,R,14,na,4,11:26,15,na,,
2021-Jul,2021-07-15,Stryker,20,OP,3,R,14.1,na,4,11:26,16,na,,
2021-Jul,2021-07-15,Stryker,20,OP,3,R,17.6,na,4,11:26,29,na,,
2021-Jul,2021-07-15,Stryker,20,OP,3,R,20,na,4,11:26,41,na,,
2021-Jul,2021-07-15,Stryker,20,OP,3,L,16.8,na,4,11:26,14,na,,
2021-Jul,2021-07-15,Stryker,20,OP,3,L,16.6,na,4,11:26,8,na,,
2021-Jul,2021-07-15,Stryker,20,OP,3,L,16.5,na,4,11:26,10,na,,
2021-Jul,2021-07-15,Stryker,20,OP,3,L,9,na,4,11:26,6,na,,
2021-Jul,2021-07-15,Stryker,20,OP,3,L,8.5,na,4,11:26,6,na,,
2021-Jul,2021-07-15,Stryker,20,OP,3,L,8.3,na,4,11:26,12,na,,
2021-Jul,2021-07-15,Stryker,20,OP,3,L,8,na,4,11:26,3,na,,
2021-Jul,2021-07-15,Stryker,20,OP,3,L,7.8,na,4,11:26,7,na,,
2021-Jul,2021-07-15,Stryker,20,OP,3,L,7.5,na,4,11:26,6,na,,
2021-Jul,2021-07-15,Stryker,20,OP,3,L,7.6,na,4,11:26,7,na,,
2021-Jul,2021-07-15,Stryker,20,OP,3,L,7.5,na,4,11:26,25,na,,
2021-Jul,2021-07-15,Stryker,20,OP,3,L,3,na,4,11:26,9,na,,
2021-Jul,2021-07-15,Stryker,20,OP,3,L,2.7,na,4,11:26,6,na,,
2021-Jul,2021-07-15,Stryker,20,OP,3,L,2.5,na,4,11:26,8,na,,
2021-Jul,2021-07-15,Stryker,20,OP,3,L,0.5,na,4,11:26,8,na,,
2021-Jul,2021-07-15,Stryker_HIRMD,20,OP,2,R,20,6,na,14:30,9,na,,
2021-Jul,2021-07-15,Stryker_HIRMD,20,OP,2,R,17,6,na,14:30,27,na,,
2021-Jul,2021-07-15,Stryker_HIRMD,20,OP,2,R,17,6,na,14:30,13,na,,
2021-Jul,2021-07-15,Stryker_HIRMD,20,OP,2,R,17,6,na,14:30,7,na,,
2021-Jul,2021-07-15,Stryker_HIRMD,20,OP,2,R,10.5,6,na,14:30,3,na,,
2021-Jul,2021-07-15,Stryker_HIRMD,20,OP,2,R,6,6,na,14:30,10,na,,
2021-Jul,2021-07-15,Stryker_HIRMD,20,OP,2,R,4.5,6,na,14:30,9,na,,
2021-Jul,2021-07-15,Stryker_HIRMD,20,OP,2,R,4.5,6,na,14:30,9,na,,
2021-Jul,2021-07-15,Stryker_HIRMD,20,OP,2,R,4,6,na,14:30,8,na,,
2021-Jul,2021-07-15,Stryker_HIRMD,20,OP,2,R,4,6,na,14:30,20,na,,
2021-Jul,2021-07-15,Stryker_HIRMD,20,OP,2,L,3,6,na,14:30,20,na,,
2021-Jul,2021-07-15,Stryker_HIRMD,20,OP,2,L,3.2,6,na,14:30,7,na,,
2021-Jul,2021-07-15,Stryker_HIRMD,20,OP,2,L,3.2,6,na,14:30,5,na,,
2021-Jul,2021-07-15,Stryker_HIRMD,20,OP,2,L,2.4,6,na,14:30,10,na,,
2021-Jul,2021-07-15,Stryker_HIRMD,20,OP,2,L,3.4,6,na,14:30,7,na,,
2021-Jul,2021-07-15,Stryker_HIRMD,20,OP,2,L,2,6,na,14:30,6,na,,
2021-Jul,2021-07-15,Stryker_HIRMD,20,OP,2,L,2,6,na,14:30,19,na,,
2021-Jul,2021-07-16,Meay,20,DVM,3,L,5,na,2,9:18,7,na,,
2021-Jul,2021-07-16,Meay,20,DVM,3,R,17,na,2,9:18,21,na,,
2021-Jul,2021-07-16,Meay,20,DVM,3,L,17.5,na,2,9:18,27,na,,
2021-Jul,2021-07-16,Meay,20,DVM,3,R,19,na,2,9:18,5,na,,
2021-Jul,2021-07-16,Meay,20,DVM,3,L,20,na,2,9:18,17,na,,
2021-Jul,2021-07-16,Meay,20,KH,1,R,0_20,na,2,9:32,0,na,no plants,
2021-Jul,2021-07-16,Meay,20,KH,1,L,0_20,na,2,9:32,0,na,no plants,
2021-Jul,2021-07-15,Stryker,20,MA,1,R,6,na,4,11:21,42,na,,
2021-Jul,2021-07-15,Stryker,20,MA,1,R,6,na,4,11:21,11,P,,
2021-Jul,2021-07-15,Stryker,20,MA,1,R,16,na,4,11:21,6,na,,
2021-Jul,2021-07-15,Stryker,20,MA,1,L,16,na,4,11:21,8,P,,
2021-Jul,2021-07-15,Stryker,20,MA,1,L,14,na,4,11:21,19,na,,
2021-Jul,2021-07-15,Stryker,20,MA,1,L,13.5,na,4,11:21,11,na,,
2021-Jul,2021-07-15,Stryker,20,MA,1,L,14,na,4,11:21,12,P,,
2021-Jul,2021-07-15,Stryker,20,MA,1,L,11,na,4,11:21,9,na,,
2021-Jul,2021-07-15,Stryker,20,MA,1,L,11.5,na,4,11:21,6,na,,
2021-Jul,2021-07-15,Stryker,20,MA,1,L,11.5,na,4,11:21,4,na,,
2021-Jul,2021-07-15,Stryker,20,MA,1,L,4,na,4,11:21,5,na,,
2021-Jul,2021-07-15,Stryker,20,MA,1,L,3,na,4,11:21,5,na,,
2021-Jul,2021-07-15,Stryker,20,MA,1,L,1,na,4,11:21,4,P,,
2021-Jul,2021-07-15,Stryker_HIRMD,20,MA,1,R,20,6,na,14:30,2,na,,
2021-Jul,2021-07-15,Stryker_HIRMD,20,MA,1,R,17,6,na,14:30,4,na,,
2021-Jul,2021-07-15,Stryker_HIRMD,20,MA,1,R,13.5,6,na,14:30,4,na,,
2021-Jul,2021-07-15,Stryker_HIRMD,20,MA,1,R,13,6,na,14:30,3,na,,
2021-Jul,2021-07-15,Stryker_HIRMD,20,MA,1,R,12,6,na,14:30,11,na,,
2021-Jul,2021-07-15,Stryker_HIRMD,20,MA,1,R,11.5,6,na,14:30,5,na,,
2021-Jul,2021-07-15,Stryker_HIRMD,20,MA,1,R,6,6,na,14:30,9,na,,
2021-Jul,2021-07-15,Stryker_HIRMD,20,MA,1,R,5,6,na,14:30,10,na,,
2021-Jul,2021-07-15,Stryker_HIRMD,20,MA,1,L,10,6,na,14:30,2,na,,
2021-Jul,2021-07-15,Stryker_HIRMD,20,MA,1,L,10,6,na,14:30,1,na,,
2021-Jul,2021-07-15,Stryker_HIRMD,20,MA,1,L,15,6,na,14:30,4,na,,
2021-Jul,2021-07-15,Stryker_HIRMD,20,MA,1,L,17,6,na,14:30,4,na,,
2021-Jul,2021-07-15,Stryker_HIRMD,20,MA,1,L,17.5,6,na,14:30,8,na,,
2021-Jul,2021-07-15,Stryker_HIRMD,20,MA,1,L,18.5,6,na,14:30,10,na,,
2021-Jul,2021-07-15,Stryker_HIRMD,20,KH,3,L,13.6,6,na,14:21,15,na,,
2021-Jul,2021-07-15,Stryker_HIRMD,20,KH,3,L,6,6,na,14:21,6,na,,
2021-Jul,2021-07-15,Stryker_HIRMD,20,KH,3,L,5,6,na,14:21,6,na,,
2021-Jul,2021-07-15,Stryker_HIRMD,20,KH,3,L,5.2,6,na,14:21,7,P,,
2021-Jul,2021-07-15,Stryker_HIRMD,20,KH,3,L,2.4,6,na,14:21,4,na,,
2021-Jul,2021-07-15,Stryker_HIRMD,20,KH,3,L,2.1,6,na,14:21,1,na,,
2021-Jul,2021-07-15,Stryker_HIRMD,20,KH,3,L,2.3,6,na,14:21,8,na,,
2021-Jul,2021-07-15,Stryker_HIRMD,20,KH,3,L,1.9,6,na,14:21,9,na,,
2021-Jul,2021-07-15,Stryker_HIRMD,20,KH,3,L,0.5,6,na,14:21,5,na,,
2021-Jul,2021-07-15,Stryker_HIRMD,20,KH,3,R,0,6,na,14:21,4,P,,
2021-Jul,2021-07-15,Stryker_HIRMD,20,KH,3,R,0.1,6,na,14:21,8,na,,
2021-Jul,2021-07-15,Stryker_HIRMD,20,KH,3,R,4,6,na,14:21,4,na,,
2021-Jul,2021-07-15,Stryker_HIRMD,20,KH,3,R,5,6,na,14:21,7,na,,
2021-Jul,2021-07-15,Stryker_HIRMD,20,KH,3,R,6.3,6,na,14:21,15,na,,
2021-Jul,2021-07-15,Stryker_HIRMD,20,KH,3,R,6.5,6,na,14:21,1,na,,
2021-Jul,2021-07-15,Stryker_HIRMD,20,KH,3,R,7,6,na,14:21,1,na,,
2021-Jul,2021-07-15,Stryker_HIRMD,20,KH,3,R,7.2,6,na,14:21,4,na,,
2021-Jul,2021-07-15,Stryker_HIRMD,20,KH,3,R,8,6,na,14:21,2,na,,
2021-Jul,2021-07-15,Stryker_HIRMD,20,KH,3,R,8.9,6,na,14:21,6,na,,
2021-Jul,2021-07-15,Stryker_HIRMD,20,KH,3,R,9,6,na,14:21,17,na,,
2021-Jul,2021-07-15,Stryker_HIRMD,20,KH,3,R,9.2,6,na,14:21,10,na,,
2021-Jul,2021-07-15,Stryker_HIRMD,20,KH,3,R,9.3,6,na,14:21,1,na,,
2021-Jul,2021-07-15,Stryker_HIRMD,20,KH,3,R,9.1,6,na,14:21,10,na,,
2021-Jul,2021-07-15,Stryker_HIRMD,20,KH,3,R,9.4,6,na,14:21,9,na,,
2021-Jul,2021-07-15,Stryker_HIRMD,20,KH,3,R,13,6,na,14:21,7,na,,
2021-Jul,2021-07-15,Stryker_HIRMD,20,KH,3,R,14,6,na,14:21,18,na,,
2021-Jul,2021-07-15,Stryker_HIRMD,20,KH,3,R,17,6,na,14:21,11,na,,
2021-Jul,2021-07-15,Stryker_HIRMD,20,KH,3,R,17.1,6,na,14:21,7,na,,
2021-Jul,2021-07-15,Stryker_HIRMD,20,KH,3,R,18,6,na,14:21,8,P,,
2021-Jul,2021-07-15,Stryker,20,KH,2,R,0,na,4,11:12,7,na,,
2021-Jul,2021-07-15,Stryker,20,KH,2,R,0.5,na,4,11:12,4,na,,
2021-Jul,2021-07-15,Stryker,20,KH,2,R,2.1,na,4,11:12,7,P,,
2021-Jul,2021-07-15,Stryker,20,KH,2,R,2.2,na,4,11:12,16,na,,
2021-Jul,2021-07-15,Stryker,20,KH,2,R,2.3,na,4,11:12,19,na,,
2021-Jul,2021-07-15,Stryker,20,KH,2,R,10,na,4,11:12,12,na,,
2021-Jul,2021-07-15,Stryker,20,KH,2,L,20,na,4,11:12,5,na,,
2021-Jul,2021-07-15,Stryker,20,KH,2,L,14,na,4,11:12,6,na,,
2021-Jul,2021-07-15,Stryker,20,KH,2,L,13.9,na,4,11:12,8,P,,
2021-Jul,2021-07-15,Stryker,20,KH,2,L,5,na,4,11:12,3,na,,
2021-Jul,2021-07-15,Stryker,20,KH,2,L,4.2,na,4,11:12,6,na,,
2021-Jul,2021-07-15,Stryker,20,KH,2,L,4,na,4,11:12,7,na,,
2021-Jul,2021-07-15,Stryker,20,KH,2,L,3.3,na,4,11:12,2,na,,
2021-Jul,2021-07-16,Meay,20,MA,2,R,0_20,na,2,9:32,0,na,no plants,
2021-Jul,2021-07-16,Meay,20,MA,2,L,0_20,na,2,9:32,0,na,no plants,
2021-Jul,2021-07-18,Lyte,20,OP,1,R,8_10,4,na,na,7,na,,
2021-Jul,2021-07-18,Lyte,20,OP,1,R,10_12,4,na,na,11,na,,
2021-Jul,2021-07-18,Lyte,20,OP,1,R,14_16,4,na,na,15,na,,
2021-Jul,2021-07-18,Lyte,20,OP,1,R,16_18,4,na,na,2,na,,
2021-Jul,2021-07-18,Lyte,20,OP,1,L,0_2,4,na,na,21,na,,
2021-Jul,2021-07-18,Lyte,20,OP,1,L,2_4,4,na,na,32,na,,
2021-Jul,2021-07-18,Lyte,20,OP,1,L,4_6,4,na,na,33,na,,
2021-Jul,2021-07-18,Lyte,20,OP,1,L,8_10,4,na,na,43,na,,
2021-Jul,2021-07-18,Lyte,20,OP,1,L,16_18,4,na,na,10,na,,
2021-Jul,2021-07-18,Lyte,20,OP,1,L,18_20,4,na,na,26,na,,
2021-Jul,2021-07-18,Lyte,20,OP,2,R,0_2,4,na,na,9,na,,
2021-Jul,2021-07-18,Lyte,20,OP,2,R,2_4,4,na,na,25,na,,
2021-Jul,2021-07-18,Lyte,20,OP,2,R,10_12,4,na,na,3,na,,
2021-Jul,2021-07-18,Lyte,20,OP,2,R,18_20,4,na,na,17,na,,
2021-Jul,2021-07-18,Lyte,20,OP,2,L,8_10,4,na,na,11,na,,
2021-Jul,2021-07-18,Lyte,20,OP,2,L,16_18,4,na,na,21,na,,
2021-Jul,2021-07-18,Lyte,20,OP,2,L,18_20,4,na,na,25,na,,
2021-Jul,2021-07-18,Lyte,20,GSB,3,R,0_2,4,na,na,5,na,,
2021-Jul,2021-07-18,Lyte,20,GSB,3,R,2_4,4,na,na,10,na,,
2021-Jul,2021-07-18,Lyte,20,GSB,3,R,10_12,4,na,na,17,na,,
2021-Jul,2021-07-18,Lyte,20,GSB,3,R,12_14,4,na,na,31,na,,
2021-Jul,2021-07-18,Lyte,20,GSB,3,L,2_4,4,na,na,16,na,,
2021-Jul,2021-07-18,Lyte,20,GSB,3,L,4_6,4,na,na,20,na,,
2021-Jul,2021-07-18,Lyte,20,GSB,3,L,10_12,4,na,na,9,na,,
2021-Jul,2021-07-18,Lyte,20,GSB,3,L,12_14,4,na,na,24,na,,
2022-Jul,2022-07-10,Manley,20,DVM/OP,1,R,1,na,4,10:30,5,na,,
2022-Jul,2022-07-10,Manley,20,DVM/OP,1,L,3,na,4,10:30,4,na,,
2022-Jul,2022-07-10,Manley,20,DVM/OP,1,R,3,na,4,10:30,16,na,,
2022-Jul,2022-07-10,Manley,20,DVM/OP,1,R,4.5,na,4,10:30,4,na,,
2022-Jul,2022-07-10,Manley,20,DVM/OP,1,R,4.75,na,4,10:30,4,na,,
2022-Jul,2022-07-10,Manley,20,DVM/OP,1,R,5,na,4,10:30,3,na,,
2022-Jul,2022-07-10,Manley,20,DVM/OP,1,R,7.5,na,4,10:30,5,na,,
2022-Jul,2022-07-10,Manley,20,DVM/OP,2,R,0.5,na,4,10:30,11,na,,
2022-Jul,2022-07-10,Manley,20,DVM/OP,2,R,3,na,4,10:30,88,na,,
2022-Jul,2022-07-10,Manley,20,DVM/OP,2,R,4.5,na,4,10:30,19,na,,
2022-Jul,2022-07-10,Manley,20,DVM/OP,2,R,5,na,4,10:30,18,na,,
2022-Jul,2022-07-10,Manley,20,DVM/OP,2,R,7,na,4,10:30,2,na,,
2022-Jul,2022-07-10,Manley,20,DVM/OP,2,R,8.5,na,4,10:30,3,na,,
2022-Jul,2022-07-10,Manley,20,DVM/OP,2,R,9,na,4,10:30,3,na,,
2022-Jul,2022-07-10,Manley,20,DVM/OP,2,R,4,na,4,10:30,2,na,,
2022-Jul,2022-07-10,Manley,20,DVM/OP,2,L,8,na,4,10:30,1,na,,
2022-Jul,2022-07-10,Manley,20,DVM/OP,2,L,10,na,4,10:30,4,na,,
2022-Jul,2022-07-10,Manley,20,DVM/OP,3,L,2,na,4,10:30,1,na,,
2022-Jul,2022-07-10,Manley,20,DVM/OP,3,L,4,na,4,10:30,4,na,,
2022-Jul,2022-07-10,Manley,20,DVM/OP,3,R,4,na,4,10:30,9,na,,
2022-Jul,2022-07-10,Manley,20,DVM/OP,3,L,6,na,4,10:30,12,na,,
2022-Jul,2022-07-10,Manley,20,DVM/OP,2,L,8,na,4,10:30,25,na,,
2022-Jul,2022-07-10,Manley,20,DVM/OP,2,L,7.5,na,4,10:30,40,na,,
2022-Jul,2022-07-10,Manley,20,DVM/OP,2,L,7,na,4,10:30,26,na,,
2022-Jul,2022-07-10,Manley,20,DVM/OP,2,L,6.5,na,4,10:30,13,na,,
2022-Jul,2022-07-10,Manley,20,DVM/OP,2,L,6,na,4,10:30,11,na,,
2022-Jul,2022-07-11,Meay,20,OP,1,R,18,na,2,11:30,3,P,,
2022-Jul,2022-07-11,Meay,20,OP,2,L,16.5,na,2,11:30,5,P,,
2022-Jul,2022-07-11,Meay,20,OP,3,R,5,na,2,11:30,10,na,,
2022-Jul,2022-07-11,Meay,20,OP,3,L,17.5,na,2,11:30,55,na,,
2022-Jul,2022-07-11,Meay,20,OP,3,R,2,na,2,11:30,1,na,,
2022-Jul,2022-07-12,Triquetta,20,KH/OP/DVM,2,R,7,na,4,10:00,19,na,,
2022-Jul,2022-07-12,Triquetta,20,KH/OP/DVM,3,L,4,na,4,10:00,3,na,,
2022-Jul,2022-07-12,Triquetta,20,KH/OP/DVM,3,L,6,na,4,10:00,3,na,,
2022-Jul,2022-07-12,Triquetta,20,KH/OP/DVM,1,R,14,na,4,10:00,4,na,,
2022-Jul,2022-07-12,Triquetta,20,KH/OP/DVM,1,L,8,na,4,10:00,2,na,,
2022-Jul,2022-07-12,Triquetta,20,KH/OP/DVM,1,R,0,na,4,10:00,2,na,,
2022-Jul,2022-07-16,Simmonds,20,OP,3,R,4,na,5,10:40,4,na,,
2022-Jul,2022-07-16,Simmonds,20,OP,3,R,5,na,5,10:40,2,na,,
2022-Jul,2022-07-16,Simmonds,20,OP,3,R,6,na,5,10:40,5,na,,
2022-Jul,2022-07-16,Simmonds,20,OP,3,R,6.5,na,5,10:40,11,na,,
2022-Jul,2022-07-16,Simmonds,20,OP,3,R,8,na,5,10:40,12,na,,
2022-Jul,2022-07-16,Simmonds,20,OP,3,R,9,na,5,10:40,28,na,,
2022-Jul,2022-07-16,Simmonds,20,OP,3,R,12,na,5,10:40,14,na,,
2022-Jul,2022-07-16,Simmonds,20,OP,3,R,13,na,5,10:40,13,na,,
2022-Jul,2022-07-16,Simmonds,20,OP,3,R,14,na,5,10:40,17,na,,
2022-Jul,2022-07-16,Simmonds,20,OP,3,R,18,na,5,10:40,10,na,,
2022-Jul,2022-07-16,Simmonds,20,OP,3,R,18.5,na,5,10:40,9,na,,
2022-Jul,2022-07-16,Simmonds,20,OP,3,R,19,na,5,10:40,13,na,,
2022-Jul,2022-07-16,Simmonds,20,OP,3,R,19.5,na,5,10:40,19,na,,
2022-Jul,2022-07-16,Simmonds,20,OP,3,L,18.5,na,5,10:40,6,na,,
2022-Jul,2022-07-16,Simmonds,20,OP,3,L,18,na,5,10:40,24,na,,
2022-Jul,2022-07-16,Simmonds,20,OP,3,L,5,na,5,10:40,7,na,,
2022-Jul,2022-07-16,Simmonds,20,OP,3,L,5.5,na,5,10:40,4,na,,
2022-Jul,2022-07-16,Simmonds,20,OP,3,L,5.4,na,5,10:40,6,na,,
2022-Jul,2022-07-16,Simmonds,20,OP,3,L,4.5,na,5,10:40,30,na,,
2022-Jul,2022-07-16,Simmonds,20,KH,2,R,1,na,5,10:40,10,na,,
2022-Jul,2022-07-16,Simmonds,20,KH,2,R,7,na,5,10:40,4,na,,
2022-Jul,2022-07-16,Simmonds,20,KH,2,R,7.1,na,5,10:40,16,na,,
2022-Jul,2022-07-16,Simmonds,20,KH,2,R,7.2,na,5,10:40,13,na,,
2022-Jul,2022-07-16,Simmonds,20,KH,2,R,8,na,5,10:40,2,na,,
2022-Jul,2022-07-16,Simmonds,20,KH,2,R,9,na,5,10:40,18,na,,
2022-Jul,2022-07-16,Simmonds,20,KH,2,R,10,na,5,10:40,15,na,,
2022-Jul,2022-07-16,Simmonds,20,KH,2,R,17.9,na,5,10:40,5,na,,
2022-Jul,2022-07-16,Simmonds,20,KH,2,R,18,na,5,10:40,21,na,,
2022-Jul,2022-07-16,Simmonds,20,KH,2,L,20,na,5,10:40,6,na,,
2022-Jul,2022-07-16,Simmonds,20,KH,2,L,10,na,5,10:40,2,na,,
2022-Jul,2022-07-16,Simmonds,20,KH,2,L,9.5,na,5,10:40,13,na,,
2022-Jul,2022-07-16,Simmonds,20,KH,2,L,8.5,na,5,10:40,2,na,,
2022-Jul,2022-07-16,Simmonds,20,DVM,1,R,8,na,5,10:40,16,na,,
2022-Jul,2022-07-16,Simmonds,20,DVM,1,R,1.5,na,5,10:40,42,na,,
2022-Jul,2022-07-16,Simmonds,20,DVM,1,R,13,na,5,10:40,2,na,,
2022-Jul,2022-07-16,Simmonds,20,DVM,1,R,16,na,5,10:40,16,na,,
2022-Jul,2022-07-16,Simmonds,20,DVM,1,R,16,na,5,10:40,2,na,,
2022-Jul,2022-07-16,Simmonds,20,DVM,1,L,9,na,5,10:40,18,na,,
2022-Jul,2022-07-16,Simmonds,20,DVM,1,L,4,na,5,10:40,6,P,,
2022-Jul,2022-07-16,Simmonds_HIRMD,30,DVM,3,L,28,na,5,11:45,24,na,,
2022-Jul,2022-07-16,Simmonds_HIRMD,30,DVM,3,L,21,na,5,11:45,9,na,,
2022-Jul,2022-07-16,Simmonds_HIRMD,30,DVM,3,L,8.5,na,5,11:45,4,na,,
2022-Jul,2022-07-16,Simmonds_HIRMD,30,DVM,3,L,8,na,5,11:45,21,na,,
2022-Jul,2022-07-16,Simmonds_HIRMD,30,DVM,3,L,5.5,na,5,11:45,19,na,,
2022-Jul,2022-07-16,Simmonds_HIRMD,30,DVM,3,L,4,na,5,11:45,28,na,,
2022-Jul,2022-07-16,Simmonds_HIRMD,30,DVM,3,L,3.8,na,5,11:45,26,na,,
2022-Jul,2022-07-16,Simmonds_HIRMD,30,DVM,3,L,2.25,na,5,11:45,5,na,,
2022-Jul,2022-07-16,Simmonds_HIRMD,30,DVM,3,L,2,na,5,11:45,39,na,,
2022-Jul,2022-07-16,Simmonds_HIRMD,30,DVM,3,L,2.5,na,5,11:45,22,na,,
2022-Jul,2022-07-16,Simmonds_HIRMD,30,DVM,3,R,2,na,5,11:45,23,na,,
2022-Jul,2022-07-16,Simmonds_HIRMD,30,DVM,3,R,2.25,na,5,11:45,5,na,,
2022-Jul,2022-07-16,Simmonds_HIRMD,30,DVM,3,R,6,na,5,11:45,19,na,,
2022-Jul,2022-07-16,Simmonds_HIRMD,30,DVM,3,R,8,na,5,11:45,24,na,,
2022-Jul,2022-07-16,Simmonds_HIRMD,30,DVM,3,R,11,na,5,11:45,3,na,,
2022-Jul,2022-07-16,Simmonds_HIRMD,30,DVM,3,R,11,na,5,11:45,5,na,,
2022-Jul,2022-07-16,Simmonds_HIRMD,30,DVM,3,R,11,na,5,11:45,2,na,,
2022-Jul,2022-07-16,Simmonds_HIRMD,30,DVM,3,R,12,na,5,11:45,2,na,,
2022-Jul,2022-07-16,Simmonds_HIRMD,30,DVM,3,R,12.25,na,5,11:45,7,na,,
2022-Jul,2022-07-16,Simmonds_HIRMD,30,DVM,3,R,13,na,5,11:45,4,na,,
2022-Jul,2022-07-16,Simmonds_HIRMD,30,DVM,3,R,14.75,na,5,11:45,8,na,,
2022-Jul,2022-07-16,Simmonds_HIRMD,30,DVM,3,R,15.25,na,5,11:45,18,na,,
2022-Jul,2022-07-16,Simmonds_HIRMD,30,DVM,3,R,15.75,na,5,11:45,19,na,,
2022-Jul,2022-07-16,Simmonds_HIRMD,30,DVM,3,R,25.25,na,5,11:45,20,na,,
2022-Jul,2022-07-16,Simmonds_HIRMD,30,DVM,3,R,27,na,5,11:45,32,na,,
2022-Jul,2022-07-16,Simmonds_HIRMD,30,DVM,3,R,29,na,5,11:45,2,na,,
2022-Jul,2022-07-16,Simmonds_HIRMD,30,KH,2,L,30,na,5,11:45,12,na,,
2022-Jul,2022-07-16,Simmonds_HIRMD,30,KH,2,L,30,na,5,11:45,1,na,,
2022-Jul,2022-07-16,Simmonds_HIRMD,30,KH,2,L,27,na,5,11:45,20,na,,
2022-Jul,2022-07-16,Simmonds_HIRMD,30,KH,2,L,26,na,5,11:45,24,na,,
2022-Jul,2022-07-16,Simmonds_HIRMD,30,KH,2,L,25,na,5,11:45,12,na,,
2022-Jul,2022-07-16,Simmonds_HIRMD,30,KH,2,L,25.5,na,5,11:45,13,P,,
2022-Jul,2022-07-16,Simmonds_HIRMD,30,KH,2,L,24,na,5,11:45,11,na,,
2022-Jul,2022-07-16,Simmonds_HIRMD,30,KH,2,L,24.1,na,5,11:45,9,na,,
2022-Jul,2022-07-16,Simmonds_HIRMD,30,KH,2,L,22,na,5,11:45,11,na,,
2022-Jul,2022-07-16,Simmonds_HIRMD,30,KH,2,L,22.1,na,5,11:45,5,na,,
2022-Jul,2022-07-16,Simmonds_HIRMD,30,KH,2,L,20.5,na,5,11:45,7,na,,
2022-Jul,2022-07-16,Simmonds_HIRMD,30,KH,2,L,20,na,5,11:45,40,na,,
2022-Jul,2022-07-16,Simmonds_HIRMD,30,KH,2,L,14,na,5,11:45,6,na,,
2022-Jul,2022-07-16,Simmonds_HIRMD,30,KH,2,L,12,na,5,11:45,15,na,,
2022-Jul,2022-07-16,Simmonds_HIRMD,30,KH,2,L,12.1,na,5,11:45,2,na,,
2022-Jul,2022-07-16,Simmonds_HIRMD,30,KH,2,L,8,na,5,11:45,3,na,,
2022-Jul,2022-07-16,Simmonds_HIRMD,30,KH,2,L,8.1,na,5,11:45,15,na,,
2022-Jul,2022-07-16,Simmonds_HIRMD,30,KH,2,L,7,na,5,11:45,25,na,,
2022-Jul,2022-07-16,Simmonds_HIRMD,30,KH,2,L,0,na,5,11:45,20,na,,
2022-Jul,2022-07-16,Simmonds_HIRMD,30,KH,2,L,3,na,5,11:45,5,na,,
2022-Jul,2022-07-16,Simmonds_HIRMD,30,KH,2,L,6,na,5,11:45,5,P,,
2022-Jul,2022-07-16,Simmonds_HIRMD,30,KH,2,L,14,na,5,11:45,10,na,,
2022-Jul,2022-07-16,Simmonds_HIRMD,30,KH,2,L,14.1,na,5,11:45,12,na,,
2022-Jul,2022-07-16,Simmonds_HIRMD,30,KH,2,L,15,na,5,11:45,2,na,,
2022-Jul,2022-07-16,Simmonds_HIRMD,30,KH,2,L,17.5,na,5,11:45,9,na,,
2022-Jul,2022-07-16,Simmonds_HIRMD,30,KH,2,L,21,na,5,11:45,9,na,,
2022-Jul,2022-07-16,Simmonds_HIRMD,30,KH,2,L,21.5,na,5,11:45,10,na,,
2022-Jul,2022-07-16,Simmonds_HIRMD,30,KH,2,L,22,na,5,11:45,3,na,,
2022-Jul,2022-07-16,Simmonds_HIRMD,30,KH,2,L,22.5,na,5,11:45,5,na,,
2022-Jul,2022-07-16,Simmonds_HIRMD,30,KH,2,L,23,na,5,11:45,5,na,,
2022-Jul,2022-07-16,Simmonds_HIRMD,30,KH,2,L,23.1,na,5,11:45,18,na,,
2022-Jul,2022-07-16,Simmonds_HIRMD,30,OP,1,L,15,na,5,11:45,19,na,unclear if plant stopped at 20m or if diver not survey the last 10m (20-30),
2022-Jul,2022-07-16,Simmonds_HIRMD,30,OP,1,L,14.5,na,5,11:45,4,na,unclear if plant stopped at 20m or if diver not survey the last 10m (20-30),
2022-Jul,2022-07-16,Simmonds_HIRMD,30,OP,1,L,14,na,5,11:45,8,na,unclear if plant stopped at 20m or if diver not survey the last 10m (20-30),
2022-Jul,2022-07-16,Simmonds_HIRMD,30,OP,1,L,7,na,5,11:45,5,na,unclear if plant stopped at 20m or if diver not survey the last 10m (20-30),
2022-Jul,2022-07-16,Simmonds_HIRMD,30,OP,1,L,6.5,na,5,11:45,15,na,unclear if plant stopped at 20m or if diver not survey the last 10m (20-30),
2022-Jul,2022-07-16,Simmonds_HIRMD,30,OP,1,L,6,na,5,11:45,6,na,unclear if plant stopped at 20m or if diver not survey the last 10m (20-30),
2022-Jul,2022-07-16,Simmonds_HIRMD,30,OP,1,L,5.5,na,5,11:45,16,na,unclear if plant stopped at 20m or if diver not survey the last 10m (20-30),
2022-Jul,2022-07-16,Simmonds_HIRMD,30,OP,1,L,5.7,na,5,11:45,10,na,unclear if plant stopped at 20m or if diver not survey the last 10m (20-30),
2022-Jul,2022-07-16,Simmonds_HIRMD,30,OP,1,L,5.2,na,5,11:45,10,na,unclear if plant stopped at 20m or if diver not survey the last 10m (20-30),
2022-Jul,2022-07-16,Simmonds_HIRMD,30,OP,1,L,1,na,5,11:45,28,na,unclear if plant stopped at 20m or if diver not survey the last 10m (20-30),
2022-Jul,2022-07-16,Simmonds_HIRMD,30,OP,1,L,18,na,5,11:45,11,na,unclear if plant stopped at 20m or if diver not survey the last 10m (20-30),
2022-Jul,2022-07-18,Spider_HIRMD,30,LL,1,L,28,na,4,13:10,8,na,,
2022-Jul,2022-07-18,Spider_HIRMD,30,LL,1,R,25,na,4,13:10,3,P,,
2022-Jul,2022-07-18,Spider_HIRMD,30,LL,1,L,24.5,na,4,13:10,3,C,,
2022-Jul,2022-07-18,Spider_HIRMD,30,LL,1,L,23.5,na,4,13:10,8,na,,
2022-Jul,2022-07-18,Spider_HIRMD,30,LL,1,L,14.2,na,4,13:10,2,P,,
2022-Jul,2022-07-18,Spider_HIRMD,30,LL,1,L,11.8,na,4,13:10,22,na,,
2022-Jul,2022-07-18,Spider_HIRMD,30,LL,1,L,11.5,na,4,13:10,11,na,,
2022-Jul,2022-07-18,Spider_HIRMD,30,LL,1,L,11.2,na,4,13:10,5,na,,
2022-Jul,2022-07-18,Spider_HIRMD,30,LL,1,L,7.2,na,4,13:10,4,P,,
2022-Jul,2022-07-18,Spider_HIRMD,30,LL,1,R,6.6,na,4,13:10,1,C,,
2022-Jul,2022-07-18,Spider_HIRMD,30,LL,1,R,11.1,na,4,13:10,1,C,,
2022-Jul,2022-07-18,Spider_HIRMD,30,LL,1,R,14,na,4,13:10,9,T,,
2022-Jul,2022-07-18,Spider_HIRMD,30,LL,1,R,16.7,na,4,13:10,14,P,,
2022-Jul,2022-07-18,Spider_HIRMD,30,LL,1,R,20.7,na,4,13:10,4,P,,
2022-Jul,2022-07-18,Spider_HIRMD,30,LL,1,R,25.6,na,4,13:10,3,P,,
2022-Jul,2022-07-18,Spider_HIRMD,30,DVM,2,L,30,na,4,13:10,19,na,,
2022-Jul,2022-07-18,Spider_HIRMD,30,DVM,2,L,29,na,4,13:10,2,na,,
2022-Jul,2022-07-18,Spider_HIRMD,30,DVM,2,L,26,na,4,13:10,19,na,,
2022-Jul,2022-07-18,Spider_HIRMD,30,DVM,2,L,25,na,4,13:10,9,na,,
2022-Jul,2022-07-18,Spider_HIRMD,30,DVM,2,L,24.75,na,4,13:10,12,na,,
2022-Jul,2022-07-18,Spider_HIRMD,30,DVM,2,L,21.5,na,4,13:10,7,na,,
2022-Jul,2022-07-18,Spider_HIRMD,30,DVM,2,L,21.5,na,4,13:10,20,na,,
2022-Jul,2022-07-18,Spider_HIRMD,30,DVM,2,L,20,na,4,13:10,6,na,,
2022-Jul,2022-07-18,Spider_HIRMD,30,DVM,2,L,19,na,4,13:10,10,P,,
2022-Jul,2022-07-18,Spider_HIRMD,30,DVM,2,L,15.25,na,4,13:10,14,na,,
2022-Jul,2022-07-18,Spider_HIRMD,30,DVM,2,L,13.75,na,4,13:10,19,na,,
2022-Jul,2022-07-18,Spider_HIRMD,30,DVM,2,L,9,na,4,13:10,11,na,,
2022-Jul,2022-07-18,Spider_HIRMD,30,DVM,2,L,7,na,4,13:10,18,na,,
2022-Jul,2022-07-18,Spider_HIRMD,30,DVM,2,L,5,na,4,13:10,8,P,,
2022-Jul,2022-07-18,Spider_HIRMD,30,DVM,2,L,2,na,4,13:10,22,P,,
2022-Jul,2022-07-18,Spider_HIRMD,30,DVM,2,R,1.25,na,4,13:10,36,na,,
2022-Jul,2022-07-18,Spider_HIRMD,30,DVM,2,R,15.5,na,4,13:10,22,na,,
2022-Jul,2022-07-18,Spider_HIRMD,30,DVM,2,R,15.5,na,4,13:10,4,na,,
2022-Jul,2022-07-18,Spider_HIRMD,30,DVM,2,R,17,na,4,13:10,19,na,,
2022-Jul,2022-07-18,Spider_HIRMD,30,DVM,2,R,19,na,4,13:10,5,na,,
2022-Jul,2022-07-18,Spider_HIRMD,30,DVM,2,R,19,na,4,13:10,20,na,,
2022-Jul,2022-07-18,Spider_HIRMD,30,DVM,2,R,21,na,4,13:10,10,na,,
2022-Jul,2022-07-18,Spider_HIRMD,30,DVM,2,R,22,na,4,13:10,15,na,,
2022-Jul,2022-07-18,Spider_HIRMD,30,DVM,2,R,25.25,na,4,13:10,21,na,,
2022-Jul,2022-07-18,Spider_HIRMD,30,DVM,2,R,29,na,4,13:10,26,P,,
2022-Jul,2022-07-18,Spider_HIRMD,30,BT,3,L,4.9,na,4,13:10,5,na,,
2022-Jul,2022-07-18,Spider_HIRMD,30,BT,3,L,5,na,4,13:10,15,na,,
2022-Jul,2022-07-18,Spider_HIRMD,30,BT,3,L,5.1,na,4,13:10,2,na,,
2022-Jul,2022-07-18,Spider_HIRMD,30,BT,3,R,5.6,na,4,13:10,9,na,,
2022-Jul,2022-07-18,Spider_HIRMD,30,BT,3,R,10,na,4,13:10,13,na,,
2022-Jul,2022-07-18,Spider_HIRMD,30,BT,3,R,11,na,4,13:10,5,na,,
2022-Jul,2022-07-18,Spider_HIRMD,30,BT,3,R,11,na,4,13:10,5,na,,
2022-Jul,2022-07-18,Spider_HIRMD,30,BT,3,R,11.1,na,4,13:10,1,na,,
2022-Jul,2022-07-18,Spider_HIRMD,30,BT,3,R,11.2,na,4,13:10,2,na,,
2022-Jul,2022-07-18,Spider_HIRMD,30,BT,3,R,12.2,na,4,13:10,7,na,,
2022-Jul,2022-07-18,Spider_HIRMD,30,BT,3,R,12.5,na,4,13:10,5,na,,
2022-Jul,2022-07-18,Spider_HIRMD,30,BT,3,R,13.1,na,4,13:10,7,na,,
2022-Jul,2022-07-18,Spider_HIRMD,30,BT,3,R,15,na,4,13:10,13,na,,
2022-Jul,2022-07-18,Spider_HIRMD,30,BT,3,R,17.1,na,4,13:10,6,na,,
2022-Jul,2022-07-18,Spider_HIRMD,30,BT,3,R,17,na,4,13:10,6,P,,
2022-Jul,2022-07-18,Spider_HIRMD,30,BT,3,L,18.6,na,4,13:10,7,na,,
2022-Jul,2022-07-18,Spider_HIRMD,30,BT,3,L,19.8,na,4,13:10,6,na,,
2022-Jul,2022-07-18,Spider_HIRMD,30,BT,3,L,19.9,na,4,13:10,3,na,,
2022-Jul,2022-07-18,Spider_HIRMD,30,BT,3,R,20.1,na,4,13:10,7,na,,
2022-Jul,2022-07-18,Spider_HIRMD,30,BT,3,R,20.2,na,4,13:10,6,na,,
2022-Jul,2022-07-18,Spider_HIRMD,30,BT,3,R,23.5,na,4,13:10,8,na,,
2022-Jul,2022-07-18,Spider_HIRMD,30,BT,3,R,23.8,na,4,13:10,14,na,,
2022-Jul,2022-07-18,Spider_HIRMD,30,BT,3,R,24.1,na,4,13:10,3,na,,
2022-Jul,2022-07-18,Spider_HIRMD,30,BT,3,R,24.3,na,4,13:10,8,na,,
2022-Jul,2022-07-18,Spider_HIRMD,30,BT,3,L,25.6,na,4,13:10,6,na,,
2022-Jul,2022-07-18,Spider_HIRMD,30,BT,3,L,25.8,na,4,13:10,5,na,,
2022-Jul,2022-07-18,Spider_HIRMD,30,BT,3,R,26.2,na,4,13:10,12,na,,
2022-Jul,2022-07-18,Spider_HIRMD,30,BT,3,L,28.2,na,4,13:10,9,na,,
2022-Jul,2022-07-18,Spider_HIRMD,30,BT,3,L,28.2,na,4,13:10,2,na,,
2022-Jul,2022-07-18,Spider_HIRMD,30,BT,3,L,28.3,na,4,13:10,3,na,,
2022-Jul,2022-07-19,Westbeach,20,DVM,2,R,1,na,2,10:30,57,na,,
2022-Jul,2022-07-19,Westbeach,20,DVM,2,R,1.25,na,2,10:30,31,na,,
2022-Jul,2022-07-19,Westbeach,20,DVM,2,R,7,na,2,10:30,67,na,,
2022-Jul,2022-07-19,Westbeach,20,DVM,2,R,10.75,na,2,10:30,5,na,,
2022-Jul,2022-07-19,Westbeach,20,DVM,2,R,1,na,2,10:30,102,na,,
2022-Jul,2022-07-19,Westbeach,20,DVM,2,R,13.5,na,2,10:30,133,na,,
2022-Jul,2022-07-19,Westbeach,20,DVM,2,L,6,na,2,10:30,6,na,,
2022-Jul,2022-07-19,Westbeach,20,LL,3,R,3,na,2,10:30,17,na,,
2022-Jul,2022-07-19,Westbeach,20,LL,3,R,3.2,na,2,10:30,32,P,,
2022-Jul,2022-07-19,Westbeach,20,LL,3,R,4,na,2,10:30,38,P,,
2022-Jul,2022-07-19,Westbeach,20,LL,3,R,8,na,2,10:30,27,P,,
2022-Jul,2022-07-19,Westbeach,20,LL,3,R,8.3,na,2,10:30,3,C,,
2022-Jul,2022-07-19,Westbeach,20,LL,3,R,10,na,2,10:30,18,na,,
2022-Jul,2022-07-19,Westbeach,20,LL,3,R,15,na,2,10:30,3,na,"storm come through, fronds are chopped off and plants are in shambles ",
2022-Jul,2022-07-19,Westbeach,20,LL,3,R,16,na,2,10:30,18,na,"storm come through, fronds are chopped off and plants are in shambles ",
2022-Jul,2022-07-19,Westbeach,20,LL,3,L,20,na,2,10:30,4,na,"storm come through, fronds are chopped off and plants are in shambles ",
2022-Jul,2022-07-19,Westbeach,20,LL,3,L,18,na,2,10:30,8,na,"storm come through, fronds are chopped off and plants are in shambles ",
2022-Jul,2022-07-19,Westbeach,20,LL,3,L,17,na,2,10:30,1,C,"storm come through, fronds are chopped off and plants are in shambles ",
2022-Jul,2022-07-19,Westbeach,20,LL,3,L,17,na,2,10:30,1,C,"storm come through, fronds are chopped off and plants are in shambles ",
2022-Jul,2022-07-19,Westbeach,20,LL,3,L,15,na,2,10:30,33,P,"storm come through, fronds are chopped off and plants are in shambles ",
2022-Jul,2022-07-19,Westbeach,20,LL,3,L,7,na,2,10:30,18,P,"storm come through, fronds are chopped off and plants are in shambles ",
2022-Jul,2022-07-19,Westbeach,20,LL,3,L,5,na,2,10:30,6,na,"storm come through, fronds are chopped off and plants are in shambles ",
2022-Jul,2022-07-19,Westbeach,20,OP,1,R,2.2,na,2,10:30,2,na,"storm come through, fronds are chopped off and plants are in shambles ",
2022-Jul,2022-07-19,Westbeach,20,OP,1,R,2.5,na,2,10:30,13,na,"storm come through, fronds are chopped off and plants are in shambles ",
2022-Jul,2022-07-19,Westbeach,20,OP,1,R,2.7,na,2,10:30,3,na,"storm come through, fronds are chopped off and plants are in shambles ",
2022-Jul,2022-07-19,Westbeach,20,OP,1,R,3,na,2,10:30,7,na,"storm come through, fronds are chopped off and plants are in shambles ",
2022-Jul,2022-07-19,Westbeach,20,OP,1,R,3.2,na,2,10:30,5,na,"storm come through, fronds are chopped off and plants are in shambles ",
2022-Jul,2022-07-19,Westbeach,20,OP,1,R,3.5,na,2,10:30,4,P,"storm come through, fronds are chopped off and plants are in shambles ",
2022-Jul,2022-07-19,Westbeach,20,OP,1,R,3.5,na,2,10:30,5,P,"storm come through, fronds are chopped off and plants are in shambles ",
2022-Jul,2022-07-19,Westbeach,20,OP,1,R,4,na,2,10:30,11,na,"storm come through, fronds are chopped off and plants are in shambles ",
2022-Jul,2022-07-19,Westbeach,20,OP,1,R,6.7,na,2,10:30,6,na,"storm come through, fronds are chopped off and plants are in shambles ",
2022-Jul,2022-07-19,Westbeach,20,OP,1,R,7,na,2,10:30,14,na,"storm come through, fronds are chopped off and plants are in shambles ",
2022-Jul,2022-07-19,Westbeach,20,OP,1,R,7,na,2,10:30,3,na,"storm come through, fronds are chopped off and plants are in shambles ",
2022-Jul,2022-07-19,Westbeach,20,OP,1,R,7,na,2,10:30,28,na,"storm come through, fronds are chopped off and plants are in shambles ",
2022-Jul,2022-07-19,Westbeach,20,OP,1,R,12,na,2,10:30,8,na,"storm come through, fronds are chopped off and plants are in shambles ",
2022-Jul,2022-07-19,Westbeach,20,OP,1,R,12,na,2,10:30,19,na,"storm come through, fronds are chopped off and plants are in shambles ",
2022-Jul,2022-07-19,Westbeach,20,OP,1,R,12,na,2,10:30,28,na,"storm come through, fronds are chopped off and plants are in shambles ",
2022-Jul,2022-07-19,Westbeach,20,OP,1,R,12,na,2,10:30,4,na,"storm come through, fronds are chopped off and plants are in shambles ",
2022-Jul,2022-07-19,Westbeach,20,OP,1,L,11,na,2,10:30,6,na,"storm come through, fronds are chopped off and plants are in shambles ",
2022-Jul,2022-07-19,Westbeach,20,OP,1,L,7,na,2,10:30,9,na,"storm come through, fronds are chopped off and plants are in shambles ",
2022-Jul,2022-07-19,Westbeach,20,OP,1,L,6.5,na,2,10:30,4,na,"storm come through, fronds are chopped off and plants are in shambles ",
2022-Jul,2022-07-19,Westbeach,20,OP,1,L,0,na,2,10:30,3,na,"storm come through, fronds are chopped off and plants are in shambles ",
2022-Jul,2022-07-17,Stryker,20,DVM,3,R,0,na,4,10:45,11,na,,
2022-Jul,2022-07-17,Stryker,20,DVM,3,R,4,na,4,10:45,12,na,,
2022-Jul,2022-07-17,Stryker,20,DVM,3,R,6.5,na,4,10:45,9,na,,
2022-Jul,2022-07-17,Stryker,20,DVM,3,R,7,na,4,10:45,4,na,,
2022-Jul,2022-07-17,Stryker,20,DVM,3,R,11,na,4,10:45,26,na,,
2022-Jul,2022-07-17,Stryker,20,DVM,3,R,14,na,4,10:45,13,na,,
2022-Jul,2022-07-17,Stryker,20,DVM,3,R,17,na,4,10:45,4,na,,
2022-Jul,2022-07-17,Stryker,20,DVM,3,R,19,na,4,10:45,17,na,,
2022-Jul,2022-07-17,Stryker,20,DVM,3,L,16,na,4,10:45,6,na,,
2022-Jul,2022-07-17,Stryker,20,DVM,3,L,15.5,na,4,10:45,3,na,,
2022-Jul,2022-07-17,Stryker,20,DVM,3,L,15,na,4,10:45,35,na,,
2022-Jul,2022-07-17,Stryker,20,DVM,3,L,7.5,na,4,10:45,18,na,,
2022-Jul,2022-07-17,Stryker,20,DVM,3,L,6.5,na,4,10:45,24,na,,
2022-Jul,2022-07-17,Stryker,20,DVM,3,L,3,na,4,10:45,12,na,,
2022-Jul,2022-07-17,Stryker,20,DVM,3,L,2.5,na,4,10:45,19,na,,
2022-Jul,2022-07-17,Stryker,20,DVM,2,R,0.5,na,4,10:45,6,na,,
2022-Jul,2022-07-17,Stryker,20,DVM,2,R,2.5,na,4,10:45,23,na,,
2022-Jul,2022-07-17,Stryker,20,DVM,2,R,3,na,4,10:45,5,na,,
2022-Jul,2022-07-17,Stryker,20,DVM,2,R,3,na,4,10:45,4,na,,
2022-Jul,2022-07-17,Stryker,20,DVM,2,R,10.5,na,4,10:45,8,na,,
2022-Jul,2022-07-17,Stryker,20,DVM,2,R,11,na,4,10:45,16,na,,
2022-Jul,2022-07-17,Stryker,20,DVM,2,R,11,na,4,10:45,8,na,,
2022-Jul,2022-07-17,Stryker,20,DVM,2,R,16,na,4,10:45,14,na,,
2022-Jul,2022-07-17,Stryker,20,DVM,2,L,14,na,4,10:45,58,na,,
2022-Jul,2022-07-17,Stryker,20,DVM,2,L,14,na,4,10:45,4,na,,
2022-Jul,2022-07-17,Stryker,20,DVM,2,L,14,na,4,10:45,13,na,,
2022-Jul,2022-07-17,Stryker,20,DVM,2,L,3.25,na,4,10:45,9,na,,
2022-Jul,2022-07-17,Stryker,20,DVM,2,L,3.5,na,4,10:45,5,na,,
2022-Jul,2022-07-17,Stryker,20,DVM,2,L,3,na,4,10:45,4,na,,
2022-Jul,2022-07-17,Stryker,20,DVM,2,L,1,na,4,10:45,4,na,,
2022-Jul,2022-07-17,Stryker,20,DVM,1,R,5,na,4,10:45,9,na,,
2022-Jul,2022-07-17,Stryker,20,DVM,1,R,6.5,na,4,10:45,25,na,,
2022-Jul,2022-07-17,Stryker,20,DVM,1,R,20,na,4,10:45,8,na,,
2022-Jul,2022-07-17,Stryker,20,DVM,1,L,15,na,4,10:45,7,na,,
2022-Jul,2022-07-17,Stryker,20,DVM,1,L,13,na,4,10:45,38,na,,
2022-Jul,2022-07-17,Stryker,20,DVM,1,L,10,na,4,10:45,4,na,,
2022-Jul,2022-07-17,Stryker,20,DVM,1,L,10,na,4,10:45,4,na,,
2022-Jul,2022-07-17,Stryker,20,DVM,1,L,8.5,na,4,10:45,7,na,,
2022-Jul,2022-07-17,Stryker,20,DVM,1,L,8,na,4,10:45,10,na,,
2022-Jul,2022-07-17,Stryker,20,DVM,1,L,8,na,4,10:45,12,na,,
2022-Jul,2022-07-17,Stryker,20,DVM,1,L,4.75,na,4,10:45,6,na,,
2022-Jul,2022-07-17,Stryker,20,DVM,1,L,4,na,4,10:45,5,na,,
2022-Jul,2022-07-17,Stryker,20,DVM,1,L,1,na,4,10:45,50,na,,
2022-Jul,2022-07-18,Triquet,20,DVM,3,R,1.5,na,4,10:30,16,na,,
2022-Jul,2022-07-18,Triquet,20,DVM,3,R,12.5,na,4,10:30,113,na,,
2022-Jul,2022-07-18,Triquet,20,DVM,2,R,15.5,na,4,10:30,8,na,,
2022-Jul,2022-07-18,Triquet,20,DVM,2,L,19,na,4,10:30,11,na,,
2022-Jul,2022-07-18,Triquet,20,DVM,2,L,11,na,4,10:30,28,na,,
2022-Jul,2022-07-18,Triquet,20,DVM,2,L,10.75,na,4,10:30,18,na,,
2022-Jul,2022-07-18,Triquet,20,DVM,1,R,1,na,4,10:30,5,na,,
2022-Jul,2022-07-18,Triquet,20,DVM,1,R,1.5,na,4,10:30,52,na,,
2022-Jul,2022-07-18,Triquet,20,DVM,1,R,5,na,4,10:30,26,na,,
2022-Jul,2022-07-18,Triquet,20,DVM,1,R,10,na,4,10:30,4,na,,
2022-Jul,2022-07-18,Triquet,20,DVM,1,R,17,na,4,10:30,27,na,,
2022-Jul,2022-07-18,Triquet,20,DVM,1,R,18,na,4,10:30,6,na,,
2022-Jul,2022-07-18,Triquet,20,DVM,1,R,19,na,4,10:30,7,na,,
2022-Jul,2022-07-18,Triquet,20,DVM,1,R,20,na,4,10:30,5,na,,
2022-Jul,2022-07-18,Triquet,20,DVM,1,L,19.5,na,4,10:30,5,na,,
2022-Jul,2022-07-18,Triquet,20,DVM,1,L,17,na,4,10:30,14,na,,
2022-Jul,2022-07-18,Triquet,20,DVM,1,L,16.75,na,4,10:30,5,na,,
2022-Jul,2022-07-18,Triquet,20,DVM,1,L,16.5,na,4,10:30,4,na,,
2022-Jul,2022-07-18,Triquet,20,DVM,1,L,16.5,na,4,10:30,9,na,,
2022-Jul,2022-07-18,Triquet,20,DVM,1,L,10,na,4,10:30,20,P,,
2022-Jul,2022-07-17,Stryker_HIRMD,30,KH,2,L,29,na,6,13:00,7,na,,
2022-Jul,2022-07-17,Stryker_HIRMD,30,KH,2,L,28.5,na,6,13:00,3,na,,
2022-Jul,2022-07-17,Stryker_HIRMD,30,KH,2,L,28.4,na,6,13:00,6,na,,
2022-Jul,2022-07-17,Stryker_HIRMD,30,KH,2,L,27.5,na,6,13:00,5,na,,
2022-Jul,2022-07-17,Stryker_HIRMD,30,KH,2,L,22,na,6,13:00,3,P,,
2022-Jul,2022-07-17,Stryker_HIRMD,30,KH,2,L,22.6,na,6,13:00,10,na,,
2022-Jul,2022-07-17,Stryker_HIRMD,30,KH,2,L,22.5,na,6,13:00,2,na,,
2022-Jul,2022-07-17,Stryker_HIRMD,30,KH,2,L,22.4,na,6,13:00,13,na,,
2022-Jul,2022-07-17,Stryker_HIRMD,30,KH,2,L,22,na,6,13:00,4,na,,
2022-Jul,2022-07-17,Stryker_HIRMD,30,KH,2,L,13,na,6,13:00,8,P,,
2022-Jul,2022-07-17,Stryker_HIRMD,30,KH,2,L,12,na,6,13:00,9,na,,
2022-Jul,2022-07-17,Stryker_HIRMD,30,KH,2,R,0,na,6,13:00,42,na,,
2022-Jul,2022-07-17,Stryker_HIRMD,30,KH,2,R,2,na,6,13:00,16,na,,
2022-Jul,2022-07-17,Stryker_HIRMD,30,KH,2,R,7,na,6,13:00,3,na,,
2022-Jul,2022-07-17,Stryker_HIRMD,30,KH,2,R,7.5,na,6,13:00,4,na,,
2022-Jul,2022-07-17,Stryker_HIRMD,30,KH,2,R,8,na,6,13:00,16,na,,
2022-Jul,2022-07-17,Stryker_HIRMD,30,KH,2,R,14,na,6,13:00,12,na,,
2022-Jul,2022-07-17,Stryker_HIRMD,30,KH,2,R,14.1,na,6,13:00,10,na,,
2022-Jul,2022-07-17,Stryker_HIRMD,30,KH,2,R,15,na,6,13:00,9,na,,
2022-Jul,2022-07-17,Stryker_HIRMD,30,KH,2,R,15.2,na,6,13:00,4,na,,
2022-Jul,2022-07-17,Stryker_HIRMD,30,KH,2,R,15.3,na,6,13:00,27,na,,
2022-Jul,2022-07-17,Stryker_HIRMD,30,KH,2,R,15.5,na,6,13:00,5,na,,
2022-Jul,2022-07-17,Stryker_HIRMD,30,KH,2,R,16,na,6,13:00,9,na,,
2022-Jul,2022-07-17,Stryker_HIRMD,30,KH,2,R,16.5,na,6,13:00,11,na,,
2022-Jul,2022-07-17,Stryker_HIRMD,30,KH,2,R,17.5,na,6,13:00,24,na,,
2022-Jul,2022-07-17,Stryker_HIRMD,30,KH,2,R,24,na,6,13:00,10,P,,
2022-Jul,2022-07-17,Stryker_HIRMD,30,KH,2,R,27,na,6,13:00,9,na,,
2022-Jul,2022-07-17,Stryker_HIRMD,30,KH,2,R,27.5,na,6,13:00,11,na,,
2022-Jul,2022-07-17,Stryker_HIRMD,30,KH,2,R,28,na,6,13:00,5,na,,
2022-Jul,2022-07-17,Stryker_HIRMD,30,KH,2,R,29,na,6,13:00,10,na,,
2022-Jul,2022-07-17,Stryker_HIRMD,30,KH,2,R,30,na,6,13:00,11,na,,
2022-Jul,2022-07-17,Stryker_HIRMD,30,KH,2,R,30,na,6,13:00,5,na,,
2022-Jul,2022-07-17,Stryker_HIRMD,30,DVM,3,L,22,na,6,13:00,8,na,,
2022-Jul,2022-07-17,Stryker_HIRMD,30,DVM,3,L,20.5,na,6,13:00,39,na,,
2022-Jul,2022-07-17,Stryker_HIRMD,30,DVM,3,L,20,na,6,13:00,37,na,,
2022-Jul,2022-07-17,Stryker_HIRMD,30,DVM,3,L,19.75,na,6,13:00,22,na,,
2022-Jul,2022-07-17,Stryker_HIRMD,30,DVM,3,L,18,na,6,13:00,8,na,,
2022-Jul,2022-07-17,Stryker_HIRMD,30,DVM,3,L,17.5,na,6,13:00,5,P,,
2022-Jul,2022-07-17,Stryker_HIRMD,30,DVM,3,L,8,na,6,13:00,22,na,,
2022-Jul,2022-07-17,Stryker_HIRMD,30,DVM,3,L,6.5,na,6,13:00,28,na,,
2022-Jul,2022-07-17,Stryker_HIRMD,30,DVM,3,L,3.5,na,6,13:00,8,na,,
2022-Jul,2022-07-17,Stryker_HIRMD,30,DVM,3,L,1.5,na,6,13:00,10,P,,
2022-Jul,2022-07-17,Stryker_HIRMD,30,DVM,3,R,0,na,6,13:00,32,na,,
2022-Jul,2022-07-17,Stryker_HIRMD,30,DVM,3,R,0.5,na,6,13:00,5,P,,
2022-Jul,2022-07-17,Stryker_HIRMD,30,DVM,3,R,2,na,6,13:00,30,na,,
2022-Jul,2022-07-17,Stryker_HIRMD,30,DVM,3,R,6,na,6,13:00,29,na,,
2022-Jul,2022-07-17,Stryker_HIRMD,30,DVM,3,R,16,na,6,13:00,7,na,,
2022-Jul,2022-07-17,Stryker_HIRMD,30,DVM,3,R,16.25,na,6,13:00,4,na,,
2022-Jul,2022-07-17,Stryker_HIRMD,30,DVM,3,R,21.75,na,6,13:00,8,na,,
2022-Jul,2022-07-17,Stryker_HIRMD,30,DVM,3,R,23,na,6,13:00,11,na,,
2022-Jul,2022-07-17,Stryker_HIRMD,30,DVM,3,R,23.5,na,6,13:00,11,na,,
2022-Jul,2022-07-17,Stryker_HIRMD,30,DVM,3,R,23.75,na,6,13:00,4,na,,
2022-Jul,2022-07-17,Stryker_HIRMD,30,DVM,3,R,24,na,6,13:00,3,P,,
2022-Jul,2022-07-17,Stryker_HIRMD,30,DVM,3,R,24.75,na,6,13:00,32,na,,
2022-Jul,2022-07-17,Stryker_HIRMD,30,DVM,3,R,25,na,6,13:00,16,na,,
2022-Jul,2022-07-17,Stryker_HIRMD,30,DVM,3,R,26,na,6,13:00,32,na,,
2022-Jul,2022-07-17,Stryker_HIRMD,30,DVM,3,R,27,na,6,13:00,13,na,,
2022-Jul,2022-07-17,Stryker_HIRMD,30,DVM,3,R,27,na,6,13:00,5,na,,
2022-Jul,2022-07-17,Stryker_HIRMD,30,DVM,3,R,27.75,na,6,13:00,8,na,,
2022-Jul,2022-07-17,Stryker_HIRMD,30,DVM,3,R,28,na,6,13:00,13,na,,
2022-Jul,2022-07-17,Stryker_HIRMD,30,DVM,3,R,29,na,6,13:00,15,na,,
2022-Jul,2022-07-17,Stryker_HIRMD,30,DVM,3,R,30,na,6,13:00,13,P,,
2022-Jul,2022-07-17,Stryker_HIRMD,30,BT,1,R,3.3,na,6,13:00,5,P,,
2022-Jul,2022-07-17,Stryker_HIRMD,30,BT,1,R,6.1,na,6,13:00,14,na,,
2022-Jul,2022-07-17,Stryker_HIRMD,30,BT,1,L,6.1,na,6,13:00,15,na,,
2022-Jul,2022-07-17,Stryker_HIRMD,30,BT,1,L,7.2,na,6,13:00,6,na,,
2022-Jul,2022-07-17,Stryker_HIRMD,30,BT,1,L,7.3,na,6,13:00,8,na,,
2022-Jul,2022-07-17,Stryker_HIRMD,30,BT,1,L,10.2,na,6,13:00,11,na,,
2022-Jul,2022-07-17,Stryker_HIRMD,30,BT,1,R,10,na,6,13:00,8,na,,
2022-Jul,2022-07-17,Stryker_HIRMD,30,BT,1,R,10.2,na,6,13:00,4,na,,
2022-Jul,2022-07-17,Stryker_HIRMD,30,BT,1,L,10.8,na,6,13:00,7,na,,
2022-Jul,2022-07-17,Stryker_HIRMD,30,BT,1,L,11.2,na,6,13:00,7,na,,
2022-Jul,2022-07-17,Stryker_HIRMD,30,BT,1,L,12,na,6,13:00,3,na,,
2022-Jul,2022-07-17,Stryker_HIRMD,30,BT,1,L,13.4,na,6,13:00,8,na,,
2022-Jul,2022-07-17,Stryker_HIRMD,30,BT,1,L,14.8,na,6,13:00,15,na,,
2022-Jul,2022-07-17,Stryker_HIRMD,30,BT,1,R,15.2,na,6,13:00,8,na,,
2022-Jul,2022-07-17,Stryker_HIRMD,30,BT,1,L,14.8,na,6,13:00,10,P,,
2022-Jul,2022-07-17,Stryker_HIRMD,30,BT,1,R,21.8,na,6,13:00,16,na,,
2022-Jul,2022-07-17,Stryker_HIRMD,30,BT,1,L,22.9,na,6,13:00,25,na,,
2022-Jul,2022-07-17,Stryker_HIRMD,30,BT,1,L,30,na,6,13:00,7,P,,
2022-Jul,2022-07-20,Womanley,20,OP,1,L,0,na,5,14:30,8,na,,
2022-Jul,2022-07-20,Womanley,20,OP,1,L,1,na,5,14:30,1,na,,
2022-Jul,2022-07-20,Womanley,20,OP,1,L,3,na,5,14:30,16,na,,
2022-Jul,2022-07-20,Womanley,20,OP,1,L,4.5,na,5,14:30,2,na,,
2022-Jul,2022-07-20,Womanley,20,OP,1,L,5,na,5,14:30,2,na,,
2022-Jul,2022-07-20,Womanley,20,OP,1,L,7,na,5,14:30,1,na,,
2022-Jul,2022-07-20,Womanley,20,OP,1,L,7.5,na,5,14:30,1,na,,
2022-Jul,2022-07-20,Womanley,20,OP,1,L,8,na,5,14:30,10,na,,
2022-Jul,2022-07-20,Womanley,20,OP,1,L,8.7,na,5,14:30,2,na,,
2022-Jul,2022-07-20,Womanley,20,OP,1,L,9.2,na,5,14:30,8,na,,
2022-Jul,2022-07-20,Womanley,20,OP,1,L,10.2,na,5,14:30,5,na,,
2022-Jul,2022-07-20,Womanley,20,OP,1,L,10.5,na,5,14:30,8,na,,
2022-Jul,2022-07-20,Womanley,20,OP,1,L,11,na,5,14:30,17,na,,
2022-Jul,2022-07-20,Womanley,20,OP,1,L,11.58,na,5,14:30,1,na,,
2022-Jul,2022-07-20,Womanley,20,OP,1,L,12,na,5,14:30,19,na,,
2022-Jul,2022-07-20,Womanley,20,OP,1,L,12.2,na,5,14:30,3,na,,
2022-Jul,2022-07-20,Womanley,20,OP,1,L,12.3,na,5,14:30,8,na,,
2022-Jul,2022-07-20,Womanley,20,OP,1,L,14,na,5,14:30,8,na,,
2022-Jul,2022-07-20,Womanley,20,OP,1,R,14,na,5,14:30,29,na,,
2022-Jul,2022-07-20,Womanley,20,OP,1,R,12,na,5,14:30,1,na,,
2022-Jul,2022-07-20,Womanley,20,OP,1,R,7.5,na,5,14:30,17,na,,
2022-Jul,2022-07-20,Womanley,20,OP,1,R,5.5,na,5,14:30,1,na,,
2022-Jul,2022-07-20,Womanley,20,OP,1,R,5,na,5,14:30,11,na,,
2022-Jul,2022-07-20,Womanley,20,OP,1,R,4.5,na,5,14:30,5,na,,
2022-Jul,2022-07-20,Womanley,20,OP,1,R,3,na,5,14:30,13,na,,
2022-Jul,2022-07-20,Womanley,20,OP,1,R,2,na,5,14:30,1,na,,
2022-Jul,2022-07-20,Womanley,20,OP,2,R,10.5,na,5,14:30,2,na,,
2022-Jul,2022-07-20,Womanley,20,OP,2,L,10,na,5,14:30,85,na,center of line,
2022-Jul,2022-07-20,Womanley,20,OP,2,R,10,na,5,14:30,15,P,,
2022-Jul,2022-07-20,Womanley,20,OP,2,L,8,na,5,14:30,6,na,,
2022-Jul,2022-07-20,Womanley,20,OP,2,L,8,na,5,14:30,43,na,,
2022-Jul,2022-07-20,Womanley,20,OP,2,R,7.5,na,5,14:30,7,na,,
2022-Jul,2022-07-20,Womanley,20,OP,2,R,5.5,na,5,14:30,11,na,,
2022-Jul,2022-07-20,Womanley,20,OP,2,R,2,na,5,14:30,2,na,,
2022-Jul,2022-07-20,Womanley,20,OP,2,L,2,na,5,14:30,2,na,,
2022-Jul,2022-07-20,Womanley,20,OP,2,L,1.5,na,5,14:30,3,na,,
2022-Jul,2022-07-20,Womanley,20,OP,3,R,0,na,5,14:30,4,na,,
2022-Jul,2022-07-20,Womanley,20,OP,3,R,0.5,na,5,14:30,2,na,,
2022-Jul,2022-07-20,Womanley,20,OP,3,R,0.7,na,5,14:30,4,na,,
2022-Jul,2022-07-20,Golden,20,LL,3,R,1,na,4,11:12,4,na,,
2022-Jul,2022-07-20,Golden,20,LL,3,R,2,na,4,11:12,4,na,,
2022-Jul,2022-07-20,Golden,20,LL,3,R,5,na,4,11:12,15,P,,
2022-Jul,2022-07-20,Golden,20,LL,3,R,5,na,4,11:12,20,P,,
2022-Jul,2022-07-20,Golden,20,LL,3,R,6,na,4,11:12,15,na,,
2022-Jul,2022-07-20,Golden,20,LL,3,R,7,na,4,11:12,9,na,,
2022-Jul,2022-07-20,Golden,20,LL,3,R,7,na,4,11:12,17,na,,
2022-Jul,2022-07-20,Golden,20,LL,3,R,8,na,4,11:12,4,na,,
2022-Jul,2022-07-20,Golden,20,LL,3,R,9,na,4,11:12,13,na,,
2022-Jul,2022-07-20,Golden,20,LL,3,R,9,na,4,11:12,5,na,,
2022-Jul,2022-07-20,Golden,20,LL,3,R,10,na,4,11:12,9,na,,
2022-Jul,2022-07-20,Golden,20,LL,3,R,11,na,4,11:12,6,na,,
2022-Jul,2022-07-20,Golden,20,LL,3,R,11,na,4,11:12,9,na,,
2022-Jul,2022-07-20,Golden,20,LL,3,R,12,na,4,11:12,4,na,,
2022-Jul,2022-07-20,Golden,20,LL,3,R,12,na,4,11:12,2,na,,
2022-Jul,2022-07-20,Golden,20,LL,3,R,12,na,4,11:12,3,na,,
2022-Jul,2022-07-20,Golden,20,LL,3,R,12,na,4,11:12,6,na,,
2022-Jul,2022-07-20,Golden,20,LL,3,R,12,na,4,11:12,8,na,,
2022-Jul,2022-07-20,Golden,20,LL,3,R,15,na,4,11:12,11,na,,
2022-Jul,2022-07-20,Golden,20,LL,3,R,15,na,4,11:12,3,na,,
2022-Jul,2022-07-20,Golden,20,LL,3,R,15,na,4,11:12,2,na,,
2022-Jul,2022-07-20,Golden,20,LL,3,R,18,na,4,11:12,14,na,,
2022-Jul,2022-07-20,Golden,20,LL,3,R,18,na,4,11:12,4,na,,
2022-Jul,2022-07-20,Golden,20,LL,3,L,15,na,4,11:12,11,na,,
2022-Jul,2022-07-20,Golden,20,LL,3,L,15,na,4,11:12,14,na,,
2022-Jul,2022-07-20,Golden,20,LL,3,L,16,na,4,11:12,4,na,,
2022-Jul,2022-07-20,Golden,20,LL,3,L,16,na,4,11:12,3,na,,
2022-Jul,2022-07-20,Golden,20,LL,3,L,16,na,4,11:12,3,na,,
2022-Jul,2022-07-20,Golden,20,LL,3,L,16,na,4,11:12,10,na,,
2022-Jul,2022-07-20,Golden,20,LL,3,L,14,na,4,11:12,11,na,,
2022-Jul,2022-07-20,Golden,20,LL,3,L,10,na,4,11:12,7,na,,
2022-Jul,2022-07-20,Golden,20,LL,3,L,10,na,4,11:12,3,na,,
2022-Jul,2022-07-20,Golden,20,LL,3,L,10,na,4,11:12,4,na,,
2022-Jul,2022-07-20,Golden,20,LL,3,L,10,na,4,11:12,6,na,,
2022-Jul,2022-07-20,Golden,20,LL,3,L,9,na,4,11:12,7,na,,
2022-Jul,2022-07-20,Golden,20,LL,3,L,7,na,4,11:12,5,na,,
2022-Jul,2022-07-20,Golden,20,LL,3,L,7,na,4,11:12,6,na,,
2022-Jul,2022-07-20,Golden,20,LL,3,L,6,na,4,11:12,10,na,,
2022-Jul,2022-07-20,Golden,20,LL,3,L,6,na,4,11:12,12,na,,
2022-Jul,2022-07-20,Golden,20,LL,3,L,6,na,4,11:12,25,na,,
2022-Jul,2022-07-20,Golden,20,LL,3,L,6,na,4,11:12,6,na,,
2022-Jul,2022-07-20,Golden,20,LL,3,L,4,na,4,11:12,22,na,,
2022-Jul,2022-07-20,Golden,20,LL,3,L,4,na,4,11:12,25,na,,
2022-Jul,2022-07-20,Golden,20,LL,3,L,0,na,4,11:12,1,na,,
2022-Jul,2022-07-20,Golden,20,OP,2,L,0,na,4,11:12,10,na,,
2022-Jul,2022-07-20,Golden,20,OP,2,L,1,na,4,11:12,41,na,,
2022-Jul,2022-07-20,Golden,20,OP,2,R,4,na,4,11:12,45,P,,
2022-Jul,2022-07-20,Golden,20,OP,2,L,4.5,na,4,11:12,1,na,,
2022-Jul,2022-07-20,Golden,20,OP,2,L,5.5,na,4,11:12,2,na,,
2022-Jul,2022-07-20,Golden,20,OP,2,L,6,na,4,11:12,35,na,,
2022-Jul,2022-07-20,Golden,20,OP,2,L,7,na,4,11:12,2,na,,
2022-Jul,2022-07-20,Golden,20,OP,2,L,7.5,na,4,11:12,10,na,,
2022-Jul,2022-07-20,Golden,20,OP,2,L,8,na,4,11:12,11,na,,
2022-Jul,2022-07-20,Golden,20,OP,2,L,10,na,4,11:12,10,na,,
2022-Jul,2022-07-20,Golden,20,OP,2,L,10,na,4,11:12,23,na,,
2022-Jul,2022-07-20,Golden,20,OP,2,L,10,na,4,11:12,10,na,,
2022-Jul,2022-07-20,Golden,20,OP,2,L,10,na,4,11:12,5,na,,
2022-Jul,2022-07-20,Golden,20,OP,2,L,11,na,4,11:12,10,na,,
2022-Jul,2022-07-20,Golden,20,OP,2,L,12,na,4,11:12,11,na,,
2022-Jul,2022-07-20,Golden,20,OP,2,R,14,na,4,11:12,32,na,center of line,
2022-Jul,2022-07-20,Golden,20,OP,2,R,15,na,4,11:12,5,na,,
2022-Jul,2022-07-20,Golden,20,OP,2,R,15,na,4,11:12,13,na,,
2022-Jul,2022-07-20,Golden,20,OP,2,R,15.3,na,4,11:12,2,na,,
2022-Jul,2022-07-20,Golden,20,OP,2,L,15,na,4,11:12,2,na,,
2022-Jul,2022-07-20,Golden,20,OP,2,R,15.5,na,4,11:12,4,na,,
2022-Jul,2022-07-20,Golden,20,OP,2,R,15.7,na,4,11:12,2,na,,
2022-Jul,2022-07-20,Golden,20,OP,2,R,16,na,4,11:12,6,na,,
2022-Jul,2022-07-20,Golden,20,OP,2,R,16.2,na,4,11:12,4,na,,
2022-Jul,2022-07-20,Golden,20,OP,2,R,16.5,na,4,11:12,46,P,,
2022-Jul,2022-07-20,Golden,20,OP,2,R,17,na,4,11:12,10,na,,
2022-Jul,2022-07-20,Golden,20,OP,2,R,18,na,4,11:12,60,P,,
2022-Jul,2022-07-20,Golden,20,OP,1,L,0,na,4,11:12,29,na,,
2022-Jul,2022-07-20,Golden,20,OP,1,R,2,na,4,11:12,14,na,,
2022-Jul,2022-07-20,Golden,20,OP,1,R,3,na,4,11:12,30,na,,
2022-Jul,2022-07-20,Golden,20,OP,1,L,4,na,4,11:12,96,na,center of line,
2022-Jul,2022-07-20,Golden,20,OP,1,L,9,na,4,11:12,22,na,,
2022-Jul,2022-07-20,Golden,20,OP,1,L,12,na,4,11:12,27,na,,
2022-Jul,2022-07-20,Golden,20,OP,1,R,12,na,4,11:12,15,na,,
2022-Jul,2022-07-20,Golden,20,OP,1,R,12.2,na,4,11:12,25,na,,
2022-Jul,2022-07-20,Golden,20,OP,1,L,13,na,4,11:12,11,na,,
2022-Jul,2022-07-20,Golden,20,OP,1,R,15.5,na,4,11:12,3,na,,
2022-Jul,2022-07-20,Golden,20,OP,1,L,16,na,4,11:12,24,P,,
2022-Jul,2022-07-20,Golden,20,OP,1,R,16.5,na,4,11:12,14,na,,
2022-Jul,2022-07-20,Golden,20,OP,1,R,17,na,4,11:12,7,na,,
2022-Jul,2022-07-20,Golden,20,OP,1,L,18,na,4,11:12,40,na,,
2022-Jul,2022-07-20,Golden,20,OP,1,R,18,na,4,11:12,14,na,,
2022-Jul,2022-07-20,Golden,20,OP,1,R,19,na,4,11:12,13,na,,
2022-Jul,2022-07-20,Golden,20,OP,1,R,19,na,4,11:12,3,na,,
2022-Jul,2022-07-20,Golden,20,OP,1,R,19,na,4,11:12,3,na,,
2022-Jul,2022-07-20,Golden,20,OP,1,L,19,na,4,11:12,10,na,,
2022-Jul,2022-07-20,Golden,20,OP,1,L,19,na,4,11:12,3,na,,
2022-Jul,2022-07-20,Golden,20,OP,1,R,19.9,na,4,11:12,20,na,,
2022-Jul,2022-07-21,McMullins_north_HIRMD,30,KH,1,R,30,na,6,11:17,19,na,,
2022-Jul,2022-07-21,McMullins_north_HIRMD,30,KH,1,R,28,na,6,11:17,8,na,,
2022-Jul,2022-07-21,McMullins_north_HIRMD,30,KH,1,R,25.3,na,6,11:17,16,na,,
2022-Jul,2022-07-21,McMullins_north_HIRMD,30,KH,1,R,25,na,6,11:17,6,na,,
2022-Jul,2022-07-21,McMullins_north_HIRMD,30,KH,1,R,23.4,na,6,11:17,8,na,,
2022-Jul,2022-07-21,McMullins_north_HIRMD,30,KH,1,R,23.3,na,6,11:17,7,na,,
2022-Jul,2022-07-21,McMullins_north_HIRMD,30,KH,1,R,16,na,6,11:17,3,na,,
2022-Jul,2022-07-21,McMullins_north_HIRMD,30,KH,1,R,15.5,na,6,11:17,17,na,,
2022-Jul,2022-07-21,McMullins_north_HIRMD,30,KH,1,R,15,na,6,11:17,16,na,,
2022-Jul,2022-07-21,McMullins_north_HIRMD,30,KH,1,R,8,na,6,11:17,15,na,,
2022-Jul,2022-07-21,McMullins_north_HIRMD,30,KH,1,R,3,na,6,11:17,4,na,,
2022-Jul,2022-07-21,McMullins_north_HIRMD,30,KH,1,L,1.5,na,6,11:17,21,na,,
2022-Jul,2022-07-21,McMullins_north_HIRMD,30,KH,1,L,2,na,6,11:17,9,na,,
2022-Jul,2022-07-21,McMullins_north_HIRMD,30,KH,1,L,3,na,6,11:17,21,na,,
2022-Jul,2022-07-21,McMullins_north_HIRMD,30,KH,1,L,15,na,6,11:17,9,na,,
2022-Jul,2022-07-21,McMullins_north_HIRMD,30,KH,1,L,15.3,na,6,11:17,6,na,,
2022-Jul,2022-07-21,McMullins_north_HIRMD,30,KH,1,L,27,na,6,11:17,13,na,,
2022-Jul,2022-07-21,McMullins_north_HIRMD,30,KH,1,L,27.2,na,6,11:17,4,na,,
2022-Jul,2022-07-21,McMullins_north_HIRMD,30,KH,1,L,27.5,na,6,11:17,13,na,,
2022-Jul,2022-07-21,McMullins_north_HIRMD,30,KH,1,L,28,na,6,11:17,3,na,,
2022-Jul,2022-07-21,McMullins_north_HIRMD,30,KH,1,L,28.5,na,6,11:17,12,na,,
2022-Jul,2022-07-21,McMullins_north_HIRMD,30,KH,1,L,28.4,na,6,11:17,4,na,,
2022-Jul,2022-07-21,McMullins_north_HIRMD,30,KH,1,L,29,na,6,11:17,10,na,,
2022-Jul,2022-07-21,McMullins_north_HIRMD,30,KH,1,L,29.1,na,6,11:17,8,na,,
2022-Jul,2022-07-21,McMullins_north_HIRMD,30,OP,2,L,26,4.5,6,11:25,10,na,,
2022-Jul,2022-07-21,McMullins_north_HIRMD,30,OP,2,L,24,5.4,6,11:25,22,na,,
2022-Jul,2022-07-21,McMullins_north_HIRMD,30,OP,2,L,13,5.6,6,11:30,6,na,,
2022-Jul,2022-07-21,McMullins_north_HIRMD,30,OP,2,L,12,5.6,6,11:30,14,na,,
2022-Jul,2022-07-21,McMullins_north_HIRMD,30,OP,2,L,11,5.6,6,11:30,6,na,,
2022-Jul,2022-07-21,McMullins_north_HIRMD,30,OP,2,L,13,6,6,11:31,4,na,,
2022-Jul,2022-07-21,McMullins_north_HIRMD,30,OP,2,L,12,6,6,11:31,8,na,,
2022-Jul,2022-07-21,McMullins_north_HIRMD,30,OP,2,L,11,5.8,6,11:31,2,na,,
2022-Jul,2022-07-21,McMullins_north_HIRMD,30,OP,2,L,11,5.8,6,11:31,5,na,,
2022-Jul,2022-07-21,McMullins_north_HIRMD,30,OP,2,L,11,5.8,6,11:31,7,na,,
2022-Jul,2022-07-21,McMullins_north_HIRMD,30,OP,2,L,11,5.8,6,11:31,8,na,,
2022-Jul,2022-07-21,McMullins_north_HIRMD,30,OP,2,L,10,5.8,6,11:31,4,na,,
2022-Jul,2022-07-21,McMullins_north_HIRMD,30,OP,2,L,10,5.8,6,11:31,2,na,,
2022-Jul,2022-07-21,McMullins_north_HIRMD,30,OP,2,L,2,7.2,6,11:32,7,na,,
2022-Jul,2022-07-21,McMullins_north_HIRMD,30,OP,2,L,1.5,7.2,6,11:32,9,na,,
2022-Jul,2022-07-21,McMullins_north_HIRMD,30,OP,2,L,1,7.2,6,11:32,5,na,,
2022-Jul,2022-07-21,McMullins_north_HIRMD,30,OP,2,L,1,7.3,6,11:35,3,na,,
2022-Jul,2022-07-21,McMullins_north_HIRMD,30,OP,2,L,1.2,7.3,6,11:35,5,na,,
2022-Jul,2022-07-21,McMullins_north_HIRMD,30,OP,2,L,1.5,7.3,6,11:35,8,na,,
2022-Jul,2022-07-21,McMullins_north_HIRMD,30,OP,2,L,1.5,7.3,6,11:35,12,na,,
2022-Jul,2022-07-21,McMullins_north_HIRMD,30,OP,2,L,1.5,7.3,6,11:35,10,na,,
2022-Jul,2022-07-21,McMullins_north_HIRMD,30,DVM,3,L,21.5,na,6,11:23,18,na,,
2022-Jul,2022-07-21,McMullins_north_HIRMD,30,DVM,3,L,21.25,na,6,11:23,6,na,,
2022-Jul,2022-07-21,McMullins_north_HIRMD,30,DVM,3,L,21,na,6,11:23,17,na,,
2022-Jul,2022-07-21,McMullins_north_HIRMD,30,DVM,3,L,11,na,6,11:23,47,na,,
2022-Jul,2022-07-21,McMullins_north_HIRMD,30,DVM,3,L,5.5,na,6,11:23,45,na,,
2022-Jul,2022-07-21,McMullins_north_HIRMD,30,DVM,3,L,3,na,6,11:23,7,na,,
2022-Jul,2022-07-21,McMullins_north_HIRMD,30,DVM,3,L,0,na,6,11:23,11,na,,
2022-Jul,2022-07-21,McMullins_north_HIRMD,30,DVM,3,R,1.5,na,6,11:23,40,na,,
2022-Jul,2022-07-21,McMullins_north_HIRMD,30,DVM,3,R,4,na,6,11:23,10,na,,
2022-Jul,2022-07-21,McMullins_north_HIRMD,30,DVM,3,R,5.5,na,6,11:23,11,na,,
2022-Jul,2022-07-21,McMullins_north_HIRMD,30,DVM,3,R,6.5,na,6,11:23,1,na,,
2022-Jul,2022-07-21,McMullins_north_HIRMD,30,DVM,3,R,10,na,6,11:23,18,na,,
2022-Jul,2022-07-21,McMullins_north_HIRMD,30,DVM,3,R,16,na,6,11:23,7,na,,
2022-Jul,2022-07-21,McMullins_north_HIRMD,30,DVM,3,R,21,na,6,11:23,15,na,,
2022-Jul,2022-07-21,McMullins_north_HIRMD,30,DVM,3,R,21.5,na,6,11:23,5,na,,
2022-Jul,2022-07-21,McMullins_north_HIRMD,30,DVM,3,R,26,na,6,11:23,17,P,,
2022-Jul,2022-07-21,McMullins_north_HIRMD,30,DVM,3,R,29,na,6,11:23,13,na,,
2022-Jul,2022-07-21,Goose_HIRMD,30,DVM,2,L,11,6.2,4,13:57,28,na,,
2022-Jul,2022-07-21,Goose_HIRMD,30,DVM,2,L,0.5,6.2,4,13:59,27,na,,
2022-Jul,2022-07-21,Goose_HIRMD,30,DVM,2,R,0.5,6.2,4,14:00,52,na,,
2022-Jul,2022-07-21,Goose_HIRMD,30,DVM,2,R,14,6.1,4,14:01,43,na,,
2022-Jul,2022-07-21,Goose_HIRMD,30,DVM,2,R,17.5,5.8,4,14:02,2,na,,
2022-Jul,2022-07-21,Goose_HIRMD,30,DVM,2,R,19,6,4,14:02,4,na,,
2022-Jul,2022-07-21,Goose_HIRMD,30,DVM,2,R,20,6.4,4,14:03,45,na,,
2022-Jul,2022-07-21,Goose_HIRMD,30,DVM,2,R,27,6,4,14:04,25,na,,
2022-Jul,2022-07-21,Goose_HIRMD,30,DVM,2,R,29,6.1,4,14:05,7,na,,
2022-Jul,2022-07-21,Goose_HIRMD,30,OP,1,L,30,6.4,4,14:00,14,na,,
2022-Jul,2022-07-21,Goose_HIRMD,30,OP,1,L,27,6.4,4,14:00,7,na,,
2022-Jul,2022-07-21,Goose_HIRMD,30,OP,1,L,26.5,6.4,4,14:00,15,na,,
2022-Jul,2022-07-21,Goose_HIRMD,30,OP,1,L,26.5,6.4,4,14:00,1,na,,
2022-Jul,2022-07-21,Goose_HIRMD,30,OP,1,L,26,6.4,4,14:00,7,na,,
2022-Jul,2022-07-21,Goose_HIRMD,30,OP,1,L,26,6.4,4,14:00,5,na,,
2022-Jul,2022-07-21,Goose_HIRMD,30,OP,1,L,14.5,6.4,4,14:01,8,na,,
2022-Jul,2022-07-21,Goose_HIRMD,30,OP,1,L,14,6.4,4,14:01,32,na,,
2022-Jul,2022-07-21,Goose_HIRMD,30,OP,1,L,14,6.4,4,14:01,6,na,,
2022-Jul,2022-07-21,Goose_HIRMD,30,OP,1,L,11,6.4,4,14:01,3,na,,
2022-Jul,2022-07-21,Goose_HIRMD,30,OP,1,L,10,6.4,4,14:01,4,na,,
2022-Jul,2022-07-21,Goose_HIRMD,30,OP,1,L,10,6.4,4,14:01,10,na,,
2022-Jul,2022-07-21,Goose_HIRMD,30,OP,1,L,3.5,6.4,4,14:02,6,na,,
2022-Jul,2022-07-21,Goose_HIRMD,30,OP,1,L,6,6.4,4,14:02,6,na,,
2022-Jul,2022-07-21,Goose_HIRMD,30,OP,1,R,5.5,6.4,4,14:02,4,na,,
2022-Jul,2022-07-21,Goose_HIRMD,30,OP,1,R,9,6.4,4,14:03,7,na,,
2022-Jul,2022-07-21,Goose_HIRMD,30,OP,1,R,9.5,6.4,4,14:03,6,na,,
2022-Jul,2022-07-21,Goose_HIRMD,30,OP,1,R,11,6.4,4,14:03,9,na,,
2022-Jul,2022-07-21,Goose_HIRMD,30,OP,1,R,16,6.4,4,14:03,13,na,,
2022-Jul,2022-07-21,Goose_HIRMD,30,OP,1,R,18,6.4,4,14:04,6,na,,
2022-Jul,2022-07-21,Goose_HIRMD,30,OP,1,R,18.5,6.4,4,14:04,23,na,,
2022-Jul,2022-07-21,Goose_HIRMD,30,OP,1,R,19,6.4,4,14:04,4,na,,
2022-Jul,2022-07-21,Goose_HIRMD,30,OP,1,R,27.5,6.4,4,14:05,4,na,,
2022-Jul,2022-07-21,Goose_HIRMD,30,KH,3,L,25.5,6.5,4,13:52,8,na,,
2022-Jul,2022-07-21,Goose_HIRMD,30,KH,3,L,21.5,6.6,4,13:52,62,na,,
2022-Jul,2022-07-21,Goose_HIRMD,30,KH,3,L,8,6.6,4,13:54,3,na,,
2022-Jul,2022-07-21,Goose_HIRMD,30,KH,3,L,5,6.6,4,13:55,37,na,,
2022-Jul,2022-07-21,Goose_HIRMD,30,KH,3,L,4.5,6.6,4,13:56,10,na,,
2022-Jul,2022-07-21,Goose_HIRMD,30,KH,3,R,0,6.7,4,13:56,29,na,,
2022-Jul,2022-07-21,Goose_HIRMD,30,KH,3,R,0.5,6.7,4,13:58,7,na,,
2022-Jul,2022-07-21,Goose_HIRMD,30,KH,3,R,1,6.6,4,13:58,22,na,,
2022-Jul,2022-07-21,Goose_HIRMD,30,KH,3,R,4.9,6.6,4,13:59,21,na,,
2022-Jul,2022-07-21,Goose_HIRMD,30,KH,3,R,5,6.6,4,13:59,11,na,,
2022-Jul,2022-07-21,Goose_HIRMD,30,KH,3,R,5.1,6.6,4,13:59,1,na,,
2022-Jul,2022-07-21,Goose_HIRMD,30,KH,3,R,5.2,6.6,4,13:59,10,na,,
2022-Jul,2022-07-21,Goose_HIRMD,30,KH,3,R,12,6.6,4,14:00,11,na,,
2022-Jul,2022-07-21,Goose_HIRMD,30,KH,3,R,13,6.6,4,14:00,9,na,,
2022-Jul,2022-07-21,Goose_HIRMD,30,KH,3,R,14.5,6.6,4,14:00,8,na,,
2022-Jul,2022-07-21,Goose_HIRMD,30,KH,3,R,15,6.6,4,14:00,5,na,,
2022-Jul,2022-07-21,Goose_HIRMD,30,KH,3,R,18,6.6,4,14:00,22,na,,
2022-Jul,2022-07-21,Goose_HIRMD,30,KH,3,R,18.1,6.6,4,14:02,4,na,,
2022-Jul,2022-07-21,Goose_HIRMD,30,KH,3,R,24,6.6,4,14:03,12,na,,
2022-Jul,2022-07-21,Goose_HIRMD,30,KH,3,R,24.1,6.6,4,14:03,1,na,,
2022-Jul,2022-07-21,Goose_HIRMD,30,KH,3,R,24.5,6.6,4,14:03,9,na,,
2022-Jul,2022-07-21,Goose_HIRMD,30,KH,3,R,25,6.6,4,14:03,4,na,,
2022-Jul,2022-07-21,Goose_HIRMD,30,KH,3,R,25.5,6.6,4,14:03,19,na,,
2022-Jul,2022-07-21,Goose_HIRMD,30,KH,3,R,25.6,6.6,4,14:03,7,na,,
2022-Jul,2022-07-21,Goose_HIRMD,30,KH,3,R,26,6.6,4,14:03,5,na,,
2022-Jul,2022-07-21,Goose_HIRMD,30,KH,3,R,26.5,6.6,4,14:03,15,na,,
2022-Jul,2022-07-21,Goose_HIRMD,30,KH,3,R,27,6.6,4,14:05,4,na,,
2022-Jul,2022-07-21,Goose_HIRMD,30,KH,3,R,27.5,6.6,4,14:05,2,na,,
2022-Jul,2022-07-21,Goose_HIRMD,30,KH,3,R,27.6,6.6,4,14:05,15,na,,
2022-Jul,2022-07-21,Goose_HIRMD,30,KH,3,R,28,6.6,4,14:05,15,na,,
2022-Jul,2022-07-21,Goose_HIRMD,30,KH,3,R,28.5,6.6,4,14:05,5,na,,
2022-Jul,2022-07-21,Goose_HIRMD,30,KH,3,R,29,6.6,4,14:05,17,na,,
2022-Jul,2022-07-21,Goose_HIRMD,30,KH,3,R,29.1,6.6,4,14:09,11,na,,
2023-Jul,2023-07-18,Stryker_HIRMD,30,DVM,2,L,26.5,na,6,10:38,16,na,,
2023-Jul,2023-07-18,Stryker_HIRMD,30,DVM,2,L,25.5,na,6,10:38,3,na,,
2023-Jul,2023-07-18,Stryker_HIRMD,30,DVM,2,L,25,na,6,10:38,13,na,,
2023-Jul,2023-07-18,Stryker_HIRMD,30,DVM,2,L,22,na,6,10:38,22,na,,
2023-Jul,2023-07-18,Stryker_HIRMD,30,DVM,2,L,21.5,na,6,10:38,5,na,,
2023-Jul,2023-07-18,Stryker_HIRMD,30,DVM,2,L,19,na,6,10:38,14,na,,
2023-Jul,2023-07-18,Stryker_HIRMD,30,DVM,2,L,16,na,6,10:38,6,na,,
2023-Jul,2023-07-18,Stryker_HIRMD,30,DVM,2,L,16,na,6,10:38,31,na,,
2023-Jul,2023-07-18,Stryker_HIRMD,30,DVM,2,L,12,na,6,10:38,5,na,,
2023-Jul,2023-07-18,Stryker_HIRMD,30,DVM,2,L,11,na,6,10:38,17,na,,
2023-Jul,2023-07-18,Stryker_HIRMD,30,DVM,2,L,9,na,6,10:38,7,na,,
2023-Jul,2023-07-18,Stryker_HIRMD,30,DVM,2,L,7.5,na,6,10:38,8,na,,
2023-Jul,2023-07-18,Stryker_HIRMD,30,DVM,2,L,7,na,6,10:38,32,na,,
2023-Jul,2023-07-18,Stryker_HIRMD,30,DVM,2,R,7,na,6,10:38,26,na,,
2023-Jul,2023-07-18,Stryker_HIRMD,30,DVM,2,R,11.5,na,6,10:38,21,na,,
2023-Jul,2023-07-18,Stryker_HIRMD,30,DVM,2,R,12,na,6,10:38,11,na,,
2023-Jul,2023-07-18,Stryker_HIRMD,30,DVM,2,R,15,na,6,10:38,5,na,,
2023-Jul,2023-07-18,Stryker_HIRMD,30,DVM,2,R,15.5,na,6,10:38,9,na,,
2023-Jul,2023-07-18,Stryker_HIRMD,30,DVM,2,R,21,na,6,10:38,7,na,,
2023-Jul,2023-07-18,Stryker_HIRMD,30,DVM,2,R,22,na,6,10:38,15,na,,
2023-Jul,2023-07-18,Stryker_HIRMD,30,DVM,2,R,22.5,na,6,10:38,3,na,,
2023-Jul,2023-07-18,Stryker_HIRMD,30,DVM,2,R,24,na,6,10:38,6,na,,
2023-Jul,2023-07-18,Stryker_HIRMD,30,DVM,2,R,27.5,na,6,10:38,13,na,,
2023-Jul,2023-07-18,Stryker_HIRMD,30,DVM,2,R,28,na,6,10:38,15,na,,
2023-Jul,2023-07-18,Stryker_HIRMD,30,DVM,2,R,28.5,na,6,10:38,9,na,,
2023-Jul,2023-07-18,Stryker_HIRMD,30,DVM,2,R,29,na,6,10:38,6,na,,
2023-Jul,2023-07-18,Stryker_HIRMD,30,DVM,2,R,30,na,6,10:38,2,na,,
2023-Jul,2023-07-18,Stryker,20,OP,1,R,4,na,4,13:40,7,na,,
2023-Jul,2023-07-18,Stryker,20,OP,1,R,5.5,na,4,13:40,3,na,,
2023-Jul,2023-07-18,Stryker,20,OP,1,R,5.5,na,4,13:40,12,na,,
2023-Jul,2023-07-18,Stryker,20,OP,1,R,5.8,na,4,13:40,3,na,,
2023-Jul,2023-07-18,Stryker,20,OP,1,R,5.8,na,4,13:40,5,na,,
2023-Jul,2023-07-18,Stryker,20,OP,1,R,6,na,4,13:40,10,na,,
2023-Jul,2023-07-18,Stryker,20,OP,1,R,6.5,na,4,13:40,3,na,,
2023-Jul,2023-07-18,Stryker,20,OP,1,R,6.5,na,4,13:40,4,na,,
2023-Jul,2023-07-18,Stryker,20,OP,1,L,20,na,4,13:40,10,na,,
2023-Jul,2023-07-18,Stryker,20,OP,1,L,20,na,4,13:40,6,na,,
2023-Jul,2023-07-18,Stryker,20,OP,1,L,20,na,4,13:40,5,na,,
2023-Jul,2023-07-18,Stryker,20,OP,1,L,12,na,4,13:40,33,na,,
2023-Jul,2023-07-18,Stryker,20,OP,1,L,10,na,4,13:40,6,na,,
2023-Jul,2023-07-18,Stryker,20,OP,1,L,4.5,na,4,13:40,3,na,,
2023-Jul,2023-07-18,Stryker,20,OP,1,L,4,na,4,13:40,5,na,,
2023-Jul,2023-07-18,Stryker_HIRMD,30,LL,3,L,21.14,na,6,10:45,2,na,,
2023-Jul,2023-07-18,Stryker_HIRMD,30,LL,3,L,21.15,na,6,10:45,2,na,,
2023-Jul,2023-07-18,Stryker_HIRMD,30,LL,3,L,20.2,na,6,10:45,1,na,,
2023-Jul,2023-07-18,Stryker_HIRMD,30,LL,3,L,18,na,6,10:45,4,na,,
2023-Jul,2023-07-18,Stryker_HIRMD,30,LL,3,L,17.9,na,6,10:45,6,na,,
2023-Jul,2023-07-18,Stryker_HIRMD,30,LL,3,L,17.6,na,6,10:45,5,na,,
2023-Jul,2023-07-18,Stryker_HIRMD,30,LL,3,L,17.5,na,6,10:45,9,na,,
2023-Jul,2023-07-18,Stryker_HIRMD,30,LL,3,L,9.8,na,6,10:45,5,na,,
2023-Jul,2023-07-18,Stryker_HIRMD,30,LL,3,L,5,na,6,10:45,9,na,,
2023-Jul,2023-07-18,Stryker_HIRMD,30,LL,3,L,4.9,na,6,10:45,8,na,,
2023-Jul,2023-07-18,Stryker_HIRMD,30,LL,3,L,4.5,na,6,10:45,18,na,,
2023-Jul,2023-07-18,Stryker_HIRMD,30,LL,3,L,2.9,na,6,10:45,3,na,,
2023-Jul,2023-07-18,Stryker_HIRMD,30,LL,3,L,0,na,6,10:45,1,na,,
2023-Jul,2023-07-18,Stryker_HIRMD,30,LL,3,L,0.5,na,6,10:45,9,na,,
2023-Jul,2023-07-18,Stryker_HIRMD,30,LL,3,L,0.7,na,6,10:45,6,na,,
2023-Jul,2023-07-18,Stryker_HIRMD,30,LL,3,L,2,na,6,10:45,8,na,,
2023-Jul,2023-07-18,Stryker_HIRMD,30,LL,3,L,2,na,6,10:45,4,na,,
2023-Jul,2023-07-18,Stryker_HIRMD,30,LL,3,L,4.3,na,6,10:45,8,na,,
2023-Jul,2023-07-18,Stryker_HIRMD,30,LL,3,L,12,na,6,10:45,4,na,,
2023-Jul,2023-07-18,Stryker_HIRMD,30,LL,3,L,14,na,6,10:45,3,na,,
2023-Jul,2023-07-18,Stryker_HIRMD,30,LL,3,L,14.2,na,6,10:45,4,na,,
2023-Jul,2023-07-18,Stryker_HIRMD,30,LL,3,L,14.5,na,6,10:45,12,na,,
2023-Jul,2023-07-18,Stryker_HIRMD,30,LL,3,L,20.5,na,6,10:45,1,na,,
2023-Jul,2023-07-18,Stryker_HIRMD,30,LL,3,L,21,na,6,10:45,13,na,,
2023-Jul,2023-07-18,Stryker_HIRMD,30,LL,3,L,23,na,6,10:45,7,na,,
2023-Jul,2023-07-18,Stryker_HIRMD,30,LL,3,L,22.5,na,6,10:45,9,na,,
2023-Jul,2023-07-18,Stryker_HIRMD,30,LL,3,L,24,na,6,10:45,8,na,,
2023-Jul,2023-07-18,Stryker_HIRMD,30,LL,3,L,25,na,6,10:45,6,na,,
2023-Jul,2023-07-18,Stryker_HIRMD,30,LL,3,L,25.5,na,6,10:45,6,na,,
2023-Jul,2023-07-18,Stryker_HIRMD,30,LL,3,L,25.6,na,6,10:45,3,na,,
2023-Jul,2023-07-18,Stryker_HIRMD,30,LL,3,L,25.7,na,6,10:45,4,na,,
2023-Jul,2023-07-18,Stryker,20,LL,3,R,0,na,4,13:56,4,na,,
2023-Jul,2023-07-18,Stryker,20,LL,3,R,0,na,4,13:56,6,na,,
2023-Jul,2023-07-18,Stryker,20,LL,3,R,1,na,4,13:56,3,na,,
2023-Jul,2023-07-18,Stryker,20,LL,3,R,3,na,4,13:56,1,na,,
2023-Jul,2023-07-18,Stryker,20,LL,3,R,6,na,4,13:56,3,na,,
2023-Jul,2023-07-18,Stryker,20,LL,3,R,6.2,na,4,13:56,2,na,,
2023-Jul,2023-07-18,Stryker,20,LL,3,R,7,na,4,13:56,1,na,,
2023-Jul,2023-07-18,Stryker,20,LL,3,R,11,na,4,13:56,12,P,,
2023-Jul,2023-07-18,Stryker,20,LL,3,R,20,na,4,13:56,15,na,,
2023-Jul,2023-07-18,Stryker,20,LL,3,L,2,na,4,13:56,10,na,,
2023-Jul,2023-07-18,Stryker,20,LL,3,L,2.5,na,4,13:56,13,na,,
2023-Jul,2023-07-18,Stryker,20,LL,3,L,3,na,4,13:56,3,na,,
2023-Jul,2023-07-18,Stryker,20,LL,3,L,6.5,na,4,13:56,9,na,,
2023-Jul,2023-07-18,Stryker,20,LL,3,L,6.5,na,4,13:56,8,na,,
2023-Jul,2023-07-18,Stryker,20,LL,3,L,6.5,na,4,13:56,5,na,,
2023-Jul,2023-07-18,Stryker,20,LL,3,L,11,na,4,13:56,19,na,,
2023-Jul,2023-07-18,Stryker,20,LL,3,L,15,na,4,13:56,32,na,,
2023-Jul,2023-07-18,Stryker_HIRMD,30,OP,1,L,28,na,6,10:42,14,na,,
2023-Jul,2023-07-18,Stryker_HIRMD,30,OP,1,L,17,na,6,10:42,5,na,,
2023-Jul,2023-07-18,Stryker_HIRMD,30,OP,1,L,16,na,6,10:42,17,na,,
2023-Jul,2023-07-18,Stryker_HIRMD,30,OP,1,L,11.5,na,6,10:42,14,na,,
2023-Jul,2023-07-18,Stryker_HIRMD,30,OP,1,L,11,na,6,10:42,6,na,,
2023-Jul,2023-07-18,Stryker_HIRMD,30,OP,1,L,10.8,na,6,10:42,3,na,,
2023-Jul,2023-07-18,Stryker_HIRMD,30,OP,1,L,10,na,6,10:42,3,na,,
2023-Jul,2023-07-18,Stryker_HIRMD,30,OP,1,L,4.9,na,6,10:42,3,na,,
2023-Jul,2023-07-18,Stryker_HIRMD,30,OP,1,L,4.7,na,6,10:42,10,na,,
2023-Jul,2023-07-18,Stryker_HIRMD,30,OP,1,L,4,na,6,10:42,4,na,,
2023-Jul,2023-07-18,Stryker_HIRMD,30,OP,1,R,5,na,6,10:42,9,P,,
2023-Jul,2023-07-18,Stryker_HIRMD,30,OP,1,R,5.9,na,6,10:42,5,na,,
2023-Jul,2023-07-18,Stryker_HIRMD,30,OP,1,R,5.8,na,6,10:42,25,P,,
2023-Jul,2023-07-18,Stryker_HIRMD,30,OP,1,R,9.9,na,6,10:42,3,na,,
2023-Jul,2023-07-18,Stryker_HIRMD,30,OP,1,R,10,na,6,10:42,14,na,,
2023-Jul,2023-07-18,Stryker_HIRMD,30,OP,1,R,11,na,6,10:42,9,na,,
2023-Jul,2023-07-18,Stryker_HIRMD,30,OP,1,R,14,na,6,10:42,9,na,,
2023-Jul,2023-07-18,Stryker_HIRMD,30,OP,1,R,14.5,na,6,10:42,19,P,,
2023-Jul,2023-07-18,Stryker_HIRMD,30,OP,1,R,16.2,na,6,10:42,3,na,,
2023-Jul,2023-07-18,Stryker_HIRMD,30,OP,1,R,17.8,na,6,10:42,8,na,,
2023-Jul,2023-07-18,Stryker_HIRMD,30,OP,1,R,18,na,6,10:42,2,na,,
2023-Jul,2023-07-18,Stryker_HIRMD,30,OP,1,R,18.2,na,6,10:42,16,na,,
2023-Jul,2023-07-18,Stryker_HIRMD,30,OP,1,R,18.3,na,6,10:42,21,na,,
2023-Jul,2023-07-18,Stryker_HIRMD,30,OP,1,R,18.5,na,6,10:42,7,na,,
2023-Jul,2023-07-18,Stryker,20,DVM,2,R,2,na,6,10:42,4,na,,
2023-Jul,2023-07-18,Stryker,20,DVM,2,R,3,na,6,10:42,7,na,,
2023-Jul,2023-07-18,Stryker,20,DVM,2,R,3,na,6,10:42,11,na,,
2023-Jul,2023-07-18,Stryker,20,DVM,2,R,9,na,6,10:42,6,P,,
2023-Jul,2023-07-18,Stryker,20,DVM,2,R,10,na,6,10:42,8,P,,
2023-Jul,2023-07-18,Stryker,20,DVM,2,R,16,na,6,10:42,19,na,,
2023-Jul,2023-07-18,Stryker,20,DVM,2,R,16,na,6,10:42,18,na,,
2023-Jul,2023-07-18,Stryker,20,DVM,2,L,20,na,6,10:42,10,na,,
2023-Jul,2023-07-18,Stryker,20,DVM,2,L,13.5,na,6,10:42,24,na,,
2023-Jul,2023-07-18,Stryker,20,DVM,2,L,4,na,6,10:42,3,na,,
2023-Jul,2023-07-18,Stryker,20,DVM,2,L,3.5,na,6,10:42,17,P,,
2023-Jul,2023-07-17,Golden,20,LL,3,R,0,na,4,10:48,19,na,,
2023-Jul,2023-07-17,Golden,20,LL,3,R,3,na,4,10:48,7,na,,
2023-Jul,2023-07-17,Golden,20,LL,3,R,3.2,na,4,10:48,12,na,,
2023-Jul,2023-07-17,Golden,20,LL,3,R,4.3,na,4,10:48,4,na,,
2023-Jul,2023-07-17,Golden,20,LL,3,R,4.3,na,4,10:48,17,na,,
2023-Jul,2023-07-17,Golden,20,LL,3,R,4.6,na,4,10:48,5,na,,
2023-Jul,2023-07-17,Golden,20,LL,3,R,4.6,na,4,10:48,5,na,,
2023-Jul,2023-07-17,Golden,20,LL,3,R,4.8,na,4,10:48,5,na,,
2023-Jul,2023-07-17,Golden,20,LL,3,R,4.8,na,4,10:48,12,na,,
2023-Jul,2023-07-17,Golden,20,LL,3,R,7,na,4,10:48,4,na,,
2023-Jul,2023-07-17,Golden,20,LL,3,R,7,na,4,10:48,6,na,,
2023-Jul,2023-07-17,Golden,20,LL,3,R,7,na,4,10:48,3,na,,
2023-Jul,2023-07-17,Golden,20,LL,3,R,7,na,4,10:48,4,na,,
2023-Jul,2023-07-17,Golden,20,LL,3,R,3,na,4,10:48,6,na,,
2023-Jul,2023-07-17,Golden,20,LL,3,R,3,na,4,10:48,3,na,,
2023-Jul,2023-07-17,Golden,20,LL,3,R,3,na,4,10:48,4,na,,
2023-Jul,2023-07-17,Golden,20,LL,3,R,9,na,4,10:48,11,na,,
2023-Jul,2023-07-17,Golden,20,LL,3,R,1,na,4,10:48,3,na,,
2023-Jul,2023-07-17,Golden,20,LL,3,R,1,na,4,10:48,5,na,,
2023-Jul,2023-07-17,Golden,20,LL,3,R,0,na,4,10:48,2,na,,
2023-Jul,2023-07-17,Golden,20,LL,3,L,9.5,na,4,10:48,3,na,,
2023-Jul,2023-07-17,Golden,20,LL,3,L,9.5,na,4,10:48,5,na,,
2023-Jul,2023-07-17,Golden,20,LL,3,L,9.5,na,4,10:48,5,na,,
2023-Jul,2023-07-17,Golden,20,LL,3,L,9.5,na,4,10:48,6,na,,
2023-Jul,2023-07-17,Golden,20,LL,3,L,10,na,4,10:48,4,na,,
2023-Jul,2023-07-17,Golden,20,LL,3,L,13,na,4,10:48,9,na,,
2023-Jul,2023-07-17,Golden,20,LL,3,L,13,na,4,10:48,6,na,,
2023-Jul,2023-07-17,Golden,20,LL,3,L,13,na,4,10:48,6,na,,
2023-Jul,2023-07-17,Golden,20,LL,3,L,13.5,na,4,10:48,17,na,,
2023-Jul,2023-07-17,Golden,20,OP,1,L,0,na,4,10:51,14,na,,
2023-Jul,2023-07-17,Golden,20,OP,1,L,0.2,na,4,10:51,12,na,,
2023-Jul,2023-07-17,Golden,20,OP,1,L,0.7,na,4,10:51,6,na,,
2023-Jul,2023-07-17,Golden,20,OP,1,R,2,na,4,10:51,6,na,,
2023-Jul,2023-07-17,Golden,20,OP,1,R,3,na,4,10:51,61,na,,
2023-Jul,2023-07-17,Golden,20,OP,1,R,6,na,4,10:51,2,na,,
2023-Jul,2023-07-17,Golden,20,OP,1,R,6.1,na,4,10:51,4,na,,
2023-Jul,2023-07-17,Golden,20,OP,1,R,6.2,na,4,10:51,4,na,,
2023-Jul,2023-07-17,Golden,20,OP,1,L,9,na,4,10:51,46,na,,
2023-Jul,2023-07-17,Golden,20,OP,1,R,12,na,4,10:51,9,na,,
2023-Jul,2023-07-17,Golden,20,OP,1,R,12.1,na,4,10:51,6,na,,
2023-Jul,2023-07-17,Golden,20,OP,1,R,12.3,na,4,10:51,10,na,,
2023-Jul,2023-07-17,Golden,20,OP,1,R,12.5,na,4,10:51,5,na,,
2023-Jul,2023-07-17,Golden,20,OP,1,L,12,na,4,10:51,6,na,,
2023-Jul,2023-07-17,Golden,20,OP,1,L,12.2,na,4,10:51,4,na,,
2023-Jul,2023-07-17,Golden,20,OP,1,L,12.2,na,4,10:51,4,na,,
2023-Jul,2023-07-17,Golden,20,OP,1,L,12.5,na,4,10:51,5,na,,
2023-Jul,2023-07-17,Golden,20,OP,1,L,13,na,4,10:51,12,na,,
2023-Jul,2023-07-17,Golden,20,OP,1,R,14,na,4,10:51,12,na,,
2023-Jul,2023-07-17,Golden,20,OP,1,L,14.5,na,4,10:51,4,na,,
2023-Jul,2023-07-17,Golden,20,OP,1,L,15.5,na,4,10:51,61,na,,
2023-Jul,2023-07-17,Golden,20,OP,1,L,16,na,4,10:51,9,na,,
2023-Jul,2023-07-17,Golden,20,OP,1,L,16.5,na,4,10:51,24,na,,
2023-Jul,2023-07-17,Golden,20,OP,1,L,17,na,4,10:51,10,na,,
2023-Jul,2023-07-17,Golden,20,OP,1,R,17,na,4,10:51,11,na,,
2023-Jul,2023-07-17,Golden,20,OP,1,L,18,na,4,10:51,5,na,,
2023-Jul,2023-07-17,Golden,20,OP,1,L,18,na,4,10:51,3,na,,
2023-Jul,2023-07-17,Golden,20,OP,1,L,18.1,na,4,10:51,6,na,,
2023-Jul,2023-07-17,Golden,20,OP,1,R,18,na,4,10:51,2,na,,
2023-Jul,2023-07-17,Golden,20,OP,1,R,18.1,na,4,10:51,2,na,,
2023-Jul,2023-07-17,Golden,20,OP,1,R,19,na,4,10:51,6,na,,
2023-Jul,2023-07-17,Golden,20,OP,1,R,19.2,na,4,10:51,4,na,,
2023-Jul,2023-07-17,Golden,20,OP,1,R,19.5,na,4,10:51,5,na,,
2023-Jul,2023-07-17,Golden,20,OP,1,L,19,na,4,10:51,12,na,,
2023-Jul,2023-07-17,Golden,20,OP,1,R,20,na,4,10:51,6,na,,
2023-Jul,2023-07-17,Golden,20,OP,1,L,20,na,4,10:51,17,na,,
2023-Jul,2023-07-17,Golden,20,JMS,2,R,0,na,4,10:51,21,na,,
2023-Jul,2023-07-17,Golden,20,JMS,2,R,1,na,4,10:51,1,na,,
2023-Jul,2023-07-17,Golden,20,JMS,2,R,4,na,4,10:51,39,na,,
2023-Jul,2023-07-17,Golden,20,JMS,2,R,9,na,4,10:51,4,na,,
2023-Jul,2023-07-17,Golden,20,JMS,2,R,9.5,na,4,10:51,16,na,,
2023-Jul,2023-07-17,Golden,20,JMS,2,R,11,na,4,10:51,43,na,,
2023-Jul,2023-07-17,Golden,20,JMS,2,R,15,na,4,10:51,52,na,,
2023-Jul,2023-07-17,Golden,20,JMS,2,R,15.5,na,4,10:51,7,na,,
2023-Jul,2023-07-17,Golden,20,JMS,2,R,17,na,4,10:51,28,na,,
2023-Jul,2023-07-17,Golden,20,JMS,2,L,19,na,4,10:51,7,na,,
2023-Jul,2023-07-17,Golden,20,JMS,2,L,12,na,4,10:51,13,na,,
2023-Jul,2023-07-17,Golden,20,JMS,2,L,4,na,4,10:51,10,na,,
2023-Jul,2023-07-17,Golden,20,JMS,2,L,2,na,4,10:51,50,na,,
2023-Jul,2023-07-20,Spider_HIRMD,30,BW,2,R,29.7,na,4,14:00,5,na,,
2023-Jul,2023-07-20,Spider_HIRMD,30,BW,2,R,29.1,na,4,14:00,8,na,,
2023-Jul,2023-07-20,Spider_HIRMD,30,BW,2,R,21.9,na,4,14:00,6,na,,
2023-Jul,2023-07-20,Spider_HIRMD,30,BW,2,R,21.3,na,4,14:00,4,na,,
2023-Jul,2023-07-20,Spider_HIRMD,30,BW,2,R,20.3,na,4,14:00,8,P,,
2023-Jul,2023-07-20,Spider_HIRMD,30,BW,2,R,20.2,na,4,14:00,2,na,,
2023-Jul,2023-07-20,Spider_HIRMD,30,BW,2,R,19.5,na,4,14:00,6,na,,
2023-Jul,2023-07-20,Spider_HIRMD,30,BW,2,R,19.3,na,4,14:00,6,na,,
2023-Jul,2023-07-20,Spider_HIRMD,30,BW,2,R,17.2,na,4,14:00,1,na,,
2023-Jul,2023-07-20,Spider_HIRMD,30,BW,2,R,17.1,na,4,14:00,1,na,,
2023-Jul,2023-07-20,Spider_HIRMD,30,BW,2,R,16.2,na,4,14:00,3,na,,
2023-Jul,2023-07-20,Spider_HIRMD,30,BW,2,R,16.2,na,4,14:00,6,na,,
2023-Jul,2023-07-20,Spider_HIRMD,30,BW,2,R,16.1,na,4,14:00,18,na,,
2023-Jul,2023-07-20,Spider_HIRMD,30,BW,2,R,13.6,na,4,14:00,6,na,,
2023-Jul,2023-07-20,Spider_HIRMD,30,BW,2,R,5.5,na,4,14:00,12,na,,
2023-Jul,2023-07-20,Spider_HIRMD,30,BW,2,L,18.1,na,4,14:00,12,na,,
2023-Jul,2023-07-20,Spider_HIRMD,30,BW,2,L,20.1,na,4,14:00,4,na,,
2023-Jul,2023-07-20,Spider_HIRMD,30,BW,2,L,20.3,na,4,14:00,6,na,,
2023-Jul,2023-07-20,Spider_HIRMD,30,BW,2,L,20.6,na,4,14:00,6,na,,
2023-Jul,2023-07-20,Triquet,20,BW,2,R,1.6,na,4,11:40,4,na,,
2023-Jul,2023-07-20,Triquet,20,BW,2,R,9.4,na,4,11:40,8,na,,
2023-Jul,2023-07-20,Triquet,20,BW,2,R,15.4,na,4,11:40,9,na,,
2023-Jul,2023-07-20,Triquet,20,BW,2,R,15.8,na,4,11:40,4,na,,
2023-Jul,2023-07-20,Triquet,20,DVM,3,R,1,na,4,11:40,14,na,,
2023-Jul,2023-07-20,Triquet,20,DVM,3,R,12.5,na,4,11:40,34,na,,
2023-Jul,2023-07-20,Triquet,20,DVM,3,R,13,na,4,11:40,20,na,,
2023-Jul,2023-07-20,Triquet,20,DVM,3,R,13.5,na,4,11:40,13,na,,
2023-Jul,2023-07-20,Triquet,20,DVM,3,R,13.7,na,4,11:40,15,na,,
2023-Jul,2023-07-20,Triquet,20,DVM,3,L,20,na,4,11:40,3,na,,
2023-Jul,2023-07-20,Triquet,20,LL,1,L,0,na,4,11:40,5,na,,
2023-Jul,2023-07-20,Triquet,20,LL,1,L,0,na,4,11:40,7,na,,
2023-Jul,2023-07-20,Triquet,20,LL,1,L,0,na,4,11:40,12,na,,
2023-Jul,2023-07-20,Triquet,20,LL,1,R,0,na,4,11:40,8,na,,
2023-Jul,2023-07-20,Triquet,20,LL,1,R,0,na,4,11:40,13,na,,
2023-Jul,2023-07-20,Triquet,20,LL,1,R,0,na,4,11:40,9,na,,
2023-Jul,2023-07-20,Triquet,20,LL,1,L,15,na,4,11:40,4,na,,
2023-Jul,2023-07-20,Triquet,20,LL,1,L,15,na,4,11:40,7,na,,
2023-Jul,2023-07-20,Triquet,20,LL,1,R,15,na,4,11:40,5,na,,
2023-Jul,2023-07-20,Triquet,20,LL,1,R,15,na,4,11:40,8,na,,
2023-Jul,2023-07-20,Triquet,20,LL,1,R,15,na,4,11:40,7,na,,
2023-Jul,2023-07-20,Triquet,20,LL,1,L,18,na,4,11:40,2,na,,
2023-Jul,2023-07-20,Triquet,20,LL,1,L,18,na,4,11:40,10,na,,
2023-Jul,2023-07-20,Triquet,20,LL,1,R,18,na,4,11:40,4,P,,
2023-Jul,2023-07-20,Spider_HIRMD,30,DVM,1,L,29,na,4,14:00,2,na,,
2023-Jul,2023-07-20,Spider_HIRMD,30,DVM,1,L,28,na,4,14:00,9,na,,
2023-Jul,2023-07-20,Spider_HIRMD,30,DVM,1,L,28.5,na,4,14:00,10,na,,
2023-Jul,2023-07-20,Spider_HIRMD,30,DVM,1,L,27,na,4,14:00,17,na,,
2023-Jul,2023-07-20,Spider_HIRMD,30,DVM,1,L,22,na,4,14:00,15,na,,
2023-Jul,2023-07-20,Spider_HIRMD,30,DVM,1,L,19,na,4,14:00,29,na,,
2023-Jul,2023-07-20,Spider_HIRMD,30,DVM,1,L,16,na,4,14:00,6,na,,
2023-Jul,2023-07-20,Spider_HIRMD,30,DVM,1,L,15.2,na,4,14:00,10,na,,
2023-Jul,2023-07-20,Spider_HIRMD,30,DVM,1,L,14,na,4,14:00,7,na,,
2023-Jul,2023-07-20,Spider_HIRMD,30,DVM,1,L,8.5,na,4,14:00,25,na,,
2023-Jul,2023-07-20,Spider_HIRMD,30,DVM,1,L,1,na,4,14:00,3,na,,
2023-Jul,2023-07-20,Spider_HIRMD,30,DVM,1,L,0,na,4,14:00,27,na,,
2023-Jul,2023-07-20,Spider_HIRMD,30,DVM,1,R,3,na,4,14:00,16,na,,
2023-Jul,2023-07-20,Spider_HIRMD,30,DVM,1,R,6.5,na,4,14:00,21,na,,
2023-Jul,2023-07-20,Spider_HIRMD,30,DVM,1,R,8,na,4,14:00,8,na,,
2023-Jul,2023-07-20,Spider_HIRMD,30,DVM,1,R,8.5,na,4,14:00,8,na,,
2023-Jul,2023-07-20,Spider_HIRMD,30,DVM,1,R,9,na,4,14:00,9,na,,
2023-Jul,2023-07-20,Spider_HIRMD,30,DVM,1,R,10,na,4,14:00,18,na,,
2023-Jul,2023-07-20,Spider_HIRMD,30,DVM,1,R,13,na,4,14:00,14,na,,
2023-Jul,2023-07-20,Spider_HIRMD,30,DVM,1,R,14,na,4,14:00,11,na,,
2023-Jul,2023-07-20,Spider_HIRMD,30,DVM,1,R,17,na,4,14:00,40,na,,
2023-Jul,2023-07-20,Spider_HIRMD,30,DVM,1,R,17.5,na,4,14:00,8,na,,
2023-Jul,2023-07-20,Spider_HIRMD,30,DVM,1,R,20,na,4,14:00,6,P,,
2023-Jul,2023-07-20,Spider_HIRMD,30,DVM,1,R,20.5,na,4,14:00,3,na,,
2023-Jul,2023-07-20,Spider_HIRMD,30,DVM,1,R,22.5,na,4,14:00,3,na,,
2023-Jul,2023-07-20,Spider_HIRMD,30,DVM,1,R,23,na,4,14:00,15,na,,
2023-Jul,2023-07-20,Spider_HIRMD,30,DVM,1,R,30,na,4,14:00,18,na,,
2023-Jul,2023-07-20,Spider_HIRMD,30,LL,3,L,26.14,na,4,14:00,12,na,,
2023-Jul,2023-07-20,Spider_HIRMD,30,LL,3,L,23.79,na,4,14:00,4,na,,
2023-Jul,2023-07-20,Spider_HIRMD,30,LL,3,L,17.5,na,4,14:00,4,na,,
2023-Jul,2023-07-20,Spider_HIRMD,30,LL,3,L,17.5,na,4,14:00,13,na,,
2023-Jul,2023-07-20,Spider_HIRMD,30,LL,3,L,17.5,na,4,14:00,3,na,,
2023-Jul,2023-07-20,Spider_HIRMD,30,LL,3,L,14.4,na,4,14:00,2,na,,
2023-Jul,2023-07-20,Spider_HIRMD,30,LL,3,L,14.2,na,4,14:00,3,na,,
2023-Jul,2023-07-20,Spider_HIRMD,30,LL,3,L,8.5,na,4,14:00,13,na,,
2023-Jul,2023-07-20,Spider_HIRMD,30,LL,3,L,8.5,na,4,14:00,5,na,,
2023-Jul,2023-07-20,Spider_HIRMD,30,LL,3,L,7.5,na,4,14:00,5,na,,
2023-Jul,2023-07-20,Spider_HIRMD,30,LL,3,L,7,na,4,14:00,2,P,,
2023-Jul,2023-07-20,Spider_HIRMD,30,LL,3,R,0,na,4,14:00,9,na,,
2023-Jul,2023-07-20,Spider_HIRMD,30,LL,3,R,5,na,4,14:00,6,na,,
2023-Jul,2023-07-20,Spider_HIRMD,30,LL,3,R,12.8,na,4,14:00,12,na,,
2023-Jul,2023-07-20,Spider_HIRMD,30,LL,3,R,13,na,4,14:00,7,na,,
2023-Jul,2023-07-20,Spider_HIRMD,30,LL,3,R,13,na,4,14:00,10,na,,
2023-Jul,2023-07-20,Spider_HIRMD,30,LL,3,R,25,na,4,14:00,11,na,,
2023-Jul,2023-07-20,Spider_HIRMD,30,LL,3,R,25,na,4,14:00,1,na,,
2023-Jul,2023-07-20,Spider_HIRMD,30,LL,3,R,25,na,4,14:00,4,na,,
2023-Jul,2023-07-14,Triquetta,20,JMS,2,R,7,na,4,10:45,4,na,,
2023-Jul,2023-07-14,Triquetta,20,DVM,1,L,1,na,4,10:37,4,na,,
2023-Jul,2023-07-14,Triquetta,20,DVM,1,L,0,na,4,10:37,8,na,,
2023-Jul,2023-07-14,Triquetta,20,LL,3,L,4.5,na,4,10:37,3,na,,
2023-Jul,2023-07-14,Triquetta,20,LL,3,L,6,na,4,10:37,10,na,,
2023-Jul,2023-07-14,Triquetta,20,LL,3,R,9,na,4,10:37,1,na,,
2023-Jul,2023-07-14,Triquetta,20,LL,3,L,16,na,4,10:37,5,na,,
2023-Jul,2023-07-14,Triquetta,20,LL,3,L,19,na,4,10:37,2,na,,
2023-Jul,2023-07-16,Womanley,20,OP,3,R,0,na,5,13:10,18,na,,
2023-Jul,2023-07-16,Womanley,20,OP,3,L,0,na,5,13:10,1,na,,
2023-Jul,2023-07-16,Womanley,20,OP,3,R,2,na,5,13:10,1,na,,
2023-Jul,2023-07-16,Womanley,20,OP,3,L,3.2,na,5,13:10,1,na,,
2023-Jul,2023-07-16,Womanley,20,OP,3,R,3,na,5,13:10,2,na,,
2023-Jul,2023-07-16,Womanley,20,OP,3,R,5,na,5,13:10,4,na,,
2023-Jul,2023-07-16,Womanley,20,OP,3,R,5.2,na,5,13:10,5,na,,
2023-Jul,2023-07-16,Womanley,20,OP,3,R,5.4,na,5,13:10,8,na,,
2023-Jul,2023-07-16,Womanley,20,OP,3,R,5.4,na,5,13:10,1,na,,
2023-Jul,2023-07-16,Womanley,20,OP,3,R,6,na,5,13:10,5,na,,
2023-Jul,2023-07-16,Womanley,20,OP,3,L,5,na,5,13:10,3,na,,
2023-Jul,2023-07-16,Womanley,20,OP,3,L,6,na,5,13:10,4,na,,
2023-Jul,2023-07-16,Womanley,20,OP,3,L,6,na,5,13:10,3,na,,
2023-Jul,2023-07-16,Womanley,20,OP,3,R,7,na,5,13:10,4,na,,
2023-Jul,2023-07-16,Womanley,20,OP,3,R,0.5,na,5,13:10,4,na,,
2023-Jul,2023-07-16,Womanley,20,OP,3,R,7.7,na,5,13:10,4,na,,
2023-Jul,2023-07-16,Womanley,20,OP,3,R,8,na,5,13:10,18,na,,
2023-Jul,2023-07-16,Womanley,20,OP,3,R,16,na,5,13:10,3,na,,
2023-Jul,2023-07-16,Womanley,20,OP,3,L,8.4,na,5,13:10,16,na,,
2023-Jul,2023-07-16,Womanley,20,OP,3,L,7,na,5,13:10,1,na,,
2023-Jul,2023-07-16,Womanley,20,OP,3,L,6.9,na,5,13:10,1,na,,
2023-Jul,2023-07-16,Womanley,20,JMS,2,R,1,na,5,12:57,3,na,,
2023-Jul,2023-07-16,Womanley,20,JMS,2,R,5,na,5,12:57,9,na,,
2023-Jul,2023-07-16,Womanley,20,JMS,2,R,7,na,5,12:57,33,na,,
2023-Jul,2023-07-16,Womanley,20,JMS,2,R,10.5,na,5,12:57,3,na,,
2023-Jul,2023-07-16,Womanley,20,JMS,2,R,11,na,5,12:57,3,na,,
2023-Jul,2023-07-16,Womanley,20,JMS,2,R,12,na,5,12:57,1,na,,
2023-Jul,2023-07-16,Womanley,20,JMS,2,R,13,na,5,12:57,1,na,,
2023-Jul,2023-07-16,Womanley,20,JMS,2,R,14,na,5,12:57,1,na,,
2023-Jul,2023-07-16,Womanley,20,JMS,2,R,15,na,5,12:57,1,na,,
2023-Jul,2023-07-16,Womanley,20,JMS,2,R,15,na,5,12:57,4,na,,
2023-Jul,2023-07-16,Womanley,20,JMS,2,R,16,na,5,12:57,7,na,,
2023-Jul,2023-07-16,Womanley,20,JMS,2,R,16,na,5,12:57,6,na,,
2023-Jul,2023-07-16,Womanley,20,JMS,2,R,17,na,5,12:57,5,na,,
2023-Jul,2023-07-16,Womanley,20,JMS,2,R,18.5,na,5,12:57,29,na,,
2023-Jul,2023-07-16,Womanley,20,JMS,2,R,19,na,5,12:57,6,na,,
2023-Jul,2023-07-16,Womanley,20,JMS,2,R,19,na,5,12:57,1,na,,
2023-Jul,2023-07-16,Womanley,20,JMS,2,L,18.5,na,5,12:57,1,na,,
2023-Jul,2023-07-16,Womanley,20,JMS,2,L,18,na,5,12:57,1,na,,
2023-Jul,2023-07-16,Womanley,20,JMS,2,L,16.5,na,5,12:57,1,na,,
2023-Jul,2023-07-16,Womanley,20,JMS,2,L,16,na,5,12:57,8,na,,
2023-Jul,2023-07-16,Womanley,20,JMS,2,L,16,na,5,12:57,2,na,,
2023-Jul,2023-07-16,Womanley,20,JMS,2,L,15,na,5,12:57,6,na,,
2023-Jul,2023-07-16,Womanley,20,JMS,2,L,14,na,5,12:57,12,na,,
2023-Jul,2023-07-16,Womanley,20,JMS,2,L,13,na,5,12:57,1,na,,
2023-Jul,2023-07-16,Womanley,20,JMS,2,L,12,na,5,12:57,8,na,,
2023-Jul,2023-07-16,Womanley,20,JMS,2,L,11,na,5,12:57,3,na,,
2023-Jul,2023-07-16,Womanley,20,JMS,2,L,10,na,5,12:57,3,na,,
2023-Jul,2023-07-16,Womanley,20,JMS,2,L,10,na,5,12:57,9,na,,
2023-Jul,2023-07-16,Womanley,20,JMS,2,L,10,na,5,12:57,5,na,,
2023-Jul,2023-07-16,Womanley,20,JMS,2,L,8,na,5,12:57,12,na,,
2023-Jul,2023-07-16,Womanley,20,JMS,2,L,7,na,5,12:57,7,na,,
2023-Jul,2023-07-16,Womanley,20,JMS,2,L,9,na,5,12:57,10,na,,
2023-Jul,2023-07-16,Womanley,20,JMS,2,L,3,na,5,12:57,2,na,,
2023-Jul,2023-07-16,Womanley,20,JMS,2,L,1,na,5,12:57,14,na,,
2023-Jul,2023-07-16,Womanley,20,DVM,1,R,2.5,na,5,12:39,21,na,,
2023-Jul,2023-07-16,Womanley,20,DVM,1,R,4,na,5,12:39,1,na,,
2023-Jul,2023-07-16,Womanley,20,DVM,1,R,4.5,na,5,12:39,17,na,,
2023-Jul,2023-07-16,Womanley,20,DVM,1,R,6,na,5,12:39,2,na,,
2023-Jul,2023-07-16,Womanley,20,DVM,1,R,6.5,na,5,12:39,41,na,,
2023-Jul,2023-07-16,Womanley,20,DVM,1,R,10,na,5,12:39,3,na,,
2023-Jul,2023-07-16,Womanley,20,DVM,1,R,10,na,5,12:39,25,na,,
2023-Jul,2023-07-16,Womanley,20,DVM,1,R,13,na,5,12:39,67,na,,
2023-Jul,2023-07-16,Womanley,20,DVM,1,R,13,na,5,12:39,8,na,,
2023-Jul,2023-07-16,Womanley,20,DVM,1,L,12,na,5,12:39,5,na,,
2023-Jul,2023-07-16,Womanley,20,DVM,1,L,12,na,5,12:39,24,na,,
2023-Jul,2023-07-16,Womanley,20,DVM,1,L,10,na,5,12:39,2,na,,
2023-Jul,2023-07-16,Womanley,20,DVM,1,L,8.5,na,5,12:39,10,na,,
2023-Jul,2023-07-16,Womanley,20,DVM,1,L,7,na,5,12:39,15,na,,
2023-Jul,2023-07-16,Womanley,20,DVM,1,L,3,na,5,12:39,3,na,,
2023-Jul,2023-07-16,Womanley,20,DVM,1,L,2.5,na,5,12:39,6,na,,
2023-Jul,2023-07-16,Womanley,20,DVM,1,L,0,na,5,12:39,8,na,,
2023-Jul,2023-07-16,Manley,20,OP,3,R,6,na,4,10:20,41,na,,
2023-Jul,2023-07-16,Manley,20,OP,3,R,7,na,4,10:20,2,na,,
2023-Jul,2023-07-16,Manley,20,OP,3,R,7.2,na,4,10:20,1,na,,
2023-Jul,2023-07-16,Manley,20,OP,3,R,9,na,4,10:20,7,na,,
2023-Jul,2023-07-16,Manley,20,OP,3,R,13,na,4,10:20,3,na,,
2023-Jul,2023-07-16,Manley,20,JMS,2,R,0.5,na,4,10:20,17,na,,
2023-Jul,2023-07-16,Manley,20,JMS,2,R,3,na,4,10:20,43,na,,
2023-Jul,2023-07-16,Manley,20,JMS,2,R,4,na,4,10:20,50,na,,
2023-Jul,2023-07-16,Manley,20,JMS,2,R,4.5,na,4,10:20,19,na,,
2023-Jul,2023-07-16,Manley,20,JMS,2,R,6,na,4,10:20,3,na,,
2023-Jul,2023-07-16,Manley,20,JMS,2,R,8,na,4,10:20,10,na,,
2023-Jul,2023-07-16,Manley,20,JMS,2,L,3,na,4,10:20,3,na,,
2023-Jul,2023-07-16,Manley,20,JMS,2,L,4.5,na,4,10:20,3,na,,
2023-Jul,2023-07-16,Manley,20,JMS,2,L,6,na,4,10:20,26,na,,
2023-Jul,2023-07-16,Manley,20,JMS,2,L,7,na,4,10:20,48,na,,
2023-Jul,2023-07-16,Manley,20,DVM,1,R,3,na,4,10:20,33,na,,
2023-Jul,2023-07-16,Manley,20,DVM,1,R,4.5,na,4,10:20,8,na,,
2023-Jul,2023-07-16,Manley,20,DVM,1,R,8,na,4,10:20,10,na,,
2023-Jul,2023-07-16,Manley,20,DVM,1,R,16.5,na,4,10:20,3,na,,
2023-Jul,2023-07-16,Manley,20,DVM,1,R,16.5,na,4,10:20,12,na,,
2023-Jul,2023-07-16,Manley,20,DVM,1,R,17,na,4,10:20,5,na,,
2023-Jul,2023-07-16,Manley,20,DVM,1,R,17.35,na,4,10:20,10,na,,
2023-Jul,2023-07-16,Manley,20,DVM,1,R,18,na,4,10:20,10,na,,
2023-Jul,2023-07-16,Manley,20,DVM,1,R,19,na,4,10:20,6,na,,
2023-Jul,2023-07-16,Manley,20,DVM,1,L,19,na,4,10:20,3,na,,
2023-Jul,2023-07-16,Manley,20,DVM,1,L,18,na,4,10:20,5,na,,
2023-Jul,2023-07-16,Manley,20,DVM,1,L,17,na,4,10:20,3,na,,
2023-Jul,2023-07-16,Manley,20,DVM,1,L,13.5,na,4,10:20,3,na,,
2023-Jul,2023-07-16,Manley,20,DVM,1,L,3,na,4,10:20,30,na,,
2023-Jul,2023-07-19,Meay,20,OPI,3,L,3.7,na,2,14:45,27,na,,
2023-Jul,2023-07-19,Meay,20,OPI,3,L,17.2,na,2,14:45,9,na,,
2023-Jul,2023-07-19,Meay,20,OPI,3,L,17.2,na,2,14:45,8,na,,
2023-Jul,2023-07-19,Meay,20,OPI,3,L,18,na,2,14:45,5,na,,
2023-Jul,2023-07-19,Meay,20,OPI,3,L,17.5,na,2,14:45,16,na,,
2023-Jul,2023-07-19,Meay,20,OPI,3,R,17.5,na,2,14:45,11,P,,
2023-Jul,2023-07-19,Meay,20,OPI,3,R,14.2,na,2,14:45,2,na,,
2023-Jul,2023-07-19,Meay,20,OPI,3,R,14.5,na,2,14:45,2,na,,
2023-Jul,2023-07-19,Meay,20,LL,1,R,16.43,na,2,14:45,2,C,,
2023-Jul,2023-07-19,Meay,20,LL,1,L,16.43,na,2,14:45,1,na,,
2023-Jul,2023-07-19,Meay,20,LL,1,R,17,na,2,14:45,1,na,,
2023-Jul,2023-07-19,Meay,20,DVM,2,L,20,na,2,14:34,31,na,,
2023-Jul,2023-07-19,Meay,20,DVM,2,L,18,na,2,14:34,12,P,,
2023-Jul,2023-07-19,Meay,20,DVM,2,L,16,na,2,14:34,2,na,,
2023-Jul,2023-07-19,Meay,20,DVM,2,L,13,na,2,14:34,5,na,,
2023-Jul,2023-07-21,Simmonds_HIRMD,30,DVM,1,L,12,na,4,13:47,15,na,,
2023-Jul,2023-07-21,Simmonds_HIRMD,30,DVM,1,L,11,na,4,13:47,14,na,,
2023-Jul,2023-07-21,Simmonds_HIRMD,30,DVM,1,L,7,na,4,13:47,37,na,,
2023-Jul,2023-07-21,Simmonds_HIRMD,30,DVM,1,L,4,na,4,13:47,7,na,,
2023-Jul,2023-07-21,Simmonds_HIRMD,30,DVM,1,L,0,na,4,13:47,25,na,,
2023-Jul,2023-07-21,Simmonds_HIRMD,30,DVM,1,R,1,na,4,13:47,8,na,,
2023-Jul,2023-07-21,Simmonds_HIRMD,30,DVM,1,R,10,na,4,13:47,5,na,,
2023-Jul,2023-07-21,Simmonds_HIRMD,30,DVM,1,R,14,na,4,13:47,9,na,,
2023-Jul,2023-07-21,Simmonds_HIRMD,30,DVM,1,R,15,na,4,13:47,24,na,,
2023-Jul,2023-07-21,Simmonds_HIRMD,30,DVM,1,R,16,na,4,13:47,5,na,,
2023-Jul,2023-07-21,Simmonds_HIRMD,30,DVM,1,R,16.5,na,4,13:47,9,na,,
2023-Jul,2023-07-21,Simmonds_HIRMD,30,BW,2,L,14.45,na,4,13:50,14,na,,
2023-Jul,2023-07-21,Simmonds_HIRMD,30,BW,2,L,8.4,na,4,13:50,19,na,,
2023-Jul,2023-07-21,Simmonds_HIRMD,30,BW,2,L,4.8,na,4,13:50,24,na,,
2023-Jul,2023-07-21,Simmonds_HIRMD,30,BW,2,L,4.1,na,4,13:50,7,na,,
2023-Jul,2023-07-21,Simmonds_HIRMD,30,BW,2,L,3.8,na,4,13:50,7,na,,
2023-Jul,2023-07-21,Simmonds_HIRMD,30,BW,2,L,3.8,na,4,13:50,11,P,,
2023-Jul,2023-07-21,Simmonds_HIRMD,30,BW,2,L,2,na,4,13:50,21,na,,
2023-Jul,2023-07-21,Simmonds_HIRMD,30,BW,2,R,2.5,na,4,13:50,12,na,,
2023-Jul,2023-07-21,Simmonds_HIRMD,30,BW,2,R,2.5,na,4,13:50,8,na,,
2023-Jul,2023-07-21,Simmonds_HIRMD,30,BW,2,R,9.2,na,4,13:50,7,na,,
2023-Jul,2023-07-21,Simmonds_HIRMD,30,BW,2,R,9.2,na,4,13:50,10,na,,
2023-Jul,2023-07-21,Simmonds_HIRMD,30,BW,2,R,9.3,na,4,13:50,11,na,,
2023-Jul,2023-07-21,Simmonds_HIRMD,30,BW,2,R,13.9,na,4,13:50,5,na,,
2023-Jul,2023-07-21,Simmonds_HIRMD,30,BW,2,R,14,na,4,13:50,4,na,,
2023-Jul,2023-07-21,Simmonds_HIRMD,30,BW,2,R,15.8,na,4,13:50,16,na,,
2023-Jul,2023-07-21,Simmonds_HIRMD,30,BW,2,R,21.5,na,4,13:50,32,na,,
2023-Jul,2023-07-21,Simmonds_HIRMD,30,OP,3,L,28,na,4,14:50,4,na,,
2023-Jul,2023-07-21,Simmonds_HIRMD,30,OP,3,L,26,na,4,14:50,10,na,,
2023-Jul,2023-07-21,Simmonds_HIRMD,30,OP,3,L,14,na,4,14:50,17,na,,
2023-Jul,2023-07-21,Simmonds_HIRMD,30,OP,3,L,15,na,4,14:50,4,na,,
2023-Jul,2023-07-21,Simmonds_HIRMD,30,OP,3,L,14.5,na,4,14:50,12,na,,
2023-Jul,2023-07-21,Simmonds_HIRMD,30,OP,3,L,12,na,4,14:50,13,na,,
2023-Jul,2023-07-21,Simmonds_HIRMD,30,OP,3,L,11,na,4,14:50,11,na,,
2023-Jul,2023-07-21,Simmonds_HIRMD,30,OP,3,L,10,na,4,14:50,7,na,,
2023-Jul,2023-07-21,Simmonds_HIRMD,30,OP,3,L,10,na,4,14:50,3,na,,
2023-Jul,2023-07-21,Simmonds_HIRMD,30,OP,3,L,10,na,4,14:50,9,na,,
2023-Jul,2023-07-21,Simmonds_HIRMD,30,OP,3,L,6,na,4,14:50,19,na,,
2023-Jul,2023-07-21,Simmonds_HIRMD,30,OP,3,R,1,na,4,14:50,24,na,,
2023-Jul,2023-07-21,Simmonds_HIRMD,30,OP,3,R,3,na,4,14:50,13,na,,
2023-Jul,2023-07-21,Simmonds_HIRMD,30,OP,3,R,6,na,4,14:50,6,na,,
2023-Jul,2023-07-21,Simmonds_HIRMD,30,OP,3,R,7.5,na,4,14:50,8,na,,
2023-Jul,2023-07-21,Simmonds_HIRMD,30,OP,3,R,8,na,4,14:50,7,na,,
2023-Jul,2023-07-21,Simmonds_HIRMD,30,OP,3,R,12,na,4,14:50,2,na,,
2023-Jul,2023-07-21,Simmonds_HIRMD,30,OP,3,R,10,na,4,14:50,6,na,,
2023-Jul,2023-07-21,Simmonds_HIRMD,30,OP,3,R,18,na,4,14:50,14,na,,
2023-Jul,2023-07-21,Simmonds_HIRMD,30,OP,3,R,19,na,4,14:50,33,na,,
2023-Jul,2023-07-21,Simmonds_HIRMD,30,OP,3,R,25,na,4,14:50,24,na,,
2023-Jul,2023-07-21,Simmonds_HIRMD,30,OP,3,R,29,na,4,14:50,51,na,,
2023-Jul,2023-07-21,Simmonds,20,DVM,1,R,7.5,na,4,10:47,1,na,,
2023-Jul,2023-07-21,Simmonds,20,DVM,1,R,8,na,4,10:47,3,P,,
2023-Jul,2023-07-21,Simmonds,20,DVM,1,R,9,na,4,10:47,5,na,,
2023-Jul,2023-07-21,Simmonds,20,DVM,1,R,10,na,4,10:47,10,na,,
2023-Jul,2023-07-21,Simmonds,20,DVM,1,R,10.5,na,4,10:47,21,na,,
2023-Jul,2023-07-21,Simmonds,20,DVM,1,R,15,na,4,10:47,13,na,,
2023-Jul,2023-07-21,Simmonds,20,DVM,1,R,15.5,na,4,10:47,2,na,,
2023-Jul,2023-07-21,Simmonds,20,DVM,1,R,18,na,4,10:47,1,na,,
2023-Jul,2023-07-21,Simmonds,20,DVM,1,R,20,na,4,10:47,2,na,,
2023-Jul,2023-07-21,Simmonds,20,DVM,1,L,10,na,4,10:47,20,na,,
2023-Jul,2023-07-21,Simmonds,20,DVM,1,L,3.5,na,4,10:47,6,P,,
2023-Jul,2023-07-21,Simmonds,20,DVM,2,R,1,na,4,10:47,19,na,,
2023-Jul,2023-07-21,Simmonds,20,DVM,2,R,6,na,4,10:47,5,na,,
2023-Jul,2023-07-21,Simmonds,20,DVM,2,R,6.25,na,4,10:47,15,na,,
2023-Jul,2023-07-21,Simmonds,20,DVM,2,R,7,na,4,10:47,23,na,,
2023-Jul,2023-07-21,Simmonds,20,DVM,2,R,8,na,4,10:47,7,na,,
2023-Jul,2023-07-21,Simmonds,20,DVM,2,R,8.5,na,4,10:47,10,na,,
2023-Jul,2023-07-21,Simmonds,20,DVM,2,R,8.5,na,4,10:47,15,na,,
2023-Jul,2023-07-21,Simmonds,20,DVM,2,R,9.5,na,4,10:47,19,na,,
2023-Jul,2023-07-21,Simmonds,20,DVM,2,R,10.5,na,4,10:47,6,na,,
2023-Jul,2023-07-21,Simmonds,20,DVM,2,R,17,na,4,10:47,18,na,,
2023-Jul,2023-07-21,Simmonds,20,DVM,2,R,17.5,na,4,10:47,6,na,,
2023-Jul,2023-07-21,Simmonds,20,DVM,2,R,20,na,4,10:47,17,na,,
2023-Jul,2023-07-21,Simmonds,20,DVM,2,L,17,na,4,10:47,9,na,,
2023-Jul,2023-07-21,Simmonds,20,DVM,2,L,14,na,4,10:47,3,P,,
2023-Jul,2023-07-21,Simmonds,20,DVM,2,L,9.5,na,4,10:47,17,na,,
2023-Jul,2023-07-21,Simmonds,20,DVM,2,L,8.3,na,4,10:47,19,na,,
2023-Jul,2023-07-21,Simmonds,20,DVM,2,L,6.5,na,4,10:47,8,na,,
2023-Jul,2023-07-21,Simmonds,20,DVM,2,L,1,na,4,10:47,3,na,,
2023-Jul,2023-07-21,Simmonds,20,DVM,3,R,3.5,na,4,10:47,2,na,,
2023-Jul,2023-07-21,Simmonds,20,DVM,3,R,5,na,4,10:47,12,na,,
2023-Jul,2023-07-21,Simmonds,20,DVM,3,R,5.5,na,4,10:47,11,na,,
2023-Jul,2023-07-21,Simmonds,20,DVM,3,R,8,na,4,10:47,8,na,,
2023-Jul,2023-07-21,Simmonds,20,DVM,3,R,8.25,na,4,10:47,13,na,,
2023-Jul,2023-07-21,Simmonds,20,DVM,3,R,10.5,na,4,10:47,4,na,,
2023-Jul,2023-07-21,Simmonds,20,DVM,3,R,11,na,4,10:47,9,na,,
2023-Jul,2023-07-21,Simmonds,20,DVM,3,R,11.5,na,4,10:47,28,na,,
2023-Jul,2023-07-21,Simmonds,20,DVM,3,R,12,na,4,10:47,18,na,,
2023-Jul,2023-07-21,Simmonds,20,DVM,3,R,13,na,4,10:47,5,na,,
2023-Jul,2023-07-21,Simmonds,20,DVM,3,R,16.5,na,4,10:47,5,na,,
2023-Jul,2023-07-21,Simmonds,20,DVM,3,R,18.5,na,4,10:47,25,na,,
2023-Jul,2023-07-21,Simmonds,20,DVM,3,L,17,na,4,10:47,28,na,,
2023-Jul,2023-07-21,Simmonds,20,DVM,3,L,14,na,4,10:47,14,na,,
2023-Jul,2023-07-21,Simmonds,20,DVM,3,L,12.5,na,4,10:47,3,na,,
2023-Jul,2023-07-21,Simmonds,20,DVM,3,L,5.5,na,4,10:47,14,P,,
2023-Jul,2023-07-21,Simmonds,20,DVM,3,L,5,na,4,10:47,4,na,,
2023-Jul,2023-07-21,Simmonds,20,DVM,3,L,4,na,4,10:47,13,na,,
2023-Jul,2023-07-21,Simmonds,20,DVM,3,L,4,na,4,10:47,8,na,,
2023-Jul,2023-07-23,McMullins_north_HIRMD,30,LL,2,L,30,na,5,10:30,1,T,,check with datasheets
2023-Jul,2023-07-23,McMullins_north_HIRMD,30,LL,2,L,30,na,5,10:30,4,T,,check with datasheets
2023-Jul,2023-07-23,McMullins_north_HIRMD,30,LL,2,L,26.5,na,5,10:30,5,T,,check with datasheets
2023-Jul,2023-07-23,McMullins_north_HIRMD,30,LL,2,L,16.6,na,5,10:30,1,na,,
2023-Jul,2023-07-23,McMullins_north_HIRMD,30,LL,2,L,14,na,5,10:30,4,na,,
2023-Jul,2023-07-23,McMullins_north_HIRMD,30,LL,2,L,7.3,na,5,10:30,1,P,,
2023-Jul,2023-07-23,McMullins_north_HIRMD,30,LL,2,L,2.5,na,5,10:30,4,na,,
2023-Jul,2023-07-23,McMullins_north_HIRMD,30,LL,2,L,2,na,5,10:30,4,na,,
2023-Jul,2023-07-23,McMullins_north_HIRMD,30,LL,2,L,2,na,5,10:30,6,na,,
2023-Jul,2023-07-23,McMullins_north_HIRMD,30,LL,2,R,2,na,5,10:30,12,na,,
2023-Jul,2023-07-23,McMullins_north_HIRMD,30,LL,2,R,7.2,na,5,10:30,2,na,,
2023-Jul,2023-07-23,McMullins_north_HIRMD,30,LL,2,R,15.3,na,5,10:30,4,na,,
2023-Jul,2023-07-23,McMullins_north_HIRMD,30,LL,2,R,15.3,na,5,10:30,11,na,,
2023-Jul,2023-07-23,McMullins_north_HIRMD,30,LL,2,R,20,na,5,10:30,6,na,,
2023-Jul,2023-07-23,McMullins_north_HIRMD,30,LL,2,R,20,na,5,10:30,6,T,,check with datasheets
2023-Jul,2023-07-23,Goose_HIRMD,30,LL,1,R,12,na,3,12:51,7,na,,
2023-Jul,2023-07-23,Goose_HIRMD,30,LL,1,R,12,na,3,12:51,3,na,,
2023-Jul,2023-07-23,Goose_HIRMD,30,LL,1,R,11.5,na,3,12:51,5,P,,
2023-Jul,2023-07-23,Goose_HIRMD,30,LL,1,R,11.5,na,3,12:51,11,na,,
2023-Jul,2023-07-23,Goose_HIRMD,30,LL,1,R,11.5,na,3,12:51,2,na,,
2023-Jul,2023-07-23,Goose_HIRMD,30,LL,1,R,9.4,na,3,12:51,12,na,,
2023-Jul,2023-07-23,Goose_HIRMD,30,LL,1,R,9,na,3,12:51,6,na,,
2023-Jul,2023-07-23,Goose_HIRMD,30,LL,1,R,8.8,na,3,12:51,3,na,,
2023-Jul,2023-07-23,Goose_HIRMD,30,LL,1,R,8,na,3,12:51,7,na,,
2023-Jul,2023-07-23,Goose_HIRMD,30,LL,1,R,8,na,3,12:51,7,na,,
2023-Jul,2023-07-23,Goose_HIRMD,30,LL,1,L,8,na,3,12:51,3,T,,check with datasheets
2023-Jul,2023-07-23,Goose_HIRMD,30,LL,1,L,7,na,3,12:51,1,na,,
2023-Jul,2023-07-23,Goose_HIRMD,30,LL,1,L,3.1,na,3,12:51,6,na,,
2023-Jul,2023-07-23,Goose_HIRMD,30,LL,1,L,2.5,na,3,12:51,3,na,,
2023-Jul,2023-07-23,Goose_HIRMD,30,LL,1,L,1,na,3,12:51,7,C,,
2023-Jul,2023-07-23,Goose_HIRMD,30,LL,1,L,0,na,3,12:51,3,na,,
2023-Jul,2023-07-23,McMullins_north_HIRMD,30,BW,1,L,29.5,na,5,10:20,12,T,,check with datasheets
2023-Jul,2023-07-23,McMullins_north_HIRMD,30,BW,1,L,29.5,na,5,10:20,6,T,,check with datasheets
2023-Jul,2023-07-23,McMullins_north_HIRMD,30,BW,1,L,29.2,na,5,10:20,5,T,,check with datasheets
2023-Jul,2023-07-23,McMullins_north_HIRMD,30,BW,1,L,19,na,5,10:20,4,na,,
2023-Jul,2023-07-23,McMullins_north_HIRMD,30,BW,1,L,18.5,na,5,10:20,6,P,maked as tangled ,check with datasheets
2023-Jul,2023-07-23,McMullins_north_HIRMD,30,BW,1,L,17.5,na,5,10:20,8,T,maked as tangled ,check with datasheets
2023-Jul,2023-07-23,McMullins_north_HIRMD,30,BW,1,L,16,na,5,10:20,32,T,maked as tangled ,check with datasheets
2023-Jul,2023-07-23,McMullins_north_HIRMD,30,BW,1,L,14,na,5,10:20,14,T,,check with datasheets
2023-Jul,2023-07-23,McMullins_north_HIRMD,30,BW,1,L,10,na,5,10:20,2,na,maked as tangled ,
2023-Jul,2023-07-23,McMullins_north_HIRMD,30,BW,1,L,7.2,na,5,10:20,8,na,,
2023-Jul,2023-07-23,McMullins_north_HIRMD,30,BW,1,L,6,na,5,10:20,4,na,marked as tangled,
2023-Jul,2023-07-23,McMullins_north_HIRMD,30,BW,1,L,2.5,na,5,10:20,2,na,,
2023-Jul,2023-07-23,McMullins_north_HIRMD,30,BW,1,R,0,na,5,10:20,5,T,,check with datasheets
2023-Jul,2023-07-23,McMullins_north_HIRMD,30,BW,1,R,9.3,na,5,10:20,11,na,,
2023-Jul,2023-07-23,McMullins_north_HIRMD,30,BW,1,R,14.3,na,5,10:20,18,T,maked as tangled,check with datasheets
2023-Jul,2023-07-23,McMullins_north_HIRMD,30,BW,1,R,16.8,na,5,10:20,18,T,maked as tangled,check with datasheets
2023-Jul,2023-07-23,McMullins_north_HIRMD,30,BW,1,R,17.5,na,5,10:20,9,T,maked as tangled,check with datasheets
2023-Jul,2023-07-23,McMullins_north_HIRMD,30,BW,1,R,18.5,na,5,10:20,9,T,maked as tangled,check with datasheets
2023-Jul,2023-07-23,McMullins_north_HIRMD,30,BW,1,R,28.5,na,5,10:20,3,T,,check with datasheets
2023-Jul,2023-07-23,McMullins_north_HIRMD,30,BW,1,R,29,na,5,10:20,2,T,,check with datasheets
2023-Jul,2023-07-23,Goose_HIRMD,30,BW,2,L,21.3,na,3,12:46,1,T,,check with datasheets
2023-Jul,2023-07-23,Goose_HIRMD,30,BW,2,L,20.2,na,3,12:46,2,T,,check with datasheets
2023-Jul,2023-07-23,Goose_HIRMD,30,BW,2,L,19.5,na,3,12:46,10,na,,
2023-Jul,2023-07-23,Goose_HIRMD,30,BW,2,L,19.7,na,3,12:46,4,na,,
2023-Jul,2023-07-23,Goose_HIRMD,30,BW,2,L,19.2,na,3,12:46,8,na,,
2023-Jul,2023-07-23,Goose_HIRMD,30,BW,2,R,7.5,na,3,12:46,11,na,,
2023-Jul,2023-07-23,Goose_HIRMD,30,BW,2,R,8,na,3,12:46,7,na,,
2023-Jul,2023-07-23,Goose_HIRMD,30,BW,2,R,13.5,na,3,12:46,10,na,,
2023-Jul,2023-07-23,Goose_HIRMD,30,BW,2,R,13.5,na,3,12:46,6,P,,
2023-Jul,2023-07-23,Goose_HIRMD,30,BW,2,R,14,na,3,12:46,9,na,,
2023-Jul,2023-07-23,Goose_HIRMD,30,BW,2,R,16,na,3,12:46,15,na,,
2023-Jul,2023-07-23,Goose_HIRMD,30,BW,2,R,22,na,3,12:46,6,T,,check with datasheets
2023-Jul,2023-07-23,Goose_HIRMD,30,BW,2,R,22.5,na,3,12:46,1,T,,check with datasheets
2023-Jul,2023-07-23,Goose_HIRMD,30,BW,2,R,22.5,na,3,12:46,2,T,,check with datasheets
2023-Jul,2023-07-23,Goose_HIRMD,30,BW,2,R,23,na,3,12:46,5,T,,check with datasheets
2023-Jul,2023-07-23,Goose_HIRMD,30,BW,2,R,23,na,3,12:46,4,T,,check with datasheets
2023-Jul,2023-07-23,McMullins_north_HIRMD,30,OP,3,L,29,na,5,12:46,6,T,,check with datasheets
2023-Jul,2023-07-23,McMullins_north_HIRMD,30,OP,3,L,29,na,5,12:46,2,T,,check with datasheets
2023-Jul,2023-07-23,McMullins_north_HIRMD,30,OP,3,L,29,na,5,12:46,9,T,,check with datasheets
2023-Jul,2023-07-23,McMullins_north_HIRMD,30,OP,3,L,28.5,na,5,12:46,11,T,,check with datasheets
2023-Jul,2023-07-23,McMullins_north_HIRMD,30,OP,3,L,28.5,na,5,12:46,11,T,,check with datasheets
2023-Jul,2023-07-23,McMullins_north_HIRMD,30,OP,3,L,28,na,5,12:46,8,T,,check with datasheets
2023-Jul,2023-07-23,McMullins_north_HIRMD,30,OP,3,L,28,na,5,12:46,1,T,,check with datasheets
2023-Jul,2023-07-23,McMullins_north_HIRMD,30,OP,3,L,20,na,5,12:46,19,na,,
2023-Jul,2023-07-23,McMullins_north_HIRMD,30,OP,3,L,4,na,5,12:46,7,na,,
2023-Jul,2023-07-23,McMullins_north_HIRMD,30,OP,3,L,3.5,na,5,12:46,12,na,,
2023-Jul,2023-07-23,McMullins_north_HIRMD,30,OP,3,L,3.5,na,5,12:46,12,na,,
2023-Jul,2023-07-23,McMullins_north_HIRMD,30,OP,3,L,1,na,5,12:46,13,na,,
2023-Jul,2023-07-23,McMullins_north_HIRMD,30,OP,3,R,0,na,5,12:46,9,na,,
2023-Jul,2023-07-23,McMullins_north_HIRMD,30,OP,3,R,0,na,5,12:46,5,na,,
2023-Jul,2023-07-23,McMullins_north_HIRMD,30,OP,3,R,0,na,5,12:46,4,na,,
2023-Jul,2023-07-23,McMullins_north_HIRMD,30,OP,3,R,0,na,5,12:46,14,na,,
2023-Jul,2023-07-23,McMullins_north_HIRMD,30,OP,3,R,6.5,na,5,12:46,15,T,,check with datasheets
2023-Jul,2023-07-23,McMullins_north_HIRMD,30,OP,3,R,6.5,na,5,12:46,9,na,,
2023-Jul,2023-07-23,McMullins_north_HIRMD,30,OP,3,R,6.5,na,5,12:46,6,na,,
2023-Jul,2023-07-23,McMullins_north_HIRMD,30,OP,3,R,10,na,5,12:46,8,na,,
2023-Jul,2023-07-23,McMullins_north_HIRMD,30,OP,3,R,28,na,5,12:46,10,T,,check with datasheets
2023-Jul,2023-07-23,Goose_HIRMD,30,OP,3,L,30,na,3,13:00,12,T,,check with datasheets
2023-Jul,2023-07-23,Goose_HIRMD,30,OP,3,L,3,na,3,13:00,11,P,,
2023-Jul,2023-07-23,Goose_HIRMD,30,OP,3,L,3,na,3,13:00,3,P,,
2023-Jul,2023-07-23,Goose_HIRMD,30,OP,3,R,0,na,3,13:00,3,na,,
2023-Jul,2023-07-23,Goose_HIRMD,30,OP,3,R,0,na,3,13:00,21,na,,
2023-Jul,2023-07-23,Goose_HIRMD,30,OP,3,R,0.5,na,3,13:00,8,na,,
2023-Jul,2023-07-23,Goose_HIRMD,30,OP,3,R,0.5,na,3,13:00,7,na,,
2023-Jul,2023-07-23,Goose_HIRMD,30,OP,3,R,1.5,na,3,13:00,4,na,,
2023-Jul,2023-07-23,Goose_HIRMD,30,OP,3,R,9,na,3,13:00,12,na,,
2023-Jul,2023-07-23,Goose_HIRMD,30,OP,3,R,12,na,3,13:00,14,na,,
2023-Jul,2023-07-23,Goose_HIRMD,30,OP,3,R,12,na,3,13:00,6,na,,
2023-Jul,2023-07-23,Goose_HIRMD,30,OP,3,R,12,na,3,13:00,10,na,,
2023-Jul,2023-07-22,Westbeach,20,BW,2,R,0,na,2,16:00,9,P,,
2023-Jul,2023-07-22,Westbeach,20,BW,2,R,1.2,na,2,16:00,3,na,,
2023-Jul,2023-07-22,Westbeach,20,BW,2,R,2,na,2,16:00,15,na,,
2023-Jul,2023-07-22,Westbeach,20,BW,2,R,7.2,na,2,16:00,41,na,,
2023-Jul,2023-07-22,Westbeach,20,BW,2,R,7.5,na,2,16:00,5,na,,
2023-Jul,2023-07-22,Westbeach,20,BW,2,R,10,na,2,16:00,45,na,,
2023-Jul,2023-07-22,Westbeach,20,BW,2,R,10,na,2,16:00,30,na,,
2023-Jul,2023-07-22,Westbeach,20,BW,2,R,9.5,na,2,16:00,50,na,,
2023-Jul,2023-07-22,Westbeach,20,BW,2,R,12.8,na,2,16:00,23,P,,
2023-Jul,2023-07-22,Westbeach,20,BW,1,R,1.5,na,2,16:44,45,P,,
2023-Jul,2023-07-22,Westbeach,20,BW,1,R,2,na,2,16:44,33,P,,
2023-Jul,2023-07-22,Westbeach,20,BW,1,R,2.5,na,2,16:44,22,na,,
2023-Jul,2023-07-22,Westbeach,20,BW,1,R,3,na,2,16:44,12,na,,
2023-Jul,2023-07-22,Westbeach,20,BW,1,R,3.8,na,2,16:44,12,na,,
2023-Jul,2023-07-22,Westbeach,20,BW,1,R,4.5,na,2,16:44,5,na,,
2023-Jul,2023-07-22,Westbeach,20,BW,1,R,5,na,2,16:44,12,na,,
2023-Jul,2023-07-22,Westbeach,20,BW,1,R,5.5,na,2,16:44,9,na,,
2023-Jul,2023-07-22,Westbeach,20,BW,1,R,5.5,na,2,16:44,14,na,,
2023-Jul,2023-07-22,Westbeach,20,BW,1,R,5.5,na,2,16:44,2,na,,
2023-Jul,2023-07-22,Westbeach,20,BW,1,R,5.5,na,2,16:44,17,na,,
2023-Jul,2023-07-22,Westbeach,20,BW,1,R,10,na,2,16:44,32,na,,
2023-Jul,2023-07-22,Westbeach,20,BW,1,R,10,na,2,16:44,50,P,,
2023-Jul,2023-07-22,Westbeach,20,BW,1,R,10.2,na,2,16:44,14,na,,
2023-Jul,2023-07-22,Westbeach,20,BW,1,L,9,na,2,16:44,52,na,,
2023-Jul,2023-07-22,Westbeach,20,BW,1,L,5.5,na,2,16:44,12,na,,
2023-Jul,2023-07-22,Westbeach,20,BW,1,L,0,na,2,16:44,11,na,,
2023-Jul,2023-07-22,Westbeach,20,LL,3,R,2.9,na,2,15:27,12,na,,
2023-Jul,2023-07-22,Westbeach,20,LL,3,R,5.7,na,2,15:27,10,na,,
2023-Jul,2023-07-22,Westbeach,20,LL,3,R,6.4,na,2,15:27,7,na,,
2023-Jul,2023-07-22,Westbeach,20,LL,3,R,6.6,na,2,15:27,9,na,,
2023-Jul,2023-07-22,Westbeach,20,LL,3,R,6.6,na,2,15:27,3,na,,
2023-Jul,2023-07-22,Westbeach,20,LL,3,R,10,na,2,15:27,17,na,,
2023-Jul,2023-07-22,Westbeach,20,LL,3,R,10,na,2,15:27,4,na,,
2023-Jul,2023-07-22,Westbeach,20,LL,3,R,10,na,2,15:27,9,na,,
2023-Jul,2023-07-22,Westbeach,20,LL,3,R,10,na,2,15:27,2,na,,
2023-Jul,2023-07-22,Westbeach,20,LL,3,R,15.8,na,2,15:27,15,na,,
2023-Jul,2023-07-22,Westbeach,20,LL,3,R,15.8,na,2,15:27,14,na,,
2023-Jul,2023-07-22,Westbeach,20,LL,3,L,20,na,2,15:27,4,P,,
2023-Jul,2023-07-22,Westbeach,20,LL,3,L,19.5,na,2,15:27,26,na,,
2023-Jul,2023-07-22,Westbeach,20,LL,3,L,14.7,na,2,15:27,1,na,,
2023-Jul,2023-07-22,Westbeach,20,LL,3,L,14,na,2,15:27,12,P,,
2023-Jul,2023-07-22,Westbeach,20,LL,3,L,14,na,2,15:27,13,P,,
2023-Jul,2023-07-22,Westbeach,20,LL,3,L,10.4,na,2,15:27,8,na,,
2023-Jul,2023-07-22,Westbeach,20,LL,3,L,10.4,na,2,15:27,6,na,,
2023-Jul,2023-07-22,Westbeach,20,LL,3,L,10.4,na,2,15:27,4,na,,
2023-Jul,2023-07-22,Westbeach,20,LL,3,L,10.4,na,2,15:27,2,na,,
2023-Jul,2023-07-22,Westbeach,20,LL,3,L,10.4,na,2,15:27,1,na,,
2023-Jul,2023-07-22,Westbeach,20,LL,3,L,6.96,na,2,15:27,4,na,,
2023-Jul,2023-07-22,Westbeach,20,LL,3,L,6,na,2,15:27,3,na,,
2023-Jul,2023-07-22,Westbeach,20,LL,3,L,6,na,2,15:27,1,na,,
2023-Jul,2023-07-22,Westbeach,20,LL,3,L,6,na,2,15:27,6,na,,
2023-Jul,2023-07-22,Westbeach,20,LL,3,L,5,na,2,15:27,19,na,,
2023-Jul,2023-07-22,Westbeach,20,LL,3,L,5,na,2,15:27,14,na,,
2023-Jul,2023-07-22,Westbeach,20,LL,3,L,5,na,2,15:27,21,na,,
2023-Jul,2023-07-22,Westbeach,20,LL,3,L,4.5,na,2,15:27,26,na,,
2024-Jul,2024-07-06,Triquet,20,LL,2,R,3,4.9,4,10:35,2,na,,
2024-Jul,2024-07-06,Triquet,20,LL,2,R,3.2,4.9,4,10:35,2,na,,
2024-Jul,2024-07-06,Triquet,20,LL,2,R,3.5,4.9,4,10:35,2,na,,
2024-Jul,2024-07-06,Triquet,20,LL,2,R,20.2,5,4,10:38,0,na,2,fronds outside of the transect length
2024-Jul,2024-07-06,Triquet,20,LL,2,R,24,4.5,4,10:38,0,na,4,fronds outside of the transect length
2024-Jul,2024-07-06,Triquet,20,LL,2,R,28.3,4.5,4,10:40,0,na,9,fronds outside of the transect length
2024-Jul,2024-07-06,Triquet,20,LL,2,L,30,4.6,4,10:40,0,na,1,fronds outside of the transect length
2024-Jul,2024-07-06,Triquet,20,LL,2,L,15.9,4.9,4,10:41,9,na,,
2024-Jul,2024-07-06,Triquet,20,OP,1,R,0,4.9,4,10:33,8,na,,
2024-Jul,2024-07-06,Triquet,20,OP,1,R,1,4.8,4,10:34,6,na,,
2024-Jul,2024-07-06,Triquet,20,OP,1,R,15,5.1,4,10:43,18,na,,
2024-Jul,2024-07-06,Triquet,20,OP,1,R,18,5.2,4,10:44,6,na,,
2024-Jul,2024-07-06,Triquet,20,OP,1,R,17,5.2,4,10:45,6,na,,
2024-Jul,2024-07-06,Triquet,20,OP,1,R,15,4.8,4,10:46,7,na,,
2024-Jul,2024-07-06,Triquet,20,OP,1,R,14,4.8,4,10:46,5,na,,
2024-Jul,2024-07-06,Triquet,20,OP,1,R,13,4.8,4,10:46,9,na,,
2024-Jul,2024-07-06,Triquet,20,OP,1,R,11,5.1,4,10:47,7,na,,
2024-Jul,2024-07-06,Triquet,20,OP,1,R,1,5.2,4,10:47,8,na,,
2024-Jul,2024-07-07,Meay,20,AS,2,L,13,2.1,2,11:49,11,na,,
2024-Jul,2024-07-07,Meay,20,AS,2,L,13,2.1,2,11:52,5,na,,
2024-Jul,2024-07-07,Meay,20,AS,2,L,16,2.5,2,11:54,20,na,,
2024-Jul,2024-07-07,Meay,20,AS,2,R,16.25,2.7,2,11:56,24,na,,
2024-Jul,2024-07-07,Meay,20,AS,2,R,20,2.3,2,11:58,14,na,,
2024-Jul,2024-07-07,Meay,20,AS,2,R,22,2.3,2,11:58,0,na,12,fronds outside of the transect length
2024-Jul,2024-07-07,Meay,20,DVM,1,R,18,3,2,11:48,18,na,,
2024-Jul,2024-07-07,Meay,20,DVM,1,R,18.5,3.1,2,11:50,19,na,,
2024-Jul,2024-07-07,Meay,20,DVM,1,L,16,3.2,2,11:51,7,na,,
2024-Jul,2024-07-08,Womanley,20,LL,1,R,4.5,5.3,5,10:00,6,na,,
2024-Jul,2024-07-08,Womanley,20,LL,1,R,10.85,5,5,10:01,2,na,,
2024-Jul,2024-07-08,Womanley,20,LL,1,R,12.78,5.1,5,10:02,6,na,,
2024-Jul,2024-07-08,Womanley,20,LL,1,R,13,5,5,10:03,7,na,,
2024-Jul,2024-07-08,Womanley,20,LL,1,R,13.1,5,5,10:03,5,na,,
2024-Jul,2024-07-08,Womanley,20,LL,1,R,14,5,5,10:03,9,na,,
2024-Jul,2024-07-08,Womanley,20,LL,1,L,13.9,5,5,10:05,9,na,,
2024-Jul,2024-07-08,Womanley,20,LL,1,L,12.2,5,5,10:05,2,na,,
2024-Jul,2024-07-08,Womanley,20,LL,1,L,11.7,5.1,5,10:06,7,na,,
2024-Jul,2024-07-08,Womanley,20,LL,1,L,11.7,5.1,5,10:06,3,na,,
2024-Jul,2024-07-08,Womanley,20,LL,1,L,9,5,5,10:06,13,na,,
2024-Jul,2024-07-08,Womanley,20,LL,1,L,7.5,5,5,10:07,4,na,,
2024-Jul,2024-07-07,Meay,20,OP,3,L,3.5,3.1,2,12:04,7,na,,
2024-Jul,2024-07-07,Meay,20,OP,3,L,3.75,3.1,2,12:04,20,na,,
2024-Jul,2024-07-07,Meay,20,OP,3,R,9,2.5,2,12:06,8,na,,
2024-Jul,2024-07-07,Meay,20,OP,3,R,9.2,2.5,2,12:06,12,na,,
2024-Jul,2024-07-07,Meay,20,OP,3,R,9.3,2.5,2,12:06,10,na,,
2024-Jul,2024-07-07,Meay,20,OP,3,R,13.5,2.6,2,12:08,9,na,,
2024-Jul,2024-07-07,Meay,20,OP,3,R,13.75,2.7,2,12:08,14,na,,
2024-Jul,2024-07-07,Meay,20,OP,3,L,13.5,2.5,2,12:08,29,na,,
2024-Jul,2024-07-07,Meay,20,OP,3,L,13.75,2.5,2,12:08,11,na,,
2024-Jul,2024-07-07,Meay,20,OP,3,R,16,2.9,2,12:10,9,na,,
2024-Jul,2024-07-07,Meay,20,OP,3,R,16.2,2.9,2,12:10,1,na,,
2024-Jul,2024-07-07,Meay,20,OP,3,L,17,2.9,2,12:10,10,na,,
2024-Jul,2024-07-07,Meay,20,OP,3,R,19,2.8,2,12:12,5,na,,
2024-Jul,2024-07-07,Meay,20,OP,3,L,19,2.8,2,12:12,12,na,,
2024-Jul,2024-07-07,Meay,20,OP,3,L,19.5,2.8,2,12:12,3,na,,
2024-Jul,2024-07-07,Meay,20,OP,3,R,20,2.8,2,12:14,5,na,,
2024-Jul,2024-07-06,Triquet,20,AS/DCO,3,L,15,4,2,10:48,6,na,,
2024-Jul,2024-07-06,Triquet,20,AS/DCO,3,L,15,4,2,10:50,2,na,,
2024-Jul,2024-07-06,Triquet,20,AS/DCO,3,R,15,4.7,2,12:27,5,na,,
2024-Jul,2024-07-06,Triquet,20,AS/DCO,3,R,16,4.7,2,12:28,3,na,,
2024-Jul,2024-07-06,Triquet,20,AS/DCO,3,R,16,4.7,2,12:29,4,na,,
2024-Jul,2024-07-06,Triquet,20,AS/DCO,3,R,16,4.7,2,12:30,8,na,,
2024-Jul,2024-07-06,Triquet,20,AS/DCO,3,R,16,4.7,2,12:31,20,na,,
2024-Jul,2024-07-06,Triquet,20,AS/DCO,3,R,17,4.7,2,12:32,5,na,,
2024-Jul,2024-07-08,Womanley,20,OP,3,R,1,5.8,5,10:08,26,na,,
2024-Jul,2024-07-08,Womanley,20,OP,3,R,3,4.9,5,10:08,2,na,,
2024-Jul,2024-07-08,Womanley,20,OP,3,R,6.5,5,5,10:10,18,na,,
2024-Jul,2024-07-08,Womanley,20,OP,3,R,6.75,5,5,10:10,20,na,,
2024-Jul,2024-07-08,Womanley,20,OP,3,R,9,5,5,10:12,10,na,,
2024-Jul,2024-07-08,Womanley,20,OP,3,R,10,5.1,5,10:16,19,na,,
2024-Jul,2024-07-08,Womanley,20,OP,3,R,6.5,5,5,10:16,5,na,,
2024-Jul,2024-07-08,Womanley,20,DVM,2,R,1,5,5,9:57,7,na,,
2024-Jul,2024-07-08,Womanley,20,DVM,2,R,5.5,5.5,5,9:58,15,na,,
2024-Jul,2024-07-08,Womanley,20,DVM,2,R,5.5,5.5,5,9:58,6,na,,
2024-Jul,2024-07-08,Womanley,20,DVM,2,R,7.3,5.7,5,9:59,14,P,,
2024-Jul,2024-07-08,Womanley,20,DVM,2,R,9,5.1,5,9:59,11,na,,
2024-Jul,2024-07-08,Womanley,20,DVM,2,R,9.5,5,5,10:00,13,na,,
2024-Jul,2024-07-08,Womanley,20,DVM,2,R,11,5.1,5,10:01,7,na,,
2024-Jul,2024-07-08,Womanley,20,DVM,2,R,11,5.1,5,10:01,11,na,,
2024-Jul,2024-07-08,Womanley,20,DVM,2,R,16,5.2,5,10:01,5,na,,
2024-Jul,2024-07-08,Womanley,20,DVM,2,R,18,5,5,10:02,12,P,,
2024-Jul,2024-07-08,Womanley,20,DVM,2,R,19,4.8,5,10:03,12,na,,
2024-Jul,2024-07-08,Womanley,20,DVM,2,R,19,4.8,5,10:03,20,na,,
2024-Jul,2024-07-08,Womanley,20,DVM,2,L,16.5,5,5,10:04,12,na,,
2024-Jul,2024-07-08,Womanley,20,DVM,2,L,16,5,5,10:05,11,na,,
2024-Jul,2024-07-08,Womanley,20,DVM,2,L,16,5,5,10:05,6,na,,
2024-Jul,2024-07-08,Womanley,20,DVM,2,L,15.8,5,5,10:05,4,na,,
2024-Jul,2024-07-08,Womanley,20,DVM,2,L,13,5.1,5,10:05,5,na,,
2024-Jul,2024-07-08,Womanley,20,DVM,2,L,10,5.2,5,10:06,4,na,,
2024-Jul,2024-07-08,Womanley,20,DVM,2,L,10,5.2,5,10:06,18,na,,
2024-Jul,2024-07-08,Womanley,20,DVM,2,L,9,5.2,5,10:07,17,na,,
2024-Jul,2024-07-08,Womanley,20,DVM,2,L,7.3,4.9,5,10:07,23,na,,
2024-Jul,2024-07-08,Womanley,20,DVM,2,L,0,5.3,5,10:08,10,P,,
2024-Jul,2024-07-09,Westbeach,20,DVM,2,R,0,3.5,2,10:08,8,P,,
2024-Jul,2024-07-09,Westbeach,20,DVM,2,R,0.25,3.5,2,14:29,28,P,,
2024-Jul,2024-07-09,Westbeach,20,DVM,2,R,7,4,2,14:29,29,P,,
2024-Jul,2024-07-09,Westbeach,20,DVM,2,R,9.8,4.2,2,14:31,45,P,,
2024-Jul,2024-07-09,Westbeach,20,DVM,2,R,10,4.2,2,14:37,57,P,,
2024-Jul,2024-07-09,Westbeach,20,DVM,2,R,10.3,4.2,2,14:37,81,P,,
2024-Jul,2024-07-09,Westbeach,20,DVM,2,R,12.5,4.5,2,14:42,35,P,,
2024-Jul,2024-07-09,Westbeach,20,DVM,2,R,12.5,4.5,2,14:47,133,P,,
2024-Jul,2024-07-09,Westbeach,20,DVM,2,R,12.7,4.5,2,14:47,37,P,,
2024-Jul,2024-07-09,Westbeach,20,DVM,2,R,12.9,4.5,2,14:42,18,P,,
2024-Jul,2024-07-09,Westbeach,20,DVM,2,L,15.8,4.7,2,14:47,5,P,,
2024-Jul,2024-07-09,Westbeach,20,DVM,2,L,8.5,4.3,2,14:49,12,P,,
2024-Jul,2024-07-09,Westbeach,20,DVM,2,L,8,4.3,2,14:49,6,P,,
2024-Jul,2024-07-09,Westbeach,20,DVM,2,L,8,4.3,2,14:49,5,P,,
2024-Jul,2024-07-09,Westbeach,20,DVM,2,L,5.7,4.1,2,14:50,7,P,,
2024-Jul,2024-07-09,Westbeach,20,DVM,2,L,0,3.8,2,14:51,37,P,,
2024-Jul,2024-07-09,Westbeach,20,LL,1,R,0,3.4,2,14:34,18,na,,
2024-Jul,2024-07-09,Westbeach,20,LL,1,R,0,3.4,2,14:34,8,na,,
2024-Jul,2024-07-09,Westbeach,20,LL,1,R,2.7,3.5,2,14:36,12,P,,
2024-Jul,2024-07-09,Westbeach,20,LL,1,R,3,3.5,2,14:36,1,na,,
2024-Jul,2024-07-09,Westbeach,20,LL,1,R,4.3,3.6,2,14:37,2,na,,
2024-Jul,2024-07-09,Westbeach,20,LL,1,R,5.5,3.7,2,14:38,1,na,,
2024-Jul,2024-07-09,Westbeach,20,LL,1,R,6,4,2,14:38,8,na,,
2024-Jul,2024-07-09,Westbeach,20,LL,1,R,6.5,4,2,14:39,9,na,,
2024-Jul,2024-07-09,Westbeach,20,LL,1,R,6.5,4,2,14:39,4,na,,
2024-Jul,2024-07-09,Westbeach,20,LL,1,L,9.8,3.9,2,14:40,9,P,,
2024-Jul,2024-07-09,Westbeach,20,LL,1,L,9.8,3.9,2,14:40,6,na,,
2024-Jul,2024-07-09,Westbeach,20,LL,1,R,10,4,2,14:41,3,na,,
2024-Jul,2024-07-09,Westbeach,20,LL,1,R,10,4,2,14:41,2,na,,
2024-Jul,2024-07-09,Westbeach,20,LL,1,R,10,4,2,14:41,2,na,,
2024-Jul,2024-07-09,Westbeach,20,LL,1,R,10.5,4,2,14:41,9,na,,
2024-Jul,2024-07-09,Westbeach,20,LL,1,R,11,4,2,14:43,6,na,,
2024-Jul,2024-07-09,Westbeach,20,LL,1,R,11,4,2,14:43,17,na,,
2024-Jul,2024-07-09,Westbeach,20,LL,1,L,11,4,2,14:44,10,na,,
2024-Jul,2024-07-09,Westbeach,20,DCO,3,L,16,6.9,2,14:38,3,na,,
2024-Jul,2024-07-09,Westbeach,20,DCO,3,L,16.1,6.9,2,14:38,4,na,,
2024-Jul,2024-07-09,Westbeach,20,DCO,3,L,16.2,6.9,2,14:38,3,na,,
2024-Jul,2024-07-09,Westbeach,20,DCO,3,L,16.3,6.9,2,14:40,4,na,,
2024-Jul,2024-07-09,Westbeach,20,DCO,3,L,16.1,6.9,2,14:40,5,P,,
2024-Jul,2024-07-09,Westbeach,20,DCO,3,L,16.2,6.9,2,14:40,6,na,,
2024-Jul,2024-07-09,Westbeach,20,DCO,3,L,16.3,6.9,2,14:40,4,na,,
2024-Jul,2024-07-09,Westbeach,20,DCO,3,L,15.9,6.9,2,14:42,4,na,,
2024-Jul,2024-07-09,Westbeach,20,DCO,3,L,15.8,6.9,2,14:42,8,na,,
2024-Jul,2024-07-09,Westbeach,20,DCO,3,L,16,6.9,2,14:42,4,na,,
2024-Jul,2024-07-09,Westbeach,20,DCO,3,L,14.3,6.8,2,14:43,6,na,,
2024-Jul,2024-07-09,Westbeach,20,DCO,3,R,10.3,6.8,2,14:45,7,na,,
2024-Jul,2024-07-09,Westbeach,20,DCO,3,L,10.3,6.8,2,14:49,12,P,,
2024-Jul,2024-07-09,Westbeach,20,DCO,3,L,10.2,6.8,2,14:49,10,na,,
2024-Jul,2024-07-09,Westbeach,20,DCO,3,L,10.1,6.8,2,14:49,8,na,,
2024-Jul,2024-07-09,Westbeach,20,DCO,3,L,10.1,6.8,2,14:49,10,na,,
2024-Jul,2024-07-09,Westbeach,20,DCO,3,L,10,6.8,2,14:51,12,na,,
2024-Jul,2024-07-09,Westbeach,20,DCO,3,L,10.1,6.8,2,14:51,13,na,,
2024-Jul,2024-07-09,Westbeach,20,DCO,3,L,10.2,6.8,2,14:51,8,na,,
2024-Jul,2024-07-09,Westbeach,20,DCO,3,L,10.3,6.8,2,14:51,7,na,,
2024-Jul,2024-07-09,Westbeach,20,DCO,3,L,9.9,6.8,2,14:51,5,na,,
2024-Jul,2024-07-09,Westbeach,20,DCO,3,L,9.8,6.8,2,14:52,4,na,,
2024-Jul,2024-07-09,Westbeach,20,DCO,3,R,6.6,6.8,2,14:52,5,na,,
2024-Jul,2024-07-09,Westbeach,20,DCO,3,R,6.5,6.8,2,14:52,3,na,,
2024-Jul,2024-07-09,Westbeach,20,DCO,3,R,6.6,6.9,2,14:53,4,P,,
2024-Jul,2024-07-09,Westbeach,20,DCO,3,R,6.5,6.9,2,14:53,2,na,,
2024-Jul,2024-07-09,Westbeach,20,DCO,3,R,6.5,6.9,2,14:53,3,na,,
2024-Jul,2024-07-09,Westbeach,20,DCO,3,L,5.9,6.9,2,14:53,4,na,,
2024-Jul,2024-07-09,Westbeach,20,DCO,3,L,5.9,6.9,2,14:55,3,na,,
2024-Jul,2024-07-09,Westbeach,20,DCO,3,L,5.8,6.9,2,14:55,7,na,,
2024-Jul,2024-07-09,Westbeach,20,DCO,3,L,5.8,6.9,2,14:55,4,na,,
2024-Jul,2024-07-09,Westbeach,20,DCO,3,L,5.6,6.9,2,14:57,7,na,,
2024-Jul,2024-07-09,Westbeach,20,DCO,3,L,5.5,6.9,2,14:57,4,na,,
2024-Jul,2024-07-09,Westbeach,20,DCO,3,L,5,6.9,2,14:57,6,na,,
2024-Jul,2024-07-09,Westbeach,20,DCO,3,L,4.8,6.7,2,14:58,12,na,,
2024-Jul,2024-07-09,Westbeach,20,DCO,3,R,4.4,6.7,2,14:58,10,na,,
2024-Jul,2024-07-09,Westbeach,20,DCO,3,L,4.4,6.7,2,14:58,5,na,,
2024-Jul,2024-07-09,Westbeach,20,DCO,3,L,4.3,6.7,2,14:58,6,na,,
2024-Jul,2024-07-09,Westbeach,20,DCO,3,R,2.8,6.8,2,14:04,6,na,,
2024-Jul,2024-07-09,Westbeach,20,DCO,3,R,2.9,6.8,2,14:04,6,na,,
2024-Jul,2024-07-09,Westbeach,20,DCO,3,R,3,6.8,2,14:04,7,na,,
2024-Jul,2024-07-09,Westbeach,20,DCO,3,R,3.1,6.8,2,14:04,4,na,,
2024-Jul,2024-07-09,Westbeach,20,DCO,3,R,3.2,6.8,2,14:04,5,na,,
2024-Jul,2024-07-11,Cape_mark_HIRMD,30,DCO,3,L,29.4,5.2,4,13:45,4,na,,
2024-Jul,2024-07-11,Cape_mark_HIRMD,30,DCO,3,L,29.5,5.2,4,13:45,8,na,,
2024-Jul,2024-07-11,Cape_mark_HIRMD,30,DCO,3,L,29.6,5.2,4,13:45,7,C,,
2024-Jul,2024-07-11,Cape_mark_HIRMD,30,DCO,3,L,29.7,5.2,4,13:45,8,na,,
2024-Jul,2024-07-11,Cape_mark_HIRMD,30,DCO,3,L,29.8,5.2,4,13:45,4,P,,
2024-Jul,2024-07-11,Cape_mark_HIRMD,30,DCO,3,L,27.1,5.2,4,13:45,4,na,,
2024-Jul,2024-07-11,Cape_mark_HIRMD,30,DCO,3,L,27.1,5.2,4,13:45,7,P,,
2024-Jul,2024-07-11,Cape_mark_HIRMD,30,DCO,3,L,27.1,5.2,4,13:45,8,P,,
2024-Jul,2024-07-11,Cape_mark_HIRMD,30,DCO,3,R,27.2,4.5,4,13:45,4,na,,
2024-Jul,2024-07-11,Cape_mark_HIRMD,30,DCO,3,L,25.9,4.5,4,13:45,6,C,,
2024-Jul,2024-07-11,Cape_mark_HIRMD,30,DCO,3,L,26,4.5,4,13:45,6,na,,
2024-Jul,2024-07-11,Cape_mark_HIRMD,30,DCO,3,L,25.5,4.5,4,13:45,6,na,,
2024-Jul,2024-07-11,Cape_mark_HIRMD,30,DCO,3,L,24.9,4.5,4,13:45,5,na,,
2024-Jul,2024-07-11,Cape_mark_HIRMD,30,DCO,3,R,19.1,4.5,4,13:45,13,P,,
2024-Jul,2024-07-11,Cape_mark_HIRMD,30,DCO,3,R,18.5,4.5,4,13:45,5,na,,
2024-Jul,2024-07-11,Cape_mark_HIRMD,30,DCO,3,R,18.6,4.5,4,13:45,4,na,,
2024-Jul,2024-07-11,Cape_mark_HIRMD,30,DCO,3,R,18.5,4.5,4,13:45,5,P,,
2024-Jul,2024-07-11,Cape_mark_HIRMD,30,DCO,3,L,17.3,4.5,4,13:45,5,P,,
2024-Jul,2024-07-11,Cape_mark_HIRMD,30,DCO,3,L,13.9,4.5,4,13:45,5,P,,
2024-Jul,2024-07-11,Cape_mark_HIRMD,30,DCO,3,L,14,4.5,4,13:45,13,na,,
2024-Jul,2024-07-11,Cape_mark_HIRMD,30,DCO,3,L,10.2,4.5,4,13:45,5,P,,
2024-Jul,2024-07-11,Cape_mark_HIRMD,30,DCO,3,L,9.6,4.5,4,13:45,5,na,,
2024-Jul,2024-07-11,Cape_mark_HIRMD,30,DCO,3,L,9.5,4.5,4,13:45,8,na,,
2024-Jul,2024-07-11,Cape_mark_HIRMD,30,DCO,3,L,9.4,4.5,4,13:45,12,na,,
2024-Jul,2024-07-11,Cape_mark_HIRMD,30,DCO,3,R,9.4,3.5,4,13:45,9,na,,
2024-Jul,2024-07-11,Cape_mark_HIRMD,30,DCO,3,R,9.4,3.5,4,13:45,5,na,,
2024-Jul,2024-07-11,Cape_mark_HIRMD,30,DCO,3,R,9.4,3.5,4,13:45,6,P,,
2024-Jul,2024-07-11,Cape_mark_HIRMD,30,DCO,3,L,7.8,3.5,4,13:45,6,P,,
2024-Jul,2024-07-11,Cape_mark_HIRMD,30,DCO,3,L,3.8,3.5,4,13:45,3,C,,
2024-Jul,2024-07-11,Cape_mark_HIRMD,30,DCO,3,L,3.8,3.5,4,13:45,4,na,,
2024-Jul,2024-07-11,Cape_mark_HIRMD,30,DCO,3,L,3.9,3.5,4,13:45,4,na,,
2024-Jul,2024-07-11,Cape_mark_HIRMD,30,DCO,3,L,3.9,3.5,4,13:45,7,P,,
2024-Jul,2024-07-11,Cape_mark_HIRMD,30,DCO,3,R,2.9,3.5,4,13:45,4,na,,
2024-Jul,2024-07-11,Cape_mark_HIRMD,30,DCO,3,R,2.9,3.5,4,13:45,2,C,,
2024-Jul,2024-07-11,Cape_mark_HIRMD,30,DCO,3,R,2.9,3.5,4,13:45,5,na,,
2024-Jul,2024-07-11,Cape_mark_HIRMD,30,DCO,3,R,2.8,3.5,4,13:45,8,na,,
2024-Jul,2024-07-11,Cape_mark_HIRMD,30,AS,1,R,28,4,4,13:52,5,na,,
2024-Jul,2024-07-11,Cape_mark_HIRMD,30,AS,1,R,27,4,4,13:52,2,na,,
2024-Jul,2024-07-11,Cape_mark_HIRMD,30,AS,1,R,27,4,4,13:52,6,na,,
2024-Jul,2024-07-11,Cape_mark_HIRMD,30,AS,1,R,26,4,4,13:52,4,na,,
2024-Jul,2024-07-11,Cape_mark_HIRMD,30,AS,1,R,26,4,4,13:52,4,na,,
2024-Jul,2024-07-11,Cape_mark_HIRMD,30,AS,1,L,25,4.1,4,13:52,4,na,,
2024-Jul,2024-07-11,Cape_mark_HIRMD,30,AS,1,L,25,4.2,4,13:52,9,na,,
2024-Jul,2024-07-11,Cape_mark_HIRMD,30,AS,1,L,24,4.2,4,13:52,4,na,,
2024-Jul,2024-07-11,Cape_mark_HIRMD,30,AS,1,L,23,4.4,4,13:52,11,na,,
2024-Jul,2024-07-11,Cape_mark_HIRMD,30,AS,1,R,16,6,4,13:52,12,na,,
2024-Jul,2024-07-11,Cape_mark_HIRMD,30,AS,1,L,13,6.4,4,13:52,5,na,,
2024-Jul,2024-07-11,Cape_mark_HIRMD,30,AS,1,L,13,6.4,4,13:52,11,na,,
2024-Jul,2024-07-11,Cape_mark_HIRMD,30,AS,1,L,12,6.9,4,13:52,16,na,,
2024-Jul,2024-07-11,Cape_mark_HIRMD,30,AS,1,L,11,6.9,4,13:52,10,na,,
2024-Jul,2024-07-11,Cape_mark_HIRMD,30,AS,1,R,6,8.1,4,13:52,8,na,,
2024-Jul,2024-07-11,Cape_mark_HIRMD,30,AS,1,R,6,8.3,4,13:52,18,na,,
2024-Jul,2024-07-11,Cape_mark_HIRMD,30,OP,2,L,27,3.8,4,14:07,5,na,,
2024-Jul,2024-07-11,Cape_mark_HIRMD,30,OP,2,L,24,3.8,4,14:07,3,na,,
2024-Jul,2024-07-11,Cape_mark_HIRMD,30,OP,2,L,24,3.8,4,14:07,5,na,,
2024-Jul,2024-07-11,Cape_mark_HIRMD,30,OP,2,L,23.5,3.8,4,14:07,3,na,,
2024-Jul,2024-07-11,Cape_mark_HIRMD,30,OP,2,L,23.5,3.8,4,14:07,5,na,,
2024-Jul,2024-07-11,Cape_mark_HIRMD,30,OP,2,L,23,3.8,4,14:07,6,na,,
2024-Jul,2024-07-11,Cape_mark_HIRMD,30,OP,2,L,23,3.8,4,14:07,8,na,,
2024-Jul,2024-07-11,Cape_mark_HIRMD,30,OP,2,L,22,3.8,4,14:07,5,na,,
2024-Jul,2024-07-11,Cape_mark_HIRMD,30,OP,2,L,22,3.8,4,14:07,5,na,,
2024-Jul,2024-07-11,Cape_mark_HIRMD,30,OP,2,L,18.75,4.4,4,14:07,6,na,,
2024-Jul,2024-07-11,Cape_mark_HIRMD,30,OP,2,L,18.5,4.4,4,14:07,13,na,,
2024-Jul,2024-07-11,Cape_mark_HIRMD,30,OP,2,L,18.2,4.4,4,14:07,6,na,,
2024-Jul,2024-07-11,Cape_mark_HIRMD,30,OP,2,L,18,4.4,4,14:07,4,na,,
2024-Jul,2024-07-11,Cape_mark_HIRMD,30,OP,2,L,10.75,4.5,4,14:07,5,na,,
2024-Jul,2024-07-11,Cape_mark_HIRMD,30,OP,2,L,10.75,4.5,4,14:07,2,na,,
2024-Jul,2024-07-11,Cape_mark_HIRMD,30,OP,2,L,11,4.5,4,14:07,7,na,,
2024-Jul,2024-07-11,Cape_mark_HIRMD,30,OP,2,L,11.2,4.5,4,14:07,5,na,,
2024-Jul,2024-07-11,Cape_mark_HIRMD,30,OP,2,L,11.5,4.5,4,14:07,2,na,,
2024-Jul,2024-07-11,Cape_mark_HIRMD,30,OP,2,L,6,4.5,4,14:07,15,na,,
2024-Jul,2024-07-11,Cape_mark_HIRMD,30,OP,2,L,2.75,5.7,4,14:07,3,na,,
2024-Jul,2024-07-11,Cape_mark_HIRMD,30,OP,2,L,2.5,5.7,4,14:07,2,na,,
2024-Jul,2024-07-11,Cape_mark_HIRMD,30,OP,2,L,2.5,5.7,4,14:07,3,na,,
2024-Jul,2024-07-11,Cape_mark_HIRMD,30,OP,2,L,2.25,6,4,14:07,9,na,,
2024-Jul,2024-07-11,Cape_mark_HIRMD,30,OP,2,L,2,6,4,14:07,4,na,,
2024-Jul,2024-07-11,Cape_mark_HIRMD,30,OP,2,L,1,6,4,14:07,6,na,,
2024-Jul,2024-07-11,Cape_mark_HIRMD,30,OP,2,L,0.5,6,4,14:07,3,na,,
2024-Jul,2024-07-11,Cape_mark_HIRMD,30,OP,2,L,0,6.4,4,14:07,6,na,,
2024-Jul,2024-07-11,Cape_mark_HIRMD,30,OP,2,R,1,6,4,14:15,3,na,,
2024-Jul,2024-07-11,Cape_mark_HIRMD,30,OP,2,R,1.1,6,4,14:15,6,na,,
2024-Jul,2024-07-11,Cape_mark_HIRMD,30,OP,2,R,1.2,6,4,14:15,13,na,,
2024-Jul,2024-07-11,Cape_mark_HIRMD,30,OP,2,R,1.5,6,4,14:15,10,P,,
2024-Jul,2024-07-11,Cape_mark_HIRMD,30,OP,2,R,3.5,5.7,4,14:15,4,na,,
2024-Jul,2024-07-11,Cape_mark_HIRMD,30,OP,2,R,4,5.7,4,14:15,8,na,,
2024-Jul,2024-07-11,Cape_mark_HIRMD,30,OP,2,R,15,4.5,4,14:15,2,na,,
2024-Jul,2024-07-11,Cape_mark_HIRMD,30,OP,2,R,25,4,4,14:15,8,na,,
2024-Jul,2024-07-11,Cape_mark_HIRMD,30,OP,2,R,25.2,4,4,14:15,10,na,,
2024-Jul,2024-07-11,Cape_mark_HIRMD,30,OP,2,R,25.5,4,4,14:15,12,na,,
2024-Jul,2024-07-11,Cape_mark_HIRMD,30,OP,2,R,25.75,4,4,14:15,6,na,,
2024-Jul,2024-07-11,Cape_mark_HIRMD,30,OP,2,R,25.75,4,4,14:15,3,na,,
2024-Jul,2024-07-11,Cape_mark_HIRMD,30,OP,2,R,25.5,4,4,14:15,4,na,,
2024-Jul,2024-07-11,Cape_mark_HIRMD,30,OP,2,R,26,3.8,4,14:15,9,na,,
2024-Jul,2024-07-11,Cape_mark_HIRMD,30,OP,2,R,29,3.6,4,14:15,13,na,,
2024-Jul,2024-07-11,Cape_mark_HIRMD,30,OP,2,R,29,3.6,4,14:15,4,na,,
2024-Jul,2024-07-11,Cape_mark_HIRMD,30,OP,2,R,29,3.6,4,14:15,6,na,,
2024-Jul,2024-07-11,Cape_mark_HIRMD,30,OP,2,R,29,3.6,4,14:15,4,na,,
2024-Jul,2024-07-11,Cape_mark_HIRMD,30,OP,2,R,29.1,3.6,4,14:15,6,na,,
2024-Jul,2024-07-11,Cape_mark_HIRMD,30,OP,2,R,29.1,3.6,4,14:15,6,na,,
2024-Jul,2024-07-11,Cape_mark_HIRMD,30,OP,2,R,29.2,3.6,4,14:15,2,na,,
2024-Jul,2024-07-11,Cape_mark_HIRMD,30,OP,2,R,29.3,3.6,4,14:15,8,na,,
2024-Jul,2024-07-11,Cape_mark_HIRMD,30,OP,2,R,29.4,3.6,4,14:15,3,na,,
2024-Jul,2024-07-11,Cape_mark_HIRMD,30,OP,2,R,29.4,3.6,4,14:15,5,na,,
2024-Jul,2024-07-11,Cape_mark_HIRMD,30,OP,2,R,29.5,3.6,4,14:15,9,na,,
2024-Jul,2024-07-12,Ivory_HIRMD,30,AS,2,L,29,4,3,10:50,11,na,,
2024-Jul,2024-07-12,Ivory_HIRMD,30,AS,2,R,28,3.8,3,10:50,9,na,,
2024-Jul,2024-07-12,Ivory_HIRMD,30,AS,2,R,27,4,3,10:50,2,na,,
2024-Jul,2024-07-12,Ivory_HIRMD,30,AS,2,R,27,3.8,3,10:50,9,na,,
2024-Jul,2024-07-12,Ivory_HIRMD,30,AS,2,R,24,4.3,3,10:50,1,na,,
2024-Jul,2024-07-12,Ivory_HIRMD,30,AS,2,R,23,4.1,3,10:50,7,na,,
2024-Jul,2024-07-12,Ivory_HIRMD,30,AS,2,L,23,4.1,3,10:50,5,na,,
2024-Jul,2024-07-12,Ivory_HIRMD,30,AS,2,L,21,4.2,3,10:50,1,na,,
2024-Jul,2024-07-12,Ivory_HIRMD,30,AS,2,R,21,4.2,3,10:50,1,na,,
2024-Jul,2024-07-12,Ivory_HIRMD,30,AS,2,L,21,4.2,3,10:50,2,na,,
2024-Jul,2024-07-12,Ivory_HIRMD,30,AS,2,L,21,4.2,3,10:50,2,na,,
2024-Jul,2024-07-12,Ivory_HIRMD,30,AS,2,L,21,4.2,3,10:50,2,na,,
2024-Jul,2024-07-12,Ivory_HIRMD,30,AS,2,R,19,4.2,3,10:50,1,na,,
2024-Jul,2024-07-12,Ivory_HIRMD,30,AS,2,R,18,4.2,3,10:50,2,na,,
2024-Jul,2024-07-12,Ivory_HIRMD,30,AS,2,R,17,4.2,3,10:50,3,na,,
2024-Jul,2024-07-12,Ivory_HIRMD,30,AS,2,L,15,4.5,3,10:50,5,na,,
2024-Jul,2024-07-12,Ivory_HIRMD,30,AS,2,L,15,4.5,3,10:50,7,na,,
2024-Jul,2024-07-12,Ivory_HIRMD,30,AS,2,L,14,4.5,3,10:50,3,na,,
2024-Jul,2024-07-12,Ivory_HIRMD,30,AS,2,R,12,4.7,3,10:50,1,na,,
2024-Jul,2024-07-12,Ivory_HIRMD,30,AS,2,L,10,4.7,3,10:50,9,na,,
2024-Jul,2024-07-12,Ivory_HIRMD,30,AS,2,L,9,4.7,3,10:50,5,na,,
2024-Jul,2024-07-12,Ivory_HIRMD,30,AS,2,L,8,4.7,3,10:50,3,na,,
2024-Jul,2024-07-12,Ivory_HIRMD,30,AS,2,L,7,4.7,3,10:50,4,na,,
2024-Jul,2024-07-12,Ivory_HIRMD,30,AS,2,L,7,4.7,3,10:50,2,na,,
2024-Jul,2024-07-12,Ivory_HIRMD,30,AS,2,L,6,5.1,3,10:50,3,na,,
2024-Jul,2024-07-12,Ivory_HIRMD,30,AS,2,R,4,5.1,3,10:50,1,na,,
2024-Jul,2024-07-12,Ivory_HIRMD,30,AS,2,R,2,5.1,3,10:50,2,na,,
2024-Jul,2024-07-12,Ivory_HIRMD,30,AS,2,R,2,5.1,3,10:50,4,na,,
2024-Jul,2024-07-12,Ivory_HIRMD,30,DCO,1,L,29.4,4,3,11:00,4,na,,
2024-Jul,2024-07-12,Ivory_HIRMD,30,DCO,1,L,28.4,3.8,3,11:00,5,na,,
2024-Jul,2024-07-12,Ivory_HIRMD,30,DCO,1,L,27.9,3.8,3,11:00,6,na,,
2024-Jul,2024-07-12,Ivory_HIRMD,30,DCO,1,R,27.8,3.8,3,11:00,2,na,,
2024-Jul,2024-07-12,Ivory_HIRMD,30,DCO,1,L,27.5,3.8,3,11:00,8,na,,
2024-Jul,2024-07-12,Ivory_HIRMD,30,DCO,1,R,27.4,3.8,3,11:00,5,na,,
2024-Jul,2024-07-12,Ivory_HIRMD,30,DCO,1,L,26.4,3.8,3,11:00,3,na,,
2024-Jul,2024-07-12,Ivory_HIRMD,30,DCO,1,L,26.2,3.8,3,11:00,9,na,,
2024-Jul,2024-07-12,Ivory_HIRMD,30,DCO,1,L,26.1,3.8,3,11:00,4,na,,
2024-Jul,2024-07-12,Ivory_HIRMD,30,DCO,1,L,25.9,3,3,11:00,3,na,,
2024-Jul,2024-07-12,Ivory_HIRMD,30,DCO,1,R,23.1,2.5,3,11:00,5,na,,
2024-Jul,2024-07-12,Ivory_HIRMD,30,DCO,1,R,23,2.5,3,11:00,5,na,,
2024-Jul,2024-07-12,Ivory_HIRMD,30,DCO,1,R,22.9,2.5,3,11:00,2,C,,
2024-Jul,2024-07-12,Ivory_HIRMD,30,DCO,1,L,21.3,2.5,3,11:00,8,na,,
2024-Jul,2024-07-12,Ivory_HIRMD,30,DCO,1,R,21,2.5,3,11:00,2,na,,
2024-Jul,2024-07-12,Ivory_HIRMD,30,DCO,1,R,20.9,2.5,3,11:00,4,na,,
2024-Jul,2024-07-12,Ivory_HIRMD,30,DCO,1,L,20.6,2.5,3,11:00,5,na,,
2024-Jul,2024-07-12,Ivory_HIRMD,30,DCO,1,L,20.5,2.5,3,11:00,3,na,,
2024-Jul,2024-07-12,Ivory_HIRMD,30,DCO,1,L,20.3,2.5,3,11:00,4,na,,
2024-Jul,2024-07-12,Ivory_HIRMD,30,DCO,1,R,20.3,2.3,3,11:00,3,na,,
2024-Jul,2024-07-12,Ivory_HIRMD,30,DCO,1,R,20.2,2.3,3,11:00,2,na,,
2024-Jul,2024-07-12,Ivory_HIRMD,30,DCO,1,L,20,2.3,3,11:00,4,na,,
2024-Jul,2024-07-12,Ivory_HIRMD,30,DCO,1,L,20.1,2.1,3,11:00,4,na,,
2024-Jul,2024-07-12,Ivory_HIRMD,30,DCO,1,R,18.2,2.1,3,11:00,6,na,,
2024-Jul,2024-07-12,Ivory_HIRMD,30,DCO,1,R,18.1,2.1,3,11:00,7,na,,
2024-Jul,2024-07-12,Ivory_HIRMD,30,DCO,1,R,18,2.1,3,11:00,4,na,,
2024-Jul,2024-07-12,Ivory_HIRMD,30,DCO,1,R,17.9,2.1,3,11:00,4,na,,
2024-Jul,2024-07-12,Ivory_HIRMD,30,DCO,1,L,18,2.1,3,11:00,8,na,,
2024-Jul,2024-07-12,Ivory_HIRMD,30,DCO,1,R,18,2.1,3,11:00,7,P,,
2024-Jul,2024-07-12,Ivory_HIRMD,30,DCO,1,R,18,2.1,3,11:00,7,P,,
2024-Jul,2024-07-12,Ivory_HIRMD,30,DCO,1,L,17.9,2.1,3,11:00,8,P,,
2024-Jul,2024-07-12,Ivory_HIRMD,30,DCO,1,L,16.9,2.1,3,11:00,7,na,,
2024-Jul,2024-07-12,Ivory_HIRMD,30,DCO,1,L,16.8,2.1,3,11:00,5,na,,
2024-Jul,2024-07-12,Ivory_HIRMD,30,DCO,1,L,16.7,2.1,3,11:00,5,na,,
2024-Jul,2024-07-12,Ivory_HIRMD,30,DCO,1,L,16.7,2.1,3,11:00,7,na,,
2024-Jul,2024-07-12,Ivory_HIRMD,30,DCO,1,R,16.5,2.1,3,11:00,9,na,,
2024-Jul,2024-07-12,Ivory_HIRMD,30,DCO,1,R,16.5,2.1,3,11:00,6,na,,
2024-Jul,2024-07-12,Ivory_HIRMD,30,DCO,1,R,16.4,2.1,3,11:00,7,na,,
2024-Jul,2024-07-12,Ivory_HIRMD,30,DCO,1,L,16.2,2.1,3,11:00,3,na,,
2024-Jul,2024-07-12,Ivory_HIRMD,30,DCO,1,L,15.5,1,3,11:00,7,na,,
2024-Jul,2024-07-12,Ivory_HIRMD,30,DCO,1,R,14.5,1,3,11:00,4,na,,
2024-Jul,2024-07-12,Ivory_HIRMD,30,DCO,1,R,14.3,1,3,11:00,4,na,,
2024-Jul,2024-07-12,Ivory_HIRMD,30,DCO,1,L,12.3,1,3,11:00,7,na,,
2024-Jul,2024-07-12,Ivory_HIRMD,30,DCO,1,L,9.9,1,3,11:00,5,na,,
2024-Jul,2024-07-12,Ivory_HIRMD,30,DCO,1,R,7.8,1,3,11:00,3,na,,
2024-Jul,2024-07-12,Ivory_HIRMD,30,DCO,1,R,6.3,1,3,11:00,5,na,,
2024-Jul,2024-07-12,Ivory_HIRMD,30,DCO,1,R,6.4,2,3,11:00,6,na,,
2024-Jul,2024-07-12,Ivory_HIRMD,30,DCO,1,R,6.4,2,3,11:00,5,na,,
2024-Jul,2024-07-12,Ivory_HIRMD,30,DCO,1,R,6.4,2,3,11:00,4,na,,
2024-Jul,2024-07-12,Ivory_HIRMD,30,DCO,1,R,4.9,2,3,11:00,5,na,,
2024-Jul,2024-07-12,Ivory_HIRMD,30,DCO,1,R,4.9,2,3,11:00,7,P,,
2024-Jul,2024-07-12,Ivory_HIRMD,30,DCO,1,L,4.9,2,3,11:00,12,na,,
2024-Jul,2024-07-12,Ivory_HIRMD,30,DCO,1,L,4.8,2,3,11:00,5,na,,
2024-Jul,2024-07-12,Ivory_HIRMD,30,DCO,1,L,4.8,2,3,11:00,7,na,,
2024-Jul,2024-07-12,Ivory_HIRMD,30,DCO,1,L,4.6,2,3,11:00,4,na,,
2024-Jul,2024-07-12,Ivory_HIRMD,30,DCO,1,L,4.6,2,3,11:00,5,na,,
2024-Jul,2024-07-12,Ivory_HIRMD,30,DCO,1,L,4.5,2,3,11:00,3,na,,
2024-Jul,2024-07-12,Ivory_HIRMD,30,DCO,1,L,4,2,3,11:00,4,na,,
2024-Jul,2024-07-12,Ivory_HIRMD,30,DCO,1,L,4.1,2,3,11:00,7,na,,
2024-Jul,2024-07-12,Ivory_HIRMD,30,DCO,1,L,4,2,3,11:00,7,na,,
2024-Jul,2024-07-12,Ivory_HIRMD,30,DCO,1,L,2.9,2,3,11:00,7,na,,
2024-Jul,2024-07-12,Ivory_HIRMD,30,DCO,1,L,2.8,2,3,11:00,5,na,,
2024-Jul,2024-07-12,Ivory_HIRMD,30,DCO,1,L,2.5,2,3,11:00,7,na,,
2024-Jul,2024-07-12,Ivory_HIRMD,30,DCO,1,L,2.2,2,3,11:00,6,na,,
2024-Jul,2024-07-12,Ivory_HIRMD,30,DCO,1,L,2,2,3,11:00,5,na,,
2024-Jul,2024-07-12,Ivory_HIRMD,30,DCO,1,R,1,2,3,11:00,6,na,,
2024-Jul,2024-07-12,Ivory_HIRMD,30,DCO,1,R,0.5,2,3,11:00,10,na,,
2024-Jul,2024-07-12,Ivory_HIRMD,30,OP,3,R,21,3.8,3,11:00,6,na,,
2024-Jul,2024-07-12,Ivory_HIRMD,30,OP,3,R,21,3.8,3,11:00,6,P,,
2024-Jul,2024-07-12,Ivory_HIRMD,30,OP,3,R,22,3.6,3,11:00,5,na,,
2024-Jul,2024-07-12,Ivory_HIRMD,30,OP,3,R,22,3.6,3,11:00,2,na,,
2024-Jul,2024-07-12,Ivory_HIRMD,30,OP,3,R,22,3.6,3,11:00,3,na,,
2024-Jul,2024-07-12,Ivory_HIRMD,30,OP,3,R,23.5,3.8,3,11:00,7,na,,
2024-Jul,2024-07-12,Ivory_HIRMD,30,OP,3,R,24,3.8,3,11:00,2,na,,
2024-Jul,2024-07-12,Ivory_HIRMD,30,OP,3,R,25,3.8,3,11:00,5,na,,
2024-Jul,2024-07-12,Ivory_HIRMD,30,OP,3,R,26,3.8,3,11:00,2,na,,
2024-Jul,2024-07-12,Ivory_HIRMD,30,OP,3,R,26.5,3.8,3,11:00,2,na,,
2024-Jul,2024-07-12,Ivory_HIRMD,30,OP,3,R,27,4.4,3,11:00,6,P,,
2024-Jul,2024-07-12,Ivory_HIRMD,30,OP,3,R,27.5,4.4,3,11:00,5,na,,
2024-Jul,2024-07-12,Ivory_HIRMD,30,OP,3,R,28,4.4,3,11:00,5,na,,
2024-Jul,2024-07-12,Ivory_HIRMD,30,OP,3,R,30,4.7,3,11:00,2,na,,
2024-Jul,2024-07-12,Ivory_HIRMD,30,OP,3,R,30,4.7,3,11:00,5,P,,
2024-Jul,2024-07-12,Ivory_HIRMD,30,OP,3,L,30,4.8,3,10:48,13,na,,
2024-Jul,2024-07-12,Ivory_HIRMD,30,OP,3,L,30,4.8,3,10:48,4,na,,
2024-Jul,2024-07-12,Ivory_HIRMD,30,OP,3,L,28.5,4.6,3,10:48,8,na,,
2024-Jul,2024-07-12,Ivory_HIRMD,30,OP,3,L,26.5,4,3,10:48,6,na,,
2024-Jul,2024-07-12,Ivory_HIRMD,30,OP,3,L,26.2,4,3,10:48,3,na,,
2024-Jul,2024-07-12,Ivory_HIRMD,30,OP,3,L,26.2,4,3,10:48,9,P,,
2024-Jul,2024-07-12,Ivory_HIRMD,30,OP,3,L,25,4,3,10:48,6,na,,
2024-Jul,2024-07-12,Ivory_HIRMD,30,OP,3,L,24,4,3,10:48,7,na,,
2024-Jul,2024-07-12,Ivory_HIRMD,30,OP,3,L,23,4,3,10:48,7,P,,
2024-Jul,2024-07-12,Ivory_HIRMD,30,OP,3,L,20,4,3,10:48,8,na,,
2024-Jul,2024-07-12,Ivory_HIRMD,30,OP,3,L,19,4,3,10:48,2,na,,
2024-Jul,2024-07-12,Ivory_HIRMD,30,OP,3,L,14,4.4,3,10:48,15,na,,
2024-Jul,2024-07-12,Ivory_HIRMD,30,OP,3,L,13.5,4.4,3,10:48,8,na,,
2024-Jul,2024-07-12,Ivory_HIRMD,30,OP,3,L,4.5,4.8,3,10:48,5,na,,
2024-Jul,2024-07-12,Ivory_HIRMD,30,OP,3,L,0,5.6,3,10:48,4,na,,
2024-Jul,2024-07-12,Ivory_HIRMD,30,OP,3,L,0,5.6,3,10:48,2,na,,
2024-Jul,2024-07-12,Ivory_HIRMD,30,OP,3,R,0,5.6,3,10:48,3,na,,
2024-Jul,2024-07-12,Ivory_HIRMD,30,OP,3,R,5,4.5,3,10:48,6,na,,
2024-Jul,2024-07-12,Ivory_HIRMD,30,OP,3,R,6,4.5,3,10:48,8,na,,
2024-Jul,2024-07-12,Ivory_HIRMD,30,OP,3,R,6,4.5,3,10:48,3,na,,
2024-Jul,2024-07-12,Ivory_HIRMD,30,OP,3,R,6,4.5,3,10:48,4,na,,
2024-Jul,2024-07-12,Ivory_HIRMD,30,OP,3,R,9,4.3,3,10:48,13,na,,
2024-Jul,2024-07-12,Ivory_HIRMD,30,OP,3,R,11,4.3,3,10:48,8,na,,
2024-Jul,2024-07-12,Ivory_HIRMD,30,OP,3,R,11.5,4.3,3,10:48,8,na,,
2024-Jul,2024-07-12,Ivory_HIRMD,30,OP,3,R,12,4.3,3,10:48,5,na,,
2024-Jul,2024-07-12,Ivory_HIRMD,30,OP,3,R,13,4,3,10:48,6,na,,
2024-Jul,2024-07-12,Ivory_HIRMD,30,OP,3,R,13,4,3,10:48,6,na,,
2024-Jul,2024-07-12,Ivory_HIRMD,30,OP,3,R,16,5,3,10:48,1,na,,
2024-Jul,2024-07-12,Ivory_HIRMD,30,OP,3,R,17,4.6,3,10:48,5,na,,
2024-Jul,2024-07-15,Goose_HIRMD,30,DVM,1,L,29.5,6.5,4,11:30,6,na,,
2024-Jul,2024-07-15,Goose_HIRMD,30,DVM,1,L,27.7,6.3,4,11:30,17,na,,
2024-Jul,2024-07-15,Goose_HIRMD,30,DVM,1,L,23,6.5,4,11:30,3,na,,
2024-Jul,2024-07-15,Goose_HIRMD,30,DVM,1,L,19,6.5,4,11:30,23,na,,
2024-Jul,2024-07-15,Goose_HIRMD,30,DVM,1,L,18.7,6.5,4,11:30,12,na,,
2024-Jul,2024-07-15,Goose_HIRMD,30,DVM,1,L,13.5,6.3,4,11:30,48,na,,
2024-Jul,2024-07-15,Goose_HIRMD,30,DVM,1,L,6,6.5,4,11:30,19,na,,
2024-Jul,2024-07-15,Goose_HIRMD,30,DVM,1,L,3,6.4,4,11:30,3,na,,
2024-Jul,2024-07-15,Goose_HIRMD,30,DVM,1,L,0,6,4,11:30,32,na,,
2024-Jul,2024-07-15,Goose_HIRMD,30,DVM,1,R,1.5,6,4,11:30,22,na,,
2024-Jul,2024-07-15,Goose_HIRMD,30,DVM,1,R,6.3,6.2,4,11:30,14,na,,
2024-Jul,2024-07-15,Goose_HIRMD,30,DVM,1,R,7.5,6.3,4,11:30,18,na,,
2024-Jul,2024-07-15,Goose_HIRMD,30,DVM,1,R,7.5,6.3,4,11:30,8,na,,
2024-Jul,2024-07-15,Goose_HIRMD,30,DVM,1,R,14.2,6.5,4,11:30,22,na,,
2024-Jul,2024-07-15,Goose_HIRMD,30,DVM,1,R,14.5,6.5,4,11:30,6,na,,
2024-Jul,2024-07-15,Goose_HIRMD,30,DVM,1,R,18.2,6.3,4,11:30,7,na,,
2024-Jul,2024-07-15,Goose_HIRMD,30,DVM,1,R,22,6,4,11:30,38,na,,
2024-Jul,2024-07-15,Goose_HIRMD,30,DVM,1,R,23,6.2,4,11:30,15,na,,
2024-Jul,2024-07-15,Goose_HIRMD,30,DVM,1,R,23.2,6.3,4,11:30,9,na,,
2024-Jul,2024-07-15,Goose_HIRMD,30,DVM,1,R,30,6.3,4,11:30,15,na,,
2024-Jul,2024-07-15,Goose_HIRMD,30,AS,3,L,30,6.6,4,11:30,12,na,,
2024-Jul,2024-07-15,Goose_HIRMD,30,AS,3,L,29,6.6,4,11:30,7,na,,
2024-Jul,2024-07-15,Goose_HIRMD,30,AS,3,R,29,6.6,4,11:30,3,na,,
2024-Jul,2024-07-15,Goose_HIRMD,30,AS,3,L,25,6.6,4,11:30,15,na,,
2024-Jul,2024-07-15,Goose_HIRMD,30,AS,3,R,18,6.2,4,11:30,19,na,,
2024-Jul,2024-07-15,Goose_HIRMD,30,AS,3,R,17.5,6.2,4,11:30,10,na,,
2024-Jul,2024-07-15,Goose_HIRMD,30,AS,3,R,15,6.2,4,11:30,10,na,,
2024-Jul,2024-07-15,Goose_HIRMD,30,AS,3,R,15,6.2,4,11:30,11,na,,
2024-Jul,2024-07-15,Goose_HIRMD,30,AS,3,R,14,6.2,4,11:30,20,na,,
2024-Jul,2024-07-15,Goose_HIRMD,30,AS,3,L,8,6.2,4,11:30,14,na,,
2024-Jul,2024-07-15,Goose_HIRMD,30,AS,3,L,8,6.2,4,11:30,26,na,,
2024-Jul,2024-07-15,Goose_HIRMD,30,AS,3,R,8,6.2,4,11:30,6,na,,
2024-Jul,2024-07-15,Goose_HIRMD,30,DCO,2,R,0,7,4,11:45,3,na,,
2024-Jul,2024-07-15,Goose_HIRMD,30,DCO,2,R,0.6,7,4,11:45,5,na,,
2024-Jul,2024-07-15,Goose_HIRMD,30,DCO,2,R,4,7,4,11:45,24,na,,
2024-Jul,2024-07-15,Goose_HIRMD,30,DCO,2,R,4.1,7,4,11:45,3,na,,
2024-Jul,2024-07-15,Goose_HIRMD,30,DCO,2,R,4.2,7,4,11:45,6,na,,
2024-Jul,2024-07-15,Goose_HIRMD,30,DCO,2,R,4,7,4,11:45,5,na,,
2024-Jul,2024-07-15,Goose_HIRMD,30,DCO,2,R,4,7,4,11:45,8,P,,
2024-Jul,2024-07-15,Goose_HIRMD,30,DCO,2,R,5.2,7,4,11:45,6,na,,
2024-Jul,2024-07-15,Goose_HIRMD,30,DCO,2,R,19.9,7,4,11:45,6,na,,
2024-Jul,2024-07-15,Goose_HIRMD,30,DCO,2,R,20,7,4,11:45,20,na,,
2024-Jul,2024-07-15,Goose_HIRMD,30,DCO,2,R,20.1,7,4,11:45,10,na,,
2024-Jul,2024-07-15,Goose_HIRMD,30,DCO,2,R,20.2,7,4,11:45,14,na,,
2024-Jul,2024-07-15,Goose_HIRMD,30,DCO,2,R,21.2,7,4,11:45,2,na,,
2024-Jul,2024-07-15,Goose_HIRMD,30,DCO,2,R,21.1,7,4,11:45,6,na,,
2024-Jul,2024-07-15,Goose_HIRMD,30,DCO,2,R,21,7,4,11:45,6,na,,
2024-Jul,2024-07-15,Goose_HIRMD,30,DCO,2,R,23.2,7,4,11:45,20,na,,
2024-Jul,2024-07-15,Goose_HIRMD,30,DCO,2,R,23,7,4,11:45,17,P,,
2024-Jul,2024-07-15,Goose_HIRMD,30,DCO,2,R,26.5,7,4,11:45,6,C,,
2024-Jul,2024-07-15,Goose_HIRMD,30,DCO,2,R,26.6,7,4,11:45,4,P,,
2024-Jul,2024-07-15,Goose_HIRMD,30,DCO,2,R,26.6,7,4,11:45,3,na,,
2024-Jul,2024-07-15,Goose_HIRMD,30,DCO,2,R,26,7,4,11:45,10,na,,
2024-Jul,2024-07-15,Goose_HIRMD,30,DCO,2,R,27,7,4,11:45,6,na,,
2024-Jul,2024-07-15,Goose_HIRMD,30,DCO,2,L,29,7,4,11:45,15,na,,
2024-Jul,2024-07-15,Goose_HIRMD,30,DCO,2,L,28.9,7,4,11:45,4,na,,
2024-Jul,2024-07-15,Goose_HIRMD,30,DCO,2,L,28.7,7,4,11:45,5,P,,
2024-Jul,2024-07-15,Goose_HIRMD,30,DCO,2,L,28.6,7,4,11:45,7,na,,
2024-Jul,2024-07-15,Goose_HIRMD,30,DCO,2,L,28.5,7,4,11:45,17,na,,
2024-Jul,2024-07-15,Goose_HIRMD,30,DCO,2,L,20.5,7,4,11:45,2,na,,
2024-Jul,2024-07-15,Goose_HIRMD,30,DCO,2,L,20.5,7,4,11:45,5,na,,
2024-Jul,2024-07-15,Goose_HIRMD,30,DCO,2,L,20,7,4,11:45,13,na,,
2024-Jul,2024-07-15,Goose_HIRMD,30,DCO,2,L,20,7,4,11:45,5,na,,
2024-Jul,2024-07-15,Goose_HIRMD,30,DCO,2,L,19.9,7,4,11:45,8,na,,
2024-Jul,2024-07-15,Goose_HIRMD,30,DCO,2,L,19.9,7,4,11:45,3,na,,
2024-Jul,2024-07-15,Goose_HIRMD,30,DCO,2,L,19.8,7,4,11:45,4,P,,
2024-Jul,2024-07-15,Goose_HIRMD,30,DCO,2,L,18.3,7,4,11:45,33,P,,
2024-Jul,2024-07-15,Goose_HIRMD,30,DCO,2,L,18.3,7,4,11:45,8,na,,
2024-Jul,2024-07-15,Goose_HIRMD,30,DCO,2,L,18,7,4,11:45,5,na,,
2024-Jul,2024-07-15,Goose_HIRMD,30,DCO,2,L,14.9,7,4,11:45,8,na,,
2024-Jul,2024-07-15,Goose_HIRMD,30,DCO,2,L,14.8,7,4,11:45,12,na,,
2024-Jul,2024-07-15,Goose_HIRMD,30,DCO,2,L,13.5,7,4,11:45,15,na,,
2024-Jul,2024-07-15,Goose_HIRMD,30,DCO,2,L,7.2,7,4,11:45,19,na,,
2024-Jul,2024-07-15,Goose_HIRMD,30,DCO,2,L,4,7,4,11:45,7,na,,
2024-Jul,2024-07-15,Goose_HIRMD,30,DCO,2,L,4.1,7,4,11:45,4,na,,
2024-Jul,2024-07-15,Goose_HIRMD,30,DCO,2,L,4.1,7,4,11:45,4,P,,
2024-Jul,2024-07-15,Goose_HIRMD,30,DCO,2,L,3.9,7,4,11:45,5,na,,
2024-Jul,2024-07-15,Goose_HIRMD,30,DCO,2,L,3.9,7,4,11:45,4,na,,
2024-Jul,2024-07-15,Goose_HIRMD,30,DCO,2,L,3.8,7,4,11:45,7,na,,
2024-Jul,2024-07-15,Goose_HIRMD,30,DCO,2,L,3.7,7,4,11:45,8,P,,
2024-Jul,2024-07-14,Stryker_HIRMD,30,DVM,1,L,28.3,4,NA,11:00,10,na,,
2024-Jul,2024-07-14,Stryker_HIRMD,30,DVM,1,L,26.5,3.8,NA,11:00,3,na,,
2024-Jul,2024-07-14,Stryker_HIRMD,30,DVM,1,L,26,3.8,NA,11:00,32,na,,
2024-Jul,2024-07-14,Stryker_HIRMD,30,DVM,1,L,25.7,3.8,NA,11:00,15,na,,
2024-Jul,2024-07-14,Stryker_HIRMD,30,DVM,1,L,25.3,3.9,NA,11:00,9,na,,
2024-Jul,2024-07-14,Stryker_HIRMD,30,DVM,1,L,24.3,4,NA,11:00,5,na,,
2024-Jul,2024-07-14,Stryker_HIRMD,30,DVM,1,L,22,5,NA,11:00,5,na,,
2024-Jul,2024-07-14,Stryker_HIRMD,30,DVM,1,L,21,5,NA,11:00,22,na,,
2024-Jul,2024-07-14,Stryker_HIRMD,30,DVM,1,L,18,5.4,NA,11:00,9,na,,
2024-Jul,2024-07-14,Stryker_HIRMD,30,DVM,1,L,17.8,5.4,NA,11:00,9,na,,
2024-Jul,2024-07-14,Stryker_HIRMD,30,DVM,1,L,17.4,5.4,NA,11:00,19,na,,
2024-Jul,2024-07-14,Stryker_HIRMD,30,DVM,1,L,12.2,6.5,NA,11:00,9,na,,
2024-Jul,2024-07-14,Stryker_HIRMD,30,DVM,1,L,12,6.5,NA,11:00,7,na,,
2024-Jul,2024-07-14,Stryker_HIRMD,30,DVM,1,L,9.7,6.1,NA,11:00,7,na,,
2024-Jul,2024-07-14,Stryker_HIRMD,30,DVM,1,L,8.4,6.5,NA,11:00,9,na,,
2024-Jul,2024-07-14,Stryker_HIRMD,30,DVM,1,L,6.3,6.7,NA,11:00,12,na,,
2024-Jul,2024-07-14,Stryker_HIRMD,30,DVM,1,R,2.5,6.8,NA,11:00,8,na,,
2024-Jul,2024-07-14,Stryker_HIRMD,30,DVM,1,R,5.5,6.7,NA,11:00,10,na,,
2024-Jul,2024-07-14,Stryker_HIRMD,30,DVM,1,R,6,6.5,NA,11:00,7,na,,
2024-Jul,2024-07-14,Stryker_HIRMD,30,DVM,1,R,8.1,6.3,NA,11:00,7,na,,
2024-Jul,2024-07-14,Stryker_HIRMD,30,DVM,1,R,10,6.3,NA,11:00,2,na,,
2024-Jul,2024-07-14,Stryker_HIRMD,30,DVM,1,R,10.5,6.1,NA,11:00,4,na,,
2024-Jul,2024-07-14,Stryker_HIRMD,30,DVM,1,R,12,6.2,NA,11:00,16,na,,
2024-Jul,2024-07-14,Stryker_HIRMD,30,DVM,1,R,14,7.1,NA,11:00,13,na,,
2024-Jul,2024-07-14,Stryker_HIRMD,30,DVM,1,R,18,5.5,NA,11:00,9,na,,
2024-Jul,2024-07-14,Stryker_HIRMD,30,DVM,1,R,18,5.5,NA,11:00,8,na,,
2024-Jul,2024-07-14,Stryker_HIRMD,30,DVM,1,R,18,5.5,NA,11:00,15,na,,
2024-Jul,2024-07-14,Stryker_HIRMD,30,DVM,1,R,24.3,4.6,NA,11:00,8,na,,
2024-Jul,2024-07-14,Stryker_HIRMD,30,DVM,1,R,28.2,3.6,NA,11:00,9,na,,
2024-Jul,2024-07-14,Stryker_HIRMD,30,OPI,3,L,27.7,5.5,NA,11:00,5,na,,
2024-Jul,2024-07-14,Stryker_HIRMD,30,OPI,3,L,25,5,NA,11:00,18,na,,
2024-Jul,2024-07-14,Stryker_HIRMD,30,OPI,3,L,23,4.8,NA,11:00,12,na,,
2024-Jul,2024-07-14,Stryker_HIRMD,30,OPI,3,L,22,4.4,NA,11:00,11,na,,
2024-Jul,2024-07-14,Stryker_HIRMD,30,OPI,3,L,21,4.4,NA,11:00,10,na,,
2024-Jul,2024-07-14,Stryker_HIRMD,30,OPI,3,L,21,4.4,NA,11:00,15,na,,
2024-Jul,2024-07-14,Stryker_HIRMD,30,OPI,3,L,15.5,6.2,NA,11:00,12,na,,
2024-Jul,2024-07-14,Stryker_HIRMD,30,OPI,3,L,15,6.2,NA,11:00,39,P,,
2024-Jul,2024-07-14,Stryker_HIRMD,30,OPI,3,L,14,6.5,NA,11:00,16,na,,
2024-Jul,2024-07-14,Stryker_HIRMD,30,OPI,3,L,13,7,NA,11:00,17,P,,
2024-Jul,2024-07-14,Stryker_HIRMD,30,OPI,3,L,12,7,NA,11:00,7,na,,
2024-Jul,2024-07-14,Stryker_HIRMD,30,OPI,3,L,11,7.5,NA,11:00,4,na,,
2024-Jul,2024-07-14,Stryker_HIRMD,30,OPI,3,L,10.5,7.5,NA,11:00,6,na,,
2024-Jul,2024-07-14,Stryker_HIRMD,30,OPI,3,L,10,7.5,NA,11:00,4,na,,
2024-Jul,2024-07-14,Stryker_HIRMD,30,OPI,3,L,4.5,8,NA,11:00,12,na,,
2024-Jul,2024-07-14,Stryker_HIRMD,30,OPI,3,L,3,8,NA,11:00,2,na,,
2024-Jul,2024-07-14,Stryker_HIRMD,30,OPI,3,L,1.5,8,NA,11:00,7,na,,
2024-Jul,2024-07-14,Stryker_HIRMD,30,OPI,3,L,1.2,8,NA,11:00,5,na,,
2024-Jul,2024-07-14,Stryker_HIRMD,30,OPI,3,R,2,8,NA,11:00,5,na,,
2024-Jul,2024-07-14,Stryker_HIRMD,30,OPI,3,R,8,8,NA,11:00,4,na,,
2024-Jul,2024-07-14,Stryker_HIRMD,30,OPI,3,R,8,8,NA,11:00,3,na,,
2024-Jul,2024-07-14,Stryker_HIRMD,30,OPI,3,R,15,6.2,NA,11:00,7,na,,
2024-Jul,2024-07-14,Stryker_HIRMD,30,OPI,3,R,15.2,6.2,NA,11:00,5,na,,
2024-Jul,2024-07-14,Stryker_HIRMD,30,OPI,3,R,16,6,NA,11:00,6,na,,
2024-Jul,2024-07-14,Stryker_HIRMD,30,OPI,3,R,16,6,NA,11:00,11,na,,
2024-Jul,2024-07-14,Stryker_HIRMD,30,OPI,3,R,19.2,6,NA,11:00,3,na,,
2024-Jul,2024-07-14,Stryker_HIRMD,30,OPI,3,R,21.5,5,NA,11:00,6,na,,
2024-Jul,2024-07-14,Stryker_HIRMD,30,OPI,3,R,22,4.5,NA,11:00,5,na,,
2024-Jul,2024-07-14,Stryker_HIRMD,30,OPI,3,R,22,4.5,NA,11:00,8,na,,
2024-Jul,2024-07-14,Stryker_HIRMD,30,OPI,3,R,23,4.5,NA,11:00,21,na,,
2024-Jul,2024-07-14,Stryker_HIRMD,30,OPI,3,R,24,4.5,NA,11:00,9,na,,
2024-Jul,2024-07-14,Stryker_HIRMD,30,OPI,3,R,25,4.5,NA,11:00,4,na,,
2024-Jul,2024-07-14,Stryker_HIRMD,30,OPI,3,R,26,4.5,NA,11:00,8,na,,
2024-Jul,2024-07-14,Stryker_HIRMD,30,OPI,3,R,29,5.5,NA,11:00,7,na,,
2024-Jul,2024-07-14,Stryker_HIRMD,30,LL,2,R,30,5.4,NA,11:00,2,na,,
2024-Jul,2024-07-14,Stryker_HIRMD,30,LL,2,R,30,5.4,NA,11:00,8,na,,
2024-Jul,2024-07-14,Stryker_HIRMD,30,LL,2,R,30,5.4,NA,11:00,7,na,,
2024-Jul,2024-07-14,Stryker_HIRMD,30,LL,2,R,30,5.4,NA,11:00,13,na,,
2024-Jul,2024-07-14,Stryker_HIRMD,30,LL,2,R,30,5.4,NA,11:00,5,na,,
2024-Jul,2024-07-14,Stryker_HIRMD,30,LL,2,R,29,5.4,NA,11:00,3,na,,
2024-Jul,2024-07-14,Stryker_HIRMD,30,LL,2,R,29,5.4,NA,11:00,4,na,,
2024-Jul,2024-07-14,Stryker_HIRMD,30,LL,2,R,25.6,4.7,NA,11:00,5,na,,
2024-Jul,2024-07-14,Stryker_HIRMD,30,LL,2,R,24.6,4.7,NA,11:00,14,na,,
2024-Jul,2024-07-14,Stryker_HIRMD,30,LL,2,R,24.5,4.7,NA,11:00,10,na,,
2024-Jul,2024-07-14,Stryker_HIRMD,30,LL,2,R,24.4,4.7,NA,11:00,3,na,,
2024-Jul,2024-07-14,Stryker_HIRMD,30,LL,2,R,24,4.7,NA,11:00,15,P,,
2024-Jul,2024-07-14,Stryker_HIRMD,30,LL,2,L,24.4,4.7,NA,11:00,10,na,,
2024-Jul,2024-07-14,Stryker_HIRMD,30,LL,2,L,21.2,5.1,NA,11:00,6,na,,
2024-Jul,2024-07-14,Stryker_HIRMD,30,LL,2,L,21.2,5.1,NA,11:00,8,na,,
2024-Jul,2024-07-14,Stryker_HIRMD,30,LL,2,L,11.5,6.3,NA,11:00,8,na,,
2024-Jul,2024-07-14,Stryker_HIRMD,30,LL,2,L,6,6.9,NA,11:00,4,na,,
2024-Jul,2024-07-14,Stryker_HIRMD,30,LL,2,L,6,6.9,NA,11:00,8,na,,
2024-Jul,2024-07-13,Stryker,20,OPI,3,L,15,5.3,NA,14:30,12,na,,
2024-Jul,2024-07-13,Stryker,20,OPI,3,L,15,5.3,NA,14:30,20,na,,
2024-Jul,2024-07-13,Stryker,20,OPI,3,L,15,5.3,NA,14:30,6,na,,
2024-Jul,2024-07-13,Stryker,20,OPI,3,L,12,5.3,NA,14:30,7,na,,
2024-Jul,2024-07-13,Stryker,20,OPI,3,L,12,6,NA,14:30,4,P,,
2024-Jul,2024-07-13,Stryker,20,OPI,3,L,10,6,NA,14:30,3,na,,
2024-Jul,2024-07-13,Stryker,20,OPI,3,L,9,6,NA,14:30,4,na,,
2024-Jul,2024-07-13,Stryker,20,OPI,3,L,9,6,NA,14:30,7,na,,
2024-Jul,2024-07-13,Stryker,20,OPI,3,L,7,6,NA,14:30,13,P,,
2024-Jul,2024-07-13,Stryker,20,OPI,3,L,2,6.5,NA,14:30,6,na,,
2024-Jul,2024-07-13,Stryker,20,OPI,3,L,2,6.5,NA,14:30,11,na,,
2024-Jul,2024-07-13,Stryker,20,OPI,3,L,0,7,NA,14:30,9,na,,
2024-Jul,2024-07-13,Stryker,20,OPI,3,R,0,7,NA,14:30,123,na,,
2024-Jul,2024-07-13,Stryker,20,OPI,3,R,7,6,NA,14:30,2,na,,
2024-Jul,2024-07-13,Stryker,20,OPI,3,R,7,6,NA,14:30,5,na,,
2024-Jul,2024-07-13,Stryker,20,OPI,3,R,11,6,NA,14:30,10,na,,
2024-Jul,2024-07-13,Stryker,20,OPI,3,R,11,6,NA,14:30,10,na,,
2024-Jul,2024-07-13,Stryker,20,OPI,3,R,12,6,NA,14:30,6,P,,
2024-Jul,2024-07-13,Stryker,20,OPI,3,R,19,5,NA,14:30,5,na,,
2024-Jul,2024-07-13,Stryker,20,OPI,3,R,19,5,NA,14:30,15,na,,
2024-Jul,2024-07-13,Stryker,20,DVM,2,L,20,2.8,NA,14:00,23,na,,
2024-Jul,2024-07-13,Stryker,20,DVM,2,L,14,3.7,NA,14:00,28,na,,
2024-Jul,2024-07-13,Stryker,20,DVM,2,L,14,3.7,NA,14:00,25,na,,
2024-Jul,2024-07-13,Stryker,20,DVM,2,L,14,3.7,NA,14:00,10,na,,
2024-Jul,2024-07-13,Stryker,20,DVM,2,L,9,5.7,NA,14:00,5,na,,
2024-Jul,2024-07-13,Stryker,20,DVM,2,L,5.2,6,NA,14:00,6,na,,
2024-Jul,2024-07-13,Stryker,20,DVM,2,L,4.5,6.2,NA,14:00,45,na,,
2024-Jul,2024-07-13,Stryker,20,DVM,2,R,0,6.3,NA,14:00,2,na,,
2024-Jul,2024-07-13,Stryker,20,DVM,2,R,2.6,6.2,NA,14:00,4,na,,
2024-Jul,2024-07-13,Stryker,20,DVM,2,R,3.3,6.1,NA,14:00,4,na,,
2024-Jul,2024-07-13,Stryker,20,DVM,2,R,3,6.1,NA,14:00,6,na,,
2024-Jul,2024-07-13,Stryker,20,DVM,2,R,3.5,6,NA,14:00,20,na,,
2024-Jul,2024-07-13,Stryker,20,DVM,2,R,8.6,5.7,NA,14:00,19,na,,
2024-Jul,2024-07-13,Stryker,20,DVM,2,R,11,5,NA,14:00,5,na,,
2024-Jul,2024-07-13,Stryker,20,DVM,2,R,11.3,5,NA,14:00,7,na,,
2024-Jul,2024-07-13,Stryker,20,DVM,2,R,19.5,3,NA,14:00,4,na,,
2024-Jul,2024-07-13,Stryker,20,LL,1,L,13.9,4,NA,14:30,4,na,,
2024-Jul,2024-07-13,Stryker,20,LL,1,L,10.2,5.8,NA,14:30,3,na,,
2024-Jul,2024-07-13,Stryker,20,LL,1,L,8.6,5.4,NA,14:30,8,P,,
2024-Jul,2024-07-13,Stryker,20,LL,1,R,6.1,5.3,NA,14:30,7,na,,
2024-Jul,2024-07-13,Stryker,20,LL,1,R,6.1,5.3,NA,14:30,9,na,,
2024-Jul,2024-07-13,Stryker,20,LL,1,R,6.2,5.3,NA,14:30,10,na,,
2024-Jul,2024-07-13,Stryker,20,LL,1,R,6.2,5.3,NA,14:30,6,na,,
2024-Jul,2024-07-13,Stryker,20,LL,1,R,4.2,6,NA,14:30,5,na,,
2024-Jul,2024-07-13,McMullins_HIRMD,30,AS,3,R,29,2.8,NA,11:10,13,na,,
2024-Jul,2024-07-13,McMullins_HIRMD,30,AS,3,R,29,2.8,NA,11:10,7,P,,
2024-Jul,2024-07-13,McMullins_HIRMD,30,AS,3,R,29,2.8,NA,11:10,8,P,,
2024-Jul,2024-07-13,McMullins_HIRMD,30,AS,3,L,29,2.8,NA,11:10,4,na,,
2024-Jul,2024-07-13,McMullins_HIRMD,30,AS,3,L,29,2.8,NA,11:10,3,na,,
2024-Jul,2024-07-13,McMullins_HIRMD,30,AS,3,R,28,2.8,NA,11:10,2,na,,
2024-Jul,2024-07-13,McMullins_HIRMD,30,AS,3,L,27,2.8,NA,11:10,12,na,,
2024-Jul,2024-07-13,McMullins_HIRMD,30,AS,3,L,27,2.8,NA,11:10,10,na,,
2024-Jul,2024-07-13,McMullins_HIRMD,30,AS,3,L,27,2.8,NA,11:10,5,na,,
2024-Jul,2024-07-13,McMullins_HIRMD,30,AS,3,L,26,3,NA,11:10,6,na,,
2024-Jul,2024-07-13,McMullins_HIRMD,30,AS,3,L,26,3.5,NA,11:10,3,na,,
2024-Jul,2024-07-13,McMullins_HIRMD,30,AS,3,L,21,3.4,NA,11:10,36,na,,
2024-Jul,2024-07-13,McMullins_HIRMD,30,AS,3,L,21,3.4,NA,11:10,30,P,,
2024-Jul,2024-07-13,McMullins_HIRMD,30,AS,3,R,18,3.8,NA,11:10,3,na,,
2024-Jul,2024-07-13,McMullins_HIRMD,30,AS,3,R,17,3.1,NA,11:10,18,na,,
2024-Jul,2024-07-13,McMullins_HIRMD,30,AS,3,R,11,3.5,NA,11:10,12,na,,
2024-Jul,2024-07-13,McMullins_HIRMD,30,AS,3,R,11,3.5,NA,11:10,16,na,,
2024-Jul,2024-07-13,McMullins_HIRMD,30,AS,3,R,11,3.5,NA,11:10,7,P,,
2024-Jul,2024-07-13,McMullins_HIRMD,30,AS,3,L,5,3.9,NA,11:10,49,na,,
2024-Jul,2024-07-13,McMullins_HIRMD,30,AS,3,L,4.5,4.3,NA,11:10,14,na,,
2024-Jul,2024-07-13,McMullins_HIRMD,30,AS,3,L,2,4.2,NA,11:10,34,na,,
2024-Jul,2024-07-13,McMullins_HIRMD,30,DVM,1,L,27.5,1,NA,11:00,19,na,,
2024-Jul,2024-07-13,McMullins_HIRMD,30,DVM,1,L,24.5,1.3,NA,11:00,1,na,,
2024-Jul,2024-07-13,McMullins_HIRMD,30,DVM,1,L,22,1.5,NA,11:00,17,na,,
2024-Jul,2024-07-13,McMullins_HIRMD,30,DVM,1,L,19.6,1.5,NA,11:00,27,na,,
2024-Jul,2024-07-13,McMullins_HIRMD,30,DVM,1,L,18.2,2,NA,11:00,5,na,,
2024-Jul,2024-07-13,McMullins_HIRMD,30,DVM,1,L,17.4,2.1,NA,11:00,8,na,,
2024-Jul,2024-07-13,McMullins_HIRMD,30,DVM,1,L,14.1,2,NA,11:00,10,na,,
2024-Jul,2024-07-13,McMullins_HIRMD,30,DVM,1,L,13.6,1.5,NA,11:00,12,na,,
2024-Jul,2024-07-13,McMullins_HIRMD,30,DVM,1,L,11.3,1.2,NA,11:00,15,na,,
2024-Jul,2024-07-13,McMullins_HIRMD,30,DVM,1,L,11.6,1.2,NA,11:00,8,na,,
2024-Jul,2024-07-13,McMullins_HIRMD,30,DVM,1,L,9,1.4,NA,11:00,15,na,,
2024-Jul,2024-07-13,McMullins_HIRMD,30,DVM,1,L,1,3.5,NA,11:00,6,na,,
2024-Jul,2024-07-13,McMullins_HIRMD,30,DVM,1,R,0,3.5,NA,11:00,11,na,,
2024-Jul,2024-07-13,McMullins_HIRMD,30,DVM,1,R,1,3.5,NA,11:00,5,na,,
2024-Jul,2024-07-13,McMullins_HIRMD,30,DVM,1,R,1.2,3.3,NA,11:00,8,na,,
2024-Jul,2024-07-13,McMullins_HIRMD,30,DVM,1,R,2.5,2.7,NA,11:00,15,na,,
2024-Jul,2024-07-13,McMullins_HIRMD,30,DVM,1,R,2.7,2.7,NA,11:00,8,na,,
2024-Jul,2024-07-13,McMullins_HIRMD,30,DVM,1,R,12,1.4,NA,11:00,3,na,,
2024-Jul,2024-07-13,McMullins_HIRMD,30,DVM,1,R,12,1.5,NA,11:00,2,na,,
2024-Jul,2024-07-13,McMullins_HIRMD,30,DVM,1,R,13,1.9,NA,11:00,10,na,,
2024-Jul,2024-07-13,McMullins_HIRMD,30,DVM,1,R,13.7,1.9,NA,11:00,8,na,,
2024-Jul,2024-07-13,McMullins_HIRMD,30,DVM,1,R,14.5,2.1,NA,11:00,6,na,,
2024-Jul,2024-07-13,McMullins_HIRMD,30,DVM,1,R,20.2,1.5,NA,11:00,3,na,,
2024-Jul,2024-07-13,McMullins_HIRMD,30,DVM,1,R,21,1.2,NA,11:00,4,na,,
2024-Jul,2024-07-13,McMullins_HIRMD,30,DVM,1,R,27.4,0.8,NA,11:00,5,na,,
2024-Jul,2024-07-13,McMullins_HIRMD,30,OPI,2,L,26,1.7,NA,11:15,6,na,,
2024-Jul,2024-07-13,McMullins_HIRMD,30,OPI,2,L,20,2.9,NA,11:15,17,P,,
2024-Jul,2024-07-13,McMullins_HIRMD,30,OPI,2,L,6,3.4,NA,11:15,2,na,,
2024-Jul,2024-07-13,McMullins_HIRMD,30,OPI,2,L,1,4.6,NA,11:15,7,na,,
2024-Jul,2024-07-13,McMullins_HIRMD,30,OPI,2,L,1,4.6,NA,11:15,3,na,,
2024-Jul,2024-07-13,McMullins_HIRMD,30,OPI,2,L,1,4.6,NA,11:15,8,na,,
2024-Jul,2024-07-13,McMullins_HIRMD,30,OPI,2,R,3,3.7,NA,11:15,13,na,,
2024-Jul,2024-07-13,McMullins_HIRMD,30,OPI,2,R,3.1,3.5,NA,11:15,4,na,,
2024-Jul,2024-07-13,McMullins_HIRMD,30,OPI,2,R,3.1,3.5,NA,11:15,11,na,,
2024-Jul,2024-07-13,McMullins_HIRMD,30,OPI,2,R,3.2,3.5,NA,11:15,4,na,,
2024-Jul,2024-07-13,McMullins_HIRMD,30,OPI,2,R,4,3.4,NA,11:15,9,P,,
2024-Jul,2024-07-13,McMullins_HIRMD,30,OPI,2,R,12,3,NA,11:15,5,P,,
2024-Jul,2024-07-13,McMullins_HIRMD,30,OPI,2,R,12.2,3,NA,11:15,19,na,,
2024-Jul,2024-07-13,McMullins_HIRMD,30,OPI,2,R,13.3,3,NA,11:15,13,na,,
2024-Jul,2024-07-13,McMullins_HIRMD,30,OPI,2,R,13.5,3,NA,11:15,3,na,,
2024-Jul,2024-07-13,McMullins_HIRMD,30,OPI,2,R,15.5,2.5,NA,11:15,4,na,,
2024-Jul,2024-07-13,McMullins_HIRMD,30,OPI,2,R,16,2.5,NA,11:15,7,na,,
2024-Jul,2024-07-13,McMullins_HIRMD,30,OPI,2,R,18.5,3,NA,11:15,2,na,,
2024-Jul,2024-07-13,McMullins_HIRMD,30,OPI,2,R,20,2.5,NA,11:15,6,na,,
2024-Jul,2024-07-13,McMullins_HIRMD,30,OPI,2,R,20,2.5,NA,11:15,13,na,,
2024-Jul,2024-07-13,McMullins_HIRMD,30,OPI,2,R,20,2.5,NA,11:15,9,na,,
2024-Jul,2024-07-13,McMullins_HIRMD,30,OPI,2,R,20,2.5,NA,11:15,4,na,,
2024-Jul,2024-07-13,McMullins_HIRMD,30,OPI,2,R,29,1.5,NA,11:15,12,na,,
2024-Jul,2024-07-13,McMullins_HIRMD,30,OPI,2,R,29,1.5,NA,11:15,4,na,,
2024-Jul,2024-07-13,McMullins_HIRMD,30,OPI,2,R,29,1.5,NA,11:15,3,na,,
2024-Jul,2024-07-13,McMullins_HIRMD,30,OPI,2,R,29,1.5,NA,11:15,3,na,,
2024-Jul,2024-07-17,Simmonds,20,DCO,1,R,7.5,7,4,10:20,2,P,,
2024-Jul,2024-07-17,Simmonds,20,DCO,1,R,9.9,7,4,10:20,4,na,,
2024-Jul,2024-07-17,Simmonds,20,DCO,1,R,10,7,4,10:20,7,na,,
2024-Jul,2024-07-17,Simmonds,20,DCO,1,R,10.1,7,4,10:20,9,na,,
2024-Jul,2024-07-17,Simmonds,20,DCO,1,R,10.1,7,4,10:20,5,na,,
2024-Jul,2024-07-17,Simmonds,20,DCO,1,R,10.1,7,4,10:20,4,P,,
2024-Jul,2024-07-17,Simmonds,20,DCO,1,R,10.5,7,4,10:20,15,na,,
2024-Jul,2024-07-17,Simmonds,20,DCO,1,R,10.5,7,4,10:20,5,P,,
2024-Jul,2024-07-17,Simmonds,20,DCO,1,R,10.6,7,4,10:20,11,na,,
2024-Jul,2024-07-17,Simmonds,20,DCO,1,R,10.7,7,4,10:20,6,na,,
2024-Jul,2024-07-17,Simmonds,20,DCO,1,R,15.3,6.9,4,10:20,2,na,,
2024-Jul,2024-07-17,Simmonds,20,DCO,1,R,15.5,6.9,4,10:20,5,na,,
2024-Jul,2024-07-17,Simmonds,20,DCO,1,R,15.4,6.9,4,10:20,1,C,,
2024-Jul,2024-07-17,Simmonds,20,DCO,1,R,16.5,6.9,4,10:20,3,P,,
2024-Jul,2024-07-17,Simmonds,20,DCO,1,R,17.1,6.9,4,10:20,2,na,,
2024-Jul,2024-07-17,Simmonds,20,DCO,1,R,19.9,6,4,10:20,7,na,,
2024-Jul,2024-07-17,Simmonds_HIRMD,30,DCO,2,R,29,7.8,4,12:00,5,na,,
2024-Jul,2024-07-17,Simmonds_HIRMD,30,DCO,2,R,29,7.8,4,12:00,3,na,,
2024-Jul,2024-07-17,Simmonds_HIRMD,30,DCO,2,R,29,7.8,4,12:00,7,na,,
2024-Jul,2024-07-17,Simmonds_HIRMD,30,DCO,2,R,29,7.8,4,12:00,8,P,,
2024-Jul,2024-07-17,Simmonds_HIRMD,30,DCO,2,R,24.5,7.8,4,12:00,12,na,,
2024-Jul,2024-07-17,Simmonds_HIRMD,30,DCO,2,R,24.5,7.8,4,12:00,4,na,,
2024-Jul,2024-07-17,Simmonds_HIRMD,30,DCO,2,L,24.5,8.2,4,12:00,8,P,,
2024-Jul,2024-07-17,Simmonds_HIRMD,30,DCO,2,L,22,8.2,4,12:00,2,na,,
2024-Jul,2024-07-17,Simmonds_HIRMD,30,DCO,2,L,22.1,8.2,4,12:00,2,na,,
2024-Jul,2024-07-17,Simmonds_HIRMD,30,DCO,2,L,22.1,8.3,4,12:00,4,P,,
2024-Jul,2024-07-17,Simmonds_HIRMD,30,DCO,2,R,20,8.3,4,12:00,10,P,,
2024-Jul,2024-07-17,Simmonds_HIRMD,30,DCO,2,R,20,8.3,4,12:00,5,na,,
2024-Jul,2024-07-17,Simmonds_HIRMD,30,DCO,2,R,20.1,8.3,4,12:00,12,P,,
2024-Jul,2024-07-17,Simmonds_HIRMD,30,DCO,2,L,16.1,8.3,4,12:00,6,na,,
2024-Jul,2024-07-17,Simmonds_HIRMD,30,DCO,2,L,16.2,8.3,4,12:00,7,na,,
2024-Jul,2024-07-17,Simmonds_HIRMD,30,DCO,2,L,16.3,8.3,4,12:00,5,na,,
2024-Jul,2024-07-17,Simmonds_HIRMD,30,DCO,2,L,0.7,9,4,12:00,2,na,,
2024-Jul,2024-07-17,Simmonds,20,AS,2,R,20,8.1,4,10:30,6,na,,
2024-Jul,2024-07-17,Simmonds,20,AS,2,R,18,7.5,4,10:30,18,na,,
2024-Jul,2024-07-17,Simmonds,20,AS,2,L,17,6.7,4,10:30,5,na,,
2024-Jul,2024-07-17,Simmonds,20,AS,2,R,16,6.7,4,10:30,6,na,,
2024-Jul,2024-07-17,Simmonds,20,AS,2,R,11,6.7,4,10:30,11,na,,
2024-Jul,2024-07-17,Simmonds,20,AS,2,R,10,6,4,10:30,3,na,,
2024-Jul,2024-07-17,Simmonds,20,AS,2,R,10,6,4,10:30,6,P,,
2024-Jul,2024-07-17,Simmonds,20,AS,2,R,9,6,4,10:30,6,na,,
2024-Jul,2024-07-17,Simmonds,20,AS,2,L,9,6,4,10:30,21,P,,
2024-Jul,2024-07-17,Simmonds,20,AS,2,R,8,6,4,10:30,11,na,,
2024-Jul,2024-07-17,Simmonds,20,AS,2,R,7,6,4,10:30,10,na,,
2024-Jul,2024-07-17,Simmonds,20,AS,2,L,2,6.4,4,10:30,18,na,,
2024-Jul,2024-07-17,Simmonds,20,AS,2,R,2,6.4,4,10:30,12,P,,
2024-Jul,2024-07-17,Simmonds_HIRMD,30,AS,1,L,21,6.2,4,12:00,10,na,stopped survey at 20m mark but very little plants past ,
2024-Jul,2024-07-17,Simmonds_HIRMD,30,AS,1,L,20,6.2,4,12:00,20,na,stopped survey at 20m mark but very little plants past ,
2024-Jul,2024-07-17,Simmonds_HIRMD,30,AS,1,R,20,6.2,4,12:00,7,na,stopped survey at 20m mark but very little plants past ,
2024-Jul,2024-07-17,Simmonds_HIRMD,30,AS,1,L,15,5.4,4,12:00,19,P,stopped survey at 20m mark but very little plants past ,
2024-Jul,2024-07-17,Simmonds_HIRMD,30,AS,1,L,15,5.4,4,12:00,4,na,stopped survey at 20m mark but very little plants past ,
2024-Jul,2024-07-17,Simmonds_HIRMD,30,AS,1,L,15,5.4,4,12:00,5,na,stopped survey at 20m mark but very little plants past ,
2024-Jul,2024-07-17,Simmonds_HIRMD,30,AS,1,R,15,5.4,4,12:00,11,na,stopped survey at 20m mark but very little plants past ,
2024-Jul,2024-07-17,Simmonds_HIRMD,30,AS,1,L,13,5.4,4,12:00,7,na,stopped survey at 20m mark but very little plants past ,
2024-Jul,2024-07-17,Simmonds_HIRMD,30,AS,1,L,10,5.4,4,12:00,13,na,stopped survey at 20m mark but very little plants past ,
2024-Jul,2024-07-17,Simmonds_HIRMD,30,AS,1,R,6,5.4,4,12:00,17,na,stopped survey at 20m mark but very little plants past ,
2024-Jul,2024-07-17,Simmonds_HIRMD,30,AS,1,L,3,5.4,4,12:00,4,na,stopped survey at 20m mark but very little plants past ,
2024-Jul,2024-07-17,Simmonds_HIRMD,30,AS,1,L,3,5.4,4,12:00,28,na,stopped survey at 20m mark but very little plants past ,
2024-Jul,2024-07-17,Simmonds_HIRMD,30,AS,1,R,2,5.4,4,12:00,3,na,stopped survey at 20m mark but very little plants past ,
2024-Jul,2024-07-17,Simmonds_HIRMD,30,AS,1,R,1,5.4,4,12:00,1,na,,
2024-Jul,2024-07-18,Golden,20,OP,1,L,20,3,4,10:38,7,na,,
2024-Jul,2024-07-18,Golden,20,OP,1,L,19,3,4,10:38,5,na,,
2024-Jul,2024-07-18,Golden,20,OP,1,L,19,3,4,10:38,3,na,,
2024-Jul,2024-07-18,Golden,20,OP,1,L,19,3.5,4,10:38,5,na,,
2024-Jul,2024-07-18,Golden,20,OP,1,L,19,3.5,4,10:38,6,na,,
2024-Jul,2024-07-18,Golden,20,OP,1,L,18,4,4,10:38,5,na,,
2024-Jul,2024-07-18,Golden,20,OP,1,L,18,4,4,10:38,4,na,,
2024-Jul,2024-07-18,Golden,20,OP,1,L,18,4,4,10:38,3,na,,
2024-Jul,2024-07-18,Golden,20,OP,1,L,17,4,4,10:38,2,na,,
2024-Jul,2024-07-18,Golden,20,OP,1,L,17,4,4,10:38,5,na,,
2024-Jul,2024-07-18,Golden,20,OP,1,L,17,4,4,10:38,7,na,,
2024-Jul,2024-07-18,Golden,20,OP,1,R,17,3,4,10:38,10,na,,
2024-Jul,2024-07-18,Golden,20,OP,1,R,18,3,4,10:38,3,na,,
2024-Jul,2024-07-18,Golden,20,OP,1,R,20,5,4,10:38,5,na,,
2024-Jul,2024-07-18,Golden,20,OP,1,R,20,5,4,10:38,2,na,,
2024-Jul,2024-07-18,Golden,20,OP,1,R,14.5,5,4,10:38,11,na,,
2024-Jul,2024-07-18,Golden,20,OP,1,R,14.5,5,4,10:38,12,na,,
2024-Jul,2024-07-18,Golden,20,OP,1,R,14.5,5,4,10:38,6,P,,
2024-Jul,2024-07-18,Golden,20,OP,1,R,14,5,4,10:38,6,na,,
2024-Jul,2024-07-18,Golden,20,OP,1,R,14,5,4,10:38,7,na,,
2024-Jul,2024-07-18,Golden,20,OP,1,R,13,5,4,10:38,9,na,,
2024-Jul,2024-07-18,Golden,20,OP,1,R,13,5,4,10:38,3,na,,
2024-Jul,2024-07-18,Golden,20,OP,1,L,14,5,4,10:38,9,na,,
2024-Jul,2024-07-18,Golden,20,OP,1,L,14,5,4,10:38,2,na,,
2024-Jul,2024-07-18,Golden,20,OP,1,L,14,5,4,10:38,5,na,,
2024-Jul,2024-07-18,Golden,20,OP,1,L,13,5,4,10:38,5,na,,
2024-Jul,2024-07-18,Golden,20,OP,1,L,13,5,4,10:38,3,na,,
2024-Jul,2024-07-18,Golden,20,OP,1,L,13,5,4,10:38,7,na,,
2024-Jul,2024-07-18,Golden,20,OP,1,R,6,6.5,4,10:38,6,na,,
2024-Jul,2024-07-18,Golden,20,OP,1,R,5,6.5,4,10:38,3,na,,
2024-Jul,2024-07-18,Golden,20,OP,1,R,1,6.5,4,10:38,8,na,,
2024-Jul,2024-07-18,Golden,20,AS,2,R,30,4.5,4,10:37,0,na,6,fronds outside of the transect length
2024-Jul,2024-07-18,Golden,20,AS,2,R,30,4.5,4,10:37,0,na,6,fronds outside of the transect length
2024-Jul,2024-07-18,Golden,20,AS,2,R,27,4.8,4,10:37,0,na,10,fronds outside of the transect length
2024-Jul,2024-07-18,Golden,20,AS,2,R,26,5.1,4,10:37,0,na,10,fronds outside of the transect length
2024-Jul,2024-07-18,Golden,20,AS,2,R,26,5.1,4,10:37,0,na,6,fronds outside of the transect length
2024-Jul,2024-07-18,Golden,20,AS,2,R,25,5.2,4,10:37,0,na,7,fronds outside of the transect length
2024-Jul,2024-07-18,Golden,20,AS,2,R,24,5.2,4,10:37,0,na,9,fronds outside of the transect length
2024-Jul,2024-07-18,Golden,20,AS,2,R,23,5.2,4,10:37,0,na,4,fronds outside of the transect length
2024-Jul,2024-07-18,Golden,20,AS,2,R,21,5.2,4,10:37,0,na,6,fronds outside of the transect length
2024-Jul,2024-07-18,Golden,20,AS,2,R,20,5.2,4,10:37,12,na,,
2024-Jul,2024-07-18,Golden,20,AS,2,R,18,5.2,4,10:37,11,na,,
2024-Jul,2024-07-18,Golden,20,AS,2,R,18,5.2,4,10:37,12,na,,
2024-Jul,2024-07-18,Golden,20,AS,2,R,17,5.2,4,10:37,3,na,,
2024-Jul,2024-07-18,Golden,20,AS,2,R,17,5.2,4,10:37,3,na,,
2024-Jul,2024-07-18,Golden,20,AS,2,R,17,5.2,4,10:37,4,na,,
2024-Jul,2024-07-18,Golden,20,AS,2,R,17,5.2,4,10:37,5,na,,
2024-Jul,2024-07-18,Golden,20,AS,2,R,16,5.2,4,10:37,8,na,,
2024-Jul,2024-07-18,Golden,20,AS,2,R,15,5.9,4,10:37,5,na,,
2024-Jul,2024-07-18,Golden,20,AS,2,R,15,5.9,4,10:37,9,na,,
2024-Jul,2024-07-18,Golden,20,AS,2,R,15,5.9,4,10:37,4,na,,
2024-Jul,2024-07-18,Golden,20,AS,2,R,10,5.9,4,10:37,10,na,,
2024-Jul,2024-07-18,Golden,20,AS,2,R,9,5.9,4,10:37,4,na,,
2024-Jul,2024-07-18,Golden,20,AS,2,R,1,5.9,4,10:37,20,na,,
2024-Jul,2024-07-18,Golden,20,AS,2,L,6,5.9,4,10:37,6,na,,
2024-Jul,2024-07-18,Golden,20,AS,2,L,6,5.9,4,10:37,21,na,,
2024-Jul,2024-07-18,Golden,20,AS,2,L,7,5.9,4,10:37,7,na,,
2024-Jul,2024-07-18,Golden,20,AS,2,L,10,5.5,4,10:37,10,na,,
2024-Jul,2024-07-18,Golden,20,AS,2,L,16,5.5,4,10:37,22,na,,
2024-Jul,2024-07-18,Golden,20,LL,3,R,18,6.1,4,10:27,25,na,,
2024-Jul,2024-07-18,Golden,20,LL,3,L,15,6.3,4,10:27,7,na,,
2024-Jul,2024-07-18,Golden,20,LL,3,L,15,6.3,4,10:27,24,na,,
2024-Jul,2024-07-18,Golden,20,LL,3,R,14,5.8,4,10:27,10,na,,
2024-Jul,2024-07-18,Golden,20,LL,3,R,14,5.8,4,10:27,9,na,,
2024-Jul,2024-07-18,Golden,20,LL,3,L,14,5.8,4,10:27,3,na,,
2024-Jul,2024-07-18,Golden,20,LL,3,L,14,5.8,4,10:27,6,na,,
2024-Jul,2024-07-18,Golden,20,LL,3,L,14,5.8,4,10:27,8,na,,
2024-Jul,2024-07-18,Golden,20,LL,3,R,11,5.5,4,10:27,6,na,,
2024-Jul,2024-07-18,Golden,20,LL,3,L,10,5.3,4,10:27,8,na,,
2024-Jul,2024-07-18,Golden,20,LL,3,L,10,5.3,4,10:27,6,na,,
2024-Jul,2024-07-18,Golden,20,LL,3,R,10,5.3,4,10:27,6,na,,
2024-Jul,2024-07-18,Golden,20,LL,3,R,8,5.3,4,10:27,6,na,,
2024-Jul,2024-07-18,Golden,20,LL,3,R,8,5.3,4,10:27,5,na,,
2024-Jul,2024-07-18,Golden,20,LL,3,R,8,5.3,4,10:27,7,na,,
2024-Jul,2024-07-18,Golden,20,LL,3,L,8,5.2,4,10:27,4,na,,
2024-Jul,2024-07-18,Golden,20,LL,3,L,7,5.4,4,10:27,9,na,,
2024-Jul,2024-07-18,Golden,20,LL,3,R,5,5.4,4,10:27,4,na,,
2024-Jul,2024-07-18,Golden,20,LL,3,R,5,5.4,4,10:27,7,na,,
2024-Jul,2024-07-18,Golden,20,LL,3,R,5,5.4,4,10:27,7,na,,
2024-Jul,2024-07-18,Golden,20,LL,3,L,5,5.4,4,10:27,1,na,,
2024-Jul,2024-07-18,Golden,20,LL,3,R,3,5.5,4,10:27,9,na,,
2024-Jul,2024-07-18,Golden,20,LL,3,R,3,5.5,4,10:27,16,na,,
2024-Jul,2024-07-18,Golden,20,LL,3,L,3,5.5,4,10:27,13,na,,
2024-Jul,2024-07-18,Golden,20,LL,3,L,2.5,5.8,4,10:27,13,na,,
2024-Jul,2024-07-18,Golden,20,LL,3,R,0,5.8,4,10:27,21,na,,
2024-Jul,2024-07-18,Golden,20,LL,3,R,0,5.8,4,10:27,13,na,,
2024-Jul,2024-07-17,Simmonds_HIRMD,30,LL,3,L,30,8.1,4,12:00,4,na,,
2024-Jul,2024-07-17,Simmonds_HIRMD,30,LL,3,R,24,7.7,4,12:00,7,na,,
2024-Jul,2024-07-17,Simmonds_HIRMD,30,LL,3,R,23,7.2,4,12:00,4,na,,
2024-Jul,2024-07-17,Simmonds_HIRMD,30,LL,3,R,21,6.7,4,12:00,20,na,,
2024-Jul,2024-07-17,Simmonds_HIRMD,30,LL,3,R,14.5,6,4,12:00,6,na,,
2024-Jul,2024-07-17,Simmonds_HIRMD,30,LL,3,R,11,5.2,4,12:00,3,na,,
2024-Jul,2024-07-17,Simmonds_HIRMD,30,LL,3,R,9,5,4,12:00,5,na,,
2024-Jul,2024-07-17,Simmonds_HIRMD,30,LL,3,R,9,5,4,12:00,6,na,,
2024-Jul,2024-07-17,Simmonds_HIRMD,30,LL,3,L,8.5,4.9,4,12:00,4,na,,
2024-Jul,2024-07-17,Simmonds_HIRMD,30,LL,3,L,8,4.9,4,12:00,3,na,,
2024-Jul,2024-07-17,Simmonds_HIRMD,30,LL,3,L,6,4.9,4,12:00,6,na,,
2024-Jul,2024-07-17,Simmonds_HIRMD,30,LL,3,L,5.5,5,4,12:00,12,T,,
2024-Jul,2024-07-17,Simmonds_HIRMD,30,LL,3,R,5.5,5,4,12:00,4,na,,
2024-Jul,2024-07-17,Simmonds_HIRMD,30,LL,3,R,3,5.1,4,12:00,15,T,,
2024-Jul,2024-07-17,Simmonds_HIRMD,30,LL,3,R,0,6.8,4,12:00,3,na,,
2024-Jul,2024-07-17,Simmonds,20,LL,3,L,20,8.2,4,10:27,11,na,,
2024-Jul,2024-07-17,Simmonds,20,LL,3,L,20,6.4,4,10:27,6,na,,
2024-Jul,2024-07-17,Simmonds,20,LL,3,R,20,8.4,4,10:27,3,na,,
2024-Jul,2024-07-17,Simmonds,20,LL,3,L,19,8.4,4,10:27,13,na,,
2024-Jul,2024-07-17,Simmonds,20,LL,3,L,18,7.3,4,10:27,15,P,,
2024-Jul,2024-07-17,Simmonds,20,LL,3,R,18,7.3,4,10:27,4,na,,
2024-Jul,2024-07-17,Simmonds,20,LL,3,R,13,5.1,4,10:27,7,na,,
2024-Jul,2024-07-17,Simmonds,20,LL,3,L,13,5.1,4,10:27,9,na,,
2024-Jul,2024-07-17,Simmonds,20,LL,3,R,12,5.2,4,10:27,3,na,,
2024-Jul,2024-07-17,Simmonds,20,LL,3,R,12,5.2,4,10:27,3,na,,
2024-Jul,2024-07-17,Simmonds,20,LL,3,R,12,5.2,4,10:27,5,na,,
2024-Jul,2024-07-17,Simmonds,20,LL,3,R,11,5.4,4,10:27,4,na,,
2024-Jul,2024-07-17,Simmonds,20,LL,3,R,11,5.4,4,10:27,4,na,,
2024-Jul,2024-07-17,Simmonds,20,LL,3,R,9,5.6,4,10:27,4,na,,
2024-Jul,2024-07-17,Simmonds,20,LL,3,L,8,5.4,4,10:27,8,na,,
2024-Jul,2024-07-17,Simmonds,20,LL,3,R,7.5,5.4,4,10:27,2,na,,
2024-Jul,2024-07-17,Simmonds,20,LL,3,R,7.5,5.4,4,10:27,4,na,,
2024-Jul,2024-07-17,Simmonds,20,LL,3,R,7.5,5.4,4,10:27,12,na,,
2024-Jul,2024-07-17,Simmonds,20,LL,3,L,4,6,4,10:27,10,na,,
2024-Jul,2024-07-21,Spider_HIRMD,30,DCO,1,L,29,5,4,12:02,4,na,,
2024-Jul,2024-07-21,Spider_HIRMD,30,DCO,1,L,29,5,4,12:02,7,P,,
2024-Jul,2024-07-21,Spider_HIRMD,30,DCO,1,L,24,4,4,12:02,6,na,,
2024-Jul,2024-07-21,Spider_HIRMD,30,DCO,1,L,25,4,4,12:02,3,na,,
2024-Jul,2024-07-21,Spider_HIRMD,30,DCO,1,L,25,4,4,12:02,3,na,,
2024-Jul,2024-07-21,Spider_HIRMD,30,DCO,1,L,22,4.2,4,12:02,3,na,,
2024-Jul,2024-07-21,Spider_HIRMD,30,DCO,1,L,22,4.2,4,12:02,5,na,,
2024-Jul,2024-07-21,Spider_HIRMD,30,DCO,1,L,20,4.5,4,12:02,6,P,,
2024-Jul,2024-07-21,Spider_HIRMD,30,DCO,1,L,19,5.2,4,12:02,5,na,,
2024-Jul,2024-07-21,Spider_HIRMD,30,DCO,1,L,19,5.2,4,12:02,2,na,,
2024-Jul,2024-07-21,Spider_HIRMD,30,DCO,1,L,18,5.4,4,12:02,3,na,,
2024-Jul,2024-07-21,Spider_HIRMD,30,DCO,1,L,12.5,6,4,12:02,23,P,,
2024-Jul,2024-07-21,Spider_HIRMD,30,DCO,1,L,12,6,4,12:02,5,na,,
2024-Jul,2024-07-21,Spider_HIRMD,30,DCO,1,L,12,6,4,12:02,4,C,,
2024-Jul,2024-07-21,Spider_HIRMD,30,DCO,1,L,12,6,4,12:02,4,na,,
2024-Jul,2024-07-21,Spider_HIRMD,30,DCO,1,L,12,6,4,12:02,15,na,,
2024-Jul,2024-07-21,Spider_HIRMD,30,DCO,1,L,6,19.5,4,12:02,6,na,,
2024-Jul,2024-07-21,Spider_HIRMD,30,DCO,1,L,7.5,6.5,4,12:02,5,na,,
2024-Jul,2024-07-21,Spider_HIRMD,30,DCO,1,L,7.5,6.5,4,12:02,4,na,,
2024-Jul,2024-07-21,Spider_HIRMD,30,DCO,1,L,7.5,6.5,4,12:02,4,na,,
2024-Jul,2024-07-21,Spider_HIRMD,30,DCO,1,L,7.4,6.5,4,12:02,5,na,,
2024-Jul,2024-07-21,Spider_HIRMD,30,DCO,1,L,7.3,7,4,12:02,4,na,,
2024-Jul,2024-07-21,Spider_HIRMD,30,DCO,1,R,9.5,7,4,12:02,12,P,,
2024-Jul,2024-07-21,Spider_HIRMD,30,DCO,1,R,9.5,7,4,12:02,2,na,,
2024-Jul,2024-07-21,Spider_HIRMD,30,DCO,1,R,9.5,7,4,12:02,2,na,,
2024-Jul,2024-07-21,Spider_HIRMD,30,DCO,1,R,9.5,7,4,12:02,3,na,,
2024-Jul,2024-07-21,Spider_HIRMD,30,DCO,1,R,9.5,5,4,12:02,3,na,,
2024-Jul,2024-07-21,Spider_HIRMD,30,DCO,1,R,12.5,6,4,12:02,6,na,,
2024-Jul,2024-07-21,Spider_HIRMD,30,DCO,1,R,12.5,6,4,12:02,4,na,,
2024-Jul,2024-07-21,Spider_HIRMD,30,DCO,1,R,12.5,6,4,12:02,5,P,,
2024-Jul,2024-07-21,Spider_HIRMD,30,DCO,1,R,12.6,6,4,12:02,6,na,,
2024-Jul,2024-07-21,Spider_HIRMD,30,DCO,1,R,18.4,6,4,12:02,7,na,,
2024-Jul,2024-07-21,Spider_HIRMD,30,DCO,1,R,18.4,6,4,12:02,7,na,,
2024-Jul,2024-07-21,Spider_HIRMD,30,DCO,1,R,18.4,6,4,12:02,9,P,,
2024-Jul,2024-07-21,Spider_HIRMD,30,DCO,1,R,19,6,4,12:02,2,na,,
2024-Jul,2024-07-21,Spider_HIRMD,30,DCO,1,R,21.5,4.5,4,12:02,4,na,,
2024-Jul,2024-07-21,Spider_HIRMD,30,DCO,1,R,21.5,4.5,4,12:02,3,na,,
2024-Jul,2024-07-21,Spider_HIRMD,30,DCO,1,R,21.5,4.5,4,12:02,3,na,,
2024-Jul,2024-07-21,Spider_HIRMD,30,DCO,1,R,23.7,4,4,12:02,12,P,,
2024-Jul,2024-07-21,Spider_HIRMD,30,DCO,1,R,24,4,4,12:02,11,na,,
2024-Jul,2024-07-21,Spider_HIRMD,30,DCO,1,R,24.3,4,4,12:02,4,na,,
2024-Jul,2024-07-21,Spider_HIRMD,30,DCO,1,R,24.5,4,4,12:02,2,P,,
2024-Jul,2024-07-21,Spider_HIRMD,30,DCO,1,R,25,4,4,12:02,6,na,,
2024-Jul,2024-07-21,Spider_HIRMD,30,DCO,1,R,25,4,4,12:02,2,na,,
2024-Jul,2024-07-21,Spider_HIRMD,30,DCO,1,R,25,4,4,12:02,16,na,,
2024-Jul,2024-07-21,Spider_HIRMD,30,DCO,1,R,25,4.2,4,12:02,5,na,,
2024-Jul,2024-07-21,Spider_HIRMD,30,DCO,1,R,25,4.2,4,12:02,3,na,,
2024-Jul,2024-07-21,Spider_HIRMD,30,DCO,1,R,25,4.2,4,12:02,3,na,,
2024-Jul,2024-07-21,Spider_HIRMD,30,DCO,1,R,25,4.2,4,12:02,5,na,,
2024-Jul,2024-07-21,Spider_HIRMD,30,DCO,1,R,27,4.2,4,12:02,5,na,,
2024-Jul,2024-07-21,Spider_HIRMD,30,DCO,1,R,27,5.9,4,12:02,7,P,,
2024-Jul,2024-07-21,Spider_HIRMD,30,DCO,1,R,27,5.9,4,12:02,7,na,,
2024-Jul,2024-07-21,Spider_HIRMD,30,DCO,1,R,27,5.9,4,12:02,8,P,,
2024-Jul,2024-07-21,Spider_HIRMD,30,DCO,1,R,27,5.9,4,12:02,7,na,,
2024-Jul,2024-07-21,Spider_HIRMD,30,DCO,1,R,27,5.9,4,12:02,5,na,,
2024-Jul,2024-07-21,Spider_HIRMD,30,DCO,1,R,28,5.9,4,12:02,7,na,,
2024-Jul,2024-07-21,Spider_HIRMD,30,DCO,1,R,28,5.9,4,12:02,2,na,,
2024-Jul,2024-07-21,Spider_HIRMD,30,DCO,1,R,28,5.9,4,12:02,5,na,,
2024-Jul,2024-07-21,Spider_HIRMD,30,DCO,1,R,28,5.9,4,12:02,5,P,,
2024-Jul,2024-07-21,Spider_HIRMD,30,DCO,1,R,29,5,4,12:02,5,na,,
2024-Jul,2024-07-21,Spider_HIRMD,30,DCO,1,R,29,5,4,12:02,2,na,,
2024-Jul,2024-07-21,Spider_HIRMD,30,DCO,1,R,29,5,4,12:02,1,na,,
2024-Jul,2024-07-21,Spider_HIRMD,30,DCO,1,R,30,5,4,12:02,7,na,,
2024-Jul,2024-07-21,Spider_HIRMD,30,DCO,1,R,30,5,4,12:02,8,P,,
2024-Jul,2024-07-21,Spider_HIRMD,30,DCO,1,R,30,5,4,12:02,4,na,,
2024-Jul,2024-07-21,Spider_HIRMD,30,DCO,1,R,30,5,4,12:02,5,na,,
2024-Jul,2024-07-21,Spider_HIRMD,30,AS,3,L,1,5.1,4,12:03,5,na,,
2024-Jul,2024-07-21,Spider_HIRMD,30,AS,3,R,1,5.1,4,12:03,3,na,,
2024-Jul,2024-07-21,Spider_HIRMD,30,AS,3,R,1,5.1,4,12:03,5,na,,
2024-Jul,2024-07-21,Spider_HIRMD,30,AS,3,L,2,5.1,4,12:03,7,na,,
2024-Jul,2024-07-21,Spider_HIRMD,30,AS,3,R,2,5.1,4,12:03,5,na,,
2024-Jul,2024-07-21,Spider_HIRMD,30,AS,3,R,4,4.8,4,12:03,4,na,,
2024-Jul,2024-07-21,Spider_HIRMD,30,AS,3,L,4,4.8,4,12:03,19,na,,
2024-Jul,2024-07-21,Spider_HIRMD,30,AS,3,R,5,4.8,4,12:03,8,na,,
2024-Jul,2024-07-21,Spider_HIRMD,30,AS,3,L,7,4.3,4,12:03,4,na,,
2024-Jul,2024-07-21,Spider_HIRMD,30,AS,3,R,8,3.8,4,12:03,15,na,,
2024-Jul,2024-07-21,Spider_HIRMD,30,AS,3,R,12,3.3,4,12:03,10,na,,
2024-Jul,2024-07-21,Spider_HIRMD,30,AS,3,R,13,3.3,4,12:03,13,na,,
2024-Jul,2024-07-21,Spider_HIRMD,30,AS,3,R,14,2.9,4,12:03,7,na,,
2024-Jul,2024-07-21,Spider_HIRMD,30,AS,3,L,14,2.9,4,12:03,8,P,,
2024-Jul,2024-07-21,Spider_HIRMD,30,AS,3,R,15,2.9,4,12:03,18,na,,
2024-Jul,2024-07-21,Spider_HIRMD,30,AS,3,L,15,2.7,4,12:03,2,na,,
2024-Jul,2024-07-21,Spider_HIRMD,30,AS,3,R,15,2.7,4,12:03,8,na,,
2024-Jul,2024-07-21,Spider_HIRMD,30,AS,3,R,25,2.7,4,12:03,12,na,,
2024-Jul,2024-07-21,Spider_HIRMD,30,AS,3,L,25,2.7,4,12:03,8,na,,
2024-Jul,2024-07-21,Spider_HIRMD,30,AS,3,L,26,2.7,4,12:03,6,na,,
2024-Jul,2024-07-21,Spider_HIRMD,30,AS,3,L,26,2.7,4,12:03,10,na,,
2024-Jul,2024-07-21,Spider_HIRMD,30,AS,3,L,27,3.5,4,12:03,6,na,,
2024-Jul,2024-07-21,Spider_HIRMD,30,AS,3,R,28,3.9,4,12:03,12,na,,
2024-Jul,2024-07-21,Spider_HIRMD,30,AS,3,R,30,4.9,4,12:03,16,na,,
2024-Jul,2024-07-21,Manley,20,LL,2,R,0,5.9,4,14:02,20,na,,
2024-Jul,2024-07-21,Manley,20,LL,2,R,2.5,5.7,4,14:02,13,na,,
2024-Jul,2024-07-21,Manley,20,LL,2,R,3,5.7,4,14:02,8,na,,
2024-Jul,2024-07-21,Manley,20,LL,2,R,5,5.7,4,14:02,4,na,,
2024-Jul,2024-07-21,Manley,20,LL,2,R,3,5.8,4,14:02,7,na,,
2024-Jul,2024-07-21,Manley,20,LL,2,L,3,5.8,4,14:02,3,na,,
2024-Jul,2024-07-21,Manley,20,LL,2,L,3,5.8,4,14:02,5,na,,
2024-Jul,2024-07-21,Manley,20,LL,2,R,9,5.8,4,14:02,3,na,,
2024-Jul,2024-07-21,Manley,20,LL,2,L,10,5.7,4,14:02,7,na,,
2024-Jul,2024-07-21,Manley,20,LL,2,L,10,5.7,4,14:02,10,na,,
2024-Jul,2024-07-21,Manley,20,LL,2,L,10,5.7,4,14:02,6,na,,
2024-Jul,2024-07-21,Manley,20,LL,2,L,15,6,4,14:02,5,na,,
2024-Jul,2024-07-21,Manley,20,LL,2,L,15,6,4,14:02,5,na,,
2024-Jul,2024-07-21,Manley,20,LL,2,L,15,6,4,14:02,8,na,,
2024-Jul,2024-07-21,Spider_HIRMD,30,DVM,2,R,0.5,4,4,12:02,8,na,,
2024-Jul,2024-07-21,Spider_HIRMD,30,DVM,2,R,2,4.8,4,12:02,14,na,,
2024-Jul,2024-07-21,Spider_HIRMD,30,DVM,2,R,9,4.9,4,12:02,10,na,,
2024-Jul,2024-07-21,Spider_HIRMD,30,DVM,2,R,12,5.1,4,12:02,35,na,,
2024-Jul,2024-07-21,Spider_HIRMD,30,DVM,2,R,13.3,4.4,4,12:02,11,na,,
2024-Jul,2024-07-21,Spider_HIRMD,30,DVM,2,R,17.9,4.5,4,12:02,10,na,,
2024-Jul,2024-07-21,Spider_HIRMD,30,DVM,2,R,18,4.9,4,12:02,19,na,,
2024-Jul,2024-07-21,Spider_HIRMD,30,DVM,2,R,18,4.9,4,12:02,4,na,,
2024-Jul,2024-07-21,Spider_HIRMD,30,DVM,2,R,22.5,4.9,4,12:02,11,na,,
2024-Jul,2024-07-21,Spider_HIRMD,30,DVM,2,R,23,4.1,4,12:02,7,na,,
2024-Jul,2024-07-21,Spider_HIRMD,30,DVM,2,R,25,1,4,12:02,14,na,,
2024-Jul,2024-07-21,Spider_HIRMD,30,DVM,2,R,30,3.8,4,12:02,14,na,,
2024-Jul,2024-07-21,Spider_HIRMD,30,DVM,2,R,30,3.7,4,12:02,7,na,,
2024-Jul,2024-07-21,Spider_HIRMD,30,DVM,2,R,30,3.7,4,12:02,15,na,,
2024-Jul,2024-07-21,Spider_HIRMD,30,DVM,2,L,29,3.8,4,12:02,7,na,,
2024-Jul,2024-07-21,Spider_HIRMD,30,DVM,2,L,28,3.9,4,12:02,4,na,,
2024-Jul,2024-07-21,Spider_HIRMD,30,DVM,2,L,27.5,3.9,4,12:02,16,na,,
2024-Jul,2024-07-21,Spider_HIRMD,30,DVM,2,L,24,3.9,4,12:02,17,na,,
2024-Jul,2024-07-21,Spider_HIRMD,30,DVM,2,L,23.5,3.9,4,12:02,5,na,,
2024-Jul,2024-07-21,Spider_HIRMD,30,DVM,2,L,23,3.9,4,12:02,12,na,,
2024-Jul,2024-07-21,Spider_HIRMD,30,DVM,2,L,21,4.5,4,12:02,17,na,,
2024-Jul,2024-07-21,Spider_HIRMD,30,DVM,2,L,15.4,5,4,12:02,29,na,,
2024-Jul,2024-07-21,Spider_HIRMD,30,DVM,2,L,13.8,5.1,4,12:02,11,na,,
2024-Jul,2024-07-21,Spider_HIRMD,30,DVM,2,L,10.7,5,4,12:02,12,na,,
2024-Jul,2024-07-21,Spider_HIRMD,30,DVM,2,L,8,5.1,4,12:02,18,na,,
2024-Jul,2024-07-21,Spider_HIRMD,30,DVM,2,L,4,5,4,12:02,28,na,,
2024-Jul,2024-07-21,Spider_HIRMD,30,DVM,2,L,2.5,5,4,12:02,13,na,,
2024-Jul,2024-07-21,Spider_HIRMD,30,DVM,2,L,1,5.2,4,12:02,3,na,,
2024-Jul,2024-07-21,Triquetta,20,DCO,1,L,3,5,4,10:40,1,na,,
2024-Jul,2024-07-21,Triquetta,20,DCO,1,L,3,5,4,10:40,5,na,,
2024-Jul,2024-07-21,Triquetta,20,DCO,1,L,7,5,4,10:40,5,na,,
2024-Jul,2024-07-21,Triquetta,20,DCO,1,L,7,6,4,10:40,2,na,,
2024-Jul,2024-07-21,Triquetta,20,DCO,1,L,15,6,4,10:40,2,na,,
2024-Jul,2024-07-21,Manley,20,DCO,3,R,6,7.8,4,14:05,12,na,,
2024-Jul,2024-07-21,Manley,20,DCO,3,R,7,7.8,4,14:05,16,na,,
2024-Jul,2024-07-21,Manley,20,DCO,3,R,8,7.8,4,14:05,22,na,,
2024-Jul,2024-07-21,Manley,20,DCO,3,R,10,7.8,4,14:05,3,na,,
2024-Jul,2024-07-21,Manley,20,DCO,3,R,11,7.8,4,14:05,13,na,,
2024-Jul,2024-07-21,Manley,20,DCO,3,R,12,7.8,4,14:05,6,na,,
2024-Jul,2024-07-21,Manley,20,DCO,3,R,29,7.8,4,14:05,0,na,5,fronds outside of the transect length
2024-Jul,2024-07-21,Manley,20,DCO,3,L,0,7.8,4,14:05,2,na,,
2024-Jul,2024-07-21,Manley,20,DCO,3,L,1,7.8,4,14:05,4,na,,
2024-Jul,2024-07-21,Manley,20,DCO,3,L,1.5,7.8,4,14:05,3,na,,
2024-Jul,2024-07-21,Manley,20,DCO,3,L,2,7.8,4,14:05,4,na,,
2024-Jul,2024-07-21,Manley,20,DCO,3,L,19,7.8,4,14:05,1,na,,
2024-Jul,2024-07-21,Triquetta,20,DVM,3,R,7,5,4,10:30,1,na,,
2024-Jul,2024-07-21,Triquetta,20,DVM,3,R,25,5,4,10:30,0,na,5,fronds outside of the transect length
2024-Jul,2024-07-21,Triquetta,20,DVM,3,L,4,5,4,10:30,3,na,,
2024-Jul,2024-07-21,Triquetta,20,DVM,3,L,5,5,4,10:30,1,na,,
2024-Jul,2024-07-21,Triquetta,20,DVM,3,L,17,5,4,10:30,6,na,,
2024-Jul,2024-07-21,Triquetta,20,AS,2,R,3,4.7,4,10:22,27,na,,
2024-Jul,2024-07-21,Triquetta,20,AS,2,R,11,4.8,4,10:22,3,na,,
2024-Jul,2024-07-21,Triquetta,20,AS,2,R,13,4.9,4,10:22,2,na,,
2024-Jul,2024-07-21,Triquetta,20,AS,2,R,15,5,4,10:22,3,na,,
2024-Jul,2024-07-21,Triquetta,20,AS,2,R,17,5.1,4,10:22,3,na,,
2024-Jul,2024-07-21,Triquetta,20,AS,2,L,5,4.7,4,10:22,12,na,,
2024-Jul,2024-07-21,Triquetta,20,AS,2,L,11,5,4,10:22,3,na,,
2024-Jul,2024-07-21,Manley,20,DVM,1,R,1,6,4,14:02,23,na,,
2024-Jul,2024-07-21,Manley,20,DVM,1,R,7,6.5,4,14:02,5,na,,
2024-Jul,2024-07-21,Manley,20,DVM,1,R,15,7,4,14:02,67,na,,
2024-Jul,2024-07-21,Manley,20,DVM,1,R,23,7.2,4,14:02,0,na,9,fronds outside of the transect length
2024-Jul,2024-07-21,Manley,20,DVM,1,R,25,7.4,4,14:02,0,na,1,fronds outside of the transect length
2024-Jul,2024-07-21,Manley,20,DVM,1,L,1,6,4,14:02,18,na,,
2024-Jul,2024-07-21,Manley,20,DVM,1,L,11,6.5,4,14:02,7,na,,
2024-Jul,2024-07-21,Manley,20,DVM,1,L,15,7,4,14:02,1,na,,
2024-Jul,2024-07-21,Manley,20,DVM,1,L,17,7.4,4,14:02,13,na,,
2025-Jul,2025-07-09,Simmonds_HIRMD,30,AS,1,R,0,4.2,na,12:40,8,na,,
2025-Jul,2025-07-09,Simmonds_HIRMD,30,AS,1,R,4,3.8,na,12:40,8,na,,
2025-Jul,2025-07-09,Simmonds_HIRMD,30,AS,1,R,6,3.8,na,12:40,8,na,,
2025-Jul,2025-07-09,Simmonds_HIRMD,30,AS,1,R,14,2.1,na,12:40,1,na,,
2025-Jul,2025-07-09,Simmonds_HIRMD,30,AS,1,R,20,2.6,na,12:40,3,na,,
2025-Jul,2025-07-09,Simmonds_HIRMD,30,AS,1,R,23,2.8,na,12:40,4,na,,
2025-Jul,2025-07-09,Simmonds_HIRMD,30,AS,1,R,27,3.7,na,12:40,9,na,,
2025-Jul,2025-07-09,Simmonds_HIRMD,30,AS,1,R,29,4.1,na,12:40,6,na,,
2025-Jul,2025-07-09,Simmonds_HIRMD,30,AS,1,R,30,4.1,na,12:40,6,na,,
2025-Jul,2025-07-09,Simmonds_HIRMD,30,AS,1,L,25,3.5,na,12:40,5,na,,
2025-Jul,2025-07-09,Simmonds_HIRMD,30,AS,1,L,24,3.5,na,12:40,6,na,,
2025-Jul,2025-07-09,Simmonds_HIRMD,30,AS,1,L,20,2.9,na,12:40,2,na,,
2025-Jul,2025-07-09,Simmonds_HIRMD,30,AS,1,L,18,2.6,na,12:40,5,na,,
2025-Jul,2025-07-09,Simmonds_HIRMD,30,AS,1,L,17,2.7,na,12:40,5,na,,
2025-Jul,2025-07-09,Simmonds_HIRMD,30,AS,1,L,14,2.3,na,12:40,2,na,,
2025-Jul,2025-07-09,Simmonds_HIRMD,30,AS,1,L,8,2.5,na,12:40,1,na,,
2025-Jul,2025-07-09,Simmonds_HIRMD,30,AS,1,L,5,2.9,na,12:40,6,na,,
2025-Jul,2025-07-09,Simmonds_HIRMD,30,AS,1,L,4,4.1,na,12:40,4,na,,
2025-Jul,2025-07-09,Simmonds_HIRMD,30,AS,1,L,2,4.2,na,12:40,6,na,,
2025-Jul,2025-07-09,Simmonds,20,AS,2,R,1,7.1,na,14:35,9,na,,
2025-Jul,2025-07-09,Simmonds,20,AS,2,R,2,7.1,na,14:35,6,na,,
2025-Jul,2025-07-09,Simmonds,20,AS,2,R,2,7.1,na,14:35,6,na,,
2025-Jul,2025-07-09,Simmonds,20,AS,2,R,2,7.1,na,14:35,3,na,,
2025-Jul,2025-07-09,Simmonds,20,AS,2,R,3,6.6,na,14:35,15,na,,
2025-Jul,2025-07-09,Simmonds,20,AS,2,R,7,6.6,na,14:35,10,na,,
2025-Jul,2025-07-09,Simmonds,20,AS,2,R,7,6.6,na,14:35,13,na,,
2025-Jul,2025-07-09,Simmonds,20,AS,2,R,7,6.5,na,14:35,12,na,,
2025-Jul,2025-07-09,Simmonds,20,AS,2,R,9,6,na,14:35,2,na,,
2025-Jul,2025-07-09,Simmonds,20,AS,2,R,9,6,na,14:35,6,na,,
2025-Jul,2025-07-09,Simmonds,20,AS,2,R,9,6,na,14:35,3,na,,
2025-Jul,2025-07-09,Simmonds,20,AS,2,R,10,6,na,14:35,9,na,,
2025-Jul,2025-07-09,Simmonds,20,AS,2,R,10,6,na,14:35,8,na,,
2025-Jul,2025-07-09,Simmonds,20,AS,2,R,11,6,na,14:35,13,na,,
2025-Jul,2025-07-09,Simmonds,20,AS,2,R,17,6.7,na,14:35,15,na,,
2025-Jul,2025-07-09,Simmonds,20,AS,2,R,17,7,na,14:35,4,na,,
2025-Jul,2025-07-09,Simmonds,20,AS,2,R,18,7,na,14:35,9,na,,
2025-Jul,2025-07-09,Simmonds,20,AS,2,R,20,8.5,na,14:35,7,na,,
2025-Jul,2025-07-09,Simmonds,20,AS,2,L,18,7,na,14:35,6,na,,
2025-Jul,2025-07-09,Simmonds,20,AS,2,L,9,6.1,na,14:35,7,na,,
2025-Jul,2025-07-09,Simmonds,20,AS,2,L,9,6.1,na,14:35,4,na,,
2025-Jul,2025-07-09,Simmonds,20,AS,2,L,3,7,na,14:35,10,na,,
2025-Jul,2025-07-09,Simmonds,20,AS,2,L,3,7,na,14:35,10,na,,
2025-Jul,2025-07-09,Simmonds,20,AS,2,L,3,7,na,14:35,11,na,,
2025-Jul,2025-07-09,Simmonds_HIRMD,30,OP,3,R,0,9,na,12:47,6,na,,
2025-Jul,2025-07-09,Simmonds_HIRMD,30,OP,3,R,0,9,na,12:47,16,na,,
2025-Jul,2025-07-09,Simmonds_HIRMD,30,OP,3,R,0,9,na,12:47,9,na,,
2025-Jul,2025-07-09,Simmonds_HIRMD,30,OP,3,R,7,7.4,na,12:47,3,na,,
2025-Jul,2025-07-09,Simmonds_HIRMD,30,OP,3,R,8,7.4,na,12:47,7,na,,
2025-Jul,2025-07-09,Simmonds_HIRMD,30,OP,3,R,8,7.4,na,12:47,3,na,,
2025-Jul,2025-07-09,Simmonds_HIRMD,30,OP,3,R,10,7.5,na,12:47,3,na,,
2025-Jul,2025-07-09,Simmonds_HIRMD,30,OP,3,R,10,7.5,na,12:47,3,na,,
2025-Jul,2025-07-09,Simmonds_HIRMD,30,OP,3,R,10,7.5,na,12:47,10,na,,
2025-Jul,2025-07-09,Simmonds_HIRMD,30,OP,3,R,16,8.6,na,12:47,1,na,,
2025-Jul,2025-07-09,Simmonds_HIRMD,30,OP,3,R,17.5,9,na,12:47,3,na,,
2025-Jul,2025-07-09,Simmonds_HIRMD,30,OP,3,R,17.5,9,na,12:47,5,na,,
2025-Jul,2025-07-09,Simmonds_HIRMD,30,OP,3,R,17.5,9,na,12:47,4,na,,
2025-Jul,2025-07-09,Simmonds_HIRMD,30,OP,3,R,18,9,na,12:47,8,na,,
2025-Jul,2025-07-09,Simmonds_HIRMD,30,OP,3,R,18,9,na,12:47,11,na,,
2025-Jul,2025-07-09,Simmonds_HIRMD,30,OP,3,R,18,9,na,12:47,5,na,,
2025-Jul,2025-07-09,Simmonds_HIRMD,30,OP,3,R,19,9.1,na,12:47,1,na,,
2025-Jul,2025-07-09,Simmonds_HIRMD,30,OP,3,L,30,10,na,12:47,24,na,,
2025-Jul,2025-07-09,Simmonds_HIRMD,30,OP,3,L,30,10,na,12:47,5,na,,
2025-Jul,2025-07-09,Simmonds_HIRMD,30,OP,3,L,30,10,na,12:47,5,na,,
2025-Jul,2025-07-09,Simmonds_HIRMD,30,OP,3,L,30,10,na,12:47,5,na,,
2025-Jul,2025-07-09,Simmonds_HIRMD,30,OP,3,L,30,10,na,12:47,9,na,,
2025-Jul,2025-07-09,Simmonds_HIRMD,30,OP,3,L,30,10,na,12:47,3,na,,
2025-Jul,2025-07-09,Simmonds_HIRMD,30,OP,3,L,21.5,9,na,12:47,9,na,,
2025-Jul,2025-07-09,Simmonds_HIRMD,30,OP,3,L,21.5,9,na,12:47,2,na,,
2025-Jul,2025-07-09,Simmonds_HIRMD,30,OP,3,L,16,9,na,12:47,12,na,,
2025-Jul,2025-07-09,Simmonds_HIRMD,30,OP,3,L,16,9,na,12:47,15,na,,
2025-Jul,2025-07-09,Simmonds_HIRMD,30,OP,3,L,9,7.8,na,12:47,6,na,,
2025-Jul,2025-07-09,Simmonds,20,OP,3,R,0.5,8.4,na,14:30,2,na,,
2025-Jul,2025-07-09,Simmonds,20,OP,3,R,4.3,7.4,na,14:30,31,na,,
2025-Jul,2025-07-09,Simmonds,20,OP,3,R,6.2,6.9,na,14:30,5,na,,
2025-Jul,2025-07-09,Simmonds,20,OP,3,R,6.2,6.9,na,14:30,6,na,,
2025-Jul,2025-07-09,Simmonds,20,OP,3,R,6.2,6.9,na,14:30,9,na,,
2025-Jul,2025-07-09,Simmonds,20,OP,3,R,11,6,na,14:30,11,na,,
2025-Jul,2025-07-09,Simmonds,20,OP,3,R,12,6,na,14:30,5,na,,
2025-Jul,2025-07-09,Simmonds,20,OP,3,R,12,6,na,14:30,9,na,,
2025-Jul,2025-07-09,Simmonds,20,OP,3,R,12,6,na,14:30,3,na,,
2025-Jul,2025-07-09,Simmonds,20,OP,3,R,14,6,na,14:30,8,na,,
2025-Jul,2025-07-09,Simmonds,20,OP,3,R,14,6,na,14:30,4,na,,
2025-Jul,2025-07-09,Simmonds,20,OP,3,R,14,6,na,14:30,2,na,,
2025-Jul,2025-07-09,Simmonds,20,OP,3,R,14,6,na,14:30,3,na,,
2025-Jul,2025-07-09,Simmonds,20,OP,3,R,15.5,8.5,na,14:30,3,na,,
2025-Jul,2025-07-09,Simmonds,20,OP,3,R,16,9,na,14:30,2,na,,
2025-Jul,2025-07-09,Simmonds,20,OP,3,R,16,9,na,14:30,5,na,,
2025-Jul,2025-07-09,Simmonds,20,OP,3,R,20,9.5,na,14:30,3,na,,
2025-Jul,2025-07-09,Simmonds,20,OP,3,R,20,9.5,na,14:30,17,na,,
2025-Jul,2025-07-09,Simmonds,20,OP,3,L,20,9.5,na,14:30,5,na,,
2025-Jul,2025-07-09,Simmonds,20,OP,3,L,18,9.5,na,14:30,5,na,,
2025-Jul,2025-07-09,Simmonds,20,OP,3,L,18,9.5,na,14:30,2,na,,
2025-Jul,2025-07-09,Simmonds,20,OP,3,L,18,9.5,na,14:30,8,na,,
2025-Jul,2025-07-09,Simmonds,20,OP,3,L,17,9.5,na,14:30,3,na,,
2025-Jul,2025-07-09,Simmonds,20,OP,3,L,13.7,6.7,na,14:30,11,na,,
2025-Jul,2025-07-09,Simmonds,20,OP,3,L,13.5,6,na,14:30,12,na,,
2025-Jul,2025-07-09,Simmonds,20,OP,3,L,12,6,na,14:30,3,na,,
2025-Jul,2025-07-09,Simmonds,20,OP,3,L,7.7,6.5,na,14:30,13,na,,
2025-Jul,2025-07-09,Simmonds,20,OP,3,L,4,7,na,14:30,10,na,,
2025-Jul,2025-07-09,Simmonds,20,OP,3,L,4,7,na,14:30,4,na,,
2025-Jul,2025-07-09,Simmonds_HIRMD,30,DVM,2,R,1,5.5,na,12:40,5,na,,
2025-Jul,2025-07-09,Simmonds_HIRMD,30,DVM,2,R,3,5,na,12:40,13,na,,
2025-Jul,2025-07-09,Simmonds_HIRMD,30,DVM,2,R,4,4.8,na,12:40,26,na,,
2025-Jul,2025-07-09,Simmonds_HIRMD,30,DVM,2,R,8,5.5,na,12:40,21,na,,
2025-Jul,2025-07-09,Simmonds_HIRMD,30,DVM,2,R,12,6,na,12:40,29,na,,
2025-Jul,2025-07-09,Simmonds_HIRMD,30,DVM,2,R,15,6.2,na,12:40,22,na,,
2025-Jul,2025-07-09,Simmonds_HIRMD,30,DVM,2,R,16,6.3,na,12:40,7,na,,
2025-Jul,2025-07-09,Simmonds_HIRMD,30,DVM,2,R,17,6.4,na,12:40,23,na,,
2025-Jul,2025-07-09,Simmonds_HIRMD,30,DVM,2,R,17.5,6.3,na,12:40,17,na,,
2025-Jul,2025-07-09,Simmonds_HIRMD,30,DVM,2,R,18.5,6.2,na,12:40,41,na,,
2025-Jul,2025-07-09,Simmonds_HIRMD,30,DVM,2,R,19,6.3,na,12:40,16,na,,
2025-Jul,2025-07-09,Simmonds_HIRMD,30,DVM,2,R,21,6.4,na,12:40,9,na,,
2025-Jul,2025-07-09,Simmonds_HIRMD,30,DVM,2,R,24,7.9,na,12:40,30,na,,
2025-Jul,2025-07-09,Simmonds_HIRMD,30,DVM,2,L,28,7.9,na,12:40,32,na,,
2025-Jul,2025-07-09,Simmonds_HIRMD,30,DVM,2,L,25,7.5,na,12:40,3,na,,
2025-Jul,2025-07-09,Simmonds_HIRMD,30,DVM,2,L,29.5,7.5,na,12:40,5,na,,
2025-Jul,2025-07-09,Simmonds_HIRMD,30,DVM,2,L,15,6.3,na,12:40,22,na,,
2025-Jul,2025-07-09,Simmonds_HIRMD,30,DVM,2,L,9.5,5.6,na,12:40,7,na,,
2025-Jul,2025-07-09,Simmonds_HIRMD,30,DVM,2,L,9.6,5.6,na,12:40,5,na,,
2025-Jul,2025-07-09,Simmonds_HIRMD,30,DVM,2,L,9,5.5,na,12:40,18,na,,
2025-Jul,2025-07-09,Simmonds_HIRMD,30,DVM,2,L,7,5.7,na,12:40,13,na,,
2025-Jul,2025-07-09,Simmonds_HIRMD,30,DVM,2,L,1,6.2,na,12:40,5,na,,
2025-Jul,2025-07-09,Simmonds,20,DVM,1,R,5,7,na,14:40,3,na,,
2025-Jul,2025-07-09,Simmonds,20,DVM,1,R,9.5,7,na,14:40,13,na,,
2025-Jul,2025-07-09,Simmonds,20,DVM,1,R,10,7,na,14:40,17,na,,
2025-Jul,2025-07-09,Simmonds,20,DVM,1,R,10.5,6.9,na,14:40,8,na,,
2025-Jul,2025-07-09,Simmonds,20,DVM,1,R,11,6.9,na,14:40,21,na,,
2025-Jul,2025-07-09,Simmonds,20,DVM,1,R,13,6.6,na,14:40,16,na,,
2025-Jul,2025-07-09,Simmonds,20,DVM,1,R,14.5,6.8,na,14:40,10,na,,
2025-Jul,2025-07-09,Simmonds,20,DVM,1,R,16.5,6,na,14:40,16,na,,
2025-Jul,2025-07-09,Simmonds,20,DVM,1,R,18,5.5,na,14:40,17,na,,
2025-Jul,2025-07-09,Simmonds,20,DVM,1,L,10,7,na,14:40,16,na,,
2025-Jul,2025-07-06,Stryker,20,DCO,3,R,20,6,na,10:41,11,na,,
2025-Jul,2025-07-06,Stryker,20,DCO,3,R,19.9,6,na,10:41,14,na,,
2025-Jul,2025-07-06,Stryker,20,DCO,3,R,19.5,6,na,10:41,7,na,,
2025-Jul,2025-07-06,Stryker,20,DCO,3,R,19.5,6,na,10:41,6,na,,
2025-Jul,2025-07-06,Stryker,20,DCO,3,R,19,6,na,10:41,3,na,,
2025-Jul,2025-07-06,Stryker,20,DCO,3,L,18.5,6,na,10:41,6,na,,
2025-Jul,2025-07-06,Stryker,20,DCO,3,L,15.9,6.2,na,10:41,10,na,,
2025-Jul,2025-07-06,Stryker,20,DCO,3,L,15.6,6.2,na,10:41,4,na,,
2025-Jul,2025-07-06,Stryker,20,DCO,3,L,15.5,6.2,na,10:41,4,na,,
2025-Jul,2025-07-06,Stryker,20,DCO,3,L,15,6.2,na,10:41,5,na,,
2025-Jul,2025-07-06,Stryker,20,DCO,3,R,14.5,6.1,na,10:41,13,na,,
2025-Jul,2025-07-06,Stryker,20,DCO,3,L,11.5,7,na,10:41,6,na,,
2025-Jul,2025-07-06,Stryker,20,DCO,3,L,11.4,7,na,10:41,5,na,,
2025-Jul,2025-07-06,Stryker,20,DCO,3,R,11.4,7,na,10:41,9,na,,
2025-Jul,2025-07-06,Stryker,20,DCO,3,R,11.3,7,na,10:41,4,na,,
2025-Jul,2025-07-06,Stryker,20,DCO,3,R,11.3,7,na,10:41,3,na,,
2025-Jul,2025-07-06,Stryker,20,DCO,3,R,11,7.2,na,10:41,6,na,,
2025-Jul,2025-07-06,Stryker,20,DCO,3,R,10.9,7.2,na,10:41,5,na,,
2025-Jul,2025-07-06,Stryker,20,DCO,3,L,7.1,7.4,na,10:41,3,na,,
2025-Jul,2025-07-06,Stryker,20,DCO,3,L,7.2,7.4,na,10:41,5,na,,
2025-Jul,2025-07-06,Stryker,20,DCO,3,R,6.8,7.3,na,10:41,6,na,,
2025-Jul,2025-07-06,Stryker,20,DCO,3,R,6.7,7.3,na,10:41,4,na,,
2025-Jul,2025-07-06,Stryker,20,DCO,3,L,5.9,7.3,na,10:41,2,na,,
2025-Jul,2025-07-06,Stryker,20,DCO,3,L,6,7.3,na,10:41,4,na,,
2025-Jul,2025-07-06,Stryker,20,DCO,3,L,6,7.3,na,10:41,3,na,,
2025-Jul,2025-07-06,Stryker,20,DCO,3,L,6.1,7.3,na,10:41,2,na,,
2025-Jul,2025-07-06,Stryker,20,DCO,3,L,2.9,7.3,na,10:41,3,na,,
2025-Jul,2025-07-06,Stryker,20,DCO,3,L,2.8,7.3,na,10:41,7,na,,
2025-Jul,2025-07-06,Stryker,20,DCO,3,R,2,7.4,na,10:41,5,na,,
2025-Jul,2025-07-06,Stryker,20,DCO,3,R,1,7.5,na,10:41,7,na,,
2025-Jul,2025-07-06,Stryker,20,DCO,3,R,0.1,7.6,na,10:41,9,na,,
2025-Jul,2025-07-06,Stryker_HIRMD,30,DCO,2,R,28.9,8.1,na,13:33,3,na,,
2025-Jul,2025-07-06,Stryker_HIRMD,30,DCO,2,R,28.9,8.1,na,13:33,5,na,,
2025-Jul,2025-07-06,Stryker_HIRMD,30,DCO,2,R,29,8.1,na,13:33,3,na,,
2025-Jul,2025-07-06,Stryker_HIRMD,30,DCO,2,R,29,8.1,na,13:33,6,na,,
2025-Jul,2025-07-06,Stryker_HIRMD,30,DCO,2,R,28,8.2,na,13:33,5,na,,
2025-Jul,2025-07-06,Stryker_HIRMD,30,DCO,2,R,27.5,8.1,na,13:33,4,na,,
2025-Jul,2025-07-06,Stryker_HIRMD,30,DCO,2,R,24.1,7,na,13:33,12,na,,
2025-Jul,2025-07-06,Stryker_HIRMD,30,DCO,2,R,24.3,7,na,13:33,12,na,,
2025-Jul,2025-07-06,Stryker_HIRMD,30,DCO,2,R,24.4,7,na,13:33,5,na,,
2025-Jul,2025-07-06,Stryker_HIRMD,30,DCO,2,R,24.5,7,na,13:33,5,na,,
2025-Jul,2025-07-06,Stryker_HIRMD,30,DCO,2,R,23,7.1,na,13:33,15,na,,
2025-Jul,2025-07-06,Stryker_HIRMD,30,DCO,2,R,21.1,6,na,13:33,7,na,,
2025-Jul,2025-07-06,Stryker_HIRMD,30,DCO,2,R,21,6,na,13:33,10,na,,
2025-Jul,2025-07-06,Stryker_HIRMD,30,DCO,2,R,21,6,na,13:33,4,na,,
2025-Jul,2025-07-06,Stryker_HIRMD,30,DCO,2,L,19,6.9,na,13:33,10,na,,
2025-Jul,2025-07-06,Stryker_HIRMD,30,DCO,2,R,19,6.9,na,13:33,13,na,,
2025-Jul,2025-07-06,Stryker_HIRMD,30,DCO,2,R,15,7.1,na,13:33,7,na,,
2025-Jul,2025-07-06,Stryker_HIRMD,30,DCO,2,L,14.9,7.1,na,13:33,16,na,,
2025-Jul,2025-07-06,Stryker_HIRMD,30,DCO,2,R,14.9,7.1,na,13:33,3,na,,
2025-Jul,2025-07-06,Stryker_HIRMD,30,DCO,2,L,14.9,7.1,na,13:33,5,na,,
2025-Jul,2025-07-06,Stryker_HIRMD,30,DCO,2,R,14.1,7.1,na,13:33,10,na,,
2025-Jul,2025-07-06,Stryker_HIRMD,30,DCO,2,R,13.9,7.1,na,13:33,10,na,,
2025-Jul,2025-07-06,Stryker_HIRMD,30,DCO,2,L,13.8,7.1,na,13:33,10,na,,
2025-Jul,2025-07-06,Stryker_HIRMD,30,DCO,2,R,13.8,7.1,na,13:33,9,na,,
2025-Jul,2025-07-06,Stryker_HIRMD,30,DCO,2,R,13.8,7.1,na,13:33,3,na,,
2025-Jul,2025-07-06,Stryker_HIRMD,30,DCO,2,R,13.7,7.1,na,13:33,2,na,,
2025-Jul,2025-07-06,Stryker_HIRMD,30,DCO,2,R,12.1,9,na,13:33,16,na,,
2025-Jul,2025-07-06,Stryker_HIRMD,30,DCO,2,R,12,9,na,13:33,19,na,,
2025-Jul,2025-07-06,Stryker_HIRMD,30,DCO,2,R,10,9,na,13:33,5,na,,
2025-Jul,2025-07-06,Stryker_HIRMD,30,DCO,2,R,10.5,9,na,13:33,18,na,,
2025-Jul,2025-07-06,Stryker_HIRMD,30,DCO,2,R,10.5,9,na,13:33,3,na,,
2025-Jul,2025-07-06,Stryker_HIRMD,30,DCO,2,R,10.5,9,na,13:33,4,na,,
2025-Jul,2025-07-06,Stryker_HIRMD,30,DCO,2,R,10.5,9,na,13:33,3,na,,
2025-Jul,2025-07-06,Stryker_HIRMD,30,DCO,2,L,10.6,9,na,13:33,9,na,,
2025-Jul,2025-07-06,Stryker_HIRMD,30,DCO,2,L,10.6,9,na,13:33,6,na,,
2025-Jul,2025-07-06,Stryker_HIRMD,30,DCO,2,L,10.6,9,na,13:33,6,na,,
2025-Jul,2025-07-06,Stryker_HIRMD,30,DCO,2,L,10.6,9,na,13:33,7,na,,
2025-Jul,2025-07-06,Stryker_HIRMD,30,DCO,2,R,6,8.9,na,13:33,4,na,,
2025-Jul,2025-07-06,Stryker_HIRMD,30,DCO,2,R,6,8.9,na,13:33,5,na,,
2025-Jul,2025-07-06,Stryker_HIRMD,30,DCO,2,R,6,8.9,na,13:33,5,na,,
2025-Jul,2025-07-06,Stryker_HIRMD,30,DCO,2,L,3,9.2,na,13:33,8,na,,
2025-Jul,2025-07-06,Stryker,20,OP,1,R,3.4,8.4,na,10:30,2,na,,
2025-Jul,2025-07-06,Stryker,20,OP,1,R,5,7.4,na,10:30,5,na,,
2025-Jul,2025-07-06,Stryker,20,OP,1,R,5,7.4,na,10:30,6,na,,
2025-Jul,2025-07-06,Stryker,20,OP,1,R,5,7.4,na,10:30,7,na,,
2025-Jul,2025-07-06,Stryker,20,OP,1,L,5,7.4,na,10:30,9,na,,
2025-Jul,2025-07-06,Stryker,20,OP,1,L,5.3,7.4,na,10:30,4,na,,
2025-Jul,2025-07-06,Stryker,20,OP,1,L,5.5,7.4,na,10:30,3,na,,
2025-Jul,2025-07-06,Stryker,20,OP,1,L,9,8,na,10:30,2,na,,
2025-Jul,2025-07-06,Stryker,20,OP,1,L,10,8,na,10:30,6,na,,
2025-Jul,2025-07-06,Stryker,20,OP,1,L,18.6,4.2,na,10:30,4,na,,
2025-Jul,2025-07-06,Stryker,20,OP,1,L,18.6,4.2,na,10:30,3,na,,
2025-Jul,2025-07-06,Stryker,20,OP,1,L,18.4,4.2,na,10:30,4,na,,
2025-Jul,2025-07-06,Stryker,20,OP,1,L,18.4,4.2,na,10:30,9,na,,
2025-Jul,2025-07-06,Stryker,20,OP,1,L,18.2,4.2,na,10:30,8,na,,
2025-Jul,2025-07-06,Stryker,20,OP,1,L,18.2,4.2,na,10:30,4,na,,
2025-Jul,2025-07-06,Stryker_HIRMD,30,OP,3,R,2,9.5,na,13:30,12,na,,
2025-Jul,2025-07-06,Stryker_HIRMD,30,OP,3,R,11,9,na,13:30,9,na,,
2025-Jul,2025-07-06,Stryker_HIRMD,30,OP,3,R,11.5,9,na,13:30,4,na,,
2025-Jul,2025-07-06,Stryker_HIRMD,30,OP,3,R,12,9,na,13:30,4,na,,
2025-Jul,2025-07-06,Stryker_HIRMD,30,OP,3,R,12.1,9,na,13:30,7,na,,
2025-Jul,2025-07-06,Stryker_HIRMD,30,OP,3,R,25.2,7,na,13:30,14,na,,
2025-Jul,2025-07-06,Stryker_HIRMD,30,OP,3,R,25.7,7,na,13:30,7,na,,
2025-Jul,2025-07-06,Stryker_HIRMD,30,OP,3,R,26,7,na,13:30,7,na,,
2025-Jul,2025-07-06,Stryker_HIRMD,30,OP,3,R,27,7.2,na,13:30,7,na,,
2025-Jul,2025-07-06,Stryker_HIRMD,30,OP,3,R,27,7.2,na,13:30,8,na,,
2025-Jul,2025-07-06,Stryker_HIRMD,30,OP,3,R,27,7.2,na,13:30,5,na,,
2025-Jul,2025-07-06,Stryker_HIRMD,30,OP,3,R,27,7.2,na,13:30,6,na,,
2025-Jul,2025-07-06,Stryker_HIRMD,30,OP,3,R,30,8.5,na,13:30,5,na,,
2025-Jul,2025-07-06,Stryker_HIRMD,30,OP,3,R,30,8.5,na,13:30,3,na,,
2025-Jul,2025-07-06,Stryker_HIRMD,30,OP,3,R,30,8.5,na,13:30,5,na,,
2025-Jul,2025-07-06,Stryker_HIRMD,30,OP,3,R,30,8.5,na,13:30,2,na,,
2025-Jul,2025-07-06,Stryker_HIRMD,30,OP,3,R,29,8.5,na,13:30,3,na,,
2025-Jul,2025-07-06,Stryker_HIRMD,30,OP,3,R,29,8.5,na,13:30,7,na,,
2025-Jul,2025-07-06,Stryker_HIRMD,30,OP,3,R,28,8.3,na,13:30,11,na,,
2025-Jul,2025-07-06,Stryker_HIRMD,30,OP,3,R,28,8.3,na,13:30,5,na,,
2025-Jul,2025-07-06,Stryker_HIRMD,30,OP,3,R,28,8.3,na,13:30,4,na,,
2025-Jul,2025-07-06,Stryker_HIRMD,30,OP,3,R,28,8.3,na,13:30,5,na,,
2025-Jul,2025-07-06,Stryker_HIRMD,30,OP,3,R,26.5,7.5,na,13:30,7,na,,
2025-Jul,2025-07-06,Stryker_HIRMD,30,OP,3,R,26.5,7.5,na,13:30,4,na,,
2025-Jul,2025-07-06,Stryker_HIRMD,30,OP,3,R,26.5,7.5,na,13:30,4,na,,
2025-Jul,2025-07-06,Stryker_HIRMD,30,OP,3,R,26.5,7.5,na,13:30,6,na,,
2025-Jul,2025-07-06,Stryker_HIRMD,30,OP,3,R,26.5,7.5,na,13:30,7,na,,
2025-Jul,2025-07-06,Stryker_HIRMD,30,OP,3,R,25,7,na,13:30,5,na,,
2025-Jul,2025-07-06,Stryker_HIRMD,30,OP,3,R,25,7,na,13:30,4,na,,
2025-Jul,2025-07-06,Stryker_HIRMD,30,OP,3,R,20,7.5,na,13:30,6,na,,
2025-Jul,2025-07-06,Stryker_HIRMD,30,OP,3,R,19,7.3,na,13:30,2,na,,
2025-Jul,2025-07-06,Stryker_HIRMD,30,OP,3,R,18,7.5,na,13:30,4,na,,
2025-Jul,2025-07-06,Stryker_HIRMD,30,OP,3,R,18.5,7.5,na,13:30,5,na,,
2025-Jul,2025-07-06,Stryker_HIRMD,30,OP,3,R,15,8.7,na,13:30,5,na,,
2025-Jul,2025-07-06,Stryker_HIRMD,30,OP,3,R,14.5,8.7,na,13:30,3,na,,
2025-Jul,2025-07-06,Stryker_HIRMD,30,OP,3,R,14,8.7,na,13:30,3,na,,
2025-Jul,2025-07-06,Stryker_HIRMD,30,OP,3,R,14.2,8.7,na,13:30,3,na,,
2025-Jul,2025-07-06,Stryker_HIRMD,30,OP,3,R,14.3,8.7,na,13:30,4,na,,
2025-Jul,2025-07-06,Stryker_HIRMD,30,OP,3,R,14.1,8.7,na,13:30,1,na,,
2025-Jul,2025-07-06,Stryker_HIRMD,30,OP,3,R,11,9,na,13:30,11,na,,
2025-Jul,2025-07-06,Stryker_HIRMD,30,OP,3,R,2,9.3,na,13:30,4,na,,
2025-Jul,2025-07-06,Stryker_HIRMD,30,OP,3,R,1.9,9.3,na,13:30,8,na,,
2025-Jul,2025-07-06,Stryker_HIRMD,30,OP,3,R,1.8,9.3,na,13:30,11,na,,
2025-Jul,2025-07-06,Stryker_HIRMD,30,OP,3,R,1.7,9.3,na,13:30,3,na,,
2025-Jul,2025-07-06,Stryker,20,DVM,2,R,1.5,7.3,na,10:39,1,na,,
2025-Jul,2025-07-06,Stryker,20,DVM,2,R,3,7.2,na,10:39,17,na,,
2025-Jul,2025-07-06,Stryker,20,DVM,2,R,3.5,7,na,10:39,3,na,,
2025-Jul,2025-07-06,Stryker,20,DVM,2,R,9,7,na,10:39,14,na,,
2025-Jul,2025-07-06,Stryker,20,DVM,2,R,10.5,6,na,10:39,16,na,,
2025-Jul,2025-07-06,Stryker,20,DVM,2,R,12,7,na,10:39,7,na,,
2025-Jul,2025-07-06,Stryker,20,DVM,2,R,18,4.2,na,10:39,16,P,,
2025-Jul,2025-07-06,Stryker,20,DVM,2,L,15.5,5.1,na,10:39,12,na,,
2025-Jul,2025-07-06,Stryker,20,DVM,2,L,15,5.3,na,10:39,51,na,,
2025-Jul,2025-07-06,Stryker,20,DVM,2,L,5,7,na,10:39,42,na,,
2025-Jul,2025-07-06,Stryker_HIRMD,30,DVM,1,R,3,7,na,13:18,41,na,,
2025-Jul,2025-07-06,Stryker_HIRMD,30,DVM,1,R,3,7,na,13:18,30,na,,
2025-Jul,2025-07-06,Stryker_HIRMD,30,DVM,1,R,13,6,na,13:18,9,na,,
2025-Jul,2025-07-06,Stryker_HIRMD,30,DVM,1,R,14.5,6.2,na,13:18,18,na,,
2025-Jul,2025-07-06,Stryker_HIRMD,30,DVM,1,R,16,5.3,na,13:18,19,na,,
2025-Jul,2025-07-06,Stryker_HIRMD,30,DVM,1,R,17,5.1,na,13:18,18,na,,
2025-Jul,2025-07-06,Stryker_HIRMD,30,DVM,1,R,18,5.1,na,13:18,7,na,,
2025-Jul,2025-07-06,Stryker_HIRMD,30,DVM,1,R,19.5,5,na,13:18,22,na,,
2025-Jul,2025-07-06,Stryker_HIRMD,30,DVM,1,R,20,5,na,13:18,5,na,,
2025-Jul,2025-07-06,Stryker_HIRMD,30,DVM,1,R,25,5.1,na,13:18,12,na,,
2025-Jul,2025-07-06,Stryker_HIRMD,30,DVM,1,R,26,4.8,na,13:18,6,na,,
2025-Jul,2025-07-06,Stryker_HIRMD,30,DVM,1,L,27.5,4.3,na,13:18,11,na,,
2025-Jul,2025-07-06,Stryker_HIRMD,30,DVM,1,L,26,4.6,na,13:18,2,na,,
2025-Jul,2025-07-06,Stryker_HIRMD,30,DVM,1,L,25,4.8,na,13:18,9,na,,
2025-Jul,2025-07-06,Stryker_HIRMD,30,DVM,1,L,23,5,na,13:18,6,na,,
2025-Jul,2025-07-06,Stryker_HIRMD,30,DVM,1,L,22,5,na,13:18,7,na,,
2025-Jul,2025-07-06,Stryker_HIRMD,30,DVM,1,L,21.5,5,na,13:18,13,na,,
2025-Jul,2025-07-06,Stryker_HIRMD,30,DVM,1,L,21,5,na,13:18,8,P,,
2025-Jul,2025-07-06,Stryker_HIRMD,30,DVM,1,L,20,5.3,na,13:18,6,na,,
2025-Jul,2025-07-06,Stryker_HIRMD,30,DVM,1,L,17,6.7,na,13:18,23,na,,
2025-Jul,2025-07-06,Stryker_HIRMD,30,DVM,1,L,16,6,na,13:18,37,na,,
2025-Jul,2025-07-06,Stryker_HIRMD,30,DVM,1,L,15,6.4,na,13:18,44,na,,
2025-Jul,2025-07-06,Stryker_HIRMD,30,DVM,1,L,0,7,na,13:18,13,na,,
2025-Jul,2025-07-06,Stryker_HIRMD,30,DVM,1,L,0,7.1,na,13:18,19,na,,
2025-Jul,2025-07-04,Cape_mark_HIRMD,30,LL,3,R,3.6,6.5,na,11:10,8,na,,
2025-Jul,2025-07-04,Cape_mark_HIRMD,30,LL,3,R,5.3,6,na,11:10,3,na,,
2025-Jul,2025-07-04,Cape_mark_HIRMD,30,LL,3,R,5.3,6,na,11:10,4,na,,
2025-Jul,2025-07-04,Cape_mark_HIRMD,30,LL,3,R,6.4,6,na,11:10,10,na,,
2025-Jul,2025-07-04,Cape_mark_HIRMD,30,LL,3,R,6.4,6,na,11:10,2,na,,
2025-Jul,2025-07-04,Cape_mark_HIRMD,30,LL,3,R,6.4,6,na,11:10,3,na,,
2025-Jul,2025-07-04,Cape_mark_HIRMD,30,LL,3,L,16.4,5,na,11:10,3,na,,
2025-Jul,2025-07-04,Cape_mark_HIRMD,30,LL,3,L,17,5.2,na,11:10,2,na,,
2025-Jul,2025-07-04,Cape_mark_HIRMD,30,LL,3,L,20,4.7,na,11:10,4,na,,
2025-Jul,2025-07-04,Cape_mark_HIRMD,30,LL,3,L,20,4.7,na,11:10,7,na,,
2025-Jul,2025-07-04,Cape_mark_HIRMD,30,LL,3,L,24.3,4.4,na,11:10,2,na,,
2025-Jul,2025-07-04,Cape_mark_HIRMD,30,LL,3,L,24.3,4.2,na,11:10,4,na,,
2025-Jul,2025-07-04,Cape_mark_HIRMD,30,LL,3,L,25,4.2,na,11:10,9,na,,
2025-Jul,2025-07-04,Cape_mark_HIRMD,30,LL,3,L,25,4.2,na,11:10,13,na,,
2025-Jul,2025-07-04,Cape_mark_HIRMD,30,LL,3,L,25.5,4.1,na,11:10,3,na,,
2025-Jul,2025-07-04,Cape_mark_HIRMD,30,LL,3,L,25.5,4.1,na,11:10,3,na,,
2025-Jul,2025-07-04,Cape_mark_HIRMD,30,LL,3,L,25.5,4.1,na,11:10,9,na,,
2025-Jul,2025-07-04,Cape_mark_HIRMD,30,LL,3,L,25.5,4.1,na,11:10,6,na,,
2025-Jul,2025-07-04,Cape_mark_HIRMD,30,LL,3,L,25.5,4.1,na,11:10,4,na,,
2025-Jul,2025-07-04,Cape_mark_HIRMD,30,LL,3,R,28,3.8,na,11:10,9,na,,
2025-Jul,2025-07-04,Cape_mark_HIRMD,30,LL,3,R,28,3.8,na,11:10,11,na,,
2025-Jul,2025-07-04,Cape_mark_HIRMD,30,LL,3,R,29,4.7,na,11:10,15,na,,
2025-Jul,2025-07-04,Cape_mark_HIRMD,30,LL,3,R,29,4.7,na,11:10,8,na,,
2025-Jul,2025-07-04,Cape_mark_HIRMD,30,LL,3,R,29,4.7,na,11:10,4,na,,
2025-Jul,2025-07-04,Cape_mark_HIRMD,30,LL,3,R,29,4.7,na,11:10,10,na,,
2025-Jul,2025-07-04,Cape_mark_HIRMD,30,LL,3,R,29,4.7,na,11:10,2,na,,
2025-Jul,2025-07-04,Cape_mark_HIRMD,30,AS,2,R,5,5.7,na,11:10,4,na,,
2025-Jul,2025-07-04,Cape_mark_HIRMD,30,AS,2,R,5.5,5.7,na,11:10,6,na,,
2025-Jul,2025-07-04,Cape_mark_HIRMD,30,AS,2,R,9,4.9,na,11:10,5,na,,
2025-Jul,2025-07-04,Cape_mark_HIRMD,30,AS,2,R,9,4.9,na,11:10,4,na,,
2025-Jul,2025-07-04,Cape_mark_HIRMD,30,AS,2,R,9,4.9,na,11:10,9,na,,
2025-Jul,2025-07-04,Cape_mark_HIRMD,30,AS,2,R,9,4.9,na,11:10,5,na,,
2025-Jul,2025-07-04,Cape_mark_HIRMD,30,AS,2,R,10,4.9,na,11:10,12,na,,
2025-Jul,2025-07-04,Cape_mark_HIRMD,30,AS,2,R,22,5.1,na,11:10,5,na,,
2025-Jul,2025-07-04,Cape_mark_HIRMD,30,AS,2,R,22,5.1,na,11:10,6,na,,
2025-Jul,2025-07-04,Cape_mark_HIRMD,30,AS,2,R,22,5.1,na,11:10,6,na,,
2025-Jul,2025-07-04,Cape_mark_HIRMD,30,AS,2,R,23,5.1,na,11:10,2,na,,
2025-Jul,2025-07-04,Cape_mark_HIRMD,30,AS,2,R,24,4.6,na,11:10,12,na,,
2025-Jul,2025-07-04,Cape_mark_HIRMD,30,AS,2,R,25,4.6,na,11:10,4,na,,
2025-Jul,2025-07-04,Cape_mark_HIRMD,30,AS,2,L,30,3.5,na,11:10,4,na,,
2025-Jul,2025-07-04,Cape_mark_HIRMD,30,AS,2,L,29,3.5,na,11:10,7,na,,
2025-Jul,2025-07-04,Cape_mark_HIRMD,30,AS,2,L,25,3.8,na,11:10,5,na,,
2025-Jul,2025-07-04,Cape_mark_HIRMD,30,AS,2,L,25,3.8,na,11:10,8,na,,
2025-Jul,2025-07-04,Cape_mark_HIRMD,30,AS,2,L,22,5.3,na,11:10,7,na,,
2025-Jul,2025-07-04,Cape_mark_HIRMD,30,AS,2,L,15,5,na,11:10,3,na,,
2025-Jul,2025-07-04,Cape_mark_HIRMD,30,AS,2,L,15,5,na,11:10,7,na,,
2025-Jul,2025-07-04,Cape_mark_HIRMD,30,AS,2,L,11,4.9,na,11:10,6,na,,
2025-Jul,2025-07-04,Cape_mark_HIRMD,30,AS,2,L,10,4.9,na,11:10,11,na,,
2025-Jul,2025-07-04,Cape_mark_HIRMD,30,AS,2,L,9,4.9,na,11:10,3,na,,
2025-Jul,2025-07-04,Cape_mark_HIRMD,30,DVM,1,R,6,5,na,11:10,17,na,,
2025-Jul,2025-07-04,Cape_mark_HIRMD,30,DVM,1,R,6.5,5,na,11:10,12,na,,
2025-Jul,2025-07-04,Cape_mark_HIRMD,30,DVM,1,R,6.5,5,na,11:10,4,na,,
2025-Jul,2025-07-04,Cape_mark_HIRMD,30,DVM,1,R,7,4.7,na,11:10,8,na,,
2025-Jul,2025-07-04,Cape_mark_HIRMD,30,DVM,1,R,10.6,5.3,na,11:10,5,na,,
2025-Jul,2025-07-04,Cape_mark_HIRMD,30,DVM,1,R,11,5.2,na,11:10,24,na,,
2025-Jul,2025-07-04,Cape_mark_HIRMD,30,DVM,1,R,16,4.2,na,11:10,15,na,,
2025-Jul,2025-07-04,Cape_mark_HIRMD,30,DVM,1,R,22,4.5,na,11:10,5,na,,
2025-Jul,2025-07-04,Cape_mark_HIRMD,30,DVM,1,R,22.5,4.2,na,11:10,12,na,,
2025-Jul,2025-07-04,Cape_mark_HIRMD,30,DVM,1,R,24,4.3,na,11:10,16,na,,
2025-Jul,2025-07-04,Cape_mark_HIRMD,30,DVM,1,R,27,4.2,na,11:10,8,na,,
2025-Jul,2025-07-04,Cape_mark_HIRMD,30,DVM,1,R,29,4.3,na,11:10,15,na,,
2025-Jul,2025-07-04,Cape_mark_HIRMD,30,DVM,1,L,30,4.1,na,11:10,21,na,,
2025-Jul,2025-07-04,Cape_mark_HIRMD,30,DVM,1,L,27,4.2,na,11:10,9,na,,
2025-Jul,2025-07-04,Cape_mark_HIRMD,30,DVM,1,L,25,4.2,na,11:10,36,na,,
2025-Jul,2025-07-04,Cape_mark_HIRMD,30,DVM,1,L,22.7,4.3,na,11:10,13,na,,
2025-Jul,2025-07-04,Cape_mark_HIRMD,30,DVM,1,L,22,4.3,na,11:10,4,na,,
2025-Jul,2025-07-04,Cape_mark_HIRMD,30,DVM,1,L,16,4,na,11:10,4,na,,
2025-Jul,2025-07-04,Cape_mark_HIRMD,30,DVM,1,L,15,4,na,11:10,3,na,,
2025-Jul,2025-07-04,Cape_mark_HIRMD,30,DVM,1,L,14.5,5.1,na,11:10,10,na,,
2025-Jul,2025-07-04,Cape_mark_HIRMD,30,DVM,1,L,10,5.1,na,11:10,3,na,,
2025-Jul,2025-07-04,Cape_mark_HIRMD,30,DVM,1,L,8.5,5.3,na,11:10,9,na,,
2025-Jul,2025-07-04,Cape_mark_HIRMD,30,DVM,1,L,6,5.3,na,11:10,5,na,,
2025-Jul,2025-07-04,Cape_mark_HIRMD,30,DVM,1,L,27,4.2,na,11:10,4,na,,
2025-Jul,2025-07-04,Cape_mark_HIRMD,30,DVM,1,L,27,4.2,na,11:10,4,na,,
2025-Jul,2025-07-04,Cape_mark_HIRMD,30,DVM,1,L,10,5.1,na,11:10,11,na,,
2025-Jul,2025-07-04,Cape_mark_HIRMD,30,DVM,1,L,10,5.1,na,11:10,12,na,,
2025-Jul,2025-07-04,Cape_mark_HIRMD,30,DVM,1,L,8.5,5.3,na,11:10,4,na,,
2025-Jul,2025-07-04,Cape_mark_HIRMD,30,DVM,1,L,8.5,5.3,na,11:10,6,na,,
2025-Jul,2025-07-04,Cape_mark_HIRMD,30,DVM,1,L,8.5,5.3,na,11:10,7,na,,
2025-Jul,2025-07-04,Cape_mark_HIRMD,30,DVM,1,L,8.5,5.3,na,11:10,6,na,,
2025-Jul,2025-07-04,Cape_mark_HIRMD,30,DVM,1,L,5,6,na,11:10,8,na,,
2025-Jul,2025-07-04,Cape_mark_HIRMD,30,DVM,1,L,4,6,na,11:10,5,na,,
2025-Jul,2025-07-04,Cape_mark_HIRMD,30,DVM,1,L,4,6,na,11:10,4,na,,
2025-Jul,2025-07-04,Cape_mark_HIRMD,30,DVM,1,L,0.5,7.2,na,11:10,9,na,,
2025-Jul,2025-07-04,Cape_mark_HIRMD,30,DVM,1,L,0.5,7.2,na,11:10,6,na,,
2025-Jul,2025-07-04,Cape_mark_HIRMD,30,DVM,1,L,0.5,7.2,na,11:10,13,na,,
2025-Jul,2025-07-04,McMullins_HIRMD,30,AS,2,R,1,6.7,na,14:15,4,na,,
2025-Jul,2025-07-04,McMullins_HIRMD,30,AS,2,R,1,6.7,na,14:15,10,na,,
2025-Jul,2025-07-04,McMullins_HIRMD,30,AS,2,R,1,6.7,na,14:15,5,na,,
2025-Jul,2025-07-04,McMullins_HIRMD,30,AS,2,R,2,6.7,na,14:15,7,na,,
2025-Jul,2025-07-04,McMullins_HIRMD,30,AS,2,R,3,6.7,na,14:15,2,na,,
2025-Jul,2025-07-04,McMullins_HIRMD,30,AS,2,R,12,5.5,na,14:15,7,na,,
2025-Jul,2025-07-04,McMullins_HIRMD,30,AS,2,R,13,5.5,na,14:15,5,na,,
2025-Jul,2025-07-04,McMullins_HIRMD,30,AS,2,R,13,5.5,na,14:15,4,na,,
2025-Jul,2025-07-04,McMullins_HIRMD,30,AS,2,R,13,5.5,na,14:15,15,na,,
2025-Jul,2025-07-04,McMullins_HIRMD,30,AS,2,R,14,5.5,na,14:15,26,na,,
2025-Jul,2025-07-04,McMullins_HIRMD,30,AS,2,R,18,5.3,na,14:15,7,na,,
2025-Jul,2025-07-04,McMullins_HIRMD,30,AS,2,R,18,5.3,na,14:15,5,na,,
2025-Jul,2025-07-04,McMullins_HIRMD,30,AS,2,R,21,5.5,na,14:15,24,na,,
2025-Jul,2025-07-04,McMullins_HIRMD,30,AS,2,L,22,5.5,na,14:15,4,na,,
2025-Jul,2025-07-04,McMullins_HIRMD,30,AS,2,L,23,5.5,na,14:15,5,na,,
2025-Jul,2025-07-04,McMullins_HIRMD,30,AS,2,L,24,5.5,na,14:15,12,na,,
2025-Jul,2025-07-04,McMullins_HIRMD,30,AS,2,L,24,5.5,na,14:15,8,na,,
2025-Jul,2025-07-04,McMullins_HIRMD,30,AS,2,L,22,5.5,na,14:15,7,na,,
2025-Jul,2025-07-04,McMullins_HIRMD,30,AS,2,L,28,5.5,na,14:15,6,na,,
2025-Jul,2025-07-04,McMullins_HIRMD,30,AS,2,L,21,5.5,na,14:15,22,na,,
2025-Jul,2025-07-04,McMullins_HIRMD,30,AS,2,L,20,5.5,na,14:15,14,na,,
2025-Jul,2025-07-04,McMullins_HIRMD,30,AS,2,L,3,6.5,na,14:15,9,na,,
2025-Jul,2025-07-04,McMullins_HIRMD,30,LL,3,L,9,6.4,na,14:15,3,na,,
2025-Jul,2025-07-04,McMullins_HIRMD,30,LL,3,L,12,6.4,na,14:15,3,na,,
2025-Jul,2025-07-04,McMullins_HIRMD,30,LL,3,L,12,6.4,na,14:15,6,na,,
2025-Jul,2025-07-04,McMullins_HIRMD,30,LL,3,L,12,6.4,na,14:15,3,na,,
2025-Jul,2025-07-04,McMullins_HIRMD,30,LL,3,L,12,6.4,na,14:15,3,na,,
2025-Jul,2025-07-04,McMullins_HIRMD,30,LL,3,L,12.5,6.4,na,14:15,6,na,,
2025-Jul,2025-07-04,McMullins_HIRMD,30,LL,3,L,12.5,6.3,na,14:15,4,na,,
2025-Jul,2025-07-04,McMullins_HIRMD,30,LL,3,L,13,6.3,na,14:15,6,na,,
2025-Jul,2025-07-04,McMullins_HIRMD,30,LL,3,L,13,6.3,na,14:15,2,na,,
2025-Jul,2025-07-04,McMullins_HIRMD,30,LL,3,L,16.7,5.8,na,14:15,9,na,,
2025-Jul,2025-07-04,McMullins_HIRMD,30,LL,3,L,19.5,5.2,na,14:15,17,na,,
2025-Jul,2025-07-04,McMullins_HIRMD,30,LL,3,R,26,5.2,na,14:15,8,na,,
2025-Jul,2025-07-04,McMullins_HIRMD,30,LL,3,L,26,5.2,na,14:15,7,na,,
2025-Jul,2025-07-04,McMullins_HIRMD,30,LL,3,L,27,5.2,na,14:15,6,na,,
2025-Jul,2025-07-04,McMullins_HIRMD,30,LL,3,L,28,5.2,na,14:15,9,na,,
2025-Jul,2025-07-04,McMullins_HIRMD,30,LL,3,L,28,5.2,na,14:15,10,na,,
2025-Jul,2025-07-04,McMullins_HIRMD,30,LL,3,L,28,5.2,na,14:15,11,na,,
2025-Jul,2025-07-04,McMullins_HIRMD,30,LL,3,L,30,5.1,na,14:15,3,na,,
2025-Jul,2025-07-04,McMullins_HIRMD,30,LL,3,L,30,5.1,na,14:15,3,na,,
2025-Jul,2025-07-04,McMullins_HIRMD,30,LL,3,L,30,5.1,na,14:15,8,na,,
2025-Jul,2025-07-04,McMullins_HIRMD,30,LL,3,L,30,5.1,na,14:15,4,na,,
2025-Jul,2025-07-04,McMullins_HIRMD,30,DVM,1,R,0,6.5,na,14:15,37,na,,
2025-Jul,2025-07-04,McMullins_HIRMD,30,DVM,1,R,1,6.5,na,14:15,10,na,,
2025-Jul,2025-07-04,McMullins_HIRMD,30,DVM,1,R,1,6.5,na,14:15,14,na,,
2025-Jul,2025-07-04,McMullins_HIRMD,30,DVM,1,R,1,5.3,na,14:15,12,na,,
2025-Jul,2025-07-04,McMullins_HIRMD,30,DVM,1,R,1,5.3,na,14:15,7,na,,
2025-Jul,2025-07-04,McMullins_HIRMD,30,DVM,1,R,2,5.3,na,14:15,21,na,,
2025-Jul,2025-07-04,McMullins_HIRMD,30,DVM,1,R,13,5.3,na,14:15,17,na,,
2025-Jul,2025-07-04,McMullins_HIRMD,30,DVM,1,R,13,5.3,na,14:15,11,na,,
2025-Jul,2025-07-04,McMullins_HIRMD,30,DVM,1,R,14.5,5.3,na,14:15,11,na,,
2025-Jul,2025-07-04,McMullins_HIRMD,30,DVM,1,R,14.5,5.3,na,14:15,7,na,,
2025-Jul,2025-07-04,McMullins_HIRMD,30,DVM,1,R,15,5.3,na,14:15,16,na,,
2025-Jul,2025-07-04,McMullins_HIRMD,30,DVM,1,R,15.5,5.3,na,14:15,19,na,,
2025-Jul,2025-07-04,McMullins_HIRMD,30,DVM,1,R,15.5,5.3,na,14:15,8,na,,
2025-Jul,2025-07-04,McMullins_HIRMD,30,DVM,1,R,15.6,5.3,na,14:15,17,na,,
2025-Jul,2025-07-04,McMullins_HIRMD,30,DVM,1,R,16,5.5,na,14:15,39,na,,
2025-Jul,2025-07-04,McMullins_HIRMD,30,DVM,1,R,20.7,5.5,na,14:15,29,na,,
2025-Jul,2025-07-04,McMullins_HIRMD,30,DVM,1,R,20.9,5.5,na,14:15,40,na,,
2025-Jul,2025-07-04,McMullins_HIRMD,30,DVM,1,R,22,5,na,14:15,11,na,,
2025-Jul,2025-07-04,McMullins_HIRMD,30,DVM,1,R,25,5,na,14:15,5,na,,
2025-Jul,2025-07-04,McMullins_HIRMD,30,DVM,1,L,30,5.2,na,14:15,18,na,,
2025-Jul,2025-07-04,McMullins_HIRMD,30,DVM,1,L,25,5.2,na,14:15,14,na,,
2025-Jul,2025-07-04,McMullins_HIRMD,30,DVM,1,L,24.5,5.2,na,14:15,15,na,,
2025-Jul,2025-07-04,McMullins_HIRMD,30,DVM,1,L,14,5.3,na,14:15,7,na,,
2025-Jul,2025-07-04,McMullins_HIRMD,30,DVM,1,L,6,6,na,14:15,16,na,,
2025-Jul,2025-07-04,McMullins_HIRMD,30,DVM,1,L,6,6,na,14:15,20,na,,
2025-Jul,2025-07-04,McMullins_HIRMD,30,DVM,1,L,0,6.5,na,14:15,5,na,,
2025-Jul,2025-07-12,Triquet,20,OP,1,L,1,5.8,na,11:00,13,na,,
2025-Jul,2025-07-12,Triquet,20,OP,1,L,13,5.6,na,11:00,6,P,,
2025-Jul,2025-07-12,Triquet,20,OP,1,L,13.1,5.6,na,11:00,3,P,,
2025-Jul,2025-07-12,Triquet,20,OP,1,L,15,5.1,na,11:00,17,na,,
2025-Jul,2025-07-12,Triquet,20,OP,1,L,15.1,5.1,na,11:00,8,na,,
2025-Jul,2025-07-12,Triquet,20,OP,1,L,15.1,5.1,na,11:00,6,na,,
2025-Jul,2025-07-12,Triquet,20,OP,1,L,15.2,5.1,na,11:00,4,na,,
2025-Jul,2025-07-12,Triquet,20,OP,1,L,15.3,5.1,na,11:00,5,na,,
2025-Jul,2025-07-12,Triquet,20,OP,1,L,15.4,5.1,na,11:00,5,na,,
2025-Jul,2025-07-12,Triquet,20,OP,1,L,15.5,5.1,na,11:00,3,na,,
2025-Jul,2025-07-12,Triquet,20,OP,1,R,15.5,5.1,na,11:00,7,na,,
2025-Jul,2025-07-12,Triquet,20,OP,1,R,15.5,5.1,na,11:00,6,na,,
2025-Jul,2025-07-12,Triquet,20,OP,1,R,15.6,5.1,na,11:00,5,na,,
2025-Jul,2025-07-12,Triquet,20,OP,1,R,15.6,5.1,na,11:00,8,na,,
2025-Jul,2025-07-12,Triquet,20,OP,1,R,15.7,5.1,na,11:00,5,na,,
2025-Jul,2025-07-12,Triquet,20,OP,1,R,19,5.1,na,11:00,2,na,,
2025-Jul,2025-07-12,Triquet,20,OP,1,R,19,5.1,na,11:00,12,na,,
2025-Jul,2025-07-12,Triquet,20,OP,1,R,19,5.1,na,11:00,4,na,,
2025-Jul,2025-07-12,Triquet,20,LL,2,R,3,4.4,na,11:00,3,na,,
2025-Jul,2025-07-12,Triquet,20,LL,2,R,5,4.6,na,11:00,5,na,,
2025-Jul,2025-07-12,Triquet,20,LL,2,R,6.2,4.5,na,11:00,3,na,,
2025-Jul,2025-07-12,Triquet,20,LL,2,R,15,4.3,na,11:00,8,na,,
2025-Jul,2025-07-12,Triquet,20,LL,2,L,20,4.6,na,11:00,11,na,,
2025-Jul,2025-07-12,Triquet,20,LL,2,L,20,4.6,na,11:00,5,na,,
2025-Jul,2025-07-12,Triquet,20,DVM,3,R,6,4.2,na,11:00,6,na,,
2025-Jul,2025-07-12,Triquet,20,DVM,3,R,5.5,4.1,na,11:00,8,na,,
2025-Jul,2025-07-12,Triquet,20,DVM,3,L,11.5,3.9,na,11:00,12,na,,
2025-Jul,2025-07-12,Triquet,20,DVM,3,L,12,4,na,11:00,27,na,,
2025-Jul,2025-07-12,Triquet,20,DVM,3,L,12.5,4,na,11:00,40,na,,
2025-Jul,2025-07-12,Triquet,20,DVM,3,L,13,4,na,11:00,16,na,,
2025-Jul,2025-07-12,Triquet,20,DVM,3,L,14,4,na,11:00,36,na,,
2025-Jul,2025-07-12,Triquet,20,DVM,3,L,14.5,4,na,11:00,32,na,,
2025-Jul,2025-07-12,Triquet,20,DVM,3,L,15,4,na,11:00,27,na,,
2025-Jul,2025-07-12,Spider_HIRMD,30,DVM,2,R,0.5,7.2,na,13:15,9,na,,
2025-Jul,2025-07-12,Spider_HIRMD,30,DVM,2,R,3,7,na,13:15,10,na,,
2025-Jul,2025-07-12,Spider_HIRMD,30,DVM,2,R,6,6.3,na,13:15,20,na,,
2025-Jul,2025-07-12,Spider_HIRMD,30,DVM,2,R,8,5.4,na,13:15,44,na,,
2025-Jul,2025-07-12,Spider_HIRMD,30,DVM,2,R,10,5,na,13:15,5,na,,
2025-Jul,2025-07-12,Spider_HIRMD,30,DVM,2,R,11,5.2,na,13:15,8,na,,
2025-Jul,2025-07-12,Spider_HIRMD,30,DVM,2,R,17,4.9,na,13:15,8,na,,
2025-Jul,2025-07-12,Spider_HIRMD,30,DVM,2,R,17.5,5,na,13:15,7,na,,
2025-Jul,2025-07-12,Spider_HIRMD,30,DVM,2,R,21.5,4.5,na,13:15,14,na,,
2025-Jul,2025-07-12,Spider_HIRMD,30,DVM,2,R,21.5,4.5,na,13:15,18,na,,
2025-Jul,2025-07-12,Spider_HIRMD,30,DVM,2,R,27.5,4.5,na,13:15,16,na,,
2025-Jul,2025-07-12,Spider_HIRMD,30,DVM,2,R,28,4.5,na,13:15,15,na,,
2025-Jul,2025-07-12,Spider_HIRMD,30,DVM,2,R,28.5,4.5,na,13:15,14,na,,
2025-Jul,2025-07-12,Spider_HIRMD,30,DVM,2,L,29,4.5,na,13:15,25,na,,
2025-Jul,2025-07-12,Spider_HIRMD,30,DVM,2,L,20,4.6,na,13:15,15,na,,
2025-Jul,2025-07-12,Spider_HIRMD,30,DVM,2,L,19,4.5,na,13:15,5,na,,
2025-Jul,2025-07-12,Spider_HIRMD,30,DVM,2,L,18.5,4.5,na,13:15,12,na,,
2025-Jul,2025-07-12,Spider_HIRMD,30,DVM,2,L,18,4.5,na,13:15,8,na,,
2025-Jul,2025-07-12,Spider_HIRMD,30,DVM,2,L,17,4.5,na,13:15,9,na,,
2025-Jul,2025-07-12,Spider_HIRMD,30,DVM,2,L,14,5.1,na,13:15,7,na,,
2025-Jul,2025-07-12,Spider_HIRMD,30,DVM,2,L,12.5,5.2,na,13:15,8,na,,
2025-Jul,2025-07-12,Spider_HIRMD,30,DVM,2,L,12,5.3,na,13:15,8,na,,
2025-Jul,2025-07-12,Spider_HIRMD,30,DVM,2,L,0,7.5,na,13:15,17,na,,
2025-Jul,2025-07-12,Spider_HIRMD,30,LL,3,R,1,5.2,na,13:15,3,na,,
2025-Jul,2025-07-12,Spider_HIRMD,30,LL,3,R,1,5.2,na,13:15,3,na,,
2025-Jul,2025-07-12,Spider_HIRMD,30,LL,3,R,1,5.2,na,13:15,6,na,,
2025-Jul,2025-07-12,Spider_HIRMD,30,LL,3,R,9,4.8,na,13:15,5,na,,
2025-Jul,2025-07-12,Spider_HIRMD,30,LL,3,R,9,3.9,na,13:15,9,na,,
2025-Jul,2025-07-12,Spider_HIRMD,30,LL,3,R,18,3.9,na,13:15,2,na,,
2025-Jul,2025-07-12,Spider_HIRMD,30,LL,3,R,18,3.9,na,13:15,2,na,,
2025-Jul,2025-07-12,Spider_HIRMD,30,LL,3,R,18,3.9,na,13:15,1,na,,
2025-Jul,2025-07-12,Spider_HIRMD,30,LL,3,R,18,3.9,na,13:15,5,na,,
2025-Jul,2025-07-12,Spider_HIRMD,30,LL,3,R,18,3.9,na,13:15,1,na,,
2025-Jul,2025-07-12,Spider_HIRMD,30,LL,3,R,19,3.7,na,13:15,6,na,,
2025-Jul,2025-07-12,Spider_HIRMD,30,LL,3,R,19,3.7,na,13:15,2,na,,
2025-Jul,2025-07-12,Spider_HIRMD,30,LL,3,R,21,3.3,na,13:15,4,na,,
2025-Jul,2025-07-12,Spider_HIRMD,30,LL,3,R,22,3.3,na,13:15,5,na,,
2025-Jul,2025-07-12,Spider_HIRMD,30,LL,3,R,25,3.1,na,13:15,6,na,,
2025-Jul,2025-07-12,Spider_HIRMD,30,LL,3,R,25,3.1,na,13:15,5,na,,
2025-Jul,2025-07-12,Spider_HIRMD,30,LL,3,R,25,3.1,na,13:15,11,na,,
2025-Jul,2025-07-12,Spider_HIRMD,30,LL,3,R,25,3.1,na,13:15,11,na,,
2025-Jul,2025-07-12,Spider_HIRMD,30,LL,3,R,29,2.4,na,13:15,3,na,,
2025-Jul,2025-07-12,Spider_HIRMD,30,LL,3,L,24,2.8,na,13:15,7,na,,
2025-Jul,2025-07-12,Spider_HIRMD,30,LL,3,L,24,2.8,na,13:15,7,na,,
2025-Jul,2025-07-12,Spider_HIRMD,30,LL,3,L,24,2.8,na,13:15,5,na,,
2025-Jul,2025-07-12,Spider_HIRMD,30,LL,3,L,22,2.8,na,13:15,6,na,,
2025-Jul,2025-07-12,Spider_HIRMD,30,LL,3,L,22,2.8,na,13:15,6,na,,
2025-Jul,2025-07-12,Spider_HIRMD,30,LL,3,L,20,3.6,na,13:15,4,na,,
2025-Jul,2025-07-12,Spider_HIRMD,30,LL,3,L,20,3.6,na,13:15,5,na,,
2025-Jul,2025-07-12,Spider_HIRMD,30,LL,3,L,20,3.6,na,13:15,2,na,,
2025-Jul,2025-07-12,Spider_HIRMD,30,LL,3,L,20,3.6,na,13:15,2,na,,
2025-Jul,2025-07-12,Spider_HIRMD,30,LL,3,L,17,4.1,na,13:15,3,na,,
2025-Jul,2025-07-12,Spider_HIRMD,30,LL,3,L,17,4.1,na,13:15,4,na,,
2025-Jul,2025-07-12,Spider_HIRMD,30,LL,3,L,17,4.1,na,13:15,2,na,,
2025-Jul,2025-07-12,Spider_HIRMD,30,LL,3,L,17,4.1,na,13:15,5,na,,
2025-Jul,2025-07-12,Spider_HIRMD,30,LL,3,L,16,4.4,na,13:15,2,na,,
2025-Jul,2025-07-12,Spider_HIRMD,30,LL,3,L,16,4.4,na,13:15,4,na,,
2025-Jul,2025-07-12,Spider_HIRMD,30,LL,3,L,16,4.4,na,13:15,7,na,,
2025-Jul,2025-07-12,Spider_HIRMD,30,LL,3,L,11,6.6,na,13:15,4,na,,
2025-Jul,2025-07-12,Spider_HIRMD,30,LL,3,L,11,6.6,na,13:15,3,na,,
2025-Jul,2025-07-12,Spider_HIRMD,30,LL,3,L,11,6.6,na,13:15,3,na,,
2025-Jul,2025-07-12,Spider_HIRMD,30,LL,3,L,11,6.6,na,13:15,3,na,,
2025-Jul,2025-07-12,Spider_HIRMD,30,LL,3,L,11,6.6,na,13:15,3,na,,
2025-Jul,2025-07-12,Spider_HIRMD,30,LL,3,L,11,6.6,na,13:15,8,na,,
2025-Jul,2025-07-12,Spider_HIRMD,30,LL,3,L,4,5.5,na,13:15,8,na,,
2025-Jul,2025-07-12,Spider_HIRMD,30,LL,3,L,4,5.5,na,13:15,1,na,,
2025-Jul,2025-07-12,Spider_HIRMD,30,LL,3,L,4,5.5,na,13:15,1,na,,
2025-Jul,2025-07-12,Spider_HIRMD,30,LL,3,L,4,5.5,na,13:15,1,na,,
2025-Jul,2025-07-12,Spider_HIRMD,30,LL,3,L,4,5.5,na,13:15,5,na,,
2025-Jul,2025-07-12,Spider_HIRMD,30,LL,3,L,4,5.5,na,13:15,9,na,,
2025-Jul,2025-07-12,Spider_HIRMD,30,OP,1,R,10,7.7,na,13:15,10,na,,
2025-Jul,2025-07-12,Spider_HIRMD,30,OP,1,R,10.1,7.8,na,13:15,7,na,,
2025-Jul,2025-07-12,Spider_HIRMD,30,OP,1,R,15.1,6.4,na,13:15,11,na,,
2025-Jul,2025-07-12,Spider_HIRMD,30,OP,1,R,15.2,6,na,13:15,3,na,,
2025-Jul,2025-07-12,Spider_HIRMD,30,OP,1,R,15.3,6,na,13:15,5,na,,
2025-Jul,2025-07-12,Spider_HIRMD,30,OP,1,R,15.5,6,na,13:15,4,na,,
2025-Jul,2025-07-12,Spider_HIRMD,30,OP,1,R,15.6,6,na,13:15,9,na,,
2025-Jul,2025-07-12,Spider_HIRMD,30,OP,1,R,15.7,6,na,13:15,8,na,,
2025-Jul,2025-07-12,Spider_HIRMD,30,OP,1,R,16,5.5,na,13:15,4,na,,
2025-Jul,2025-07-12,Spider_HIRMD,30,OP,1,R,17,5.5,na,13:15,20,na,,
2025-Jul,2025-07-12,Spider_HIRMD,30,OP,1,R,17,5.5,na,13:15,19,P,,
2025-Jul,2025-07-12,Spider_HIRMD,30,OP,1,R,26,6.2,na,13:15,13,P,,
2025-Jul,2025-07-12,Spider_HIRMD,30,OP,1,R,26.1,6.2,na,13:15,5,na,,
2025-Jul,2025-07-12,Spider_HIRMD,30,OP,1,R,26.2,6.2,na,13:15,16,na,,
2025-Jul,2025-07-12,Spider_HIRMD,30,OP,1,R,26.2,6.2,na,13:15,3,na,,
2025-Jul,2025-07-12,Spider_HIRMD,30,OP,1,R,26.5,6.2,na,13:15,7,na,,
2025-Jul,2025-07-12,Spider_HIRMD,30,OP,1,R,27,6.2,na,13:15,15,na,,
2025-Jul,2025-07-12,Spider_HIRMD,30,OP,1,R,27,6.2,na,13:15,5,na,,
2025-Jul,2025-07-12,Spider_HIRMD,30,OP,1,R,29,7,na,13:15,6,na,,
2025-Jul,2025-07-12,Spider_HIRMD,30,OP,1,R,30,6,na,13:15,19,P,,
2025-Jul,2025-07-12,Spider_HIRMD,30,OP,1,L,19,6.2,na,13:15,2,na,,
2025-Jul,2025-07-12,Spider_HIRMD,30,OP,1,L,19,6.2,na,13:15,5,na,,
2025-Jul,2025-07-12,Spider_HIRMD,30,OP,1,L,17,6,na,13:15,17,P,,
2025-Jul,2025-07-12,Spider_HIRMD,30,OP,1,L,1,8.3,na,13:15,15,na,,
2025-Jul,2025-07-12,Spider_HIRMD,30,OP,1,L,8.3,8.3,na,13:15,16,na,,
2025-Jul,2025-07-12,Spider_HIRMD,30,OP,1,L,8.3,8.3,na,13:15,21,na,,
2025-Jul,2025-07-12,Spider_HIRMD,30,OP,1,L,8.3,8.3,na,13:15,9,na,,
2025-Jul,2025-07-12,Spider_HIRMD,30,OP,1,L,8.3,8.3,na,13:15,13,na,,
2025-Jul,2025-07-13,Womanley,20,LL,3,R,0,7.1,na,13:15,10,na,,
2025-Jul,2025-07-13,Womanley,20,LL,3,R,0,7.1,na,13:15,14,na,,
2025-Jul,2025-07-13,Womanley,20,LL,3,R,4.5,5.7,na,13:15,4,na,,
2025-Jul,2025-07-13,Womanley,20,LL,3,R,4.5,5.7,na,13:15,4,na,,
2025-Jul,2025-07-13,Womanley,20,LL,3,R,4.5,5.7,na,13:15,5,na,,
2025-Jul,2025-07-13,Womanley,20,LL,3,R,4.5,5.7,na,13:15,4,na,,
2025-Jul,2025-07-13,Womanley,20,LL,3,R,4.5,5.7,na,13:15,7,na,,
2025-Jul,2025-07-13,Womanley,20,LL,3,R,4.5,5.7,na,13:15,8,na,,
2025-Jul,2025-07-13,Womanley,20,LL,3,L,4.5,5.7,na,13:15,5,na,,
2025-Jul,2025-07-13,Womanley,20,LL,3,L,4.5,5.7,na,13:15,3,na,,
2025-Jul,2025-07-13,Womanley,20,LL,3,L,4.5,5.7,na,13:15,6,na,,
2025-Jul,2025-07-13,Womanley,20,LL,3,R,7,6,na,13:15,5,na,,
2025-Jul,2025-07-13,Womanley,20,LL,3,R,7,6,na,13:15,7,na,,
2025-Jul,2025-07-13,Womanley,20,LL,3,R,7,6,na,13:15,7,na,,
2025-Jul,2025-07-13,Womanley,20,LL,3,R,7,6,na,13:15,5,na,,
2025-Jul,2025-07-13,Womanley,20,LL,3,L,7.5,6,na,13:15,5,na,,
2025-Jul,2025-07-13,Womanley,20,LL,3,L,7.5,6,na,13:15,6,na,,
2025-Jul,2025-07-13,Womanley,20,LL,3,L,7.5,6,na,13:15,11,na,,
2025-Jul,2025-07-13,Womanley,20,LL,3,R,7.5,6,na,13:15,10,na,,
2025-Jul,2025-07-13,Womanley,20,LL,3,R,17,6,na,13:15,7,na,,
2025-Jul,2025-07-13,Womanley,20,LL,3,R,19,6,na,13:15,5,na,,
2025-Jul,2025-07-13,Womanley,20,DCO,2,R,20,6.2,na,12:00,17,na,,
2025-Jul,2025-07-13,Womanley,20,DCO,2,R,20,6.2,na,12:00,27,na,,
2025-Jul,2025-07-13,Womanley,20,DCO,2,R,20,6.2,na,12:00,13,na,,
2025-Jul,2025-07-13,Womanley,20,DCO,2,R,20,6.2,na,12:00,5,na,,
2025-Jul,2025-07-13,Womanley,20,DCO,2,R,20,6.2,na,12:00,19,na,,
2025-Jul,2025-07-13,Womanley,20,DCO,2,L,19.1,6.1,na,12:00,8,na,,
2025-Jul,2025-07-13,Womanley,20,DCO,2,R,16.1,6.4,na,12:00,8,na,,
2025-Jul,2025-07-13,Womanley,20,DCO,2,R,16.2,6.4,na,12:00,5,na,,
2025-Jul,2025-07-13,Womanley,20,DCO,2,R,16.3,6.4,na,12:00,4,na,,
2025-Jul,2025-07-13,Womanley,20,DCO,2,L,15.1,6.3,na,12:00,23,na,,
2025-Jul,2025-07-13,Womanley,20,DCO,2,L,15.2,6.3,na,12:00,5,na,,
2025-Jul,2025-07-13,Womanley,20,DCO,2,R,14.6,6.3,na,12:00,5,na,,
2025-Jul,2025-07-13,Womanley,20,DCO,2,R,13,6.3,na,12:00,6,na,,
2025-Jul,2025-07-13,Womanley,20,DCO,2,L,10.8,6.4,na,12:00,10,na,,
2025-Jul,2025-07-13,Womanley,20,DCO,2,L,10.9,6.4,na,12:00,4,na,,
2025-Jul,2025-07-13,Womanley,20,DCO,2,L,10.9,6.4,na,12:00,12,na,,
2025-Jul,2025-07-13,Womanley,20,DCO,2,R,10,6.4,na,12:00,7,na,,
2025-Jul,2025-07-13,Womanley,20,DCO,2,L,9.8,6.4,na,12:00,6,na,,
2025-Jul,2025-07-13,Womanley,20,DCO,2,R,9.8,6.4,na,12:00,5,na,,
2025-Jul,2025-07-13,Womanley,20,DCO,2,R,9.9,6.4,na,12:00,10,na,,
2025-Jul,2025-07-13,Womanley,20,DCO,2,L,7.4,6.2,na,12:00,28,na,,
2025-Jul,2025-07-13,Womanley,20,DCO,2,R,5.2,6.5,na,12:00,24,na,,
2025-Jul,2025-07-13,Womanley,20,DCO,2,R,5.2,6.5,na,12:00,6,na,,
2025-Jul,2025-07-13,Womanley,20,DVM,1,L,20,6.1,na,12:00,8,na,,
2025-Jul,2025-07-13,Womanley,20,DVM,1,L,14,6.1,na,12:00,17,na,,
2025-Jul,2025-07-13,Womanley,20,DVM,1,L,13,6,na,12:00,12,na,,
2025-Jul,2025-07-13,Womanley,20,DVM,1,L,12,6,na,12:00,14,na,,
2025-Jul,2025-07-13,Womanley,20,DVM,1,L,12.5,6,na,12:00,9,na,,
2025-Jul,2025-07-13,Womanley,20,DVM,1,L,10,6,na,12:00,11,na,,
2025-Jul,2025-07-13,Womanley,20,DVM,1,L,8,6.2,na,12:00,3,na,,
2025-Jul,2025-07-13,Womanley,20,DVM,1,L,3,6.4,na,12:00,8,na,,
2025-Jul,2025-07-13,Womanley,20,DVM,1,L,3,6.4,na,12:00,12,na,,
2025-Jul,2025-07-13,Womanley,20,DVM,1,L,2,6.5,na,12:00,7,na,,
2025-Jul,2025-07-13,Womanley,20,DVM,1,L,1,6.6,na,12:00,15,na,,
2025-Jul,2025-07-13,Womanley,20,DVM,1,R,6,6.2,na,12:00,7,na,,
2025-Jul,2025-07-13,Womanley,20,DVM,1,R,6,6.2,na,12:00,12,na,,
2025-Jul,2025-07-13,Womanley,20,DVM,1,R,7.5,6.2,na,12:00,24,na,,
2025-Jul,2025-07-13,Womanley,20,DVM,1,R,13,6,na,12:00,15,na,,
2025-Jul,2025-07-13,Womanley,20,DVM,1,R,13,6,na,12:00,5,na,,
2025-Jul,2025-07-13,Womanley,20,DVM,1,R,13.5,6,na,12:00,16,na,,
2025-Jul,2025-07-13,Manley,20,LL,2,R,1,5.5,na,14:20,5,na,,
2025-Jul,2025-07-13,Manley,20,LL,2,R,1,5.5,na,14:20,2,na,,
2025-Jul,2025-07-13,Manley,20,LL,2,R,4,5.5,na,14:20,6,na,,
2025-Jul,2025-07-13,Manley,20,LL,2,R,4,5.5,na,14:20,10,na,,
2025-Jul,2025-07-13,Manley,20,LL,2,R,4,5.5,na,14:20,5,na,,
2025-Jul,2025-07-13,Manley,20,LL,2,R,4,5.5,na,14:20,3,na,,
2025-Jul,2025-07-13,Manley,20,LL,2,L,4.5,5.5,na,14:20,5,na,,
2025-Jul,2025-07-13,Manley,20,LL,2,L,4.5,5.5,na,14:20,4,na,,
2025-Jul,2025-07-13,Manley,20,LL,2,L,4.5,5.5,na,14:20,5,na,,
2025-Jul,2025-07-13,Manley,20,LL,2,L,8,5.4,na,14:20,4,na,,
2025-Jul,2025-07-13,Manley,20,LL,2,L,8,5.4,na,14:20,7,na,,
2025-Jul,2025-07-13,Manley,20,LL,2,L,8,5.4,na,14:20,8,na,,
2025-Jul,2025-07-13,Manley,20,LL,2,L,9,5.4,na,14:20,3,na,,
2025-Jul,2025-07-13,Manley,20,LL,2,L,9,5.4,na,14:20,7,na,,
2025-Jul,2025-07-13,Manley,20,LL,2,R,10,5.4,na,14:20,2,na,,
2025-Jul,2025-07-13,Manley,20,LL,2,R,12,5.8,na,14:20,12,na,,
2025-Jul,2025-07-13,Manley,20,LL,2,L,18,5.7,na,14:20,2,na,,
2025-Jul,2025-07-13,Manley,20,LL,2,L,20,5.7,na,14:20,6,na,,
2025-Jul,2025-07-13,Manley,20,LL,2,L,20,5.7,na,14:20,4,na,,
2025-Jul,2025-07-13,Manley,20,LL,2,L,20,5.7,na,14:20,1,na,,
2025-Jul,2025-07-13,Manley,20,DCO,1,L,19,6.5,na,14:20,10,na,,
2025-Jul,2025-07-13,Manley,20,DCO,1,L,19.5,6.5,na,14:20,7,na,,
2025-Jul,2025-07-13,Manley,20,DCO,1,L,19.5,6.5,na,14:20,8,na,,
2025-Jul,2025-07-13,Manley,20,DCO,1,L,20,6.5,na,14:20,10,na,,
2025-Jul,2025-07-13,Manley,20,DCO,1,R,19.5,6.5,na,14:20,24,na,,
2025-Jul,2025-07-13,Manley,20,DCO,1,R,19.5,6.5,na,14:20,5,na,,
2025-Jul,2025-07-13,Manley,20,DCO,1,R,20,6.5,na,14:20,17,na,,
2025-Jul,2025-07-13,Manley,20,DCO,1,R,20,6.5,na,14:20,18,na,,
2025-Jul,2025-07-13,Manley,20,DCO,1,R,18.5,6.3,na,14:20,12,na,,
2025-Jul,2025-07-13,Manley,20,DCO,1,R,18,6.3,na,14:20,12,na,,
2025-Jul,2025-07-13,Manley,20,DCO,1,R,17.5,6.3,na,14:20,11,na,,
2025-Jul,2025-07-13,Manley,20,DCO,1,L,14.2,5.9,na,14:20,3,na,,
2025-Jul,2025-07-13,Manley,20,DCO,1,L,14.1,5.9,na,14:20,6,na,,
2025-Jul,2025-07-13,Manley,20,DCO,1,R,11,5.9,na,14:20,5,na,,
2025-Jul,2025-07-13,Manley,20,DCO,1,L,11,5.9,na,14:20,5,na,,
2025-Jul,2025-07-13,Manley,20,DCO,1,L,11.1,5.9,na,14:20,12,na,,
2025-Jul,2025-07-13,Manley,20,DCO,1,R,8.3,5.1,na,14:20,20,na,,
2025-Jul,2025-07-13,Manley,20,DCO,1,R,2.9,5.1,na,14:20,11,na,,
2025-Jul,2025-07-13,Manley,20,DCO,1,R,3,5.1,na,14:20,7,na,,
2025-Jul,2025-07-13,Manley,20,DCO,1,R,3,5.1,na,14:20,8,na,,
2025-Jul,2025-07-13,Manley,20,DCO,1,L,2.1,5.2,na,14:20,2,na,,
2025-Jul,2025-07-13,Manley,20,DVM,3,R,0,5.2,na,14:20,7,na,,
2025-Jul,2025-07-13,Manley,20,DVM,3,R,5,5.7,na,14:20,27,na,,
2025-Jul,2025-07-13,Manley,20,DVM,3,R,5,5.7,na,14:20,26,na,,
2025-Jul,2025-07-13,Manley,20,DVM,3,R,5,5.7,na,14:20,5,na,,
2025-Jul,2025-07-13,Manley,20,DVM,3,R,8,5.7,na,14:20,14,na,,
2025-Jul,2025-07-13,Manley,20,DVM,3,R,8,5.7,na,14:20,13,na,,
2025-Jul,2025-07-13,Manley,20,DVM,3,R,8.5,5.7,na,14:20,10,na,,
2025-Jul,2025-07-13,Manley,20,DVM,3,R,9,5.7,na,14:20,8,na,,
2025-Jul,2025-07-13,Manley,20,DVM,3,R,11,5.6,na,14:20,44,na,,
2025-Jul,2025-07-13,Manley,20,DVM,3,R,12,5.6,na,14:20,23,na,,
2025-Jul,2025-07-13,Manley,20,DVM,3,R,13,5.7,na,14:20,2,na,,
2025-Jul,2025-07-13,Manley,20,DVM,3,R,14,5.7,na,14:20,2,na,,
2025-Jul,2025-07-13,Manley,20,DVM,3,R,15,5.8,na,14:20,4,na,,
2025-Jul,2025-07-13,Manley,20,DVM,3,R,18,6,na,14:20,11,na,,
2025-Jul,2025-07-13,Manley,20,DVM,3,L,0,5.1,na,14:20,10,na,,
2025-Jul,2025-07-14,Triquetta,20,DCO,3,R,12,4.2,na,12:20,5,na,,
2025-Jul,2025-07-14,Triquetta,20,DCO,3,L,5,4.4,na,12:20,5,na,,
2025-Jul,2025-07-14,Triquetta,20,DCO,3,L,3,4.9,na,12:20,4,na,,
2025-Jul,2025-07-14,Triquetta,20,LL,2,R,2,4.8,na,12:20,10,na,,
2025-Jul,2025-07-14,Triquetta,20,LL,2,R,2.5,4.6,na,12:20,2,na,,
2025-Jul,2025-07-14,Triquetta,20,AS,1,R,2,5,na,12:20,2,na,,
2025-Jul,2025-07-14,Triquetta,20,AS,1,L,8,5,na,12:20,5,na,,
2025-Jul,2025-07-14,Triquetta,20,AS,1,L,8,5,na,12:20,5,na,,
2025-Jul,2025-07-14,Triquetta,20,AS,1,L,8,5,na,12:20,6,na,,
2025-Jul,2025-07-14,Triquetta,20,AS,1,L,7,5,na,12:20,2,na,,
2025-Jul,2025-07-14,Triquetta,20,AS,1,L,6,5,na,12:20,3,na,,
2025-Jul,2025-07-16,Meay,20,OP,3,R,9,2.3,na,9:45,81,na,,
2025-Jul,2025-07-16,Meay,20,OP,3,R,9,2,na,9:45,2,na,,
2025-Jul,2025-07-16,Meay,20,OP,3,R,9.5,2.5,na,9:45,14,na,,
2025-Jul,2025-07-16,Meay,20,OP,3,R,13.6,2.4,na,9:45,30,na,,
2025-Jul,2025-07-16,Meay,20,OP,3,R,13.8,2.4,na,9:45,13,na,,
2025-Jul,2025-07-16,Meay,20,OP,3,R,16,2,na,9:45,8,na,,
2025-Jul,2025-07-16,Meay,20,OP,3,R,19,2.2,na,9:45,3,na,,
2025-Jul,2025-07-16,Meay,20,OP,3,R,20,2.2,na,9:45,19,na,,
2025-Jul,2025-07-16,Meay,20,OP,3,L,19.5,2.2,na,9:45,29,na,,
2025-Jul,2025-07-16,Meay,20,OP,3,L,17.5,2.2,na,9:45,6,na,,
2025-Jul,2025-07-16,Meay,20,OP,3,L,14,1.6,na,9:45,4,na,,
2025-Jul,2025-07-16,Meay,20,OP,3,L,14,1.6,na,9:45,4,na,,
2025-Jul,2025-07-16,Meay,20,OP,3,L,14,1.6,na,9:45,11,na,,
2025-Jul,2025-07-16,Meay,20,OP,3,L,14,1.6,na,9:45,38,na,,
2025-Jul,2025-07-16,Meay,20,OP,3,L,3,2.5,na,9:45,10,na,,
2025-Jul,2025-07-16,Meay,20,OP,3,L,3,2.5,na,9:45,11,na,,
2025-Jul,2025-07-16,Meay,20,OP,3,L,3,2.5,na,9:45,3,na,,
2025-Jul,2025-07-16,Meay,20,DVM,2,R,17,2.5,na,9:45,7,na,,
2025-Jul,2025-07-16,Meay,20,DVM,2,R,17.5,2.5,na,9:45,17,na,,
2025-Jul,2025-07-16,Meay,20,DVM,2,L,20,2.1,na,9:45,12,na,,
2025-Jul,2025-07-16,Meay,20,DVM,2,L,20,2.1,na,9:45,7,na,,
2025-Jul,2025-07-16,Meay,20,DVM,2,L,18,2.1,na,9:45,6,na,,
2025-Jul,2025-07-16,Meay,20,DVM,2,L,16,2.2,na,9:45,42,na,,
2025-Jul,2025-07-16,Meay,20,DVM,2,L,13,2,na,9:45,36,na,,
2025-Jul,2025-07-16,Meay,20,DVM,2,L,12.5,1.8,na,9:45,9,na,,
2025-Jul,2025-07-16,Meay,20,DVM,2,L,12,1.8,na,9:45,5,na,,
2025-Jul,2025-07-16,Meay,20,AS,1,R,13,2.5,na,10:41,11,na,,
2025-Jul,2025-07-16,Meay,20,AS,1,R,13.5,2.5,na,10:41,6,na,,
2025-Jul,2025-07-16,Meay,20,AS,1,R,14,2.5,na,10:41,9,na,,
2025-Jul,2025-07-16,Meay,20,AS,1,R,21,2.5,na,10:41,8,na,,
2025-Jul,2025-07-16,Meay,20,AS,1,R,21,2.5,na,10:41,10,na,,
2025-Jul,2025-07-16,Meay,20,AS,1,R,21,2.5,na,10:41,24,na,,
2025-Jul,2025-07-19,Golden,20,AS,1,R,0.1,5.8,na,10:41,9,na,,
2025-Jul,2025-07-19,Golden,20,AS,1,R,1,5.8,na,10:41,4,na,,
2025-Jul,2025-07-19,Golden,20,AS,1,L,2,5.8,na,10:41,9,na,,
2025-Jul,2025-07-19,Golden,20,AS,1,R,3,5.8,na,10:41,10,na,,
2025-Jul,2025-07-19,Golden,20,AS,1,L,4,5.8,na,10:41,14,na,,
2025-Jul,2025-07-19,Golden,20,AS,1,R,10,5.1,na,10:41,6,na,,
2025-Jul,2025-07-19,Golden,20,AS,1,R,10,5.1,na,10:41,5,na,,
2025-Jul,2025-07-19,Golden,20,AS,1,L,10,5.1,na,10:41,9,na,,
2025-Jul,2025-07-19,Golden,20,AS,1,L,10,5.1,na,10:41,7,na,,
2025-Jul,2025-07-19,Golden,20,AS,1,L,11,5.1,na,10:41,5,na,,
2025-Jul,2025-07-19,Golden,20,AS,1,R,11,5.1,na,10:41,18,na,,
2025-Jul,2025-07-19,Golden,20,AS,1,L,14,3.7,na,10:41,12,na,,
2025-Jul,2025-07-19,Golden,20,AS,1,L,14,3.7,na,10:41,8,na,,
2025-Jul,2025-07-19,Golden,20,AS,1,L,14,3.7,na,10:41,6,na,,
2025-Jul,2025-07-19,Golden,20,AS,1,R,14,3.7,na,10:41,8,na,,
2025-Jul,2025-07-19,Golden,20,AS,1,L,15,2.8,na,10:41,10,na,,
2025-Jul,2025-07-19,Golden,20,AS,1,L,15,2.8,na,10:41,11,na,,
2025-Jul,2025-07-19,Golden,20,AS,1,R,16,2.8,na,10:41,15,na,,
2025-Jul,2025-07-19,Golden,20,AS,1,R,17,2.8,na,10:41,7,na,,
2025-Jul,2025-07-19,Golden,20,AS,1,R,17,2.8,na,10:41,10,na,,
2025-Jul,2025-07-19,Golden,20,AS,1,L,23,3.4,na,10:41,6,na,,
2025-Jul,2025-07-19,Golden,20,AS,1,R,24,3.7,na,10:41,20,na,,
2025-Jul,2025-07-19,Golden,20,AS,1,R,24,3.7,na,10:41,8,na,,
2025-Jul,2025-07-19,Golden,20,AS,1,L,26,4,na,10:41,6,na,,
2025-Jul,2025-07-19,Golden,20,AS,1,R,28,4,na,10:41,5,na,,
2025-Jul,2025-07-19,Golden,20,AS,1,R,28,4,na,10:41,23,na,,
2025-Jul,2025-07-19,Golden,20,LL,3,R,1,5.9,na,10:45,7,na,,
2025-Jul,2025-07-19,Golden,20,LL,3,R,1,5.9,na,10:45,12,na,,
2025-Jul,2025-07-19,Golden,20,LL,3,R,1,5.9,na,10:45,25,na,,
2025-Jul,2025-07-19,Golden,20,LL,3,L,4,5.7,na,10:45,3,na,,
2025-Jul,2025-07-19,Golden,20,LL,3,L,3,5.7,na,10:45,4,na,,
2025-Jul,2025-07-19,Golden,20,LL,3,L,3,5.7,na,10:45,2,na,,
2025-Jul,2025-07-19,Golden,20,LL,3,L,3,5.5,na,10:45,7,na,,
2025-Jul,2025-07-19,Golden,20,LL,3,R,3.5,5.5,na,10:45,5,na,,
2025-Jul,2025-07-19,Golden,20,LL,3,R,3.5,5.3,na,10:45,15,na,,
2025-Jul,2025-07-19,Golden,20,LL,3,R,5,5,na,10:45,13,na,,
2025-Jul,2025-07-19,Golden,20,LL,3,L,7,5,na,10:45,6,na,,
2025-Jul,2025-07-19,Golden,20,LL,3,R,10,5,na,10:45,3,na,,
2025-Jul,2025-07-19,Golden,20,LL,3,R,10,5,na,10:45,3,na,,
2025-Jul,2025-07-19,Golden,20,LL,3,R,10,4.9,na,10:45,3,na,,
2025-Jul,2025-07-19,Golden,20,LL,3,L,10,4.9,na,10:45,5,na,,
2025-Jul,2025-07-19,Golden,20,LL,3,L,11,5.3,na,10:45,7,na,,
2025-Jul,2025-07-19,Golden,20,LL,3,R,11,5.3,na,10:45,11,na,,
2025-Jul,2025-07-19,Golden,20,LL,3,L,14,5.3,na,10:45,10,na,,
2025-Jul,2025-07-19,Golden,20,LL,3,L,14,5.3,na,10:45,5,na,,
2025-Jul,2025-07-19,Golden,20,LL,3,R,14,5.3,na,10:45,6,na,,
2025-Jul,2025-07-19,Golden,20,LL,3,R,15,5.3,na,10:45,10,na,,
2025-Jul,2025-07-19,Golden,20,LL,3,R,15,5.3,na,10:45,4,na,,
2025-Jul,2025-07-19,Golden,20,LL,3,L,15,6,na,10:45,14,na,,
2025-Jul,2025-07-19,Golden,20,LL,3,R,16,6.2,na,10:45,11,na,,
2025-Jul,2025-07-19,Golden,20,LL,3,R,17,6.2,na,10:45,9,na,,
2025-Jul,2025-07-19,Golden,20,DVM,2,R,1,6.5,na,10:40,10,na,,
2025-Jul,2025-07-19,Golden,20,DVM,2,R,7,5.5,na,10:40,4,na,,
2025-Jul,2025-07-19,Golden,20,DVM,2,R,9,5.2,na,10:40,12,na,,
2025-Jul,2025-07-19,Golden,20,DVM,2,R,10,5.2,na,10:40,2,na,,
2025-Jul,2025-07-19,Golden,20,DVM,2,R,11,5.1,na,10:40,4,na,,
2025-Jul,2025-07-19,Golden,20,DVM,2,R,12,5,na,10:40,7,na,,
2025-Jul,2025-07-19,Golden,20,DVM,2,R,12,5,na,10:40,13,na,,
2025-Jul,2025-07-19,Golden,20,DVM,2,R,12.5,5,na,10:40,7,na,,
2025-Jul,2025-07-19,Golden,20,DVM,2,R,12.5,5,na,10:40,8,na,,
2025-Jul,2025-07-19,Golden,20,DVM,2,R,13,4.9,na,10:40,7,na,,
2025-Jul,2025-07-19,Golden,20,DVM,2,R,13,4.8,na,10:40,10,na,,
2025-Jul,2025-07-19,Golden,20,DVM,2,R,14,4.9,na,10:40,10,na,,
2025-Jul,2025-07-19,Golden,20,DVM,2,R,15,5,na,10:40,10,na,,
2025-Jul,2025-07-19,Golden,20,DVM,2,R,15,4.9,na,10:40,11,na,,
2025-Jul,2025-07-19,Golden,20,DVM,2,R,15.5,4.8,na,10:40,7,na,,
2025-Jul,2025-07-19,Golden,20,DVM,2,R,16,4.7,na,10:40,25,na,,
2025-Jul,2025-07-19,Golden,20,DVM,2,R,16.5,4.7,na,10:40,21,na,,
2025-Jul,2025-07-19,Golden,20,DVM,2,R,17,4.6,na,10:40,10,na,,
2025-Jul,2025-07-19,Golden,20,DVM,2,R,18,4.5,na,10:40,28,na,,
2025-Jul,2025-07-19,Golden,20,DVM,2,L,19,4.5,na,10:40,7,na,,
2025-Jul,2025-07-19,Golden,20,DVM,2,L,15,5.3,na,10:40,29,na,,
2025-Jul,2025-07-19,Golden,20,DVM,2,L,12.5,5.1,na,10:40,6,na,,
2025-Jul,2025-07-19,Golden,20,DVM,2,L,12,5.6,na,10:40,7,na,,
2025-Jul,2025-07-19,Golden,20,DVM,2,L,11,5.6,na,10:40,38,na,,
2025-Jul,2025-07-19,Golden,20,DVM,2,L,10.5,5.7,na,10:40,12,na,,
2025-Jul,2025-07-19,Golden,20,DVM,2,L,7,5.6,na,10:40,36,na,,
2025-Jul,2025-07-19,Golden,20,DVM,2,L,6.5,5.7,na,10:40,14,na,,
2025-Jul,2025-07-19,Golden,20,DVM,2,L,6,5.7,na,10:40,17,na,,
2025-Jul,2025-07-19,Golden,20,DVM,2,L,1,6.2,na,10:40,43,na,,
2025-Jul,2025-07-19,Goose_HIRMD,20,DVM,1,R,0,6,na,13:11,26,na,,
2025-Jul,2025-07-19,Goose_HIRMD,20,DVM,1,R,28,6,na,13:11,41,na,,
2025-Jul,2025-07-19,Goose_HIRMD,20,DVM,1,L,18,6.1,na,13:11,28,na,,
2025-Jul,2025-07-19,Goose_HIRMD,20,DVM,1,L,17,6,na,13:11,8,na,,
2025-Jul,2025-07-19,Goose_HIRMD,20,DVM,1,L,16,6.2,na,13:11,54,na,,
2025-Jul,2025-07-19,Goose_HIRMD,20,DVM,1,L,15,6,na,13:11,213,na,,
2025-Jul,2025-07-19,Goose_HIRMD,20,DVM,1,L,10,6.1,na,13:11,40,na,,
2025-Jul,2025-07-19,Goose_HIRMD,20,DVM,1,L,7.5,6.2,na,13:11,43,na,,
2025-Jul,2025-07-19,Goose_HIRMD,20,DVM,1,L,7,6,na,13:11,19,na,,
2025-Jul,2025-07-19,Goose_HIRMD,20,DVM,1,L,6,6.1,na,13:11,27,na,,
2025-Jul,2025-07-19,Goose_HIRMD,20,LL,2,R,4,6.5,na,13:11,8,na,,
2025-Jul,2025-07-19,Goose_HIRMD,20,LL,2,R,4,6.5,na,13:11,3,na,,
2025-Jul,2025-07-19,Goose_HIRMD,20,LL,2,R,4,6.5,na,13:11,15,na,,
2025-Jul,2025-07-19,Goose_HIRMD,20,LL,2,R,4,6.5,na,13:11,8,na,,
2025-Jul,2025-07-19,Goose_HIRMD,20,LL,2,R,34,6.5,na,13:11,9,na,,
2025-Jul,2025-07-19,Goose_HIRMD,20,LL,2,R,4,6.5,na,13:11,8,na,,
2025-Jul,2025-07-19,Goose_HIRMD,20,LL,2,L,4.5,6,na,13:11,2,na,,
2025-Jul,2025-07-19,Goose_HIRMD,20,LL,2,L,4.5,6,na,13:11,3,na,,
2025-Jul,2025-07-19,Goose_HIRMD,20,LL,2,L,4.5,6,na,13:11,3,na,,
2025-Jul,2025-07-19,Goose_HIRMD,20,LL,2,L,13,6,na,13:11,7,na,,
2025-Jul,2025-07-19,Goose_HIRMD,20,LL,2,L,13,6,na,13:11,10,na,,
2025-Jul,2025-07-19,Goose_HIRMD,20,LL,2,L,15,6,na,13:11,4,na,,
2025-Jul,2025-07-19,Goose_HIRMD,20,LL,2,L,15,6,na,13:11,5,na,,
2025-Jul,2025-07-19,Goose_HIRMD,20,LL,2,L,15,6,na,13:11,5,na,,
2025-Jul,2025-07-19,Goose_HIRMD,20,LL,2,L,15,6,na,13:11,7,na,,
2025-Jul,2025-07-19,Goose_HIRMD,20,LL,2,L,16,5.3,na,13:11,6,na,,
2025-Jul,2025-07-19,Goose_HIRMD,20,LL,2,L,20,5.3,na,13:11,3,na,,
2025-Jul,2025-07-19,Goose_HIRMD,20,LL,2,L,20,5.3,na,13:11,3,na,,
2025-Jul,2025-07-19,Goose_HIRMD,20,LL,2,L,20,5.3,na,13:11,4,na,,
2025-Jul,2025-07-19,Goose_HIRMD,20,LL,2,L,21,5.3,na,13:11,6,na,,
2025-Jul,2025-07-19,Goose_HIRMD,20,LL,2,L,21,5.3,na,13:11,4,na,,
2025-Jul,2025-07-19,Goose_HIRMD,20,LL,2,L,22,5.3,na,13:11,7,na,,
2025-Jul,2025-07-19,Goose_HIRMD,20,LL,2,L,22,5.3,na,13:11,4,na,,
2025-Jul,2025-07-19,Goose_HIRMD,20,LL,2,R,24,5.8,na,13:11,5,na,,
2025-Jul,2025-07-19,Goose_HIRMD,20,LL,2,R,24,5.8,na,13:11,6,na,,
2025-Jul,2025-07-19,Goose_HIRMD,20,LL,2,R,24,5.8,na,13:11,9,na,,
2025-Jul,2025-07-19,Goose_HIRMD,20,LL,2,R,24,5.8,na,13:11,8,na,,
2025-Jul,2025-07-19,Goose_HIRMD,20,LL,2,R,24,5.8,na,13:11,7,na,,
2025-Jul,2025-07-19,Goose_HIRMD,20,LL,2,L,30,5.8,na,13:11,3,na,,
2025-Jul,2025-07-19,Goose_HIRMD,20,LL,2,L,30,5.8,na,13:11,9,na,,
2025-Jul,2025-07-19,Goose_HIRMD,20,AS,3,R,3,6.1,na,13:20,9,na,,
2025-Jul,2025-07-19,Goose_HIRMD,20,AS,3,R,3,6.1,na,13:20,4,na,,
2025-Jul,2025-07-19,Goose_HIRMD,20,AS,3,R,3,6.1,na,13:20,4,na,,
2025-Jul,2025-07-19,Goose_HIRMD,20,AS,3,R,11,6.1,na,13:20,6,na,,
2025-Jul,2025-07-19,Goose_HIRMD,20,AS,3,R,11,6.1,na,13:20,12,na,,
2025-Jul,2025-07-19,Goose_HIRMD,20,AS,3,R,11,6.1,na,13:20,6,na,,
2025-Jul,2025-07-19,Goose_HIRMD,20,AS,3,R,11,6.1,na,13:20,7,na,,
2025-Jul,2025-07-19,Goose_HIRMD,20,AS,3,R,11,6.1,na,13:20,5,na,,
2025-Jul,2025-07-19,Goose_HIRMD,20,AS,3,R,12,6.1,na,13:20,8,na,,
2025-Jul,2025-07-19,Goose_HIRMD,20,AS,3,R,12,6.1,na,13:20,5,na,,
2025-Jul,2025-07-19,Goose_HIRMD,20,AS,3,R,25,6.1,na,13:20,16,na,,
2025-Jul,2025-07-19,Goose_HIRMD,20,AS,3,L,28,6.1,na,13:20,15,na,,
2025-Jul,2025-07-19,Goose_HIRMD,20,AS,3,L,28,6.1,na,13:20,21,na,,
2025-Jul,2025-07-19,Goose_HIRMD,20,AS,3,L,18,6.1,na,13:20,11,na,,
2025-Jul,2025-07-19,Goose_HIRMD,20,AS,3,L,18,6.1,na,13:20,9,na,,
2025-Jul,2025-07-19,Goose_HIRMD,20,AS,3,L,12,6.1,na,13:20,7,na,,
2025-Jul,2025-07-19,Goose_HIRMD,20,AS,3,L,12,6.1,na,13:20,6,na,,
2025-Jul,2025-07-19,Goose_HIRMD,20,AS,3,L,12,6.1,na,13:20,1,na,,
2025-Jul,2025-07-19,Goose_HIRMD,20,AS,3,L,12,6.1,na,13:20,16,na,,
2025-Jul,2025-07-19,Goose_HIRMD,20,AS,3,L,12,6.1,na,13:20,8,na,,
2025-Jul,2025-07-19,Goose_HIRMD,20,AS,3,L,11,6.1,na,13:20,11,na,,
2025-Jul,2025-07-19,Goose_HIRMD,20,AS,3,L,11,6.1,na,13:20,4,na,,
2025-Jul,2025-07-19,Goose_HIRMD,20,AS,3,L,11,6.1,na,13:20,10,na,,
2025-Jul,2025-07-19,Goose_HIRMD,20,AS,3,L,10,6.1,na,13:20,5,na,,
2025-Jul,2025-07-20,Westbeach,20,LL,1,L,0,3.5,na,10:05,2,na,,
2025-Jul,2025-07-20,Westbeach,20,LL,1,L,0,3.5,na,10:05,5,na,,
2025-Jul,2025-07-20,Westbeach,20,LL,1,L,0,3.5,na,10:05,10,na,,
2025-Jul,2025-07-20,Westbeach,20,LL,1,L,0,3.5,na,10:05,2,na,,
2025-Jul,2025-07-20,Westbeach,20,LL,1,R,0,3.5,na,10:05,8,na,,
2025-Jul,2025-07-20,Westbeach,20,LL,1,R,6,3.7,na,10:05,2,na,,
2025-Jul,2025-07-20,Westbeach,20,LL,1,L,9,3.9,na,10:05,4,na,,
2025-Jul,2025-07-20,Westbeach,20,LL,1,R,10,3.9,na,10:05,4,na,,
2025-Jul,2025-07-20,Westbeach,20,LL,1,R,10,3.9,na,10:05,6,na,,
2025-Jul,2025-07-20,Westbeach,20,LL,1,R,10,3.9,na,10:05,11,na,,
2025-Jul,2025-07-20,Westbeach,20,LL,1,R,11,3.9,na,10:05,7,na,,
2025-Jul,2025-07-20,Westbeach,20,LL,1,R,11,3.9,na,10:05,18,na,,
2025-Jul,2025-07-20,Westbeach,20,LL,1,R,11,3.9,na,10:05,4,na,,
2025-Jul,2025-07-20,Westbeach,20,DCO,2,R,6.5,4,na,10:15,15,na,,
2025-Jul,2025-07-20,Westbeach,20,DCO,2,R,6.4,4,na,10:15,8,na,,
2025-Jul,2025-07-20,Westbeach,20,DCO,2,R,6.5,4,na,10:15,2,na,,
2025-Jul,2025-07-20,Westbeach,20,DCO,2,R,9.5,4.2,na,10:15,3,na,,
2025-Jul,2025-07-20,Westbeach,20,DCO,2,R,9.5,4.2,na,10:15,21,na,,
2025-Jul,2025-07-20,Westbeach,20,DCO,2,R,9.4,4.2,na,10:15,19,na,,
2025-Jul,2025-07-20,Westbeach,20,DCO,2,L,11,4.3,na,10:15,8,na,,
2025-Jul,2025-07-20,Westbeach,20,DCO,2,L,11,4.3,na,10:15,18,na,,
2025-Jul,2025-07-20,Westbeach,20,DCO,2,L,11.1,4.3,na,10:15,10,na,,
2025-Jul,2025-07-20,Westbeach,20,DCO,2,L,11.1,4.3,na,10:15,12,na,,
2025-Jul,2025-07-20,Westbeach,20,DCO,2,L,11.2,4.3,na,10:15,15,na,,
2025-Jul,2025-07-20,Westbeach,20,DCO,2,L,9.9,4.2,na,10:15,5,na,,
2025-Jul,2025-07-20,Westbeach,20,DCO,2,L,9.9,4.2,na,10:15,25,na,,
2025-Jul,2025-07-20,Westbeach,20,DCO,2,L,9.9,4.2,na,10:15,6,na,,
2025-Jul,2025-07-20,Westbeach,20,AS,3,R,2,4.1,na,10:06,20,na,,
2025-Jul,2025-07-20,Westbeach,20,AS,3,R,3,4.1,na,10:06,21,na,,
2025-Jul,2025-07-20,Westbeach,20,AS,3,R,3.5,4.1,na,10:06,1,na,,
2025-Jul,2025-07-20,Westbeach,20,AS,3,R,3.5,4.1,na,10:06,15,na,,
2025-Jul,2025-07-20,Westbeach,20,AS,3,R,4,4.1,na,10:06,14,na,,
2025-Jul,2025-07-20,Westbeach,20,AS,3,R,6.5,4.1,na,10:06,18,na,,
2025-Jul,2025-07-20,Westbeach,20,AS,3,R,16,4.6,na,10:06,9,na,,
2025-Jul,2025-07-20,Westbeach,20,AS,3,L,18,4.6,na,10:06,3,na,,
2025-Jul,2025-07-20,Westbeach,20,AS,3,L,10,4.2,na,10:06,21,na,,
2025-Jul,2025-07-20,Westbeach,20,AS,3,L,10,4.2,na,10:06,25,na,,
2025-Jul,2025-07-20,Westbeach,20,AS,3,L,10,4.2,na,10:06,18,na,,
2025-Jul,2025-07-20,Westbeach,20,AS,3,L,9,4,na,10:06,9,na,,
2025-Jul,2025-07-20,Westbeach,20,AS,3,L,6,4,na,10:06,21,na,,
2025-Jul,2025-07-20,Westbeach,20,AS,3,L,6,4,na,10:06,5,na,,
2025-Jul,2025-07-20,Westbeach,20,AS,3,L,4,4,na,10:06,22,na,,
2025-Jul,2025-07-20,Westbeach,20,AS,3,L,3,4,na,10:06,10,na,,
