Interval,Month_Yr,Date,Site,Diver,Transect,Side,Transect_length,Distance,Depth,Fixed_depth,Time,Tag,C_P_T,Fronds_1m,Fronds_SFC,SFC_Long,Mean_F,Fronds_exist,Fronds_new,Sporo,Sporo_R,Sporo_P,Tidal_Height,Note1,Note2
1,May-2014,2014-05-24,Golden,na,1,R,20,2.6,7.3,na,9:44-10:42,541,na,18,12,7,na,na,na,na,na,na,3.7,,
1,May-2014,2014-05-24,Golden,na,1,L,20,4,7.3,na,9:44-10:42,552,na,8,3,5,na,0,10,na,na,na,3.7,,
1,May-2014,2014-05-24,Golden,na,1,R,20,2.5,7.3,na,9:44-10:42,na,na,2,2,3,na,na,na,na,na,na,3.7,,
1,May-2014,2014-05-24,Golden,na,1,R,20,5.5,7.1,na,9:44-10:42,na,na,13,4,5,na,na,na,na,na,na,3.7,,plant recorded as tangled but estimates of length given
1,May-2014,2014-05-24,Golden,na,1,L,20,8,6.9,na,9:44-10:42,na,na,4,1,2,na,na,na,na,na,na,3.7,,
1,May-2014,2014-05-24,Golden,na,1,L,20,12,6.8,na,9:44-10:42,na,na,19,10,9,na,na,na,na,na,na,3.7,,
1,May-2014,2014-05-29,Meay,na,1,L,20,16.5,5.1,na,14:45-16:00,571,P,2,na,na,na,na,na,na,na,na,3.95,no sporo counts,
1,May-2014,2014-05-29,Meay,na,1,R,20,16.5,4.9,na,14:45-16:00,572,T,6,2,na,na,0,6,na,na,na,3.95,no sporo counts,
1,May-2014,2014-05-29,Meay,na,1,L,20,10.2,4.9,na,14:45-16:00,na,P,4,na,na,na,na,na,na,na,na,3.95,,
1,May-2014,2014-05-29,Meay,na,1,L,20,16.5,5.1,na,14:45-16:00,na,na,6,3,2,na,na,na,na,na,na,3.95,,
1,May-2014,2014-05-29,Meay,na,1,L,20,17.5,5,na,14:45-16:00,na,na,6,3,1.5,na,na,na,na,na,na,3.95,,
1,May-2014,2014-05-25,Simmonds,na,1,L,20,18,6.4,na,9:25-10:10,544,T,17,na,na,na,0,17,na,na,na,3.15,no sporo counts,
1,May-2014,2014-05-25,Simmonds,na,1,R,20,20,6,na,9:25-10:10,547,na,8,0,0,3,0,14,na,na,na,3.15,no sporo counts,
1,May-2014,2014-05-25,Simmonds,na,1,R,20,9.1,6.9,na,9:25-10:10,1705,na,5,1,4,na,na,na,na,na,na,3.15,Was 550,
1,May-2014,2014-05-25,Simmonds,na,1,L,20,4.5,6.9,na,9:25-10:10,na,na,1,0,0,5,na,na,na,na,na,3.15,,
1,May-2014,2014-05-25,Simmonds,na,1,L,20,6.5,6.8,na,9:25-10:10,na,na,2,0,0,4.5,na,na,na,na,na,3.15,,
1,May-2014,2014-05-25,Simmonds,na,1,R,20,7.8,7.1,na,9:25-10:10,na,na,2,0,0,2,na,na,na,na,na,3.15,,
1,May-2014,2014-05-25,Simmonds,na,1,L,20,13.5,6.7,na,9:25-10:10,na,T,12,na,na,na,na,na,na,na,na,3.15,,
1,May-2014,2014-05-25,Simmonds,na,1,L,20,18,6.7,na,9:25-10:10,na,T,18,na,na,na,na,na,na,na,na,3.15,,
1,May-2014,2014-05-26,Stryker,na,1,L,20,5,6.3,na,8:54-10:01,540,T,24,na,na,na,0,24,na,na,na,2.5,no sporo counts,
1,May-2014,2014-05-26,Stryker,na,1,L,20,14.5,4.6,na,8:54-10:01,543,na,9,5,8.25,na,na,na,na,na,na,2.5,no sporo counts,
1,May-2014,2014-05-26,Stryker,na,1,R,20,5.5,5.8,na,8:54-10:01,557,na,13,7,8,na,0,12,na,na,na,2.5,no sporo counts,
1,May-2014,2014-05-26,Stryker,na,1,R,20,11.8,5.5,na,8:54-10:01,125,na,21,14,9,na,na,na,na,na,na,2.5,used to be 2125 and before that 558,
1,May-2014,2014-05-26,Stryker,na,1,L,20,5,6.3,na,8:54-10:01,na,T,11,na,na,na,na,na,na,na,na,2.5,,
1,May-2014,2014-05-26,Stryker,na,1,R,20,6,6.1,na,8:54-10:01,na,T,5,3,na,na,na,na,na,na,na,2.5,,
1,May-2014,2014-05-26,Stryker,na,1,L,20,6.5,5.8,na,8:54-10:01,na,na,11,9,7.5,na,na,na,na,na,na,2.5,,
1,May-2014,2014-05-26,Stryker,na,1,L,20,10.5,6.4,na,8:54-10:01,na,P,5,na,na,na,na,na,na,na,na,2.5,,
1,May-2014,2014-05-26,Stryker,na,1,R,20,11,5.7,na,8:54-10:01,na,na,16,10,14,na,na,na,na,na,na,2.5,,
1,May-2014,2014-05-26,Stryker,na,1,R,20,11.1,5.7,na,8:54-10:01,na,na,8,3,8,na,na,na,na,na,na,2.5,,
1,May-2014,2014-05-26,Stryker,na,1,R,20,14,4.6,na,8:54-10:01,na,na,8,4,4,na,na,na,na,na,na,2.5,,
1,May-2014,2014-05-26,Stryker,na,1,R,20,14,4.6,na,8:54-10:01,na,na,15,13,3,na,na,na,na,na,na,2.5,,
1,May-2014,2014-05-26,Stryker,na,1,R,20,15.5,4.5,na,8:54-10:01,na,na,2,0,0,1.5,na,na,na,na,na,2.5,,
1,May-2014,2014-05-26,Stryker,na,1,R,20,16.5,4,na,8:54-10:01,na,na,12,7,6,na,na,na,na,na,na,2.5,,
1,May-2014,2014-05-26,Stryker,na,1,R,20,17,4.6,na,8:54-10:01,na,na,10,8,19,na,na,na,na,na,na,2.5,,plant recorded as tangled but estimates of length given
1,May-2014,2014-05-26,Stryker,na,1,L,20,18.5,3.2,na,8:54-10:01,na,na,6,3,5.25,na,na,na,na,na,na,2.5,,
1,May-2014,2014-05-26,Stryker,na,1,L,20,19.5,3.1,na,8:54-10:01,na,na,6,2,5.25,na,na,na,na,na,na,2.5,,
1,May-2014,2014-05-26,Stryker,na,1,L,20,19.5,3.1,na,8:54-10:01,na,na,7,2,1.5,na,na,na,na,na,na,2.5,,
1,May-2014,2014-05-31,Triquet,na,1,R,20,8.5,4.8,na,10:29-11:45,530,na,12,9,4,na,na,na,na,na,na,1.45,no sporo counts,plant recorded as tangled but estimates of length given
1,May-2014,2014-05-31,Triquet,na,1,R,20,9,4.8,na,10:29-11:45,562,na,11,10,5,na,0,11,na,na,na,1.45,no sporo counts,
1,May-2014,2014-05-31,Triquet,na,1,L,20,1.75,4.5,na,10:29-11:45,na,na,1,0,0,1.5,na,na,na,na,na,1.45,,
1,May-2014,2014-05-31,Triquet,na,1,L,20,1.75,4.5,na,10:29-11:45,na,na,1,0,0,1.5,na,na,na,na,na,1.45,,
1,May-2014,2014-05-31,Triquet,na,1,L,20,5.5,4.2,na,10:29-11:45,na,na,3,0,0,2,na,na,na,na,na,1.45,,
1,May-2014,2014-05-31,Triquet,na,1,L,20,11.5,4.4,na,10:29-11:45,na,na,1,0,0,1,na,na,na,na,na,1.45,,
1,May-2014,2014-05-31,Triquet,na,1,L,20,14.25,4.2,na,10:29-11:45,na,na,1,0,0,0.75,na,na,na,na,na,1.45,,
1,May-2014,2014-05-31,Triquet,na,1,L,20,14.25,4.2,na,10:29-11:45,na,na,2,0,0,2.5,na,na,na,na,na,1.45,,
1,May-2014,2014-05-31,Triquet,na,1,L,20,16,4,na,10:29-11:45,na,na,1,0,0,2,na,na,na,na,na,1.45,,
1,May-2014,2014-05-31,Triquet,na,1,L,20,16.5,4.4,na,10:29-11:45,na,na,2,0,0,1.5,na,na,na,na,na,1.45,,
1,May-2014,2014-05-31,Triquet,na,1,L,20,17,4.2,na,10:29-11:45,na,na,2,0,0,1.5,na,na,na,na,na,1.45,,
1,May-2014,2014-05-31,Triquet,na,1,R,20,17,4.7,na,10:29-11:45,na,T,4,na,na,na,na,na,na,na,na,1.45,,
1,May-2014,2014-05-31,Triquet,na,1,L,20,19,4.2,na,10:29-11:45,na,na,2,0,0,1.5,na,na,na,na,na,1.45,,
1,May-2014,2014-05-31,Triquet,na,1,L,20,20,4.2,na,10:29-11:45,na,na,2,0,0,1,na,na,na,na,na,1.45,,
2,Jun-2014,2014-06-28,Golden,na,1,R,20,2.6,4,na,13:45-14:58,541,na,na,na,na,na,na,na,na,na,na,3.9,tag not found at this interval,
2,Jun-2014,2014-06-28,Golden,na,1,L,20,4,6.9,na,13:45-14:58,552,na,13,6,2,na,10,7,na,na,na,3.9,no sporo counts,
2,Jun-2014,2014-06-28,Golden,na,1,R,20,5.5,6.6,na,13:45-14:58,840,na,16,12,8,na,0,19,na,na,na,3.9,"Was 810, no sporo counts",plant recorded as tangled but estimates of length given
2,Jun-2014,2014-06-28,Golden,na,1,R,20,2.5,6.7,na,13:45-14:58,na,na,1,0,0,2.5,na,na,na,na,na,3.9,,
2,Jun-2014,2014-06-28,Golden,na,1,R,20,2.5,6.7,na,13:45-14:58,na,na,4,1,2.5,na,na,na,na,na,na,3.9,,
2,Jun-2014,2014-06-28,Golden,na,1,R,20,6.5,6.9,na,13:45-14:58,na,na,19,11,5,na,na,na,na,na,na,3.9,,plant recorded as tangled but estimates of length given
2,Jun-2014,2014-06-28,Golden,na,1,L,20,7.75,6.8,na,13:45-14:58,na,na,0,0,0,0.5,na,na,na,na,na,3.9,,
2,Jun-2014,2014-06-28,Golden,na,1,L,20,8,6.7,na,13:45-14:58,na,na,3,2,2.5,na,na,na,na,na,na,3.9,,
2,Jul-2014,2014-07-03,Meay,na,1,L,20,16.5,3.3,na,8:49-10:00,571,na,61,36,6,na,na,na,48,5,30,1.85,,plant recorded as tangled but estimates of length given
2,Jul-2014,2014-07-03,Meay,na,1,R,20,16.5,3.2,na,8:49-10:00,572,na,3,2,5,na,3,2,na,na,na,1.85,no sporo counts,plant recorded as tangled but estimates of length given
2,Jul-2014,2014-07-03,Meay,na,1,L,20,0.5,4,na,8:49-10:00,na,na,3,1,1,na,na,na,na,na,na,1.85,,
2,Jul-2014,2014-07-03,Meay,na,1,L,20,10,3.4,na,8:49-10:00,na,P,2,na,na,na,na,na,na,na,na,1.85,,
2,Jul-2014,2014-07-03,Meay,na,1,L,20,17,3.3,na,8:49-10:00,na,na,8,5,8.5,na,na,na,na,na,na,1.85,,
2,Jun-2014,2014-06-27,Simmonds,na,1,L,20,18,6.8,na,12:35-13:37,544,na,17,7,8.5,na,17,6,na,na,na,3.3,no sporo counts,plant recorded as tangled but estimates of length given
2,Jun-2014,2014-06-27,Simmonds,na,1,R,20,20,6.1,na,12:35-13:37,547,na,12,0,0,5.5,14,1,na,na,na,3.3,no sporo counts,
2,Jun-2014,2014-06-27,Simmonds,na,1,L,20,18,6.8,na,12:35-13:37,697,na,17,12,9,na,na,na,32,0,0,3.3,was 763,plant recorded as tangled but estimates of length given
2,Jun-2014,2014-06-27,Simmonds,na,1,R,20,9.1,7.5,na,12:35-13:37,1705,na,7,4,2.5,na,na,na,11,0,0,3.3,Was 550,
2,Jun-2014,2014-06-27,Simmonds,na,1,L,20,5,7.2,na,12:35-13:37,na,na,3,1,1.5,na,na,na,na,na,na,3.3,,
2,Jun-2014,2014-06-27,Simmonds,na,1,L,20,6.5,7.4,na,12:35-13:37,na,na,3,1,1.25,na,na,na,na,na,na,3.3,,
2,Jun-2014,2014-06-27,Simmonds,na,1,L,20,7,7.4,na,12:35-13:37,na,na,1,0,0,1,na,na,na,na,na,3.3,,
2,Jun-2014,2014-06-27,Simmonds,na,1,L,20,13.5,7.2,na,12:35-13:37,na,P,12,na,na,na,na,na,na,na,na,3.3,,
2,Jun-2014,2014-06-27,Simmonds,na,1,L,20,14,7.2,na,12:35-13:37,na,na,1,0,0,1.5,na,na,na,na,na,3.3,,
2,Jun-2014,2014-06-26,Stryker,na,1,L,20,5,5.7,na,9:23-10:52,540,na,20,8,4.5,na,20,9,14,11,60,1.85,,plant recorded as tangled but estimates of length given
2,Jun-2014,2014-06-26,Stryker,na,1,L,20,14.5,4.1,na,9:23-10:52,543,na,9,6,7.5,na,na,na,10,0,0,1.85,,
2,Jun-2014,2014-06-26,Stryker,na,1,R,20,5.5,5.1,na,9:23-10:52,557,na,11,8,8,na,11,2,na,na,na,1.85,no sporo counts,plant recorded as tangled but estimates of length given
2,Jun-2014,2014-06-26,Stryker,na,1,R,20,11.8,5,na,9:23-10:52,125,na,7,6,6.25,na,na,na,11,0,0,1.85,used to be 2125 and before that 558,
2,Jun-2014,2014-06-26,Stryker,na,1,L,20,5,5.7,na,9:23-10:52,na,na,11,6,5,na,na,na,na,na,na,1.85,,plant recorded as tangled but estimates of length given
2,Jun-2014,2014-06-26,Stryker,na,1,R,20,5.5,5.1,na,9:23-10:52,na,P,3,na,na,na,na,na,na,na,na,1.85,,
2,Jun-2014,2014-06-26,Stryker,na,1,R,20,6,5.1,na,9:23-10:52,na,na,5,1,4.75,na,na,na,na,na,na,1.85,,plant recorded as tangled but estimates of length given
2,Jun-2014,2014-06-26,Stryker,na,1,L,20,6.5,5.6,na,9:23-10:52,na,na,11,7,5,na,na,na,na,na,na,1.85,,
2,Jun-2014,2014-06-26,Stryker,na,1,L,20,10.5,5.8,na,9:23-10:52,na,P,6,na,na,na,na,na,na,na,na,1.85,,
2,Jun-2014,2014-06-26,Stryker,na,1,L,20,11,5.5,na,9:23-10:52,na,P,5,na,na,na,na,na,na,na,na,1.85,,
2,Jun-2014,2014-06-26,Stryker,na,1,R,20,11,5,na,9:23-10:52,na,na,28,16,9,na,na,na,na,na,na,1.85,,
2,Jun-2014,2014-06-26,Stryker,na,1,R,20,11.8,5,na,9:23-10:52,na,na,19,10,8,na,na,na,na,na,na,1.85,,plant recorded as tangled but estimates of length given
2,Jun-2014,2014-06-26,Stryker,na,1,R,20,12.2,4.7,na,9:23-10:52,na,na,1,0,0,1.5,na,na,na,na,na,1.85,,
2,Jun-2014,2014-06-26,Stryker,na,1,R,20,14,4.3,na,9:23-10:52,na,na,9,8,9,na,na,na,na,na,na,1.85,,plant recorded as tangled but estimates of length given
2,Jun-2014,2014-06-26,Stryker,na,1,R,20,14,4.3,na,9:23-10:52,na,na,13,12,5,na,na,na,na,na,na,1.85,,plant recorded as tangled but estimates of length given
2,Jun-2014,2014-06-26,Stryker,na,1,R,20,14.5,3.8,na,9:23-10:52,na,na,13,5,5.25,na,na,na,na,na,na,1.85,,
2,Jun-2014,2014-06-26,Stryker,na,1,L,20,15.5,3.6,na,9:23-10:52,na,P,7,na,na,na,na,na,na,na,na,1.85,,
2,Jun-2014,2014-06-26,Stryker,na,1,R,20,15.5,3.8,na,9:23-10:52,na,na,7,5,8,na,na,na,na,na,na,1.85,,
2,Jun-2014,2014-06-26,Stryker,na,1,R,20,15.75,3.9,na,9:23-10:52,na,na,1,0,0,1.5,na,na,na,na,na,1.85,,
2,Jun-2014,2014-06-26,Stryker,na,1,R,20,16.8,3.1,na,9:23-10:52,na,na,12,4,5.25,na,na,na,na,na,na,1.85,,
2,Jun-2014,2014-06-26,Stryker,na,1,L,20,19,2.5,na,9:23-10:52,na,na,8,3,5.5,na,na,na,na,na,na,1.85,,
2,Jul-2014,2014-07-01,Triquet,na,1,R,20,8.5,7.2,na,14:26,530,na,17,7,8,na,na,na,51,46,20,3.5,,plant recorded as tangled but estimates of length given
2,Jul-2014,2014-07-01,Triquet,na,1,R,20,9,7.2,na,14:26,562,T,6,1,na,na,9,10,na,na,na,3.5,no sporo counts,
2,Jul-2014,2014-07-01,Triquet,na,1,L,20,0.5,6,na,11:43-12:56,na,na,0,0,0,0.5,na,na,na,na,na,1.75,,
2,Jul-2014,2014-07-01,Triquet,na,1,L,20,0.5,6,na,11:43-12:56,na,na,1,0,0,2.5,na,na,na,na,na,1.75,,
2,Jul-2014,2014-07-01,Triquet,na,1,L,20,0.75,6,na,11:43-12:56,na,na,1,0,0,3,na,na,na,na,na,1.75,,
2,Jul-2014,2014-07-01,Triquet,na,1,L,20,3.5,6.8,na,11:43-12:56,na,na,1,0,0,1.25,na,na,na,na,na,1.75,,
2,Jul-2014,2014-07-01,Triquet,na,1,L,20,3.5,6.8,na,11:43-12:56,na,P,13,na,na,na,na,na,na,na,na,1.75,,
2,Jul-2014,2014-07-01,Triquet,na,1,R,20,9.25,7.2,na,11:43-12:56,na,na,4,1,1,na,na,na,na,na,na,1.75,,
2,Jul-2014,2014-07-01,Triquet,na,1,R,20,10.5,7,na,11:43-12:56,na,na,5,2,5.5,na,na,na,na,na,na,1.75,,plant recorded as tangled but estimates of length given
2,Jul-2014,2014-07-01,Triquet,na,1,L,20,11.25,7,na,11:43-12:56,na,na,1,0,0,1.5,na,na,na,na,na,1.75,,
2,Jul-2014,2014-07-01,Triquet,na,1,L,20,14.5,6.8,na,11:43-12:56,na,na,1,0,0,1.5,na,na,na,na,na,1.75,,
2,Jul-2014,2014-07-01,Triquet,na,1,L,20,14.5,6.8,na,11:43-12:56,na,na,1,0,0,3.25,na,na,na,na,na,1.75,,
2,Jul-2014,2014-07-01,Triquet,na,1,R,20,16,6.9,na,11:43-12:56,na,na,1,0,0,3.5,na,na,na,na,na,1.75,,
2,Jul-2014,2014-07-01,Triquet,na,1,L,20,17,7,na,11:43-12:56,na,na,2,0,0,2.5,na,na,na,na,na,1.75,,
2,Jul-2014,2014-07-01,Triquet,na,1,R,20,17.5,7.1,na,11:43-12:56,na,na,1,0,0,4.5,na,na,na,na,na,1.75,,
2,Jul-2014,2014-07-01,Triquet,na,1,L,20,18,6.4,na,11:43-12:56,na,na,1,0,0,3.5,na,na,na,na,na,1.75,,
2,Jul-2014,2014-07-01,Triquet,na,1,L,20,19,6.8,na,11:43-12:56,na,na,2,0,0,1.5,na,na,na,na,na,1.75,,
2,Jul-2014,2014-07-01,Triquet,na,1,L,20,19.5,6.7,na,11:43-12:56,na,na,2,0,0,4.25,na,na,na,na,na,1.75,,
3,Sep-2014,2014-09-06,Golden,na,1,R,20,3,6.3,na,14:25,541,na,19,12,7,na,na,na,15,5,75,na,,
3,Sep-2014,2014-09-06,Golden,na,1,R,20,5.25,6.2,na,14:29,840,na,16,9,6.5,na,14,2,na,na,na,na,"Was 810, no sporo counts",
3,Sep-2014,2014-09-06,Golden,na,1,L,20,12,5.8,na,14:25,847,na,27,21,5.5,na,na,na,40,25,90,na,,
3,Sep-2014,2014-09-06,Golden,na,1,R,20,2.25,6.3,na,14:21,na,na,5,4,5,na,na,na,na,na,na,na,,
3,Sep-2014,2014-09-06,Golden,na,1,R,20,6.25,6,na,14:36,na,T,10,na,na,na,na,na,na,na,na,na,,
3,Sep-2014,2014-09-06,Golden,na,1,L,20,7.25,6.1,na,14:21,na,na,0,0,0,0.75,na,na,na,na,na,na,,
3,Sep-2014,2014-09-06,Golden,na,1,L,20,8.5,6.1,na,14:23,na,na,5,1,2.5,na,na,na,na,na,na,na,,
3,Sep-2014,2014-09-06,Golden,na,1,L,20,12,5.8,na,14:25,na,T,15,na,na,na,na,na,na,na,na,na,,
3,Sep-2014,2014-09-10,Meay,na,1,L,20,16.5,6.1,na,14:33,571,na,69,20,5,na,na,na,35,11,90,na,,
3,Sep-2014,2014-09-10,Meay,na,1,R,20,16.5,6,na,14:30,572,na,4,1,2.5,na,5,1,na,na,na,na,no sporo counts,
3,Sep-2014,2014-09-10,Meay,na,1,L,20,0.5,6.9,na,14:29,na,na,5,1,2,na,na,na,na,na,na,na,,
3,Sep-2014,2014-09-10,Meay,na,1,L,20,3.5,6.8,na,14:31,na,na,2,0,0,3,na,na,na,na,na,na,,
3,Sep-2014,2014-09-06,Simmonds,na,1,L,20,18,6.8,na,10:11,544,na,25,17,4,na,19,11,na,na,na,na,no sporo counts,
3,Sep-2014,2014-09-06,Simmonds,na,1,R,20,20,5.2,na,10:13,547,na,7,0,0,4.5,11,2,na,na,na,na,no sporo counts,
3,Sep-2014,2014-09-06,Simmonds,na,1,L,20,18,7,na,10:22,697,na,18,14,4,na,na,na,30,10,70,na,was 763,plant recorded as tangled but estimates of length given
3,Sep-2014,2014-09-06,Simmonds,na,1,R,20,9.1,7.1,na,10:05,1705,T,10,na,na,na,na,na,13,10,85,na,Was 550,
3,Sep-2014,2014-09-06,Simmonds,na,1,L,20,4.75,7.3,na,10:03,na,T,7,na,na,na,na,na,na,na,na,na,,
3,Sep-2014,2014-09-06,Simmonds,na,1,L,20,6.5,7.4,na,10:07,na,T,8,na,na,na,na,na,na,na,na,na,,
3,Sep-2014,2014-09-13,Stryker,na,1,L,20,5,5.8,na,10:12,540,na,32,8,4,na,19,12,na,na,na,na,no sporo counts,plant recorded as tangled but estimates of length given
3,Sep-2014,2014-09-13,Stryker,na,1,L,20,14.5,3.6,na,10:23,543,na,11,6,3.5,na,na,na,22,8,60,na,,
3,Sep-2014,2014-09-13,Stryker,na,1,R,20,5.5,5.1,na,10:09,557,na,16,12,6.5,na,10,7,na,na,na,na,no sporo counts,
3,Sep-2014,2014-09-13,Stryker,na,1,R,20,11.8,4.1,na,10:23,125,T,17,na,na,na,na,na,14,3,25,na,used to be 2125 and before that 558,
3,Sep-2014,2014-09-13,Stryker,na,1,L,20,0.25,5.6,na,10:05,na,na,10,3,4,na,na,na,na,na,na,na,,
3,Sep-2014,2014-09-13,Stryker,na,1,L,20,0.25,5.4,na,10:06,na,na,10,9,5.5,na,na,na,na,na,na,na,,
3,Sep-2014,2014-09-13,Stryker,na,1,L,20,5,5.8,na,10:12,na,na,4,2,2,na,na,na,na,na,na,na,,
3,Sep-2014,2014-09-13,Stryker,na,1,L,20,5,5.8,na,10:12,na,T,10,na,na,na,na,na,na,na,na,na,,
3,Sep-2014,2014-09-13,Stryker,na,1,L,20,6.5,5,na,10:18,na,na,21,5,3,na,na,na,na,na,na,na,,
3,Sep-2014,2014-09-13,Stryker,na,1,R,20,7,4.8,na,10:09,na,T,5,na,na,na,na,na,na,na,na,na,,
3,Sep-2014,2014-09-13,Stryker,na,1,R,20,10.5,4.7,na,10:15,na,na,26,16,5.5,na,na,na,na,na,na,na,,
3,Sep-2014,2014-09-13,Stryker,na,1,L,20,11,4.9,na,10:20,na,P,3,na,na,na,na,na,na,na,na,na,,
3,Sep-2014,2014-09-13,Stryker,na,1,R,20,14,3.2,na,10:26,na,na,16,7,2,na,na,na,na,na,na,na,,
3,Sep-2014,2014-09-13,Stryker,na,1,R,20,14.5,3.1,na,10:28,na,na,9,4,2.5,na,na,na,na,na,na,na,,
3,Sep-2014,2014-09-13,Stryker,na,1,R,20,15,3.1,na,10:29,na,na,6,2,2,na,na,na,na,na,na,na,,
3,Sep-2014,2014-09-13,Stryker,na,1,L,20,16,2.7,na,10:27,na,na,5,1,2,na,na,na,na,na,na,na,,
3,Sep-2014,2014-09-13,Stryker,na,1,L,20,16.25,2.7,na,10:27,na,na,4,3,2,na,na,na,na,na,na,na,,
3,Sep-2014,2014-09-13,Stryker,na,1,R,20,18,2.5,na,10:31,na,na,4,2,1.5,na,na,na,na,na,na,na,,
3,Sep-2014,2014-09-13,Stryker,na,1,L,20,19,2,na,10:31,na,na,10,7,2,na,na,na,na,na,na,na,,
3,Sep-2014,2014-09-05,Triquet,na,1,R,20,8,7.1,na,10:21,530,na,22,7,6.5,na,na,na,37,34,90,na,,
3,Sep-2014,2014-09-05,Triquet,na,1,R,20,8.25,7.5,na,10:39,562,na,15,6,2,na,16,7,na,na,na,na,no sporo counts,
3,Sep-2014,2014-09-05,Triquet,na,1,L,20,1.5,7.2,na,10:16,na,na,1,0,0,3,na,na,na,na,na,na,,
3,Sep-2014,2014-09-05,Triquet,na,1,L,20,4,7.2,na,11:04,na,T,9,4,na,na,na,na,na,na,na,na,,
3,Sep-2014,2014-09-05,Triquet,na,1,L,20,4.5,6.8,na,11:05,na,T,9,na,na,na,na,na,na,na,na,na,,
3,Sep-2014,2014-09-05,Triquet,na,1,R,20,10.5,7.5,na,10:51,na,na,7,1,0.5,na,na,na,na,na,na,na,,
3,Sep-2014,2014-09-05,Triquet,na,1,L,20,14,7.1,na,10:59,na,na,1,0,0,3,na,na,na,na,na,na,,
3,Sep-2014,2014-09-05,Triquet,na,1,L,20,14.5,7.1,na,10:59,na,na,2,0,0,3,na,na,na,na,na,na,,
3,Sep-2014,2014-09-05,Triquet,na,1,R,20,17.25,7.3,na,10:53,na,na,2,0,0,4.5,na,na,na,na,na,na,,
3,Sep-2014,2014-09-05,Triquet,na,1,L,20,18.5,7.1,na,10:58,na,na,4,0,0,4.5,na,na,na,na,na,na,,
3,Sep-2014,2014-09-05,Triquet,na,1,L,20,19,7,na,10:56,na,na,2,0,0,2.5,na,na,na,na,na,na,,
4,Apr-2015,2015-04-29,Golden,na,1,R,20,3,7.3,na,11:39,541,na,5,0,0,4,na,na,2,0,0,na,,
4,Apr-2015,2015-04-29,Golden,na,1,R,20,5.75,7.2,na,11:18,840,na,4,0,0,4,0,6,na,na,na,na,"Was 810, no sporo counts",
4,Apr-2015,2015-04-29,Golden,na,1,L,20,12,6.7,na,11:00,847,na,2,0,0,1,na,na,0,0,0,na,,
4,Apr-2015,2015-04-29,Golden,na,1,R,20,2.75,7.3,na,11:16,916,na,4,0,0,3,na,na,4,0,0,na,,
4,Apr-2015,2015-04-29,Golden,na,1,R,20,6,7.1,na,11:44,na,na,5,0,0,4,na,na,na,na,na,na,,
4,Apr-2015,2015-04-29,Golden,na,1,R,20,6.2,7.1,na,11:44,na,na,1,0,0,0.75,na,na,na,na,na,na,,
4,Apr-2015,2015-04-29,Golden,na,1,L,20,8.5,6.9,na,10:58,na,na,2,0,0,2,na,na,na,na,na,na,,
4,Apr-2015,2015-04-29,Golden,na,1,R,20,12,6.7,na,11:00,na,na,1,0,0,2.25,na,na,na,na,na,na,,
4,Apr-2015,2015-04-23,Meay,na,1,L,20,16.5,4.3,na,15:31,571,na,1,1,0.75,na,na,na,0,0,0,na,,
4,Apr-2015,2015-04-23,Meay,na,1,R,20,16.5,4.1,na,15:26,572,na,9,5,9,na,0,10,11,0,0,na,,
4,Apr-2015,2015-04-23,Meay,na,1,L,20,0.5,5.2,na,15:26,2162,na,5,2,1,na,0,11,na,na,na,na,,
4,Apr-2015,2015-04-23,Meay,na,1,L,20,10,4.2,na,15:29,na,P,5,1,1,na,na,na,na,na,na,na,,
4,Apr-2015,2015-04-24,Simmonds,na,1,L,20,18,5.1,na,14:09,544,na,2,0,0,2,0,10,0,0,0,na,,
4,Apr-2015,2015-04-24,Simmonds,na,1,L,20,18,5.4,na,14:13,697,na,2,0,0,2,na,na,0,0,0,na,was 763,
4,Apr-2015,2015-04-24,Simmonds,na,1,R,20,9.1,5.5,na,14:14,1705,na,7,0,0,4.5,0,11,9,0,0,na,Was 550,
4,Apr-2015,2015-04-24,Simmonds,na,1,L,20,5,5.7,na,14:06,na,na,0,0,0,0.5,na,na,na,na,na,na,,
4,Apr-2015,2015-04-24,Stryker,na,1,L,20,5,5.5,na,11:46,540,na,15,6,6,na,6,22,na,na,na,na,no sporo counts,plant recorded as tangled but estimates of length given
4,Apr-2015,2015-04-24,Stryker,na,1,L,20,14.5,3.6,na,11:59,543,na,7,5,5.5,na,na,na,0,0,0,na,,
4,Apr-2015,2015-04-24,Stryker,na,1,R,20,14,3.2,na,11:55,809,na,5,2,9,na,na,na,14,0,0,na,,plant recorded as tangled but estimates of length given
4,Apr-2015,2015-04-24,Stryker,na,1,R,20,11.8,3.8,na,11:46,125,na,11,6,10,na,0,12,26,9,80,na,used to be 2125 and before that 558,plant recorded as tangled but estimates of length given
4,Apr-2015,2015-04-24,Stryker,na,1,R,20,12,3.8,na,11:55,na,na,7,6,11,na,na,na,na,na,na,na,,plant recorded as tangled but estimates of length given
4,Apr-2015,2015-04-24,Stryker,na,1,R,20,14,2.9,na,11:55,na,na,7,6,10.5,na,na,na,na,na,na,na,,plant recorded as tangled but estimates of length given
4,Apr-2015,2015-04-24,Stryker,na,1,L,20,19.5,1.7,na,12:01,na,na,9,3,2,na,na,na,na,na,na,na,,
4,Apr-2015,2015-04-23,Triquet,na,1,R,20,7.5,5.2,na,10:02,2166,na,3,0,0,1.5,na,na,na,na,na,na,,
4,Apr-2015,2015-04-23,Triquet,na,1,R,20,0.25,4.9,na,10:00,2188,na,6,2,0.5,na,0,5,17,0,0,na,,
4,Apr-2015,2015-04-23,Triquet,na,1,L,20,3,4.1,na,9:59,na,na,5,0,0,2.5,na,na,na,na,na,na,,
4,Apr-2015,2015-04-23,Triquet,na,1,L,20,3.5,4.2,na,10:03,na,na,6,3,9,na,na,na,na,na,na,na,,
4,Apr-2015,2015-04-23,Triquet,na,1,R,20,10,5.3,na,10:07,na,na,1,0,0,1.5,na,na,na,na,na,na,,
5,May-2015,2015-05-21,Golden,na,1,R,20,3,4.1,na,10:41,541,na,2,0,0,1.5,na,na,4,0,0,na,,
5,May-2015,2015-05-21,Golden,na,1,R,20,5.5,4,na,10:28,840,na,4,2,2,na,6,0,na,na,na,na,"Was 810, no sporo counts",
5,May-2015,2015-05-21,Golden,na,1,L,20,12,3.7,na,10:17,847,na,1,0,0,1.5,na,na,0,0,0,na,,
5,May-2015,2015-05-21,Golden,na,1,R,20,6,3.7,na,10:29,909,na,4,2,0.8,na,na,na,7,0,0,na,,
5,May-2015,2015-05-21,Golden,na,1,R,20,2.75,4.1,na,10:15,916,T,6,na,na,na,0,11,na,na,na,na,no sporo counts,
5,May-2015,2015-05-21,Golden,na,1,L,20,0.25,4.4,na,10:12,na,na,1,0,0,1.25,na,na,na,na,na,na,,
5,May-2015,2015-05-21,Golden,na,1,R,20,0.25,4.3,na,10:31,na,na,2,0,0,0.25,na,na,na,na,na,na,,
5,May-2015,2015-05-21,Golden,na,1,L,20,9,3.8,na,10:14,na,na,6,6,4.5,na,na,na,na,na,na,na,,
5,May-2015,2015-05-21,Golden,na,1,L,20,12,3.7,na,10:17,na,na,1,0,0,2.25,na,na,na,na,na,na,,
5,May-2015,2015-05-22,Meay,na,1,L,20,16.5,3.1,na,9:01,571,T,13,na,na,na,na,na,22,9,40,na,,
5,May-2015,2015-05-22,Meay,na,1,R,20,16.5,3.2,na,9:43,572,na,12,8,0.5,na,9,3,na,na,na,na,no sporo counts,plant recorded as tangled but estimates of length given
5,May-2015,2015-05-22,Meay,na,1,L,20,0.5,4.1,na,8:52,2162,T,7,1,na,na,9,5,na,na,na,na,,
5,May-2015,2015-05-22,Meay,na,1,L,20,10,3.3,na,8:58,na,P,13,na,na,na,na,na,na,na,na,na,,
5,May-2015,2015-05-20,Simmonds,na,1,L,20,18,7.1,na,14:50,544,na,5,0,0,4,10,2,na,na,na,na,no sporo counts,plant recorded as tangled but estimates of length given
5,May-2015,2015-05-20,Simmonds,na,1,L,20,18,7.1,na,14:50,697,na,4,0,0,4,na,na,16,0,0,na,was 763,plant recorded as tangled but estimates of length given
5,May-2015,2015-05-20,Simmonds,na,1,R,20,9.1,7.5,na,14:47,1705,na,8,0,0,6.5,11,5,19,0,0,na,Was 550,
5,May-2015,2015-05-20,Simmonds,na,1,L,20,5,7.8,na,14:45,na,na,3,0,0,3,na,na,na,na,na,na,,
5,May-2015,2015-05-20,Simmonds,na,1,R,20,13.5,6.9,na,15:14,na,P,12,na,na,na,na,na,na,na,na,na,,
5,May-2015,2015-05-20,Simmonds,na,1,L,20,14.75,7.6,na,14:48,na,na,0,0,0,2.25,na,na,na,na,na,na,,
5,May-2015,2015-05-20,Stryker,na,1,L,20,5,5.1,na,10:53,540,T,19,na,na,na,23,5,na,na,na,na,no sporo counts,
5,May-2015,2015-05-20,Stryker,na,1,L,20,14.5,3.4,na,11:15,543,na,8,5,4,na,na,na,13,0,0,na,,plant recorded as tangled but estimates of length given
5,May-2015,2015-05-20,Stryker,na,1,R,20,14,3.4,na,11:10,809,na,6,4,6,na,0,7,11,0,0,na,,plant recorded as tangled but estimates of length given
5,May-2015,2015-05-20,Stryker,na,1,R,20,11.8,3.9,na,10:58,125,na,11,8,11,na,12,5,44,38,80,na,used to be 2125 and before that 558,plant recorded as tangled but estimates of length given
5,May-2015,2015-05-20,Stryker,na,1,L,20,5.5,5.4,na,11:08,na,T,7,na,na,na,na,na,na,na,na,na,,
5,May-2015,2015-05-20,Stryker,na,1,L,20,11,4.8,na,11:04,na,na,4,3,2.25,na,na,na,na,na,na,na,,
5,May-2015,2015-05-20,Stryker,na,1,R,20,11.5,3.9,na,10:50,na,na,5,4,9,na,na,na,na,na,na,na,,plant recorded as tangled but estimates of length given
5,May-2015,2015-05-20,Stryker,na,1,R,20,11.6,3.9,na,10:52,na,na,7,4,9.5,na,na,na,na,na,na,na,,plant recorded as tangled but estimates of length given
5,May-2015,2015-05-20,Stryker,na,1,R,20,15,2.8,na,11:15,na,na,3,2,7.5,na,na,na,na,na,na,na,,plant recorded as tangled but estimates of length given
5,May-2015,2015-05-20,Stryker,na,1,L,20,16,3.1,na,11:19,na,P,3,na,na,na,na,na,na,na,na,na,,
5,May-2015,2015-05-20,Stryker,na,1,L,20,19.75,1.5,na,11:26,na,na,5,0,0,5,na,na,na,na,na,na,,plant recorded as tangled but estimates of length given
5,May-2015,2015-05-20,Stryker,na,1,L,20,19.75,1.8,na,11:21,na,na,12,7,4,na,na,na,na,na,na,na,,plant recorded as tangled but estimates of length given
5,May-2015,2015-05-22,Triquet,na,1,R,20,7.5,4.5,na,10:21,2166,na,7,4,2,na,5,2,na,na,na,na,,
5,May-2015,2015-05-22,Triquet,na,1,R,20,0.25,4.8,na,10:25,2188,na,3,0,0,2,na,na,16,0,0,na,,
5,May-2015,2015-05-22,Triquet,na,1,L,20,3.5,4.6,na,10:24,na,na,2,0,0,2.5,na,na,na,na,na,na,,
5,May-2015,2015-05-22,Triquet,na,1,L,20,3.5,4.6,na,10:29,na,na,7,0,0,4,na,na,na,na,na,na,,
5,May-2015,2015-05-22,Triquet,na,1,R,20,8,4.9,na,10:27,na,na,1,0,0,1,na,na,na,na,na,na,,
5,May-2015,2015-05-22,Triquet,na,1,R,20,10,4.8,na,10:28,na,na,0,0,0,0.75,na,na,na,na,na,na,,
6,Jun-2015,2015-06-27,Golden,na,1,R,20,3,5.7,na,15:28,541,na,4,0,0,3.75,na,na,6,0,0,na,,
6,Jun-2015,2015-06-27,Golden,na,1,R,20,5.5,5.5,na,15:31,840,na,5,3,4.5,na,5,2,na,na,na,na,"Was 810, no sporo counts",
6,Jun-2015,2015-06-27,Golden,na,1,L,20,12,4.9,na,15:45,847,na,1,0,0,1.5,na,na,0,0,0,na,,
6,Jun-2015,2015-06-27,Golden,na,1,R,20,6,5.4,na,15:36,909,T,5,3,na,na,na,na,10,1,100,na,,
6,Jun-2015,2015-06-27,Golden,na,1,L,20,0,5.7,na,15:37,na,na,2,0,0,4.25,na,na,na,na,na,na,,
6,Jun-2015,2015-06-27,Golden,na,1,R,20,0.25,5.6,na,15:27,na,na,0,0,0,0.25,na,na,na,na,na,na,,
6,Jun-2015,2015-06-27,Golden,na,1,L,20,5,5.4,na,15:37,na,na,0,0,0,1,na,na,na,na,na,na,,
6,Jun-2015,2015-06-27,Golden,na,1,L,20,7,5.4,na,15:40,na,T,12,na,1,na,na,na,na,na,na,na,,plant recorded as tangled but estimates of length given
6,Jun-2015,2015-06-27,Golden,na,1,L,20,12,4.9,na,15:45,na,na,1,0,0,2,na,na,na,na,na,na,,
6,Jun-2015,2015-06-27,Golden,na,1,L,20,18,4.9,na,15:45,na,na,1,0,0,2.5,na,na,na,na,na,na,,
6,Jun-2015,2015-06-29,Meay,na,1,L,20,16.5,4.4,na,14:02,571,T,20,na,na,na,na,na,12,3,100,na,,
6,Jun-2015,2015-06-29,Meay,na,1,R,20,16.5,4.3,na,14:10,572,T,14,na,na,na,11,6,19,3,20,na,,
6,Jun-2015,2015-06-29,Meay,na,1,L,20,0.5,5.3,na,13:52,2162,T,7,na,na,na,13,1,na,na,na,na,,
6,Jun-2015,2015-06-29,Meay,na,1,R,20,4,4.9,na,14:00,na,na,0,0,0,1,na,na,na,na,na,na,,
6,Jun-2015,2015-06-29,Meay,na,1,R,20,7,4.6,na,14:02,na,na,2,0,0,1.5,na,na,na,na,na,na,,
6,Jun-2015,2015-06-29,Meay,na,1,L,20,9.5,4.5,na,13:58,na,P,2,na,na,na,na,na,na,na,na,na,,
6,Jun-2015,2015-06-27,Simmonds,na,1,L,20,18,6.5,na,11:07,544,T,5,na,na,na,6,3,na,na,na,na,no sporo counts,
6,Jun-2015,2015-06-27,Simmonds,na,1,L,20,18,6.5,na,11:10,697,na,11,8,3,na,na,na,22,7,80,na,was 763,plant recorded as tangled but estimates of length given
6,Jun-2015,2015-06-27,Simmonds,na,1,R,20,9.1,6.9,na,11:22,1705,na,18,8,2,na,15,6,24,17,90,na,Was 550,plant recorded as tangled but estimates of length given
6,Jun-2015,2015-06-27,Simmonds,na,1,L,20,3.75,7.4,na,10:55,na,na,0,0,0,0.25,na,na,na,na,na,na,,
6,Jun-2015,2015-06-27,Simmonds,na,1,L,20,5,7.2,na,10:55,na,T,8,3,na,na,na,na,na,na,na,na,,
6,Jun-2015,2015-06-27,Simmonds,na,1,L,20,10,6.9,na,11:01,na,na,1,0,0,2,na,na,na,na,na,na,,
6,Jun-2015,2015-06-27,Simmonds,na,1,L,20,10,7,na,10:59,na,na,2,0,0,2,na,na,na,na,na,na,,
6,Jun-2015,2015-06-27,Simmonds,na,1,L,20,10.25,6.9,na,11:01,na,na,1,0,0,3,na,na,na,na,na,na,,
6,Jun-2015,2015-06-27,Simmonds,na,1,L,20,14.75,7,na,11:03,na,na,1,0,0,1.5,na,na,na,na,na,na,,
6,Jun-2015,2015-06-27,Simmonds,na,1,L,20,15.25,7,na,11:03,na,na,2,0,0,3,na,na,na,na,na,na,,
6,Jun-2015,2015-06-27,Simmonds,na,1,L,20,15.26,7,na,11:03,na,na,2,0,0,1.25,na,na,na,na,na,na,,
6,Jun-2015,2015-06-27,Simmonds,na,1,L,20,15.5,7,na,11:03,na,na,1,0,0,1.5,na,na,na,na,na,na,,
6,Jun-2015,2015-06-27,Simmonds,na,1,L,20,15.5,6.9,na,11:06,na,na,1,0,0,1.5,na,na,na,na,na,na,,
6,Jun-2015,2015-06-27,Simmonds,na,1,R,20,16,6.6,na,11:17,na,na,1,0,0,1.5,na,na,na,na,na,na,,
6,Jun-2015,2015-06-27,Simmonds,na,1,R,20,16.5,6.4,na,11:17,na,na,0,0,0,0.5,na,na,na,na,na,na,,
6,Jun-2015,2015-06-27,Simmonds,na,1,L,20,19.5,6.5,na,11:15,na,na,1,0,0,1,na,na,na,na,na,na,,
6,Jun-2015,2015-06-27,Simmonds,na,1,R,20,20,5.8,na,11:16,na,na,0,0,0,0.75,na,na,na,na,na,na,,
6,Jun-2015,2015-06-23,Stryker,na,1,L,20,5,6.6,na,15:09,540,T,18,na,na,na,27,3,na,na,na,na,no sporo counts,
6,Jun-2015,2015-06-23,Stryker,na,1,L,20,14.5,4.8,na,15:26,543,na,10,5,6,na,na,na,15,8,50,na,,
6,Jun-2015,2015-06-23,Stryker,na,1,R,20,14,5.1,na,15:49,809,na,5,3,2,na,5,1,na,na,na,na,no sporo counts,
6,Jun-2015,2015-06-23,Stryker,na,1,R,20,6,5.8,na,15:21,841,na,12,6,2,na,0,19,na,na,na,na,no sporo counts,
6,Jun-2015,2015-06-23,Stryker,na,1,R,20,11.8,4.9,na,15:39,125,na,15,11,1,na,11,4,na,na,na,na,used to be 2125 and before that 558,plant recorded as tangled but estimates of length given
6,Jun-2015,2015-06-23,Stryker,na,1,L,20,5,6.6,na,15:09,na,T,8,4,na,na,na,na,na,na,na,na,,
6,Jun-2015,2015-06-23,Stryker,na,1,L,20,11,6.4,na,15:23,na,na,5,4,6,na,na,na,na,na,na,na,,
6,Jun-2015,2015-06-23,Stryker,na,1,R,20,11.5,4.8,na,15:35,na,na,14,6,1,na,na,na,na,na,na,na,,plant recorded as tangled but estimates of length given
6,Jun-2015,2015-06-23,Stryker,na,1,R,20,12,4.8,na,15:45,na,na,8,0,0,4.8,na,na,na,na,na,na,,plant recorded as tangled but estimates of length given
6,Jun-2015,2015-06-23,Stryker,na,1,R,20,14.5,4.6,na,15:47,na,na,9,5,6,na,na,na,na,na,na,na,,plant recorded as tangled but estimates of length given
6,Jun-2015,2015-06-23,Stryker,na,1,R,20,15,4.8,na,15:45,na,na,5,5,6,na,na,na,na,na,na,na,,plant recorded as tangled but estimates of length given
6,Jun-2015,2015-06-23,Stryker,na,1,R,20,15.5,4.6,na,15:43,na,na,4,2,5,na,na,na,na,na,na,na,,
6,Jun-2015,2015-06-23,Stryker,na,1,L,20,16,4,na,15:28,na,na,6,3,5.5,na,na,na,na,na,na,na,,
6,Jun-2015,2015-06-23,Stryker,na,1,L,20,16.25,4,na,15:28,na,na,3,1,1,na,na,na,na,na,na,na,,
6,Jun-2015,2015-06-23,Stryker,na,1,L,20,19.5,3.2,na,15:33,na,na,7,5,5.75,na,na,na,na,na,na,na,,
6,Jun-2015,2015-06-23,Stryker,na,1,R,20,19.5,3.4,na,15:43,na,P,1,na,na,na,na,na,na,na,na,na,,
6,Jun-2015,2015-06-23,Stryker,na,1,L,20,20,3.2,na,15:33,na,na,16,11,5.5,na,na,na,na,na,na,na,,plant recorded as tangled but estimates of length given
6,Jun-2015,2015-06-28,Triquet,na,1,R,20,7.5,6.3,na,15:23,2166,na,4,0,0,4.25,5,2,na,na,na,na,,
6,Jun-2015,2015-06-28,Triquet,na,1,R,20,0.25,5.9,na,15:17,2188,na,8,5,2,na,na,na,17,8,90,na,,
6,Jun-2015,2015-06-28,Triquet,na,1,L,20,3,6,na,15:15,na,na,3,0,0,4,na,na,na,na,na,na,,
6,Jun-2015,2015-06-28,Triquet,na,1,L,20,4,6,na,15:16,na,na,13,8,3,na,na,na,na,na,na,na,,
6,Jun-2015,2015-06-28,Triquet,na,1,R,20,6,6,na,9:25,na,na,1,0,0,1.25,na,na,na,na,na,na,,
6,Jun-2015,2015-06-28,Triquet,na,1,R,20,8,6.3,na,15:26,na,na,3,0,0,3.5,na,na,na,na,na,na,,
6,Jun-2015,2015-06-28,Triquet,na,1,R,20,20,5.9,na,15:28,na,na,0,0,0,1.5,na,na,na,na,na,na,,
7,Aug-2015,2015-08-07,Golden,na,1,L,20,0.5,6.6,na,10:27,507,na,5,1,0.5,na,0,10,13,0,0,na,,
7,Aug-2015,2015-08-07,Golden,na,1,R,20,3,5.8,na,10:24,541,na,7,3,6.5,na,na,na,5,4,20,na,,
7,Aug-2015,2015-08-07,Golden,na,1,R,20,5,5.6,na,10:29,840,na,4,4,5.5,na,2,7,7,0,0,na,Was 810,
7,Aug-2015,2015-08-07,Golden,na,1,R,20,5,5.4,na,10:44,909,na,5,5,5.5,na,na,na,1,0,0,na,,plant recorded as tangled but estimates of length given
7,Aug-2015,2015-08-07,Golden,na,1,R,20,0.5,6.6,na,10:27,na,na,0,0,0,0.5,na,na,na,na,na,na,,
7,Aug-2015,2015-08-07,Golden,na,1,L,20,4.25,6.2,na,10:29,na,na,0,0,0,0.75,na,na,na,na,na,na,,
7,Aug-2015,2015-08-07,Golden,na,1,R,20,5,5.4,na,10:48,na,na,2,2,5.5,na,na,na,na,na,na,na,,plant recorded as tangled but estimates of length given
7,Aug-2015,2015-08-07,Golden,na,1,L,20,7,6,na,10:30,na,P,2,na,na,na,na,na,na,na,na,na,,
7,Aug-2015,2015-08-07,Golden,na,1,L,20,12.25,5.7,na,10:32,na,na,1,0,0,3.5,na,na,na,na,na,na,,
7,Aug-2015,2015-08-08,Meay,na,1,L,20,16.5,4.4,na,9:24,571,T,14,na,na,na,na,na,18,25,70,na,,
7,Aug-2015,2015-08-08,Meay,na,1,R,20,16.5,4.3,na,9:14,572,na,16,9,7,na,16,6,12,6,60,na,,
7,Aug-2015,2015-08-08,Meay,na,1,L,20,0.5,5.5,na,9:09,2162,na,6,3,5.5,na,11,2,17,16,70,na,,
7,Aug-2015,2015-08-08,Meay,na,1,R,20,4.75,5,na,9:07,na,na,1,0,0,0.75,na,na,na,na,na,na,,
7,Aug-2015,2015-08-08,Meay,na,1,L,20,10,4.5,na,9:19,na,na,50,18,6,na,na,na,na,na,na,na,,
7,Aug-2015,2015-08-09,Simmonds,na,1,L,20,18,7,na,10:18,544,na,7,0,0,6,6,4,15,7,90,na,,plant recorded as tangled but estimates of length given
7,Aug-2015,2015-08-09,Simmonds,na,1,L,20,18,7,na,10:18,697,T,4,na,na,na,na,na,6,0,0,na,was 763,
7,Aug-2015,2015-08-09,Simmonds,na,1,R,20,9.1,7.1,na,10:05,1705,na,24,15,3,na,16,8,38,31,90,na,Was 550,
7,Aug-2015,2015-08-09,Simmonds,na,1,R,20,0.25,7.9,na,9:49,na,na,1,0,0,1.5,na,na,na,na,na,na,,
7,Aug-2015,2015-08-09,Simmonds,na,1,L,20,4,7.6,na,10:05,na,na,1,0,0,1,na,na,na,na,na,na,,
7,Aug-2015,2015-08-09,Simmonds,na,1,R,20,4,7.6,na,9:51,na,na,0,0,0,1,na,na,na,na,na,na,,
7,Aug-2015,2015-08-09,Simmonds,na,1,R,20,4,7.6,na,9:50,na,na,1,0,0,1,na,na,na,na,na,na,,
7,Aug-2015,2015-08-09,Simmonds,na,1,R,20,4,7.6,na,9:51,na,P,3,na,na,na,na,na,na,na,na,na,,
7,Aug-2015,2015-08-09,Simmonds,na,1,L,20,5,7.6,na,10:05,na,na,1,0,0,1.5,na,na,na,na,na,na,,
7,Aug-2015,2015-08-09,Simmonds,na,1,L,20,5,7.6,na,10:05,na,T,11,na,na,na,na,na,na,na,na,na,,
7,Aug-2015,2015-08-09,Simmonds,na,1,R,20,5,7.4,na,12:43,na,na,1,0,0,3,na,na,na,na,na,na,,
7,Aug-2015,2015-08-09,Simmonds,na,1,R,20,5,7.4,na,9:53,na,na,1,0,0,1.5,na,na,na,na,na,na,,
7,Aug-2015,2015-08-09,Simmonds,na,1,R,20,5,7.4,na,9:55,na,na,1,0,0,1.5,na,na,na,na,na,na,,
7,Aug-2015,2015-08-09,Simmonds,na,1,R,20,5,7.4,na,9:55,na,na,1,0,0,3.5,na,na,na,na,na,na,,
7,Aug-2015,2015-08-09,Simmonds,na,1,R,20,5,7.3,na,9:53,na,na,2,0,0,3.5,na,na,na,na,na,na,,
7,Aug-2015,2015-08-09,Simmonds,na,1,R,20,5,7.4,na,9:55,na,na,2,0,0,2,na,na,na,na,na,na,,
7,Aug-2015,2015-08-09,Simmonds,na,1,R,20,5,7.4,na,9:55,na,na,5,2,1,na,na,na,na,na,na,na,,
7,Aug-2015,2015-08-09,Simmonds,na,1,R,20,5.5,7.2,na,9:58,na,na,0,0,0,0.75,na,na,na,na,na,na,,
7,Aug-2015,2015-08-09,Simmonds,na,1,L,20,10,7.1,na,10:08,na,na,5,0,0,5,na,na,na,na,na,na,,
7,Aug-2015,2015-08-09,Simmonds,na,1,R,20,14,6.8,na,10:10,na,na,0,0,0,1,na,na,na,na,na,na,,
7,Aug-2015,2015-08-09,Simmonds,na,1,R,20,14,6.8,na,10:10,na,na,0,0,0,1.5,na,na,na,na,na,na,,
7,Aug-2015,2015-08-09,Simmonds,na,1,R,20,15,6.8,na,10:10,na,na,0,0,0,0.25,na,na,na,na,na,na,,
7,Aug-2015,2015-08-09,Simmonds,na,1,L,20,15.5,7.1,na,10:13,na,na,4,0,0,6.25,na,na,na,na,na,na,,
7,Aug-2015,2015-08-09,Simmonds,na,1,R,20,15.5,6.8,na,10:10,na,na,2,0,0,4,na,na,na,na,na,na,,
7,Aug-2015,2015-08-09,Simmonds,na,1,L,20,15.75,7.1,na,10:13,na,na,3,0,0,3,na,na,na,na,na,na,,
7,Aug-2015,2015-08-09,Simmonds,na,1,L,20,16,7.1,na,10:13,na,na,2,0,0,4,na,na,na,na,na,na,,
7,Aug-2015,2015-08-09,Simmonds,na,1,R,20,16,6.8,na,10:10,na,P,4,na,na,na,na,na,na,na,na,na,,
7,Aug-2015,2015-08-09,Simmonds,na,1,L,20,17,7.1,na,10:16,na,na,0,0,0,0.75,na,na,na,na,na,na,,
7,Aug-2015,2015-08-09,Simmonds,na,1,L,20,17,7.1,na,10:16,na,na,4,0,0,7,na,na,na,na,na,na,,
7,Aug-2015,2015-08-09,Simmonds,na,1,L,20,18,7,na,10:18,na,T,2,na,na,na,na,na,na,na,na,na,,
7,Aug-2015,2015-08-09,Simmonds,na,1,L,20,18,7,na,10:18,na,T,8,na,na,na,na,na,na,na,na,na,,
7,Aug-2015,2015-08-09,Simmonds,na,1,R,20,20,6,na,10:15,na,na,1,0,0,2,na,na,na,na,na,na,,
7,Aug-2015,2015-08-09,Simmonds,na,1,R,20,20,6,na,10:15,na,C,1,0,0,2,na,na,na,na,na,na,,
7,Aug-2015,2015-08-05,Stryker,na,1,R,20,14.5,4.6,na,13:31,148,na,4,2,2,na,3,1,11,11,90,na,used to be 249,
7,Aug-2015,2015-08-05,Stryker,na,1,L,20,5,6.1,na,13:10,540,T,12,na,na,na,17,2,24,24,90,na,841 duplicate for Aug 2015 deleted,
7,Aug-2015,2015-08-05,Stryker,na,1,L,20,14.5,4.6,na,13:31,543,T,12,9,na,na,na,na,19,19,75,na,,
7,Aug-2015,2015-08-05,Stryker,na,1,L,20,14,4.6,na,13:26,809,na,4,2,3.25,na,4,1,12,11,100,na,,
7,Aug-2015,2015-08-05,Stryker,na,1,R,20,6,4.4,na,11:56,841,na,13,8,12,na,13,5,40,36,100,na,,plant recorded as tangled but estimates of length given
7,Aug-2015,2015-08-05,Stryker,na,1,R,20,11.8,4.6,na,13:21,125,na,14,10,12,na,15,5,59,55,75,na,used to be 2125 and before that 558,plant recorded as tangled but estimates of length given
7,Aug-2015,2015-08-05,Stryker,na,1,L,20,0.5,6.2,na,13:10,na,P,1,na,na,na,na,na,na,na,na,na,,
7,Aug-2015,2015-08-05,Stryker,na,1,L,20,5,6.5,na,13:20,na,na,2,0,0,5,na,na,na,na,na,na,,
7,Aug-2015,2015-08-05,Stryker,na,1,L,20,5,6.5,na,13:20,na,T,4,na,na,na,na,na,na,na,na,na,,
7,Aug-2015,2015-08-05,Stryker,na,1,L,20,11,5.8,na,13:23,na,na,6,4,5,na,na,na,na,na,na,na,,
7,Aug-2015,2015-08-05,Stryker,na,1,R,20,11,5.1,na,13:13,na,na,4,4,12.5,na,na,na,na,na,na,na,,plant recorded as tangled but estimates of length given
7,Aug-2015,2015-08-05,Stryker,na,1,R,20,11.3,4.9,na,13:15,na,na,3,1,6,na,na,na,na,na,na,na,,plant recorded as tangled but estimates of length given
7,Aug-2015,2015-08-05,Stryker,na,1,R,20,11.5,4.6,na,13:17,na,na,6,3,10,na,na,na,na,na,na,na,,plant recorded as tangled but estimates of length given
7,Aug-2015,2015-08-05,Stryker,na,1,R,20,12,4.5,na,13:35,na,na,7,5,9,na,na,na,na,na,na,na,,plant recorded as tangled but estimates of length given
7,Aug-2015,2015-08-05,Stryker,na,1,R,20,14,4.4,na,13:37,na,na,0,0,0,0.5,na,na,na,na,na,na,,
7,Aug-2015,2015-08-05,Stryker,na,1,R,20,14,3.9,na,13:43,na,na,11,6,7,na,na,na,na,na,na,na,,plant recorded as tangled but estimates of length given
7,Aug-2015,2015-08-05,Stryker,na,1,R,20,15,4,na,13:45,na,na,6,4,7,na,na,na,na,na,na,na,,plant recorded as tangled but estimates of length given
7,Aug-2015,2015-08-05,Stryker,na,1,R,20,15.5,3.9,na,13:47,na,na,5,4,6.5,na,na,na,na,na,na,na,,
7,Aug-2015,2015-08-05,Stryker,na,1,L,20,16,4.3,na,13:38,na,na,0,0,0,0.25,na,na,na,na,na,na,,
7,Aug-2015,2015-08-05,Stryker,na,1,L,20,16.75,3.6,na,13:39,na,P,1,na,na,na,na,na,na,na,na,na,,
7,Aug-2015,2015-08-05,Stryker,na,1,L,20,17,3.6,na,13:39,na,na,0,0,0,0.75,na,na,na,na,na,na,,
7,Aug-2015,2015-08-05,Stryker,na,1,L,20,17,3.6,na,13:39,na,na,0,0,0,0.25,na,na,na,na,na,na,,
7,Aug-2015,2015-08-05,Stryker,na,1,R,20,17,3.6,na,13:50,na,na,2,1,3.8,na,na,na,na,na,na,na,,
7,Aug-2015,2015-08-05,Stryker,na,1,L,20,19,2.9,na,13:41,na,na,8,5,1.5,na,na,na,na,na,na,na,,
7,Aug-2015,2015-08-05,Stryker,na,1,L,20,20,2.9,na,13:41,na,na,17,6,3,na,na,na,na,na,na,na,,
7,Aug-2015,2015-08-06,Triquet,na,1,R,20,8,5.2,na,11:17,1824,na,3,0,0,3.5,0,4,2,1,20,na,,
7,Aug-2015,2015-08-06,Triquet,na,1,R,20,7.5,5.2,na,11:14,2166,na,4,4,5,na,5,0,6,4,30,na,,
7,Aug-2015,2015-08-06,Triquet,na,1,R,20,0,5.1,na,11:11,na,na,7,7,7,na,na,na,na,na,na,na,,plant recorded as tangled but estimates of length given
7,Aug-2015,2015-08-06,Triquet,na,1,L,20,3.5,5.5,na,10:59,na,na,3,0,0,4.5,na,na,na,na,na,na,,
7,Aug-2015,2015-08-06,Triquet,na,1,L,20,4.5,5.4,na,10:57,na,na,3,1,3,na,na,na,na,na,na,na,,
7,Aug-2015,2015-08-06,Triquet,na,1,L,20,5,5.4,na,10:57,na,P,6,na,na,na,na,na,na,na,na,na,,
7,Aug-2015,2015-08-06,Triquet,na,1,L,20,11,5.7,na,10:55,na,na,2,0,0,2,na,na,na,na,na,na,,
7,Aug-2015,2015-08-06,Triquet,na,1,L,20,13.5,5.3,na,11:23,na,na,0,0,0,0.5,na,na,na,na,na,na,,
7,Aug-2015,2015-08-06,Triquet,na,1,R,20,19.75,5,na,11:20,na,na,1,0,0,1.5,na,na,na,na,na,na,,
8,Sep-2015,2015-09-11,Golden,na,1,L,20,0.5,7,na,10:11,507,na,9,6,13,na,10,0,21,7,80,na,,plant recorded as tangled but estimates of length given
8,Sep-2015,2015-09-11,Golden,na,1,R,20,5,6.1,na,9:59,840,na,6,2,12,na,6,2,14,7,70,na,Was 810,
8,Sep-2015,2015-09-11,Golden,na,1,R,20,5,6,na,9:53,909,na,8,3,11,na,na,na,21,10,80,na,,
8,Sep-2015,2015-09-11,Golden,na,1,L,20,4,6,na,10:17,na,na,6,0,0,5,na,na,na,na,na,na,,plant recorded as tangled but estimates of length given
8,Sep-2015,2015-09-11,Golden,na,1,L,20,5.5,6,na,10:09,na,na,2,0,0,3,na,na,na,na,na,na,,
8,Sep-2015,2015-09-13,Meay,na,1,R,20,16.5,3,na,9:55,572,na,16,12,12,na,22,1,43,13,80,na,,plant recorded as tangled but estimates of length given
8,Sep-2015,2015-09-13,Meay,na,1,L,20,0.5,3.8,na,9:48,2162,na,9,2,8,na,13,1,13,6,60,na,,plant recorded as tangled but estimates of length given
8,Sep-2015,2015-09-13,Meay,na,1,R,20,5,3.8,na,9:49,na,na,3,0,0,4,na,na,na,na,na,na,,
8,Sep-2015,2015-09-13,Meay,na,1,R,20,13,3,na,10:03,na,P,12,na,na,na,na,na,na,na,na,na,,
8,Sep-2015,2015-09-10,Simmonds,na,1,L,20,18,7,na,11:18,544,na,9,4,15,na,8,2,19,7,60,na,,plant recorded as tangled but estimates of length given
8,Sep-2015,2015-09-10,Simmonds,na,1,R,20,9.1,7.5,na,10:59,1705,na,28,14,13,na,24,12,37,27,90,na,Was 550,plant recorded as tangled but estimates of length given
8,Sep-2015,2015-09-10,Simmonds,na,1,R,20,1.2,8.2,na,10:47,na,na,2,0,0,3,na,na,na,na,na,na,,
8,Sep-2015,2015-09-10,Simmonds,na,1,L,20,4,8,na,10:49,na,na,1,0,0,2,na,na,na,na,na,na,,
8,Sep-2015,2015-09-10,Simmonds,na,1,R,20,4.5,8,na,10:51,na,na,2,0,0,3,na,na,na,na,na,na,,
8,Sep-2015,2015-09-10,Simmonds,na,1,L,20,5,7.8,na,10:52,na,T,8,na,na,na,na,na,na,na,na,na,,
8,Sep-2015,2015-09-10,Simmonds,na,1,R,20,5.5,7.5,na,10:55,na,na,6,4,5,na,na,na,na,na,na,na,,plant recorded as tangled but estimates of length given
8,Sep-2015,2015-09-10,Simmonds,na,1,R,20,5.5,8,na,10:53,na,na,8,0,0,6,na,na,na,na,na,na,,plant recorded as tangled but estimates of length given
8,Sep-2015,2015-09-10,Simmonds,na,1,L,20,10,7,na,11:10,na,na,8,3,14,na,na,na,na,na,na,na,,plant recorded as tangled but estimates of length given
8,Sep-2015,2015-09-10,Simmonds,na,1,R,20,10.5,7,na,11:12,na,na,2,0,0,4,na,na,na,na,na,na,,
8,Sep-2015,2015-09-10,Simmonds,na,1,R,20,15.5,7,na,11:13,na,na,3,1,9,na,na,na,na,na,na,na,,
8,Sep-2015,2015-09-10,Simmonds,na,1,L,20,15.8,7,na,11:14,na,na,2,1,8,na,na,na,na,na,na,na,,
8,Sep-2015,2015-09-10,Simmonds,na,1,R,20,16,7,na,11:15,na,na,1,0,0,3.5,na,na,na,na,na,na,,
8,Sep-2015,2015-09-10,Simmonds,na,1,L,20,19.5,7,na,11:37,na,na,2,1,0,na,na,na,na,na,na,na,,
8,Sep-2015,2015-09-10,Simmonds,na,1,R,20,20,6.8,na,11:36,na,na,2,0,0,5,na,na,na,na,na,na,,
8,Sep-2015,2015-09-09,Stryker,na,1,R,20,14.5,6.5,na,11:54,148,na,8,3,8,na,3,0,29,12,80,na,"used to be 249, Frond loss data messed up for this interval",plant recorded as tangled but estimates of length given
8,Sep-2015,2015-09-09,Stryker,na,1,L,20,5,8.2,na,11:57,540,na,20,8,10,na,15,2,22,18,40,na,Frond loss data messed up for this interval,plant recorded as tangled but estimates of length given
8,Sep-2015,2015-09-09,Stryker,na,1,L,20,14.5,7,na,11:32,543,na,17,10,11.25,na,na,na,17,6,60,na,Frond loss data messed up for this interval,
8,Sep-2015,2015-09-09,Stryker,na,1,L,20,4,7.3,na,11:00,559,na,8,4,8,na,3,5,14,10,65,na,Frond loss data messed up for this interval,plant recorded as tangled but estimates of length given
8,Sep-2015,2015-09-09,Stryker,na,1,L,20,14,7,na,11:45,809,na,8,3,11,na,4,2,16,8,70,na,Frond loss data messed up for this interval,
8,Sep-2015,2015-09-09,Stryker,na,1,R,20,6,8,na,11:11,841,na,13,4,7,na,14,3,18,9,60,na,Frond loss data messed up for this interval,plant recorded as tangled but estimates of length given
8,Sep-2015,2015-09-09,Stryker,na,1,R,20,11.8,7,na,11:31,125,na,13,5,8,na,20,5,23,7,30,na,"used to be 2125 and before that 558, Frond loss data messed up for this interval",plant recorded as tangled but estimates of length given
8,Sep-2015,2015-09-09,Stryker,na,1,L,20,11,8,na,11:15,na,na,8,5,3,na,na,na,14,3,75,na,,plant recorded as tangled but estimates of length given
8,Sep-2015,2015-09-09,Stryker,na,1,L,20,12,8,na,11:24,na,na,9,5,5,na,na,na,11,8,50,na,,
8,Sep-2015,2015-09-09,Stryker,na,1,R,20,14,6,na,12:08,na,na,12,3,7,na,na,na,na,na,na,na,,
8,Sep-2015,2015-09-09,Stryker,na,1,L,20,14.8,2,na,13:25,na,na,11,7,4,na,na,na,na,na,na,na,,
8,Sep-2015,2015-09-09,Stryker,na,1,L,20,15,2,na,13:21,na,na,12,9,3,na,na,na,na,na,na,na,,
8,Sep-2015,2015-09-09,Stryker,na,1,R,20,16,6,na,11:46,na,na,10,4,8,na,na,na,na,na,na,na,,
8,Sep-2015,2015-09-12,Triquet,na,1,R,20,8,7.1,na,11:32,1824,na,4,0,0,5,3,2,11,9,60,na,,
8,Sep-2015,2015-09-12,Triquet,na,1,R,20,7.5,7.1,na,11:26,2166,na,5,0,0,5,5,1,12,11,75,na,,
8,Sep-2015,2015-09-12,Triquet,na,1,R,20,0,6.9,na,11:24,na,na,8,3,8,na,na,na,na,na,na,na,,
8,Sep-2015,2015-09-12,Triquet,na,1,R,20,10.5,7.2,na,11:35,na,na,0,0,0,0.5,na,na,na,na,na,na,,
8,Sep-2015,2015-09-12,Triquet,na,1,L,20,20,6.9,na,11:36,na,na,3,1,7.5,na,na,na,na,na,na,na,,
9,May-2016,2016-05-23,Meay,OP,2,L,20,17,na,2,14:41,na,na,1,0,0,0.5,na,na,na,na,na,na,"plant is growing on the line, chose left side arbritrarily",
9,May-2016,2016-05-23,Meay,OP,1,L,20,10,na,2,14:58,2063,na,11,10,5,na,na,na,32,2,75,na,,
9,May-2016,2016-05-23,Meay,OP,1,L,20,0.5,na,2,15:03,2162,na,3,2,2,na,na,na,4,0,0,na,,
9,May-2016,2016-05-23,Meay,OP,1,L,20,18,na,2,14:45,na,na,2,0,0,1.5,na,na,na,na,na,na,,
9,May-2016,2016-05-23,Meay,OP,1,L,20,18.5,na,2,14:50,na,na,2,0,0,1.75,na,na,na,na,na,na,,
9,May-2016,2016-05-23,Meay,OP,2,L,20,18,na,2,14:32,538,na,5,2,4,na,0,8,10,0,0,na,,plant recorded as tangled but estimates of length given
9,May-2016,2016-05-23,Meay,OP,2,L,20,17.5,na,2,14:26,886,na,8,4,3,na,na,na,14,0,0,na,,plant recorded as tangled but estimates of length given
9,May-2016,2016-05-23,Meay,OP,2,L,20,17,na,2,14:24,na,na,11,7,5,na,na,na,na,na,na,na,,plant recorded as tangled but estimates of length given
9,May-2016,2016-05-23,Meay,OP,2,L,20,18.5,na,2,14:28,na,na,14,13,4.5,na,na,na,na,na,na,na,,plant recorded as tangled but estimates of length given
7,Aug-2015,2015-08-08,Meay,na,3,L,20,10.5,3.7,na,10:27,716,na,2,1,2,na,0,3,10,10,80,na,,
9,May-2016,2016-05-23,Meay,AM,3,L,20,5,na,2,13:44,1979,na,5,5,5,na,0,6,10,5,30,na,,plant recorded as tangled but estimates of length given
10,Jun-2016,2016-06-12,Meay,NR,3,L,20,5,na,2,10:09,1979,na,4,4,8,na,6,2,19,7,80,na,,plant recorded as tangled but estimates of length given
9,May-2016,2016-05-23,Meay,AM,3,L,20,6.6,na,2,14:07,na,na,2,2,6,na,na,na,na,na,na,na,,
9,May-2016,2016-05-23,Meay,OP,1,R,20,16,na,2,14:55,572,na,3,3,5,na,0,5,10,0,0,na,,
9,May-2016,2016-05-23,Meay,OP,2,R,20,4.2,na,2,14:26,1753,na,2,2,1,na,na,na,3,0,0,na,,
9,May-2016,2016-05-23,Meay,AM,3,R,20,15,na,2,14:21,2503,na,1,0,0,0.2,0,8,13,0,0,na,,
9,May-2016,2016-05-23,Meay,AM,3,R,20,10,na,2,14:18,na,na,4,3,7.5,na,na,na,na,na,na,na,,
9,May-2016,2016-05-23,Meay,AM,3,R,20,10.3,na,2,14:19,na,na,1,0,0,0.5,na,na,na,na,na,na,,
9,May-2016,2016-05-23,Meay,AM,3,R,20,10.5,na,2,14:14,na,na,2,1,2,na,na,na,na,na,na,na,,
9,May-2016,2016-05-23,Meay,AM,3,R,20,18.5,na,2,14:27,na,na,6,4,3,na,na,na,na,na,na,na,,
9,May-2016,2016-05-22,Triquet,AM,2,L,20,6,na,4,10:38,na,na,1,0,0,1.5,na,na,na,na,na,na,"plant is growing on the line, chose left side arbritrarily",
9,May-2016,2016-05-22,Triquet,AM,2,L,20,20,na,4,10:47,1996,na,4,3,7,na,0,8,na,na,na,na,used to be 2485,
9,May-2016,2016-05-22,Triquet,AM,2,L,20,10.5,na,4,10:41,2069,na,7,0,0,4,na,na,6,0,0,na,,
4,Apr-2015,2015-04-23,Triquet,na,3,L,20,14,4,na,10:49,794,na,4,0,0,2,0,4,na,na,na,na,"was 1951, no sporo counts",
9,May-2016,2016-05-22,Triquet,OP,1,R,20,8,na,4,11:22,1824,na,3,0,0,1.5,0,4,12,0,0,na,,
9,May-2016,2016-05-22,Triquet,OP,1,R,20,0,na,4,11:20,1764,na,1,0,0,0.5,na,na,7,0,0,na,,
9,May-2016,2016-05-22,Triquet,OP,1,R,20,8,na,4,11:22,na,na,0,0,0,0.25,na,na,na,na,na,na,,
9,May-2016,2016-05-22,Triquet,OP,1,R,20,10,na,4,11:26,na,na,0,0,0,0.75,na,na,na,na,na,na,,
9,May-2016,2016-05-22,Triquet,OP,1,R,20,18,na,4,11:30,na,na,1,0,0,1.5,na,na,na,na,na,na,,
4,Apr-2015,2015-04-23,Triquet,na,2,R,20,16.5,4.9,na,10:30,700,na,5,0,0,2,0,7,na,na,na,na,no sporo counts,
4,Apr-2015,2015-04-23,Triquet,na,2,R,20,17,4.8,na,10:39,2422,na,2,0,0,2.5,na,na,7,0,0,na,*Used to be 754,
9,May-2016,2016-05-22,Triquet,OP,2,R,20,1.5,na,4,10:42,1785,na,8,5,3.5,na,na,na,13,0,0,na,used to be 1782,
9,May-2016,2016-05-22,Triquet,OP,2,R,20,7,na,4,10:46,1852,na,2,0,0,1.25,0,2,4,0,0,na,,
9,May-2016,2016-05-22,Triquet,OP,2,R,20,10,na,4,10:48,na,na,1,0,0,0.75,na,na,na,na,na,na,,
9,May-2016,2016-05-22,Triquet,OP,2,R,20,12,na,4,10:50,na,na,3,0,0,1.5,na,na,na,na,na,na,,
9,May-2016,2016-05-22,Triquet,OP,2,R,20,13,na,4,10:55,na,na,2,0,0,1.5,na,na,na,na,na,na,,
9,May-2016,2016-05-22,Triquet,OP,2,R,20,15,na,4,10:56,na,na,3,0,0,2.5,na,na,na,na,na,na,,
9,May-2016,2016-05-22,Triquet,OP,2,R,20,17,na,4,10:58,na,na,3,0,0,3,na,na,na,na,na,na,,
9,May-2016,2016-05-22,Triquet,OP,2,R,20,20,na,4,11:12,na,na,3,0,0,0.75,na,na,na,na,na,na,,
9,May-2016,2016-05-22,Triquet,OP,3,R,20,1,na,4,10:21,1766,na,4,0,0,3,0,6,5,0,0,na,,
9,May-2016,2016-05-22,Triquet,OP,3,R,20,15,na,4,10:34,1949,na,8,0,0,3,1,11,11,0,0,na,used to be 2152,
9,May-2016,2016-05-22,Triquet,OP,3,R,20,11.5,na,4,10:26,na,na,2,0,0,1.75,na,na,na,na,na,na,,
9,May-2016,2016-05-22,Triquet,OP,3,R,20,15,na,4,10:36,na,na,1,0,0,1.5,na,na,na,na,na,na,,
9,May-2016,2016-05-22,Triquet,OP,3,R,20,15,na,4,10:36,na,na,2,0,0,2.5,na,na,na,na,na,na,,
9,May-2016,2016-05-22,Triquet,OP,3,R,20,15,na,4,10:36,na,P,7,0,0,3.5,na,na,na,na,na,na,,
9,May-2016,2016-05-21,Westbeach,AM,1,L,20,11,na,2,11:50,110,na,8,6,7.5,na,0,8,6,2,80,na,used to be 1732,
9,May-2016,2016-05-21,Westbeach,AM,1,L,20,14.5,na,2,11:56,1901,na,5,4,2,na,na,na,9,6,80,na,,
9,May-2016,2016-05-21,Westbeach,AM,1,L,20,2.8,na,2,11:28,na,na,2,2,4.6,na,na,na,na,na,na,na,,
9,May-2016,2016-05-21,Westbeach,AM,1,L,20,3.5,na,2,11:32,na,na,3,2,2.5,na,na,na,na,na,na,na,,
9,May-2016,2016-05-21,Westbeach,AM,1,L,20,10,na,2,11:36,na,C,3,3,2,na,na,na,na,na,na,na,,
9,May-2016,2016-05-21,Westbeach,AM,1,L,20,10.1,na,2,11:40,na,C,7,6,2,na,na,na,na,na,na,na,,
9,May-2016,2016-05-21,Westbeach,AM,1,L,20,11,na,2,11:43,na,na,3,2,9.5,na,na,na,na,na,na,na,,
9,May-2016,2016-05-21,Westbeach,AM,1,L,20,11.25,na,2,11:54,na,na,9,6,11,na,na,na,na,na,na,na,,
9,May-2016,2016-05-21,Westbeach,AM,2,L,20,0,na,2,12:24,2074,na,6,5,11,na,0,7,13,3,80,na,,
9,May-2016,2016-05-21,Westbeach,AM,2,L,20,10.6,na,2,14:14,2511,na,13,7,12,na,na,na,18,9,90,na,,
9,May-2016,2016-05-21,Westbeach,AM,2,L,20,0,na,2,12:18,na,na,3,2,9.5,na,na,na,na,na,na,na,,
9,May-2016,2016-05-21,Westbeach,AM,2,L,20,0.75,na,2,14:01,na,C,2,1,4,na,na,na,na,na,na,na,,
9,May-2016,2016-05-21,Westbeach,AM,2,L,20,1,na,2,14:06,na,na,3,2,2.5,na,na,na,na,na,na,na,,
9,May-2016,2016-05-21,Westbeach,AM,2,L,20,10.3,na,2,14:09,na,na,5,2,9,na,na,na,na,na,na,na,,
9,May-2016,2016-05-21,Westbeach,AM,2,L,20,10.75,na,2,14:22,na,na,8,6,12,na,na,na,na,na,na,na,,
9,May-2016,2016-05-21,Westbeach,AM,2,L,20,10.75,na,2,14:20,na,na,10,7,10,na,na,na,na,na,na,na,,
9,May-2016,2016-05-21,Westbeach,AM,2,L,20,19.75,na,2,14:26,na,na,11,10,14,na,na,na,na,na,na,na,,
9,May-2016,2016-05-21,Westbeach,AM,3,R,20,4.25,na,2,14:38,1991,na,8,8,14,na,0,12,13,7,80,na,plant used to be on left side of transect,
9,May-2016,2016-05-21,Westbeach,AM,3,L,20,2.8,na,2,14:32,na,na,11,8,6,na,na,na,na,na,na,na,,
9,May-2016,2016-05-21,Westbeach,AM,3,L,20,4.8,na,2,14:47,na,na,9,8,14,na,na,na,na,na,na,na,,
9,May-2016,2016-05-21,Westbeach,AM,3,L,20,10.7,na,2,14:49,na,na,3,2,8,na,na,na,na,na,na,na,,
9,May-2016,2016-05-21,Westbeach,AM,3,L,20,11.4,na,2,14:51,na,na,7,7,9,na,na,na,na,na,na,na,,
9,May-2016,2016-05-21,Westbeach,AM,3,L,20,11.75,na,2,14:54,na,na,2,1,10,na,na,na,na,na,na,na,,
9,May-2016,2016-05-21,Westbeach,AM,3,L,20,11.75,na,2,14:55,na,na,4,3,5,na,na,na,na,na,na,na,,
9,May-2016,2016-05-21,Westbeach,AM,3,L,20,12.2,na,2,14:56,na,na,3,3,6,na,na,na,na,na,na,na,,
9,May-2016,2016-05-21,Westbeach,AM,3,L,20,14,na,2,14:57,na,na,2,2,3,na,na,na,na,na,na,na,,
9,May-2016,2016-05-21,Westbeach,AM,3,L,20,15,na,2,14:58,na,na,7,6,5,na,na,na,na,na,na,na,,
9,May-2016,2016-05-21,Westbeach,AM,3,L,20,17,na,2,15:00,na,na,8,7,5,na,na,na,na,na,na,na,,
9,May-2016,2016-05-21,Westbeach,AM,3,L,20,4.25,na,2,14:45,na,na,4,3,6,na,na,na,na,na,na,na,,
9,May-2016,2016-05-21,Westbeach,OP,1,R,20,1.5,na,2,11:25,2537,na,6,5,5.5,na,na,na,10,8,50,na,*Used to be 1758,
9,May-2016,2016-05-21,Westbeach,OP,1,R,20,12.5,na,2,12:06,114,na,10,7,8.5,na,0,25,30,17,25,na,used to be 2006,
9,May-2016,2016-05-21,Westbeach,OP,1,R,20,1.5,na,2,11:32,na,na,6,5,6.5,na,na,na,na,na,na,na,,
9,May-2016,2016-05-21,Westbeach,OP,1,R,20,1.7,na,2,11:35,na,na,2,1,3,na,na,na,na,na,na,na,,
9,May-2016,2016-05-21,Westbeach,OP,1,R,20,2,na,2,11:37,na,na,3,2,2.5,na,na,na,na,na,na,na,,
9,May-2016,2016-05-21,Westbeach,OP,1,R,20,2.1,na,2,11:38,na,na,19,10,8.5,na,na,na,na,na,na,na,,
9,May-2016,2016-05-21,Westbeach,OP,1,R,20,2.8,na,2,11:42,na,na,1,0,0,0.5,na,na,na,na,na,na,,
9,May-2016,2016-05-21,Westbeach,OP,1,R,20,2.8,na,2,11:42,na,na,1,0,0,0.5,na,na,na,na,na,na,,
9,May-2016,2016-05-21,Westbeach,OP,1,R,20,2.8,na,2,11:42,na,na,4,3,4.5,na,na,na,na,na,na,na,,
9,May-2016,2016-05-21,Westbeach,OP,1,R,20,3.1,na,2,11:47,na,na,1,0,0,0.5,na,na,na,na,na,na,,
9,May-2016,2016-05-21,Westbeach,OP,1,R,20,3.2,na,2,11:47,na,na,5,4,4,na,na,na,na,na,na,na,,
9,May-2016,2016-05-21,Westbeach,OP,1,R,20,3.5,na,2,11:48,na,na,9,7,7,na,na,na,na,na,na,na,,
9,May-2016,2016-05-21,Westbeach,OP,1,R,20,4,na,2,11:54,na,na,19,11,7.5,na,na,na,na,na,na,na,,
9,May-2016,2016-05-21,Westbeach,OP,1,R,20,8.6,na,2,11:58,na,na,9,6,3,na,na,na,na,na,na,na,,
9,May-2016,2016-05-21,Westbeach,OP,1,R,20,10.3,na,2,12:00,na,na,1,0,0,1.5,na,na,na,na,na,na,,
9,May-2016,2016-05-21,Westbeach,OP,1,R,20,10.3,na,2,12:00,na,na,1,0,0,1.5,na,na,na,na,na,na,,
9,May-2016,2016-05-21,Westbeach,OP,1,R,20,11.5,na,2,12:02,na,na,12,10,10.5,na,na,na,na,na,na,na,,
9,May-2016,2016-05-21,Westbeach,OP,1,R,20,13.8,na,2,12:08,na,na,4,1,2.5,na,na,na,na,na,na,na,,
9,May-2016,2016-05-21,Westbeach,OP,1,R,20,14.2,na,2,12:12,na,na,17,13,9,na,na,na,na,na,na,na,,
9,May-2016,2016-05-21,Westbeach,AM,2,R,20,11.5,na,2,15:39,1935,na,3,3,7,na,na,na,8,0,0,na,,
9,May-2016,2016-05-21,Westbeach,NR,2,R,20,8,na,2,14:18,2008,na,5,4,7.5,na,0,10,14,0,0,na,,
9,May-2016,2016-05-21,Westbeach,NR,2,R,20,0.5,na,2,14:06,na,na,5,4,11.75,na,na,na,na,na,na,na,,
9,May-2016,2016-05-21,Westbeach,NR,2,R,20,6,na,2,14:08,na,na,5,1,5,na,na,na,na,na,na,na,,
9,May-2016,2016-05-21,Westbeach,NR,2,R,20,7,na,2,14:29,na,na,3,2,8,na,na,na,na,na,na,na,,
9,May-2016,2016-05-21,Westbeach,NR,2,R,20,7.5,na,2,14:33,na,na,3,3,12.25,na,na,na,na,na,na,na,,
9,May-2016,2016-05-21,Westbeach,NR,2,R,20,8.5,na,2,14:37,na,na,5,4,14.3,na,na,na,na,na,na,na,,
9,May-2016,2016-05-21,Westbeach,NR,2,R,20,9.5,na,2,14:46,na,na,4,3,7.5,na,na,na,na,na,na,na,,
9,May-2016,2016-05-21,Westbeach,NR,2,R,20,9.5,na,2,15:01,na,na,5,5,8,na,na,na,na,na,na,na,,
9,May-2016,2016-05-21,Westbeach,NR,2,R,20,9.5,na,2,14:45,na,na,7,1,3,na,na,na,na,na,na,na,,
9,May-2016,2016-05-21,Westbeach,NR,2,R,20,9.5,na,2,14:55,na,na,9,9,14,na,na,na,na,na,na,na,,
9,May-2016,2016-05-21,Westbeach,NR,2,R,20,10,na,2,15:07,na,na,8,7,11,na,na,na,na,na,na,na,,
9,May-2016,2016-05-21,Westbeach,NR,2,R,20,10,na,2,15:04,na,na,11,8,12,na,na,na,na,na,na,na,,
9,May-2016,2016-05-21,Westbeach,AM,2,R,20,10.4,na,2,15:39,na,na,3,2,3,na,na,na,na,na,na,na,,
9,May-2016,2016-05-21,Westbeach,AM,2,R,20,10.8,na,2,15:39,na,na,3,2,3,na,na,na,na,na,na,na,,
9,May-2016,2016-05-21,Westbeach,AM,2,R,20,10.8,na,2,15:39,na,na,3,2,3,na,na,na,na,na,na,na,,
9,May-2016,2016-05-21,Westbeach,NR,2,R,20,11,na,2,15:44,na,na,2,2,4.5,na,na,na,na,na,na,na,,
9,May-2016,2016-05-21,Westbeach,AM,2,R,20,11.2,na,2,15:39,na,na,1,0,0,0.75,na,na,na,na,na,na,,
9,May-2016,2016-05-21,Westbeach,OP,3,R,20,8.3,na,2,11:36,1810,na,7,6,5,na,na,na,46,20,95,na,finish surveying 2016-05-27,
9,May-2016,2016-05-21,Westbeach,OP,3,R,20,13,na,2,11:26,1987,na,3,3,4,na,na,na,31,17,95,na,finish surveying 2016-05-27,
9,May-2016,2016-05-21,Westbeach,DVM,3,R,20,3,na,2,11:30,2000,na,3,3,3.5,na,0,6,12,0,0,na,"used to be 1962, finish surveying 2016-05-27",
9,May-2016,2016-05-21,Westbeach,DVM,3,R,20,7.75,na,2,11:38,na,na,29,28,11.75,na,na,na,na,na,na,na,finish surveying 2016-05-27,
9,May-2016,2016-05-21,Westbeach,DVM,3,R,20,8,na,2,11:40,na,na,9,8,12.5,na,na,na,na,na,na,na,finish surveying 2016-05-27,
9,May-2016,2016-05-21,Westbeach,OP,3,R,20,10,na,2,11:34,na,P,6,na,na,na,na,na,na,na,na,na,finish surveying 2016-05-27,
10,Jun-2016,2016-06-12,Meay,OP,2,L,20,11,na,2,9:52,na,na,2,1,6,na,na,na,na,na,na,na,"plant is growing on the line, chose left side arbritrarily",plant recorded as tangled but estimates of length given
10,Jun-2016,2016-06-12,Meay,OP,2,L,20,18.5,na,2,9:50,na,na,7,7,8,na,na,na,na,na,na,na,"plant is growing on the line, chose left side arbritrarily",
10,Jun-2016,2016-06-12,Meay,OP,1,L,20,10,na,2,9:00,2063,na,8,7,3,na,na,na,47,40,80,na,,plant recorded as tangled but estimates of length given
10,Jun-2016,2016-06-12,Meay,OP,1,L,20,0.5,na,2,8:51,2162,na,3,3,2,na,na,na,5,2,60,na,,plant recorded as tangled but estimates of length given
10,Jun-2016,2016-06-12,Meay,OP,1,L,20,10,na,2,9:10,na,na,10,7,3,na,na,na,na,na,na,na,,plant recorded as tangled but estimates of length given
10,Jun-2016,2016-06-12,Meay,OP,1,L,20,10.5,na,2,9:12,na,na,2,1,5.5,na,na,na,na,na,na,na,,plant recorded as tangled but estimates of length given
10,Jun-2016,2016-06-12,Meay,OP,1,L,20,16.3,na,2,9:15,na,na,11,9,8,na,na,na,na,na,na,na,,plant recorded as tangled but estimates of length given
10,Jun-2016,2016-06-12,Meay,OP,1,L,20,18,na,2,9:17,na,na,3,2,5,na,na,na,na,na,na,na,,plant recorded as tangled but estimates of length given
10,Jun-2016,2016-06-12,Meay,OP,1,L,20,18.1,na,2,9:19,na,na,4,2,3,na,na,na,na,na,na,na,,plant recorded as tangled but estimates of length given
10,Jun-2016,2016-06-12,Meay,OP,2,L,20,18,na,2,9:42,538,na,6,5,8,na,8,0,11,2,80,na,,plant recorded as tangled but estimates of length given
1,May-2014,2014-05-29,Meay,na,2,L,20,5.5,5.1,na,14:45-16:00,570,na,11,5,8,na,na,na,na,na,na,3.95,no sporo counts,
10,Jun-2016,2016-06-12,Meay,OP,2,L,20,17.5,na,2,9:40,886,na,5,4,8,na,na,na,11,0,0,na,,plant recorded as tangled but estimates of length given
10,Jun-2016,2016-06-12,Meay,OP,2,L,20,5.1,na,2,9:30,na,na,4,4,5,na,na,na,na,na,na,na,,plant recorded as tangled but estimates of length given
10,Jun-2016,2016-06-12,Meay,OP,2,L,20,18,na,2,9:32,na,na,1,0,0,1,na,na,na,na,na,na,,
10,Jun-2016,2016-06-12,Meay,OP,2,L,20,18,na,2,9:36,na,na,13,10,8,na,na,na,na,na,na,na,,plant recorded as tangled but estimates of length given
10,Jun-2016,2016-06-12,Meay,OP,2,L,20,18.5,na,2,9:48,na,na,2,2,5,na,na,na,na,na,na,na,,
10,Jun-2016,2016-06-12,Meay,OP,2,L,20,18.5,na,2,9:46,na,na,4,4,5,na,na,na,na,na,na,na,,
8,Sep-2015,2015-09-13,Meay,na,3,L,20,10.5,2.2,na,10:01,716,na,2,2,8,na,3,0,11,10,60,na,,plant recorded as tangled but estimates of length given
11,Aug-2016,2016-08-15,Meay,AM,3,L,20,5,na,2,10:30,1979,na,4,1,3,na,4,3,13,10,100,na,,
12,Sep-2016,2016-09-07,Meay,OP,3,L,20,5,na,2,9:45,1979,na,4,1,2,na,6,0,19,0,0,na,,
10,Jun-2016,2016-06-12,Meay,OP,3,L,20,5,na,2,10:00,na,na,3,3,5,na,na,na,na,na,na,na,,plant recorded as tangled but estimates of length given
10,Jun-2016,2016-06-12,Meay,NR,1,R,20,16,na,2,9:28,572,na,4,3,10,na,5,1,7,1,30,na,,plant recorded as tangled but estimates of length given
10,Jun-2016,2016-06-12,Meay,NR,1,R,20,5,na,2,9:19,1747,na,12,11,12,na,0,19,8,4,50,na,,
10,Jun-2016,2016-06-12,Meay,NR,1,R,20,12,na,2,9:28,na,na,2,0,0,1.5,na,na,na,na,na,na,,
10,Jun-2016,2016-06-12,Meay,NR,2,R,20,4.2,na,2,9:38,1753,na,2,2,4,na,na,na,2,0,0,na,,
10,Jun-2016,2016-06-12,Meay,NR,3,R,20,8,na,2,9:48,2122,na,5,4,9,na,na,na,7,1,30,na,,plant recorded as tangled but estimates of length given
10,Jun-2016,2016-06-12,Meay,NR,3,R,20,15,na,2,9:57,2503,na,7,2,5,na,8,1,10,0,0,na,,
10,Jun-2016,2016-06-12,Meay,NR,3,R,20,9.8,na,2,9:54,na,na,3,3,7,na,na,na,na,na,na,na,,plant recorded as tangled but estimates of length given
10,Jun-2016,2016-06-11,Triquet,OP,2,L,20,8.5,na,4,11:56,na,na,1,0,0,1.5,na,na,na,na,na,na,"plant is growing on the line, chose left side arbritrarily",
10,Jun-2016,2016-06-11,Triquet,NR,1,L,20,4,na,4,12:45,na,na,6,2,5.5,na,na,na,na,na,na,na,,
10,Jun-2016,2016-06-11,Triquet,NR,1,L,20,10,na,4,12:50,na,na,2,0,0,3,na,na,na,na,na,na,,
10,Jun-2016,2016-06-11,Triquet,NR,2,L,20,11,na,4,12:16,1859,na,2,1,5,na,0,5,3,0,0,na,,
10,Jun-2016,2016-06-11,Triquet,NR,2,L,20,20,na,4,12:00,1996,na,5,3,8.75,na,5,0,15,5,30,na,used to be 2485,
10,Jun-2016,2016-06-11,Triquet,NR,2,L,20,10.5,na,4,12:23,2069,na,9,5,7,na,na,na,na,na,na,na,sporo counts missing,
5,May-2015,2015-05-22,Triquet,na,3,L,20,14,3.9,na,10:43,794,na,3,1,0.25,na,4,2,na,na,na,na,"was 1951, no sporo counts",
10,Jun-2016,2016-06-11,Triquet,OP,1,R,20,8,na,4,12:24,1824,na,3,0,0,2.5,3,0,11,0,0,na,,
10,Jun-2016,2016-06-11,Triquet,OP,1,R,20,0,na,4,12:22,1764,na,1,0,0,1.5,na,na,7,0,0,na,,
10,Jun-2016,2016-06-11,Triquet,OP,1,R,20,10.2,na,4,12:26,na,na,3,0,0,1.5,na,na,na,na,na,na,,
10,Jun-2016,2016-06-11,Triquet,OP,1,R,20,11,na,4,12:28,na,na,1,0,0,0.75,na,na,na,na,na,na,,
10,Jun-2016,2016-06-11,Triquet,OP,1,R,20,11,na,4,12:28,na,na,2,0,0,1.5,na,na,na,na,na,na,,
10,Jun-2016,2016-06-11,Triquet,OP,1,R,20,13.5,na,4,12:30,na,na,1,0,0,0.5,na,na,na,na,na,na,,
10,Jun-2016,2016-06-11,Triquet,OP,1,R,20,19,na,4,12:32,na,na,2,0,0,1.25,na,na,na,na,na,na,,
10,Jun-2016,2016-06-11,Triquet,OP,1,R,20,20,na,4,12:34,na,na,2,0,0,0.75,na,na,na,na,na,na,,
5,May-2015,2015-05-22,Triquet,na,2,R,20,16.5,4.4,na,10:36,700,na,4,2,6.5,na,7,2,na,na,na,na,no sporo counts,
5,May-2015,2015-05-22,Triquet,na,2,R,20,17,4.3,na,10:38,2422,na,2,0,0,3,na,na,10,5,20,na,*Used to be 754,
10,Jun-2016,2016-06-11,Triquet,OP,2,R,20,1.5,na,4,11:51,1785,na,11,7,3.5,na,na,na,26,9,25,na,used to be 1782,
10,Jun-2016,2016-06-11,Triquet,OP,2,R,20,7,na,4,11:56,1852,na,2,0,0,2,2,0,4,0,0,na,,
10,Jun-2016,2016-06-11,Triquet,OP,2,R,20,4,na,4,11:56,na,na,1,0,0,0.75,na,na,na,na,na,na,,
10,Jun-2016,2016-06-11,Triquet,OP,2,R,20,8,na,4,12:25,na,na,1,0,0,0.5,na,na,na,na,na,na,,
10,Jun-2016,2016-06-11,Triquet,OP,2,R,20,10,na,4,11:58,na,na,1,0,0,1.25,na,na,na,na,na,na,,
10,Jun-2016,2016-06-11,Triquet,OP,2,R,20,11.5,na,4,12:00,na,na,4,0,0,2.5,na,na,na,na,na,na,,
10,Jun-2016,2016-06-11,Triquet,OP,2,R,20,13,na,4,12:02,na,na,3,0,0,2,na,na,na,na,na,na,,
10,Jun-2016,2016-06-11,Triquet,OP,2,R,20,15,na,4,12:04,na,na,4,0,0,3,na,na,na,na,na,na,,
10,Jun-2016,2016-06-11,Triquet,OP,2,R,20,16,na,4,12:06,na,na,4,2,1,na,na,na,na,na,na,na,,
10,Jun-2016,2016-06-11,Triquet,OP,2,R,20,20,na,4,12:20,na,na,3,0,0,2.5,na,na,na,na,na,na,,
10,Jun-2016,2016-06-11,Triquet,OP,3,R,20,1,na,4,12:42,1766,na,4,0,0,3.5,6,0,11,0,0,na,,
10,Jun-2016,2016-06-11,Triquet,OP,3,R,20,15,na,4,12:50,1949,na,9,1,1,na,10,1,13,0,0,na,used to be 2152,
10,Jun-2016,2016-06-11,Triquet,OP,3,R,20,12,na,4,12:48,na,na,1,0,0,0.75,na,na,na,na,na,na,,
10,Jun-2016,2016-06-11,Triquet,OP,3,R,20,12,na,4,12:48,na,na,2,0,0,1,na,na,na,na,na,na,,
10,Jun-2016,2016-06-11,Triquet,OP,3,R,20,15,na,4,12:56,na,na,7,5,9,na,na,na,na,na,na,na,,
10,Jun-2016,2016-06-11,Triquet,OP,3,R,20,15,na,4,12:57,na,na,7,7,9,na,na,na,na,na,na,na,,
10,Jun-2016,2016-06-17,Westbeach,DVM,1,L,20,11,na,2,13:30,110,na,10,10,27,na,8,3,35,12,25,na,used to be 1732,
10,Jun-2016,2016-06-17,Westbeach,DVM,1,L,20,14.5,na,2,14:00,1901,na,6,5,14,na,na,na,11,3,50,na,why so high?,
10,Jun-2016,2016-06-17,Westbeach,DVM,1,L,20,3.25,na,2,13:42,na,na,2,2,9,na,na,na,na,na,na,na,why so high?,
10,Jun-2016,2016-06-17,Westbeach,DVM,1,L,20,10,na,2,13:44,na,na,6,4,11,na,na,na,na,na,na,na,why so high?,
10,Jun-2016,2016-06-17,Westbeach,DVM,1,L,20,10.2,na,2,13:45,na,na,9,6,8,na,na,na,na,na,na,na,why so high?,
10,Jun-2016,2016-06-17,Westbeach,DVM,1,L,20,11.75,na,2,13:58,na,na,28,27,17,na,na,na,na,na,na,na,why so high?,plant recorded as tangled but estimates of length given
10,Jun-2016,2016-06-17,Westbeach,KH,2,L,20,0,na,2,13:13,2074,na,8,7,9,na,6,6,16,4,75,na,,
10,Jun-2016,2016-06-17,Westbeach,KH,2,L,20,10.6,na,2,13:51,2511,na,19,19,10,na,na,na,26,6,80,na,,
10,Jun-2016,2016-06-17,Westbeach,KH,2,L,20,0,na,2,13:05,na,na,5,4,9,na,na,na,na,na,na,na,,
10,Jun-2016,2016-06-17,Westbeach,KH,2,L,20,0.8,na,2,13:29,na,C,2,1,3,na,na,na,na,na,na,na,,
10,Jun-2016,2016-06-17,Westbeach,KH,2,L,20,1.2,na,2,13:30,na,C,0,0,0,0.5,na,na,na,na,na,na,,
10,Jun-2016,2016-06-17,Westbeach,KH,2,L,20,4.5,na,2,13:33,na,na,4,4,3,na,na,na,na,na,na,na,,
10,Jun-2016,2016-06-17,Westbeach,KH,2,L,20,10.4,na,2,13:37,na,na,5,4,2,na,na,na,na,na,na,na,,
10,Jun-2016,2016-06-17,Westbeach,KH,2,L,20,10.5,na,2,13:40,na,na,2,1,7,na,na,na,na,na,na,na,,
10,Jun-2016,2016-06-17,Westbeach,KH,2,L,20,10.5,na,2,13:42,na,na,3,2,2,na,na,na,na,na,na,na,,plant recorded as tangled but estimates of length given
10,Jun-2016,2016-06-17,Westbeach,KH,2,L,20,10.7,na,2,14:04,na,na,5,4,9,na,na,na,na,na,na,na,,
10,Jun-2016,2016-06-17,Westbeach,KH,2,L,20,10.7,na,2,14:00,na,na,13,8,9,na,na,na,na,na,na,na,,
10,Jun-2016,2016-06-17,Westbeach,KH,2,L,20,20,na,2,14:10,na,na,17,4,10,na,na,na,na,na,na,na,,plant recorded as tangled but estimates of length given
10,Jun-2016,2016-06-17,Westbeach,DVM,3,R,20,4.25,na,2,13:10,1991,na,11,9,16,na,8,3,22,5,75,na,plant used to be on left side of transect,
10,Jun-2016,2016-06-17,Westbeach,DVM,3,L,20,2.9,na,2,13:02,na,na,14,11,16,na,na,na,na,na,na,na,why so high?,
10,Jun-2016,2016-06-17,Westbeach,DVM,3,L,20,4.3,na,2,13:19,na,na,6,5,15,na,na,na,na,na,na,na,why so high?,
10,Jun-2016,2016-06-17,Westbeach,DVM,3,L,20,4.75,na,2,13:20,na,na,10,8,21,na,na,na,na,na,na,na,why so high?,
10,Jun-2016,2016-06-17,Westbeach,DVM,3,L,20,7.5,na,2,13:24,na,na,8,7,20,na,na,na,na,na,na,na,why so high?,
10,Jun-2016,2016-06-17,Westbeach,DVM,3,L,20,10.5,na,2,13:27,na,na,3,3,19,na,na,na,na,na,na,na,why so high?,
10,Jun-2016,2016-06-17,Westbeach,DVM,3,L,20,11.5,na,2,13:30,na,na,8,8,14,na,na,na,na,na,na,na,why so high?,
10,Jun-2016,2016-06-17,Westbeach,DVM,3,L,20,11.8,na,2,13:32,na,na,8,7,17,na,na,na,na,na,na,na,why so high?,
10,Jun-2016,2016-06-17,Westbeach,DVM,3,L,20,12,na,2,13:35,na,na,5,5,15,na,na,na,na,na,na,na,why so high?,
10,Jun-2016,2016-06-17,Westbeach,DVM,3,L,20,14,na,2,13:36,na,na,3,3,16,na,na,na,na,na,na,na,why so high?,
10,Jun-2016,2016-06-17,Westbeach,DVM,3,L,20,14.25,na,2,13:37,na,na,1,1,4,na,na,na,na,na,na,na,why so high?,
10,Jun-2016,2016-06-17,Westbeach,DVM,3,L,20,17.25,na,2,13:38,na,na,14,9,11,na,na,na,na,na,na,na,why so high?,
10,Jun-2016,2016-06-17,Westbeach,OP,1,R,20,1.5,na,2,12:56,2537,na,6,5,7,na,na,na,26,22,90,na,*Used to be 1758,
10,Jun-2016,2016-06-17,Westbeach,OP,1,R,20,12.5,na,2,13:50,114,na,15,12,8,na,22,5,39,34,100,na,used to be 2006,
10,Jun-2016,2016-06-17,Westbeach,OP,1,R,20,1.5,na,2,12:58,na,na,7,5,7,na,na,na,na,na,na,na,,
10,Jun-2016,2016-06-17,Westbeach,OP,1,R,20,2,na,2,13:10,na,na,4,4,3.5,na,na,na,na,na,na,na,,
10,Jun-2016,2016-06-17,Westbeach,OP,1,R,20,2.1,na,2,13:14,na,na,3,2,5,na,na,na,na,na,na,na,,
10,Jun-2016,2016-06-17,Westbeach,OP,1,R,20,2.1,na,2,13:12,na,na,4,3,7,na,na,na,na,na,na,na,,
10,Jun-2016,2016-06-17,Westbeach,OP,1,R,20,2.2,na,2,13:20,na,na,4,3,7,na,na,na,na,na,na,na,,
10,Jun-2016,2016-06-17,Westbeach,OP,1,R,20,2.2,na,2,13:22,na,na,8,6,11,na,na,na,na,na,na,na,,
10,Jun-2016,2016-06-17,Westbeach,OP,1,R,20,3,na,2,13:24,na,na,4,4,6,na,na,na,na,na,na,na,,
10,Jun-2016,2016-06-17,Westbeach,OP,1,R,20,3.4,na,2,13:26,na,na,5,4,7,na,na,na,na,na,na,na,,
10,Jun-2016,2016-06-17,Westbeach,OP,1,R,20,3.5,na,2,13:30,na,na,3,2,9,na,na,na,na,na,na,na,,
10,Jun-2016,2016-06-17,Westbeach,OP,1,R,20,3.5,na,2,13:28,na,na,4,3,6,na,na,na,na,na,na,na,,
10,Jun-2016,2016-06-17,Westbeach,OP,1,R,20,3.5,na,2,13:37,na,na,6,5,8,na,na,na,na,na,na,na,,
10,Jun-2016,2016-06-17,Westbeach,OP,1,R,20,4.5,na,2,13:34,na,na,7,5,6,na,na,na,na,na,na,na,,
10,Jun-2016,2016-06-17,Westbeach,OP,1,R,20,4.5,na,2,13:34,na,na,8,7,5.5,na,na,na,na,na,na,na,,
10,Jun-2016,2016-06-17,Westbeach,OP,1,R,20,4.75,na,2,13:36,na,na,5,4,6,na,na,na,na,na,na,na,,
10,Jun-2016,2016-06-17,Westbeach,OP,1,R,20,8.75,na,2,13:40,na,na,8,8,5,na,na,na,na,na,na,na,,plant recorded as tangled but estimates of length given
10,Jun-2016,2016-06-17,Westbeach,OP,1,R,20,11.75,na,2,13:42,na,na,3,3,4,na,na,na,na,na,na,na,,
10,Jun-2016,2016-06-17,Westbeach,OP,1,R,20,11.75,na,2,13:44,na,na,11,9,8,na,na,na,na,na,na,na,,
10,Jun-2016,2016-06-17,Westbeach,OP,1,R,20,12.5,na,2,13:56,na,P,3,2,4.5,na,na,na,na,na,na,na,,
10,Jun-2016,2016-06-17,Westbeach,OP,1,R,20,13.75,na,2,13:58,na,na,5,3,3.5,na,na,na,na,na,na,na,,
10,Jun-2016,2016-06-17,Westbeach,OP,1,R,20,14.2,na,2,14:00,na,na,8,7,7,na,na,na,na,na,na,na,,plant recorded as tangled but estimates of length given
10,Jun-2016,2016-06-17,Westbeach,OP,1,R,20,14.2,na,2,14:10,na,na,18,8,7,na,na,na,na,na,na,na,,plant recorded as tangled but estimates of length given
10,Jun-2016,2016-06-17,Westbeach,OP,1,R,20,17,na,2,13:06,na,na,4,2,2.5,na,na,na,na,na,na,na,,
10,Jun-2016,2016-06-17,Westbeach,DVM,2,R,20,11.5,na,2,14:20,1935,na,8,7,6,na,na,na,0,0,0,na,,
10,Jun-2016,2016-06-17,Westbeach,DVM,2,R,20,8,na,2,14:13,2008,na,8,5,17,na,8,1,12,0,0,na,,
10,Jun-2016,2016-06-17,Westbeach,DVM,2,R,20,0.5,na,2,14:11,na,na,4,4,25,na,na,na,na,na,na,na,why so high?,
10,Jun-2016,2016-06-17,Westbeach,DVM,2,R,20,8,na,2,14:19,na,na,8,7,12,na,na,na,na,na,na,na,why so high?,
10,Jun-2016,2016-06-17,Westbeach,DVM,2,R,20,9.75,na,2,14:21,na,na,6,4,19,na,na,na,na,na,na,na,why so high?,
10,Jun-2016,2016-06-17,Westbeach,DVM,2,R,20,9.9,na,2,14:24,na,na,44,38,14,na,na,na,na,na,na,na,why so high?,plant recorded as tangled but estimates of length given
10,Jun-2016,2016-06-17,Westbeach,DVM,2,R,20,10.23,na,2,14:26,na,na,2,2,9,na,na,na,na,na,na,na,why so high?,
10,Jun-2016,2016-06-17,Westbeach,DVM,2,R,20,10.3,na,2,14:28,na,na,3,2,6,na,na,na,na,na,na,na,why so high?,
10,Jun-2016,2016-06-17,Westbeach,DVM,2,R,20,10.9,na,2,14:30,na,na,12,12,8,na,na,na,na,na,na,na,why so high?,
10,Jun-2016,2016-06-17,Westbeach,OP,3,R,20,8.3,na,2,16:20,1810,na,9,6,6,na,na,na,48,36,100,na,,plant recorded as tangled but estimates of length given
10,Jun-2016,2016-06-17,Westbeach,OP,3,R,20,13,na,2,14:14,1987,na,7,4,5.5,na,na,na,36,23,100,na,,
10,Jun-2016,2016-06-17,Westbeach,OP,3,R,20,3,na,2,16:25,2000,na,3,3,7,na,6,2,15,5,90,na,used to be 1963,
10,Jun-2016,2016-06-17,Westbeach,OP,3,R,20,8.2,na,2,16:14,na,na,12,12,6,na,na,na,na,na,na,na,,
10,Jun-2016,2016-06-17,Westbeach,OP,3,R,20,8.2,na,2,16:14,na,na,23,18,6,na,na,na,na,na,na,na,,
10,Jun-2016,2016-06-17,Westbeach,OP,3,R,20,10.5,na,2,14:20,na,P,6,4,5.5,na,na,na,na,na,na,na,,
10,Jun-2016,2016-06-17,Westbeach,OP,3,R,20,14.2,na,2,14:12,na,na,5,5,3,na,na,na,na,na,na,na,,
10,Jun-2016,2016-06-17,Westbeach,OP,3,R,20,14.4,na,2,14:14,na,na,2,1,2,na,na,na,na,na,na,na,,
11,Aug-2016,2016-08-29,Golden,OP,1,L,20,0_20,na,4,na,na,na,0,na,na,na,na,na,0,0,0,na,"no vegetation (no macro, no holfast)",
11,Aug-2016,2016-08-29,Golden,OP,2,L,20,0_20,na,4,na,na,na,0,na,na,na,na,na,0,0,0,na,"no vegetation (no macro, no holfast)",
11,Aug-2016,2016-08-29,Golden,OP,3,L,20,0_20,na,4,na,na,na,0,na,na,na,na,na,0,0,0,na,"no vegetation (no macro, no holfast)",
11,Aug-2016,2016-08-29,Golden,OP,1,R,20,0_20,na,4,na,na,na,0,na,na,na,na,na,0,0,0,na,"no vegetation (no macro, no holfast)",
11,Aug-2016,2016-08-29,Golden,OP,2,R,20,0_20,na,4,na,na,na,0,na,na,na,na,na,0,0,0,na,"no vegetation (no macro, no holfast)",
11,Aug-2016,2016-08-29,Golden,OP,3,R,20,0_20,na,4,na,na,na,0,na,na,na,na,na,0,0,0,na,"no vegetation (no macro, no holfast)",
11,Aug-2016,2016-08-15,Meay,AM,1,L,20,10,na,2,10:45,2063,na,19,14,8,na,na,na,22,20,100,na,,
11,Aug-2016,2016-08-15,Meay,AM,1,L,20,17,na,2,10:45,na,na,14,13,6,na,na,na,na,na,na,na,,plant recorded as tangled but estimates of length given
11,Aug-2016,2016-08-15,Meay,AM,1,L,20,18,na,2,10:45,na,na,6,6,7.5,na,na,na,na,na,na,na,,
11,Aug-2016,2016-08-15,Meay,AM,1,L,20,18.1,na,2,10:45,na,na,5,5,7,na,na,na,na,na,na,na,,
11,Aug-2016,2016-08-15,Meay,AM,2,L,20,18,na,2,10:30,538,na,8,8,3,na,6,3,17,15,100,na,,
11,Aug-2016,2016-08-15,Meay,AM,2,L,20,17.5,na,2,10:30,886,na,6,4,5,na,na,na,12,4,50,na,,
11,Aug-2016,2016-08-15,Meay,AM,2,L,20,17,na,2,10:30,na,na,6,6,3.5,na,na,na,na,na,na,na,,
11,Aug-2016,2016-08-15,Meay,AM,2,L,20,17.3,na,2,10:30,na,na,18,17,7,na,na,na,na,na,na,na,,plant recorded as tangled but estimates of length given
11,Aug-2016,2016-08-15,Meay,AM,2,L,20,18.1,na,2,10:30,na,na,15,14,7,na,na,na,na,na,na,na,,plant recorded as tangled but estimates of length given
9,May-2016,2016-05-23,Meay,AM,3,L,20,10.5,na,2,13:58,716,na,11,10,6.3,na,na,na,11,0,0,na,,
13,Nov-2016,2016-11-13,Meay,AM,3,L,20,5,na,2,13:00,1979,C,1,1,1,na,4,0,9,8,100,na,all plants are missing blades (only stalks left),
9,May-2016,2016-05-23,Meay,AM,3,L,20,5,na,2,14:08,2109,na,5,5,2,na,na,na,9,6,90,na,,
11,Aug-2016,2016-08-15,Meay,AM,3,L,20,10,na,2,10:30,na,na,4,3,8,na,na,na,na,na,na,na,,
11,Aug-2016,2016-08-15,Meay,OP,1,R,20,16,na,2,9:50,572,na,4,4,8,na,4,2,24,22,100,na,,plant recorded as tangled but estimates of length given
11,Aug-2016,2016-08-15,Meay,OP,1,R,20,5,na,2,9:50,1747,na,13,13,9,na,13,5,16,14,75,na,,plant recorded as tangled but estimates of length given
11,Aug-2016,2016-08-15,Meay,OP,1,R,20,8,na,2,9:50,na,na,1,1,0,na,na,na,na,na,na,na,,
11,Aug-2016,2016-08-15,Meay,OP,1,R,20,11.5,na,2,9:50,na,na,4,4,3,na,na,na,na,na,na,na,,
11,Aug-2016,2016-08-15,Meay,OP,2,R,20,4.2,na,2,10:20,1753,na,5,4,6,na,na,na,7,7,50,na,,plant recorded as tangled but estimates of length given
11,Aug-2016,2016-08-15,Meay,OP,2,R,20,12,na,2,10:20,na,na,1,1,0,na,na,na,na,na,na,na,,
11,Aug-2016,2016-08-15,Meay,OP,3,R,20,8,na,2,10:20,2122,na,12,10,9,na,na,na,19,17,100,na,,plant recorded as tangled but estimates of length given
11,Aug-2016,2016-08-15,Meay,OP,3,R,20,15,na,2,10:20,2503,na,3,3,2,na,3,6,24,0,0,na,,
11,Aug-2016,2016-08-15,Meay,OP,3,R,20,8,na,2,10:20,na,na,14,13,9,na,na,na,na,na,na,na,,
11,Aug-2016,2016-08-15,Meay,OP,3,R,20,11,na,2,10:20,na,na,1,1,1,na,na,na,na,na,na,na,,
11,Aug-2016,2016-08-15,Meay,OP,3,R,20,11,na,2,10:20,na,na,1,1,2.5,na,na,na,na,na,na,na,,
11,Aug-2016,2016-08-15,Meay,OP,3,R,20,11,na,2,10:20,na,na,3,2,7,na,na,na,na,na,na,na,,
11,Aug-2016,2016-08-29,Stryker,KH,1,L,20,20,na,4,10:45,na,na,4,2,2.5,na,0,21,5,4,70,na,tag 135,
11,Aug-2016,2016-08-29,Stryker,KH,1,L,20,6,na,4,10:39,na,na,16,10,15.5,na,0,12,4,3,75,na,tag 1694,
11,Aug-2016,2016-08-29,Stryker,KH,1,L,20,4,na,4,10:16,na,na,5,2,3.5,na,1,4,2,2,100,na,present but has no number tag,
11,Aug-2016,2016-08-29,Stryker,KH,1,L,20,5,na,4,10:28,na,C,0,0,0,0.2,1,1,0,0,0,na,only holdfast and small cut frond left (also no number tag),
11,Aug-2016,2016-08-29,Stryker,KH,1,L,20,9,na,4,10:32,na,na,3,1,2.5,na,na,na,na,na,na,na,,
11,Aug-2016,2016-08-29,Stryker,KH,1,L,20,9.2,na,4,10:35,na,na,10,5,6.5,na,na,na,na,na,na,na,,
11,Aug-2016,2016-08-29,Stryker,KH,1,L,20,14,na,4,10:56,na,na,4,0,0,3,na,na,na,na,na,na,Fronds_SFC entered as 2,
11,Aug-2016,2016-08-29,Stryker,KH,1,L,20,15,na,4,10:51,na,na,2,0,0,3,na,na,na,na,na,na,Fronds_SFC entered as 1,
11,Aug-2016,2016-08-29,Stryker,KH,1,L,20,15,na,4,10:57,na,na,9,3,1,na,na,na,na,na,na,na,,
11,Aug-2016,2016-08-29,Stryker,KH,1,L,20,20,na,4,10:48,na,na,2,1,0,na,na,na,na,na,na,na,,
11,Aug-2016,2016-08-29,Stryker,KH,1,L,20,20,na,4,10:50,na,na,2,0,0,3,na,na,na,na,na,na,Fronds_SFC entered as 2,
11,Aug-2016,2016-08-29,Stryker,KH,2,L,20,15,na,4,12:39,na,na,10,6,2.5,na,0,14,17,5,100,na,tag 337,
11,Aug-2016,2016-08-29,Stryker,KH,2,L,20,10.5,na,4,11:46,na,na,10,8,4.5,na,0,11,13,6,40,na,tag 2004,
11,Aug-2016,2016-08-29,Stryker,KH,2,L,20,3,na,4,11:15,na,na,3,2,3.5,na,na,na,na,na,na,na,,
11,Aug-2016,2016-08-29,Stryker,KH,2,L,20,5,na,4,11:17,na,na,12,8,13.5,na,na,na,na,na,na,na,,plant recorded as tangled but estimates of length given
11,Aug-2016,2016-08-29,Stryker,KH,2,L,20,5.5,na,4,11:19,na,na,2,2,2.5,na,na,na,na,na,na,na,,
11,Aug-2016,2016-08-29,Stryker,KH,2,L,20,15,na,4,12:03,na,na,7,5,4.5,na,na,na,na,na,na,na,,
11,Aug-2016,2016-08-29,Stryker,KH,2,L,20,17,na,4,12:10,na,na,2,0,0,1.5,na,na,na,na,na,na,,
11,Aug-2016,2016-08-29,Stryker,KH,3,L,20,7.5,na,4,12:07,na,na,12,5,5,na,na,na,14,10,100,na,tag 1757,plant recorded as tangled but estimates of length given
11,Aug-2016,2016-08-29,Stryker,AM,3,L,20,4,na,4,12:00,na,na,10,9,6,na,na,na,na,na,na,na,,
11,Aug-2016,2016-08-29,Stryker,AM,3,L,20,4,na,4,11:57,na,na,12,6,5,na,na,na,na,na,na,na,,plant recorded as tangled but estimates of length given
11,Aug-2016,2016-08-29,Stryker,AM,3,L,20,4,na,4,12:01,na,na,21,15,6,na,na,na,na,na,na,na,,plant recorded as tangled but estimates of length given
11,Aug-2016,2016-08-29,Stryker,AM,3,L,20,7.5,na,4,12:08,na,na,12,6,5,na,na,na,na,na,na,na,,plant recorded as tangled but estimates of length given
11,Aug-2016,2016-08-29,Stryker,AM,3,L,20,8,na,4,12:04,na,na,4,1,3,na,na,na,na,na,na,na,,
11,Aug-2016,2016-08-29,Stryker,KH,3,L,20,10,na,4,12:30,na,na,9,6,6.5,na,na,na,na,na,na,na,,
11,Aug-2016,2016-08-29,Stryker,KH,3,L,20,14.9,na,4,12:35,na,na,5,0,0,3,na,na,na,na,na,na,Fronds_SFC entered as 3,
11,Aug-2016,2016-08-29,Stryker,KH,3,L,20,15,na,4,12:33,na,na,13,7,1,na,na,na,na,na,na,na,,
11,Aug-2016,2016-08-29,Stryker,AM,1,R,20,14.5,na,4,10:48,na,na,3,3,4,na,0,3,8,18,100,na,tag 148,
11,Aug-2016,2016-08-29,Stryker,AM,1,R,20,6,na,4,10:24,na,na,7,5,3,na,0,10,21,16,70,na,tag 841,
11,Aug-2016,2016-08-29,Stryker,AM,1,R,20,11.8,na,4,10:33,na,na,13,13,6,na,0,16,21,10,50,na,tag 125,
11,Aug-2016,2016-08-29,Stryker,AM,1,R,20,11.8,na,4,10:33,na,na,4,4,3.5,na,na,na,na,na,na,na,,
11,Aug-2016,2016-08-29,Stryker,AM,1,R,20,14.4,na,4,10:45,na,na,5,1,1,na,na,na,na,na,na,na,,
11,Aug-2016,2016-08-29,Stryker,AM,1,R,20,15.1,na,4,10:52,na,na,3,1,2,na,na,na,na,na,na,na,,
11,Aug-2016,2016-08-29,Stryker,AM,1,R,20,17,na,4,10:55,na,na,2,0,0,4,na,na,na,na,na,na,,
11,Aug-2016,2016-08-29,Stryker,AM,1,R,20,18,na,4,10:57,na,na,5,2,0,na,na,na,na,na,na,na,,
1,May-2014,2014-05-26,Stryker,na,2,R,20,12,6.3,na,8:54-10:01,807,na,26,11,9,na,na,na,na,na,na,2.5,Was 565,
11,Aug-2016,2016-08-29,Stryker,AM,2,R,20,2,na,4,11:00,na,na,3,0,0,4,na,na,na,na,na,na,,
11,Aug-2016,2016-08-29,Stryker,AM,2,R,20,12,na,4,11:07,na,na,16,9,3,na,na,na,na,na,na,na,,
11,Aug-2016,2016-08-29,Stryker,AM,2,R,20,12.1,na,4,11:08,na,na,15,3,3,na,na,na,na,na,na,na,,
11,Aug-2016,2016-08-29,Stryker,AM,2,R,20,12.2,na,4,11:13,na,na,15,6,2,na,na,na,na,na,na,na,,
11,Aug-2016,2016-08-29,Stryker,AM,3,R,20,3.5,na,4,11:32,na,na,4,2,3,na,na,na,4,0,0,na,tag 1711,
11,Aug-2016,2016-08-29,Stryker,AM,3,R,20,10,na,4,11:39,na,na,4,1,4,na,na,na,13,13,80,na,tag 1942,
11,Aug-2016,2016-08-29,Stryker,AM,3,R,20,5,na,4,11:38,na,na,12,9,5,na,na,na,15,10,100,na,tag 1967,
11,Aug-2016,2016-08-29,Stryker,AM,3,R,20,3,na,4,11:34,na,na,8,7,4,na,na,na,16,12,100,na,tag 2041,
11,Aug-2016,2016-08-29,Stryker,AM,3,R,20,1,na,4,11:16,na,na,2,0,0,2,na,na,na,na,na,na,,
11,Aug-2016,2016-08-29,Stryker,AM,3,R,20,3,na,4,11:31,na,na,4,2,3,na,na,na,na,na,na,na,,
11,Aug-2016,2016-08-12,Triquet,AM,2,L,20,8,na,4,10:15,na,P,4,2,0,na,na,na,na,na,na,na,"plant is growing on the line, chose left side arbritrarily",
11,Aug-2016,2016-08-12,Triquet,OP,2,L,20,8.5,na,4,10:35,na,na,2,0,0,2,na,na,na,na,na,na,"plant is growing on the line, chose left side arbritrarily",
11,Aug-2016,2016-08-12,Triquet,OP,2,L,20,11,na,4,11:00,na,na,2,0,0,1.5,na,na,na,na,na,na,"plant is growing on the line, chose left side arbritrarily",
11,Aug-2016,2016-08-12,Triquet,AM,2,L,20,11,na,4,10:15,1859,na,3,0,0,3,4,1,6,0,0,na,,
11,Aug-2016,2016-08-12,Triquet,AM,2,L,20,20,na,4,10:15,1996,na,6,4,2,na,4,3,9,4,100,na,used to be 2485,
11,Aug-2016,2016-08-12,Triquet,AM,2,L,20,10.5,na,4,10:15,2069,na,6,2,3,na,na,na,2,0,0,na,,
11,Aug-2016,2016-08-12,Triquet,AM,2,L,20,6.5,na,4,10:15,na,na,2,2,0,na,na,na,na,na,na,na,,plant recorded as tangled but estimates of length given
11,Aug-2016,2016-08-12,Triquet,AM,2,L,20,9.5,na,4,10:15,na,na,2,0,0,2.5,na,na,na,na,na,na,,
6,Jun-2015,2015-06-28,Triquet,na,3,L,20,14,5.9,na,10:00,794,na,4,0,0,5,4,0,na,na,na,na,"was 1951, no sporo counts",
11,Aug-2016,2016-08-12,Triquet,OP,1,R,20,8,na,4,10:35,1824,na,6,0,0,3,4,4,10,0,0,na,,
11,Aug-2016,2016-08-12,Triquet,OP,1,R,20,0,na,4,10:35,1764,na,3,0,0,2,0,5,12,0,0,na,new tag,
11,Aug-2016,2016-08-12,Triquet,OP,1,R,20,10,na,4,10:35,na,na,7,0,0,2,na,na,na,na,na,na,,
11,Aug-2016,2016-08-12,Triquet,OP,1,R,20,11,na,4,10:35,na,na,2,0,0,1.5,na,na,na,na,na,na,,
11,Aug-2016,2016-08-12,Triquet,OP,1,R,20,12,na,4,10:35,na,na,2,0,0,2,na,na,na,na,na,na,,
11,Aug-2016,2016-08-12,Triquet,OP,1,R,20,13,na,4,10:35,na,na,2,0,0,1.5,na,na,na,na,na,na,,
11,Aug-2016,2016-08-12,Triquet,OP,1,R,20,15,na,4,10:35,na,na,1,0,0,0.5,na,na,na,na,na,na,,
11,Aug-2016,2016-08-12,Triquet,OP,1,R,20,16,na,4,10:35,na,na,2,0,0,0.75,na,na,na,na,na,na,,
11,Aug-2016,2016-08-12,Triquet,OP,1,R,20,18,na,4,10:35,na,na,3,0,0,2.5,na,na,na,na,na,na,,
11,Aug-2016,2016-08-12,Triquet,OP,1,R,20,20,na,4,10:35,na,na,2,0,0,1.5,na,na,na,na,na,na,,
6,Jun-2015,2015-06-28,Triquet,na,2,R,20,17.5,6.2,na,9:36,700,na,8,4,4,na,8,5,20,5,90,na,,
6,Jun-2015,2015-06-28,Triquet,na,2,R,20,17,6.2,na,9:40,2422,na,4,0,0,4.5,na,na,14,9,20,na,*Used to be 754,
11,Aug-2016,2016-08-12,Triquet,OP,2,R,20,1.5,na,4,10:35,1785,na,14,7,2,na,na,na,36,7,50,na,used to be 1782,
11,Aug-2016,2016-08-12,Triquet,OP,2,R,20,7,na,4,10:35,1852,na,1,0,0,3,1,1,4,0,0,na,,
11,Aug-2016,2016-08-12,Triquet,OP,2,R,20,3,na,4,10:35,na,na,2,0,0,1.5,na,na,na,na,na,na,,
11,Aug-2016,2016-08-12,Triquet,OP,2,R,20,7,na,4,10:35,na,na,1,0,0,0.5,na,na,na,na,na,na,,
11,Aug-2016,2016-08-12,Triquet,OP,2,R,20,9,na,4,10:35,na,na,1,0,0,1,na,na,na,na,na,na,,
11,Aug-2016,2016-08-12,Triquet,OP,2,R,20,9.5,na,4,10:35,na,na,1,0,0,1,na,na,na,na,na,na,,
11,Aug-2016,2016-08-12,Triquet,OP,2,R,20,10,na,4,11:00,na,na,3,0,0,2,na,na,na,na,na,na,,
11,Aug-2016,2016-08-12,Triquet,OP,2,R,20,12,na,4,11:00,na,na,6,0,0,3,na,na,na,na,na,na,,
11,Aug-2016,2016-08-12,Triquet,OP,2,R,20,13,na,4,11:00,na,na,5,0,0,2.5,na,na,na,na,na,na,,
11,Aug-2016,2016-08-12,Triquet,OP,2,R,20,15,na,4,11:00,na,na,4,3,4.5,na,na,na,na,na,na,na,,
11,Aug-2016,2016-08-12,Triquet,OP,2,R,20,15.5,na,4,11:00,na,na,3,0,0,2.5,na,na,na,na,na,na,,
11,Aug-2016,2016-08-12,Triquet,OP,2,R,20,20,na,4,11:00,na,na,5,0,0,2.5,na,na,na,na,na,na,,
11,Aug-2016,2016-08-12,Triquet,OP,3,R,20,1,na,4,12:30,1766,na,9,1,0,na,6,5,16,0,0,na,,
11,Aug-2016,2016-08-12,Triquet,OP,3,R,20,15,na,4,12:30,1949,na,9,5,1,na,9,1,14,0,0,na,used to be 2152,
11,Aug-2016,2016-08-12,Triquet,OP,3,R,20,15,na,4,11:00,na,na,3,2,4,na,na,na,na,na,na,na,,
11,Aug-2016,2016-08-12,Triquet,OP,3,R,20,15.5,na,4,11:00,na,na,8,5,6,na,na,na,na,na,na,na,,
11,Aug-2016,2016-08-11,Westbeach,AM,1,L,20,11,na,2,11:15,110,na,9,7,10,na,8,3,12,12,90,na,used to be 1732,
11,Aug-2016,2016-08-11,Westbeach,AM,1,L,20,14.5,na,2,11:15,1901,na,8,7,9,na,na,na,18,9,100,na,,
11,Aug-2016,2016-08-11,Westbeach,AM,1,L,20,3,na,2,11:15,na,na,2,2,4.3,na,na,na,na,na,na,na,,
11,Aug-2016,2016-08-11,Westbeach,AM,1,L,20,8.4,na,2,11:15,na,na,9,9,6,na,na,na,na,na,na,na,,plant recorded as tangled but estimates of length given
11,Aug-2016,2016-08-11,Westbeach,AM,1,L,20,8.4,na,2,11:15,na,na,14,2,10,na,na,na,na,na,na,na,,plant recorded as tangled but estimates of length given
11,Aug-2016,2016-08-11,Westbeach,AM,1,L,20,10,na,2,11:15,na,na,2,5,8.5,na,na,na,na,na,na,na,,
11,Aug-2016,2016-08-11,Westbeach,AM,1,L,20,10.1,na,2,11:15,na,na,6,5,5,na,na,na,na,na,na,na,,
11,Aug-2016,2016-08-11,Westbeach,AM,1,L,20,11,na,2,11:15,na,na,4,4,7,na,na,na,na,na,na,na,,
11,Aug-2016,2016-08-11,Westbeach,AM,1,L,20,11.1,na,2,11:15,na,na,19,19,12,na,na,na,na,na,na,na,,
11,Aug-2016,2016-08-11,Westbeach,AM,1,L,20,11.3,na,2,11:15,na,na,6,4,9,na,na,na,na,na,na,na,,
11,Aug-2016,2016-08-11,Westbeach,AM,1,L,20,14.3,na,2,11:15,na,na,19,19,8,na,na,na,na,na,na,na,,
11,Aug-2016,2016-08-11,Westbeach,AM,2,L,20,0,na,2,11:15,2074,na,8,7,8.5,na,8,3,17,14,100,na,,
11,Aug-2016,2016-08-11,Westbeach,AM,2,L,20,10.6,na,2,11:15,2511,na,21,21,12,na,na,na,20,15,50,na,,
11,Aug-2016,2016-08-11,Westbeach,AM,2,L,20,4.5,na,2,11:15,na,na,8,7,7,na,na,na,na,na,na,na,,
11,Aug-2016,2016-08-11,Westbeach,AM,2,L,20,10.5,na,2,11:15,na,na,8,8,7,na,na,na,na,na,na,na,,
11,Aug-2016,2016-08-11,Westbeach,AM,2,L,20,10.6,na,2,11:15,na,na,14,14,11,na,na,na,na,na,na,na,,
11,Aug-2016,2016-08-11,Westbeach,AM,3,R,20,4.25,na,2,11:15,1991,na,13,11,6,na,13,6,25,17,100,na,plant used to be on left side of transect,
11,Aug-2016,2016-08-11,Westbeach,AM,3,L,20,2.8,na,2,11:15,na,na,14,9,9,na,na,na,na,na,na,na,,
11,Aug-2016,2016-08-11,Westbeach,AM,3,L,20,3,na,2,14:30,na,na,12,11,6,na,na,na,na,na,na,na,,
11,Aug-2016,2016-08-11,Westbeach,AM,3,L,20,4.25,na,2,14:30,na,na,8,8,2,na,na,na,na,na,na,na,,
11,Aug-2016,2016-08-11,Westbeach,AM,3,L,20,4.5,na,2,14:30,na,na,14,14,9,na,na,na,na,na,na,na,,
11,Aug-2016,2016-08-11,Westbeach,AM,3,L,20,4.6,na,2,14:30,na,na,4,3,4.5,na,na,na,na,na,na,na,,
11,Aug-2016,2016-08-11,Westbeach,AM,3,L,20,4.7,na,2,14:30,na,na,23,20,12,na,na,na,na,na,na,na,,
11,Aug-2016,2016-08-11,Westbeach,AM,3,L,20,7.1,na,2,14:30,na,na,11,11,11,na,na,na,na,na,na,na,,
11,Aug-2016,2016-08-11,Westbeach,AM,3,L,20,10.5,na,2,14:30,na,na,7,6,8,na,na,na,na,na,na,na,,
11,Aug-2016,2016-08-11,Westbeach,AM,3,L,20,11.3,na,2,14:30,na,na,9,9,8,na,na,na,na,na,na,na,,
11,Aug-2016,2016-08-11,Westbeach,AM,3,L,20,11.5,na,2,14:30,na,na,4,3,8,na,na,na,na,na,na,na,,
11,Aug-2016,2016-08-11,Westbeach,AM,3,L,20,11.6,na,2,14:30,na,na,5,5,8,na,na,na,na,na,na,na,,
11,Aug-2016,2016-08-11,Westbeach,AM,3,L,20,12.1,na,2,14:30,na,na,8,7,8,na,na,na,na,na,na,na,,
11,Aug-2016,2016-08-11,Westbeach,AM,3,L,20,14,na,2,14:30,na,na,5,4,6,na,na,na,na,na,na,na,,
11,Aug-2016,2016-08-11,Westbeach,AM,3,L,20,15,na,2,14:30,na,na,13,13,7,na,na,na,na,na,na,na,,
11,Aug-2016,2016-08-11,Westbeach,AM,3,L,20,17.5,na,2,14:30,na,na,14,10,7,na,na,na,na,na,na,na,,
11,Aug-2016,2016-08-11,Westbeach,OP,1,R,20,1.5,na,2,11:30,2537,na,7,5,5,na,na,na,27,27,95,na,*Used to be 1758,
11,Aug-2016,2016-08-11,Westbeach,OP,1,R,20,12.5,na,2,14:20,114,na,22,15,6,na,17,8,68,63,95,na,used to be 2006,
11,Aug-2016,2016-08-11,Westbeach,OP,1,R,20,1.5,na,2,11:30,na,na,3,2,6,na,na,na,na,na,na,na,,
11,Aug-2016,2016-08-11,Westbeach,OP,1,R,20,1.5,na,2,11:30,na,na,4,4,4,na,na,na,na,na,na,na,,
11,Aug-2016,2016-08-11,Westbeach,OP,1,R,20,1.5,na,2,11:30,na,na,12,7,7,na,na,na,na,na,na,na,,
11,Aug-2016,2016-08-11,Westbeach,OP,1,R,20,2,na,2,11:30,na,na,5,4,3,na,na,na,na,na,na,na,,
11,Aug-2016,2016-08-11,Westbeach,OP,1,R,20,2,na,2,11:30,na,na,29,25,10,na,na,na,na,na,na,na,,plant recorded as tangled but estimates of length given
11,Aug-2016,2016-08-11,Westbeach,OP,1,R,20,3,na,2,11:30,na,na,2,0,0,1.5,na,na,na,na,na,na,,
11,Aug-2016,2016-08-11,Westbeach,OP,1,R,20,3,na,2,11:30,na,na,6,5,6,na,na,na,na,na,na,na,,plant recorded as tangled but estimates of length given
11,Aug-2016,2016-08-11,Westbeach,OP,1,R,20,3.5,na,2,11:30,na,na,4,3,5,na,na,na,na,na,na,na,,
11,Aug-2016,2016-08-11,Westbeach,OP,1,R,20,3.5,na,2,11:30,na,na,7,5,4,na,na,na,na,na,na,na,,
11,Aug-2016,2016-08-11,Westbeach,OP,1,R,20,4,na,2,11:30,na,na,10,9,9,na,na,na,na,na,na,na,,
11,Aug-2016,2016-08-11,Westbeach,OP,1,R,20,4,na,2,11:30,na,na,12,10,10,na,na,na,na,na,na,na,,
11,Aug-2016,2016-08-11,Westbeach,OP,1,R,20,4.5,na,2,11:30,na,na,5,3,5,na,na,na,na,na,na,na,,
11,Aug-2016,2016-08-11,Westbeach,OP,1,R,20,8.5,na,2,11:30,na,na,3,3,4,na,na,na,na,na,na,na,,
11,Aug-2016,2016-08-11,Westbeach,OP,1,R,20,9,na,2,11:30,na,na,4,3,3,na,na,na,na,na,na,na,,
11,Aug-2016,2016-08-11,Westbeach,OP,1,R,20,11.5,na,2,14:05,na,na,2,2,6,na,na,na,na,na,na,na,,plant recorded as tangled but estimates of length given
11,Aug-2016,2016-08-11,Westbeach,OP,1,R,20,11.5,na,2,14:05,na,na,7,6,11,na,na,na,na,na,na,na,,
11,Aug-2016,2016-08-11,Westbeach,OP,1,R,20,11.5,na,2,14:05,na,na,9,8,7,na,na,na,na,na,na,na,,plant recorded as tangled but estimates of length given
11,Aug-2016,2016-08-11,Westbeach,OP,1,R,20,13.5,na,2,14:05,na,na,7,4,6,na,na,na,na,na,na,na,,
11,Aug-2016,2016-08-11,Westbeach,OP,1,R,20,14,na,2,14:05,na,na,5,3,6,na,na,na,na,na,na,na,,
11,Aug-2016,2016-08-11,Westbeach,OP,1,R,20,14,na,2,14:05,na,na,7,6,7,na,na,na,na,na,na,na,,
11,Aug-2016,2016-08-11,Westbeach,OP,1,R,20,14,na,2,14:05,na,na,11,10,7,na,na,na,na,na,na,na,,
11,Aug-2016,2016-08-11,Westbeach,OP,2,R,20,11.5,na,2,16:20,1935,na,6,6,5,na,na,na,13,0,0,na,,
11,Aug-2016,2016-08-11,Westbeach,OP,2,R,20,8,na,2,15:20,2008,na,6,6,6,na,8,4,28,24,95,na,,
11,Aug-2016,2016-08-11,Westbeach,OP,2,R,20,0.5,na,2,14:45,na,na,2,2,6,na,na,na,na,na,na,na,,
11,Aug-2016,2016-08-11,Westbeach,OP,2,R,20,1.5,na,2,14:45,na,na,1,0,0,1,na,na,na,na,na,na,Check Mean_F,
11,Aug-2016,2016-08-11,Westbeach,OP,2,R,20,6,na,2,14:45,na,na,3,3,5,na,na,na,na,na,na,na,,
11,Aug-2016,2016-08-11,Westbeach,OP,2,R,20,6.5,na,2,14:45,na,na,5,4,6,na,na,na,na,na,na,na,,plant recorded as tangled but estimates of length given
11,Aug-2016,2016-08-11,Westbeach,OP,2,R,20,7.5,na,2,14:45,na,na,6,5,6,na,na,na,na,na,na,na,,plant recorded as tangled but estimates of length given
11,Aug-2016,2016-08-11,Westbeach,OP,2,R,20,8.2,na,2,14:45,na,na,9,7,9.5,na,na,na,na,na,na,na,,
11,Aug-2016,2016-08-11,Westbeach,OP,2,R,20,9.5,na,2,14:45,na,na,4,3,4,na,na,na,na,na,na,na,,
11,Aug-2016,2016-08-11,Westbeach,OP,2,R,20,9.5,na,2,14:45,na,na,62,58,11,na,na,na,na,na,na,na,super messy wall! Didn't know how to deal with it..?,plant recorded as tangled but estimates of length given
11,Aug-2016,2016-08-11,Westbeach,OP,2,R,20,10,na,2,14:45,na,na,3,3,3,na,na,na,na,na,na,na,,
11,Aug-2016,2016-08-11,Westbeach,OP,2,R,20,10.1,na,2,14:45,na,na,2,2,3,na,na,na,na,na,na,na,,
11,Aug-2016,2016-08-11,Westbeach,OP,2,R,20,10.2,na,2,14:45,na,na,2,2,4,na,na,na,na,na,na,na,,
11,Aug-2016,2016-08-11,Westbeach,OP,2,R,20,10.5,na,2,14:45,na,na,8,6,6,na,na,na,na,na,na,na,,
11,Aug-2016,2016-08-11,Westbeach,OP,2,R,20,11.5,na,2,14:45,na,na,3,2,5,na,na,na,na,na,na,na,,
11,Aug-2016,2016-08-11,Westbeach,OP,3,R,20,8.3,na,2,15:00,1810,na,13,12,8,na,na,na,50,40,95,na,finished surveying 2016-08-12,plant recorded as tangled but estimates of length given
11,Aug-2016,2016-08-11,Westbeach,OP,3,R,20,13,na,2,15:00,1987,na,11,9,5,na,na,na,40,35,95,na,finished surveying 2016-08-13,plant recorded as tangled but estimates of length given
11,Aug-2016,2016-08-11,Westbeach,OP,3,R,20,3,na,2,15:00,2000,na,7,5,5,na,8,3,26,20,95,na,"used to be 1964,finished surveying 2016-08-13",
11,Aug-2016,2016-08-11,Westbeach,OP,3,R,20,7.5,na,2,15:00,na,na,15,12,8,na,na,na,na,na,na,na,finished surveying 2016-08-13,plant recorded as tangled but estimates of length given
11,Aug-2016,2016-08-11,Westbeach,OP,3,R,20,7.5,na,2,15:00,na,na,17,15,8,na,na,na,na,na,na,na,finished surveying 2016-08-14,plant recorded as tangled but estimates of length given
11,Aug-2016,2016-08-11,Westbeach,OP,3,R,20,8,na,2,15:00,na,na,17,14,8,na,na,na,na,na,na,na,finished surveying 2016-08-15,plant recorded as tangled but estimates of length given
11,Aug-2016,2016-08-11,Westbeach,OP,3,R,20,14,na,2,15:00,na,na,5,3,4,na,na,na,na,na,na,na,finished surveying 2016-08-16,plant recorded as tangled but estimates of length given
11,Aug-2016,2016-08-11,Westbeach,OP,3,R,20,14,na,2,15:00,na,na,8,6,4,na,na,na,na,na,na,na,finished surveying 2016-08-17,plant recorded as tangled but estimates of length given
12,Sep-2016,2016-09-07,Meay,OP,2,L,20,17,na,2,9:45,na,na,6,6,3.5,na,na,na,na,na,na,na,"plant is growing on the line, chose left side arbritrarily",
12,Sep-2016,2016-09-07,Meay,KH,3,L,20,11,na,2,10:30,na,na,3,3,7,na,na,na,na,na,na,na,"plant is growing on the line, chose left side arbritrarily",
12,Sep-2016,2016-09-07,Meay,OP,1,L,20,10,na,2,9:45,2063,na,16,12,6,na,na,na,31,8,50,na,,
12,Sep-2016,2016-09-07,Meay,OP,1,L,20,0.5,na,2,9:45,na,na,2,1,0,na,na,na,na,na,na,na,plant ends at 2m,
12,Sep-2016,2016-09-07,Meay,OP,1,L,20,16,na,2,9:45,na,na,11,10,7,na,na,na,na,na,na,na,,
12,Sep-2016,2016-09-07,Meay,OP,1,L,20,16.2,na,2,9:45,na,na,2,2,4.5,na,na,na,na,na,na,na,,
12,Sep-2016,2016-09-07,Meay,OP,1,L,20,17,na,2,9:45,na,C,1,0,0,1.5,na,na,na,na,na,na,,
12,Sep-2016,2016-09-07,Meay,OP,1,L,20,17.5,na,2,9:45,na,na,6,6,4,na,na,na,na,na,na,na,,
12,Sep-2016,2016-09-07,Meay,OP,1,L,20,17.6,na,2,9:45,na,na,1,0,0,0.75,na,na,na,na,na,na,,
12,Sep-2016,2016-09-07,Meay,OP,1,L,20,18,na,2,9:45,na,na,5,4,4,na,na,na,na,na,na,na,,
12,Sep-2016,2016-09-07,Meay,OP,2,L,20,18,na,2,9:45,538,na,7,6,9,na,9,2,17,5,75,na,,plant recorded as tangled but estimates of length given
12,Sep-2016,2016-09-07,Meay,OP,2,L,20,17.5,na,2,9:45,886,na,4,3,7,na,na,na,13,0,0,na,,plant recorded as tangled but estimates of length given
12,Sep-2016,2016-09-07,Meay,OP,2,L,20,2.75,na,2,9:45,na,na,5,5,5,na,na,na,na,na,na,na,,
12,Sep-2016,2016-09-07,Meay,OP,2,L,20,5,na,2,9:45,na,na,7,7,11,na,na,na,na,na,na,na,,
12,Sep-2016,2016-09-07,Meay,OP,2,L,20,5.2,na,2,9:45,na,na,2,1,0.5,na,na,na,na,na,na,na,,
12,Sep-2016,2016-09-07,Meay,OP,2,L,20,17,na,2,9:45,na,na,20,13,9,na,na,na,na,na,na,na,,plant recorded as tangled but estimates of length given
12,Sep-2016,2016-09-07,Meay,OP,2,L,20,18.1,na,2,9:45,na,na,10,8,9,na,na,na,na,na,na,na,,plant recorded as tangled but estimates of length given
12,Sep-2016,2016-09-07,Meay,OP,2,L,20,18.2,na,2,9:45,na,C,4,3,1,na,na,na,na,na,na,na,"broke 2 fronds when measuring, came off base",
10,Jun-2016,2016-06-12,Meay,OP,3,L,20,10.5,na,2,9:56,716,na,9,9,8,na,na,na,10,0,0,na,,plant recorded as tangled but estimates of length given
10,Jun-2016,2016-06-12,Meay,OP,3,L,20,5,na,2,10:04,2109,na,5,4,5,na,na,na,19,5,80,na,,plant recorded as tangled but estimates of length given
11,Aug-2016,2016-08-15,Meay,AM,3,L,20,5,na,2,10:30,2109,na,5,4,4,na,na,na,19,15,100,na,,
12,Sep-2016,2016-09-07,Meay,KH,1,R,20,16,na,2,9:30,572,C,4,4,11,na,6,6,7,1,12,na,,
12,Sep-2016,2016-09-07,Meay,KH,1,R,20,5,na,2,9:08,1747,na,13,13,8,na,17,9,6,2,33,na,,
12,Sep-2016,2016-09-07,Meay,KH,1,R,20,7,na,2,9:22,na,na,1,0,0,1,na,na,na,na,na,na,,
12,Sep-2016,2016-09-07,Meay,KH,1,R,20,11,na,2,9:24,na,na,4,4,5,na,na,na,na,na,na,na,,
12,Sep-2016,2016-09-07,Meay,KH,1,R,20,14,na,2,9:27,na,na,4,4,9,na,na,na,na,na,na,na,,
12,Sep-2016,2016-09-07,Meay,KH,2,R,20,4.2,na,2,9:40,1753,na,6,4,5.5,na,0,8,3,0,0,na,not previewsly tagged for fronds,
12,Sep-2016,2016-09-07,Meay,KH,2,R,20,13,na,2,9:51,na,na,1,1,0.5,na,na,na,na,na,na,na,,
12,Sep-2016,2016-09-07,Meay,KH,2,R,20,16,na,2,9:55,na,na,5,5,6,na,na,na,na,na,na,na,,
12,Sep-2016,2016-09-07,Meay,KH,3,R,20,8,na,2,10:00,2122,na,9,9,15,na,na,na,7,6,90,na,,plant recorded as tangled but estimates of length given
12,Sep-2016,2016-09-07,Meay,KH,3,R,20,15,na,2,10:17,2503,na,8,5,3,na,13,5,7,3,60,na,,
12,Sep-2016,2016-09-07,Meay,KH,3,R,20,7.9,na,2,10:00,na,na,4,2,2,na,na,na,na,na,na,na,,
12,Sep-2016,2016-09-08,Simmonds,OP,1,L,20,15,na,5,10:40,na,na,14,10,5,na,na,na,na,na,na,na,"plant is growing on the line, chose left side arbritrarily",
12,Sep-2016,2016-09-08,Simmonds,OP,1,L,20,18,na,5,11:20,na,na,8,6,6,na,na,na,na,na,na,na,"plant is growing on the line, chose left side arbritrarily",plant recorded as tangled but estimates of length given
12,Sep-2016,2016-09-08,Simmonds,KH,2,L,20,11.3,na,5,11:36,na,na,5,1,2,na,na,na,na,na,na,na,"plant is growing on the line, chose left side arbritrarily",
12,Sep-2016,2016-09-08,Simmonds,OP,1,L,20,18,na,5,11:20,na,na,10,7,6,na,0,11,16,10,50,na,tag 544,plant recorded as tangled but estimates of length given
12,Sep-2016,2016-09-08,Simmonds,OP,1,L,20,4,na,5,10:40,na,na,11,7,9,na,na,na,na,na,na,na,,plant recorded as tangled but estimates of length given
12,Sep-2016,2016-09-08,Simmonds,OP,1,L,20,10,na,5,10:40,na,na,23,12,6,na,na,na,na,na,na,na,,plant recorded as tangled but estimates of length given
12,Sep-2016,2016-09-08,Simmonds,OP,1,L,20,15.5,na,5,10:40,na,na,14,10,4,na,na,na,na,na,na,na,,
12,Sep-2016,2016-09-08,Simmonds,OP,1,L,20,16,na,5,10:40,na,na,6,4,4,na,na,na,na,na,na,na,,plant recorded as tangled but estimates of length given
12,Sep-2016,2016-09-08,Simmonds,OP,1,L,20,17,na,5,11:10,na,na,8,5,6,na,na,na,na,na,na,na,,
12,Sep-2016,2016-09-08,Simmonds,OP,2,L,20,8,na,5,11:35,na,na,12,6,5.5,na,na,na,29,20,75,na,tag 1686,
12,Sep-2016,2016-09-08,Simmonds,OP,2,L,20,2.75,na,5,11:30,na,na,16,12,7,na,na,na,26,20,50,na,tag 1830,
12,Sep-2016,2016-09-08,Simmonds,OP,2,L,20,15.2,na,5,13:35,na,na,12,7,3,na,0,15,10,3,50,na,tag 1898,
12,Sep-2016,2016-09-08,Simmonds,OP,2,L,20,16,na,5,14:05,na,na,17,9,3,na,0,na,10,0,0,na,tag 2189,
12,Sep-2016,2016-09-08,Simmonds,OP,2,L,20,3,na,5,11:20,na,na,6,3,6,na,na,na,na,na,na,na,,plant recorded as tangled but estimates of length given
12,Sep-2016,2016-09-08,Simmonds,OP,2,L,20,3.5,na,5,11:20,na,na,1,1,6,na,na,na,na,na,na,na,,plant recorded as tangled but estimates of length given
12,Sep-2016,2016-09-08,Simmonds,OP,2,L,20,3.5,na,5,11:20,na,na,5,5,6,na,na,na,na,na,na,na,,plant recorded as tangled but estimates of length given
12,Sep-2016,2016-09-08,Simmonds,OP,2,L,20,9,na,5,11:20,na,na,24,16,9,na,na,na,na,na,na,na,,
12,Sep-2016,2016-09-08,Simmonds,OP,2,L,20,16.5,na,5,14:00,na,na,21,15,8,na,na,na,na,na,na,na,,
12,Sep-2016,2016-09-08,Simmonds,OP,3,L,20,5,na,5,14:02,na,na,6,4,3,na,na,na,na,na,na,na,,
12,Sep-2016,2016-09-08,Simmonds,OP,3,L,20,6.5,na,5,14:00,na,na,7,4,8,na,na,na,na,na,na,na,,plant recorded as tangled but estimates of length given
12,Sep-2016,2016-09-08,Simmonds,OP,3,L,20,7,na,5,14:00,na,na,15,7,9,na,na,na,na,na,na,na,,
12,Sep-2016,2016-09-08,Simmonds,OP,3,L,20,8.2,na,5,14:00,na,na,17,11,12,na,na,na,na,na,na,na,,plant recorded as tangled but estimates of length given
12,Sep-2016,2016-09-08,Simmonds,OP,3,L,20,8.5,na,5,14:00,na,na,16,16,11,na,na,na,na,na,na,na,,plant recorded as tangled but estimates of length given
12,Sep-2016,2016-09-08,Simmonds,OP,3,L,20,10.9,na,5,14:00,na,C,8,2,5,na,na,na,na,na,na,na,,
12,Sep-2016,2016-09-08,Simmonds,OP,3,L,20,11,na,5,14:00,na,C,7,2,10,na,na,na,na,na,na,na,,
12,Sep-2016,2016-09-08,Simmonds,OP,3,L,20,14,na,5,14:00,na,na,21,14,8,na,na,na,na,na,na,na,,
12,Sep-2016,2016-09-08,Simmonds,OP,3,L,20,17,na,5,14:00,na,C,4,2,8,na,na,na,na,na,na,na,,
12,Sep-2016,2016-09-08,Simmonds,KH,1,R,20,9.1,na,5,10:48,na,na,68,44,11,na,0,19,56,10,70,na,tag 1705,plant recorded as tangled but estimates of length given
12,Sep-2016,2016-09-08,Simmonds,KH,1,R,20,0,na,5,10:35,na,na,10,6,9,na,na,na,na,na,na,na,,
12,Sep-2016,2016-09-08,Simmonds,KH,1,R,20,0.2,na,5,10:38,na,na,1,0,0,3,na,na,na,na,na,na,,
12,Sep-2016,2016-09-08,Simmonds,KH,1,R,20,4.9,na,5,10:40,na,na,1,0,0,2,na,na,na,na,na,na,,
12,Sep-2016,2016-09-08,Simmonds,KH,1,R,20,5,na,5,10:41,na,na,12,8,9,na,na,na,na,na,na,na,,plant recorded as tangled but estimates of length given
12,Sep-2016,2016-09-08,Simmonds,KH,1,R,20,5.3,na,5,10:45,na,na,3,0,0,4.5,na,na,na,na,na,na,,
12,Sep-2016,2016-09-08,Simmonds,KH,1,R,20,10,na,5,11:12,na,na,8,4,2.5,na,na,na,na,na,na,na,,
12,Sep-2016,2016-09-08,Simmonds,KH,1,R,20,10.4,na,5,11:13,na,na,22,16,8,na,na,na,na,na,na,na,,
12,Sep-2016,2016-09-08,Simmonds,KH,1,R,20,13,na,5,11:17,na,na,3,1,5,na,na,na,na,na,na,na,,
12,Sep-2016,2016-09-08,Simmonds,KH,1,R,20,14,na,5,11:19,na,na,4,4,5,na,na,na,na,na,na,na,,
12,Sep-2016,2016-09-08,Simmonds,KH,1,R,20,20,na,5,11:22,na,na,3,1,0.4,na,na,na,na,na,na,na,,
12,Sep-2016,2016-09-08,Simmonds,KH,2,R,20,0.2,na,5,11:25,na,na,27,14,6,na,na,na,na,na,na,na,,
12,Sep-2016,2016-09-08,Simmonds,KH,2,R,20,6,na,5,11:30,na,na,18,12,7,na,na,na,na,na,na,na,,
12,Sep-2016,2016-09-08,Simmonds,KH,2,R,20,11,na,5,11:33,na,na,4,1,2,na,na,na,na,na,na,na,,
12,Sep-2016,2016-09-08,Simmonds,KH,2,R,20,12,na,5,11:39,na,na,9,5,5,na,na,na,na,na,na,na,,
12,Sep-2016,2016-09-08,Simmonds,KH,2,R,20,14.4,na,5,11:44,na,na,8,7,7,na,na,na,na,na,na,na,,
12,Sep-2016,2016-09-08,Simmonds,KH,2,R,20,14.9,na,5,11:46,na,na,9,7,7.5,na,na,na,na,na,na,na,,
12,Sep-2016,2016-09-08,Simmonds,KH,2,R,20,15,na,5,11:50,na,na,6,4,2.5,na,na,na,na,na,na,na,,
12,Sep-2016,2016-09-08,Simmonds,KH,2,R,20,16,na,5,13:43,na,na,20,15,9,na,na,na,na,na,na,na,,
12,Sep-2016,2016-09-08,Simmonds,KH,2,R,20,16.5,na,5,13:49,na,na,11,8,9,na,na,na,na,na,na,na,,
12,Sep-2016,2016-09-08,Simmonds,KH,2,R,20,20,na,5,13:52,na,na,18,10,8,na,na,na,na,na,na,na,,
12,Sep-2016,2016-09-08,Simmonds,KH,3,R,20,12,na,5,13:30,na,na,7,3,5,na,0,na,30,4,90,na,tag 2033,
12,Sep-2016,2016-09-08,Simmonds,KH,3,R,20,6.5,na,5,14:04,na,na,9,5,3,na,0,16,10,0,0,na,tag 2146,
12,Sep-2016,2016-09-08,Simmonds,KH,3,R,20,18,na,5,13:26,na,na,12,7,4,na,0,18,17,5,80,na,tag 2407,
12,Sep-2016,2016-09-08,Simmonds,KH,3,R,20,0.75,na,5,14:00,na,na,10,10,13,na,na,na,na,na,na,na,,
12,Sep-2016,2016-09-08,Simmonds,KH,3,R,20,9,na,5,14:00,na,na,13,13,7,na,na,na,na,na,na,na,,
12,Sep-2016,2016-09-08,Simmonds,KH,3,R,20,9.5,na,5,14:00,na,na,4,3,6,na,na,na,na,na,na,na,,
12,Sep-2016,2016-09-08,Simmonds,KH,3,R,20,11,na,5,14:00,na,na,45,13,6,na,na,na,na,na,na,na,,plant recorded as tangled but estimates of length given
12,Sep-2016,2016-09-08,Simmonds,KH,3,R,20,18,na,5,13:30,na,na,14,5,5,na,na,na,na,na,na,na,,
12,Sep-2016,2016-09-08,Simmonds,KH,3,R,20,18,na,5,14:00,na,na,15,12,11,na,na,na,na,na,na,na,,plant recorded as tangled but estimates of length given
12,Sep-2016,2016-09-07,Triquet,KH,1,L,20,4,na,4,14:30,na,na,4,4,1.5,na,na,na,na,na,na,na,,
12,Sep-2016,2016-09-07,Triquet,KH,1,L,20,11,na,4,14:30,na,na,4,0,0,3,na,na,na,na,na,na,,
12,Sep-2016,2016-09-07,Triquet,KH,1,L,20,14,na,4,14:30,na,na,1,0,0,2,na,na,na,na,na,na,,
12,Sep-2016,2016-09-07,Triquet,KH,1,L,20,14,na,4,14:30,na,na,8,0,0,3.5,na,na,na,na,na,na,,
12,Sep-2016,2016-09-07,Triquet,KH,2,L,20,11,na,4,14:30,1859,na,4,0,0,4.5,5,0,6,0,0,na,,
12,Sep-2016,2016-09-07,Triquet,KH,2,L,20,20,na,4,14:30,1996,na,na,na,na,na,na,na,na,na,na,na,"used to be 2485, tag not found at interval, data missing",
12,Sep-2016,2016-09-07,Triquet,KH,2,L,20,10.5,na,4,14:30,2069,na,9,0,0,4,na,na,13,2,10,na,,
12,Sep-2016,2016-09-07,Triquet,KH,2,L,20,10,na,4,14:30,na,na,1,0,0,3,na,na,na,na,na,na,,
12,Sep-2016,2016-09-07,Triquet,KH,2,L,20,19.4,na,4,14:30,na,na,5,0,0,4,na,na,na,na,na,na,,
12,Sep-2016,2016-09-07,Triquet,KH,2,L,20,19.5,na,4,14:30,na,na,3,0,0,3,na,na,na,na,na,na,,
7,Aug-2015,2015-08-06,Triquet,na,3,L,20,14,4.9,na,10:21,794,na,3,1,5.5,na,3,3,4,1,60,na,was 1951,
12,Sep-2016,2016-09-07,Triquet,KH,3,L,20,1,na,4,14:30,na,na,1,0,0,1.75,na,na,13,0,0,na,,
12,Sep-2016,2016-09-07,Triquet,OP,1,R,20,8,na,4,14:30,1824,na,8,0,0,3,8,0,14,0,0,na,,
12,Sep-2016,2016-09-07,Triquet,OP,1,R,20,0,na,4,14:30,1764,na,4,0,0,2.5,4,0,12,0,0,na,,
12,Sep-2016,2016-09-07,Triquet,OP,1,R,20,8,na,4,14:30,na,na,2,0,0,1.5,na,na,na,na,na,na,,
12,Sep-2016,2016-09-07,Triquet,OP,1,R,20,15,na,4,14:30,na,na,6,0,0,2.5,na,na,na,na,na,na,,
12,Sep-2016,2016-09-07,Triquet,OP,1,R,20,17,na,4,14:30,na,na,2,0,0,2.5,na,na,na,na,na,na,,
12,Sep-2016,2016-09-07,Triquet,OP,1,R,20,18,na,4,14:30,na,na,2,0,0,1,na,na,na,na,na,na,,
12,Sep-2016,2016-09-07,Triquet,OP,1,R,20,18.5,na,4,14:30,na,na,2,0,0,1.75,na,na,na,na,na,na,,
12,Sep-2016,2016-09-07,Triquet,OP,1,R,20,19,na,4,14:30,na,na,5,0,0,2,na,na,na,na,na,na,,
12,Sep-2016,2016-09-07,Triquet,OP,1,R,20,20,na,4,14:30,na,na,4,0,0,2,na,na,na,na,na,na,,
7,Aug-2015,2015-08-06,Triquet,na,2,R,20,17.5,5.2,na,10:56,700,na,11,7,7.5,na,11,3,14,5,50,na,,
7,Aug-2015,2015-08-06,Triquet,na,2,R,20,17,5.3,na,10:44,2422,na,2,0,0,3.5,na,na,4,0,0,na,*Used to be 754,
12,Sep-2016,2016-09-07,Triquet,OP,2,R,20,1.5,na,4,14:30,1784,na,16,4,1,na,na,na,na,na,na,na,,
12,Sep-2016,2016-09-07,Triquet,OP,2,R,20,2.5,na,4,14:30,na,na,2,0,0,2,na,na,na,na,na,na,,
12,Sep-2016,2016-09-07,Triquet,OP,2,R,20,5,na,4,14:30,na,na,1,0,0,2.5,na,na,na,na,na,na,,
12,Sep-2016,2016-09-07,Triquet,OP,2,R,20,7,na,4,14:30,na,na,3,0,0,2.5,na,na,na,na,na,na,,
12,Sep-2016,2016-09-07,Triquet,OP,2,R,20,8,na,4,14:30,na,na,1,0,0,3,na,na,na,na,na,na,,
12,Sep-2016,2016-09-07,Triquet,OP,2,R,20,8,na,4,14:30,na,na,2,0,0,1.75,na,na,na,na,na,na,,
12,Sep-2016,2016-09-07,Triquet,OP,2,R,20,10,na,4,14:30,na,na,3,0,0,3,na,na,na,na,na,na,,
12,Sep-2016,2016-09-07,Triquet,OP,2,R,20,11,na,4,14:30,na,na,9,0,0,3.5,na,na,na,na,na,na,,
12,Sep-2016,2016-09-07,Triquet,OP,2,R,20,13,na,4,14:30,na,na,6,0,0,2.5,na,na,na,na,na,na,,
12,Sep-2016,2016-09-07,Triquet,OP,2,R,20,15,na,4,14:30,na,na,4,3,0,na,na,na,na,na,na,na,end at 4.5m,
12,Sep-2016,2016-09-07,Triquet,OP,2,R,20,16,na,4,14:30,na,na,2,2,0,na,na,na,na,na,na,na,end at 4.5m,
12,Sep-2016,2016-09-07,Triquet,OP,2,R,20,20,na,4,14:30,na,na,7,0,0,3.5,na,na,na,na,na,na,,
12,Sep-2016,2016-09-07,Triquet,OP,3,R,20,1,na,4,14:30,1766,na,9,5,0,na,11,0,11,9,75,na,end at 4.5m,
12,Sep-2016,2016-09-07,Triquet,OP,3,R,20,15,na,4,14:30,1949,na,5,3,1,na,6,0,1,0,0,na,,
12,Sep-2016,2016-09-07,Triquet,OP,3,R,20,12,na,4,14:30,na,na,2,0,0,4,na,na,na,na,na,na,,
12,Sep-2016,2016-09-07,Triquet,OP,3,R,20,13,na,4,14:30,na,na,2,0,0,1.5,na,na,na,na,na,na,,
12,Sep-2016,2016-09-11,Westbeach,OP,1,L,20,11,na,2,10:20,110,na,8,7,5.5,na,9,4,46,40,90,na,used to be 1732,
12,Sep-2016,2016-09-11,Westbeach,OP,1,L,20,14.5,na,2,10:40,1901,na,6,6,4,na,na,na,44,38,90,na,,
12,Sep-2016,2016-09-11,Westbeach,OP,1,L,20,8.5,na,2,10:00,na,na,5,4,9.5,na,14,2,na,na,na,na,,plant recorded as tangled but estimates of length given
12,Sep-2016,2016-09-11,Westbeach,OP,1,L,20,8.5,na,2,10:00,na,na,3,3,3,na,na,na,na,na,na,na,,
12,Sep-2016,2016-09-11,Westbeach,OP,1,L,20,8.5,na,2,10:00,na,na,7,4,9,na,na,na,na,na,na,na,,plant recorded as tangled but estimates of length given
12,Sep-2016,2016-09-11,Westbeach,OP,1,L,20,10,na,2,10:00,na,na,2,2,2,na,na,na,na,na,na,na,,
12,Sep-2016,2016-09-11,Westbeach,OP,1,L,20,10.5,na,2,10:00,na,na,4,3,6,na,na,na,na,na,na,na,,
12,Sep-2016,2016-09-11,Westbeach,OP,1,L,20,11.2,na,2,10:20,na,na,4,3,5.5,na,na,na,na,na,na,na,,
12,Sep-2016,2016-09-11,Westbeach,OP,1,L,20,11.2,na,2,10:20,na,na,11,6,7.5,na,na,na,na,na,na,na,,
12,Sep-2016,2016-09-11,Westbeach,OP,1,L,20,11.5,na,2,10:20,na,na,5,5,5,na,na,na,na,na,na,na,,
12,Sep-2016,2016-09-11,Westbeach,OP,1,L,20,11.5,na,2,10:20,na,na,24,21,7,na,na,na,na,na,na,na,,
12,Sep-2016,2016-09-11,Westbeach,OP,2,L,20,0,na,2,11:00,2074,na,9,6,6,na,11,5,56,50,75,na,,
12,Sep-2016,2016-09-11,Westbeach,OP,2,L,20,4.5,na,2,11:10,na,na,11,10,4.5,na,na,na,na,na,na,na,,
12,Sep-2016,2016-09-11,Westbeach,OP,2,L,20,10.5,na,2,11:14,na,na,9,8,5,na,na,na,na,na,na,na,,
12,Sep-2016,2016-09-11,Westbeach,OP,2,L,20,10.5,na,2,11:14,na,na,60,60,9,na,na,na,na,na,na,na,Huge wall!!!,
12,Sep-2016,2016-09-11,Westbeach,OP,3,R,20,4.25,na,2,12:45,1991,na,12,12,5,na,na,na,90,80,75,na,plant used to be on left side of transect,
12,Sep-2016,2016-09-11,Westbeach,OP,3,L,20,4.2,na,2,13:00,na,P,16,na,na,na,na,na,na,na,na,na,,
12,Sep-2016,2016-09-11,Westbeach,OP,3,L,20,4.3,na,2,13:00,na,na,9,7,5,na,na,na,na,na,na,na,,
12,Sep-2016,2016-09-11,Westbeach,OP,3,L,20,4.5,na,2,13:00,na,na,3,3,3.5,na,na,na,na,na,na,na,,
12,Sep-2016,2016-09-11,Westbeach,OP,3,L,20,4.5,na,2,13:00,na,na,16,13,7,na,na,na,na,na,na,na,,
12,Sep-2016,2016-09-11,Westbeach,OP,3,L,20,7.5,na,2,13:00,na,na,11,10,4.5,na,na,na,na,na,na,na,,
12,Sep-2016,2016-09-11,Westbeach,OP,3,L,20,10.2,na,2,13:00,na,na,5,5,5,na,na,na,na,na,na,na,,
12,Sep-2016,2016-09-11,Westbeach,OP,3,L,20,11.1,na,2,13:25,na,na,14,9,5,na,na,na,na,na,na,na,,
12,Sep-2016,2016-09-11,Westbeach,OP,3,L,20,11.9,na,2,13:00,na,na,12,8,6,na,na,na,na,na,na,na,,
12,Sep-2016,2016-09-11,Westbeach,OP,3,L,20,12.1,na,2,13:00,na,na,12,8,9,na,na,na,na,na,na,na,,
12,Sep-2016,2016-09-11,Westbeach,OP,3,L,20,14,na,2,13:22,na,na,7,7,6,na,na,na,na,na,na,na,,
12,Sep-2016,2016-09-11,Westbeach,OP,3,L,20,15,na,2,13:19,na,na,17,15,7,na,na,na,na,na,na,na,,
12,Sep-2016,2016-09-11,Westbeach,DVM,3,L,20,15.2,na,2,13:00,na,na,2,2,3,na,na,na,na,na,na,na,,
12,Sep-2016,2016-09-11,Westbeach,DVM,3,L,20,16,na,2,13:00,na,na,15,10,10,na,na,na,na,na,na,na,,plant recorded as tangled but estimates of length given
12,Sep-2016,2016-09-11,Westbeach,DVM,3,L,20,18.5,na,2,13:16,na,na,16,15,7,na,na,na,na,na,na,na,,
12,Sep-2016,2016-09-11,Westbeach,KH,1,R,20,1.5,na,2,12:58,2537,na,6,5,5,na,na,na,27,10,100,na,*Used to be 1758,
12,Sep-2016,2016-09-11,Westbeach,KH,1,R,20,12.5,na,2,13:00,114,na,24,19,7,na,23,7,27,10,100,na,used to be 2006,
12,Sep-2016,2016-09-11,Westbeach,DVM,1,R,20,2,na,2,13:00,na,na,5,5,10,na,na,na,na,na,na,na,,
12,Sep-2016,2016-09-11,Westbeach,DVM,1,R,20,2.5,na,2,13:00,na,na,34,34,7,na,na,na,na,na,na,na,,
12,Sep-2016,2016-09-11,Westbeach,DVM,1,R,20,3.2,na,2,13:00,na,na,4,4,9,na,na,na,na,na,na,na,,
12,Sep-2016,2016-09-11,Westbeach,DVM,1,R,20,3.5,na,2,13:00,na,na,10,5,9,na,na,na,na,na,na,na,,
12,Sep-2016,2016-09-11,Westbeach,DVM,1,R,20,4.5,na,2,13:00,na,na,25,25,10,na,na,na,na,na,na,na,,
12,Sep-2016,2016-09-11,Westbeach,DVM,1,R,20,9,na,2,13:00,na,na,12,7,9,na,na,na,na,na,na,na,,
12,Sep-2016,2016-09-11,Westbeach,DVM,1,R,20,11.5,na,2,13:00,na,na,24,20,10,na,na,na,na,na,na,na,,
12,Sep-2016,2016-09-11,Westbeach,DVM,1,R,20,13.7,na,2,13:00,na,na,9,7,5,na,na,na,na,na,na,na,,
12,Sep-2016,2016-09-11,Westbeach,DVM,1,R,20,14.5,na,2,13:00,na,na,15,11,5,na,na,na,na,na,na,na,,plant recorded as tangled but estimates of length given
12,Sep-2016,2016-09-11,Westbeach,DVM,1,R,20,14.7,na,2,13:00,na,na,14,10,7,na,na,na,na,na,na,na,,plant recorded as tangled but estimates of length given
12,Sep-2016,2016-09-11,Westbeach,KH,2,R,20,11.5,na,2,10:44,1935,na,8,7,6,na,na,na,22,12,90,na,,
12,Sep-2016,2016-09-11,Westbeach,KH,2,R,20,8,na,2,11:09,2008,na,11,7,9,na,11,6,80,24,90,na,,
12,Sep-2016,2016-09-11,Westbeach,KH,2,R,20,0.5,na,2,11:19,na,na,4,1,5,na,na,na,na,na,na,na,,
12,Sep-2016,2016-09-11,Westbeach,KH,2,R,20,8,na,2,11:04,na,na,29,25,7,na,na,na,na,na,na,na,,
12,Sep-2016,2016-09-11,Westbeach,KH,2,R,20,8.5,na,2,11:01,na,na,9,9,9,na,na,na,na,na,na,na,,
12,Sep-2016,2016-09-11,Westbeach,KH,2,R,20,9.5,na,2,10:59,na,na,3,3,4,na,na,na,na,na,na,na,,
12,Sep-2016,2016-09-11,Westbeach,KH,2,R,20,10,na,2,10:55,na,na,69,54,10,na,na,na,na,na,na,na,,
12,Sep-2016,2016-09-11,Westbeach,KH,2,R,20,10.5,na,2,10:51,na,na,3,2,2,na,na,na,na,na,na,na,,
12,Sep-2016,2016-09-11,Westbeach,KH,2,R,20,11,na,2,10:49,na,na,8,4,5,na,na,na,na,na,na,na,,
12,Sep-2016,2016-09-11,Westbeach,KH,3,R,20,8.3,na,2,10:07,1810,na,66,55,9,na,na,na,21,10,100,na,,
12,Sep-2016,2016-09-11,Westbeach,KH,3,R,20,13,na,2,10:25,1987,na,14,9,9,na,na,na,89,34,90,na,,
12,Sep-2016,2016-09-11,Westbeach,KH,3,R,20,3,na,2,12:50,2000,na,9,8,7,na,7,5,21,11,90,na,used to be 1965,
12,Sep-2016,2016-09-11,Westbeach,KH,3,R,20,6.3,na,2,9:59,na,na,21,15,10,na,na,na,56,25,90,na,,
12,Sep-2016,2016-09-11,Westbeach,KH,3,R,20,10.5,na,2,10:20,na,na,18,15,15,na,na,na,na,na,na,na,,
12,Sep-2016,2016-09-11,Westbeach,KH,3,R,20,11,na,2,10:24,na,na,8,4,8,na,na,na,na,na,na,na,,
12,Sep-2016,2016-09-11,Westbeach,KH,3,R,20,11.5,na,2,10:26,na,na,8,6,6,na,na,na,na,na,na,na,,
12,Sep-2016,2016-09-11,Westbeach,KH,3,R,20,14,na,2,10:36,na,na,8,8,7,na,na,na,na,na,na,na,,
12,Sep-2016,2016-09-11,Westbeach,KH,3,R,20,14.5,na,2,10:38,na,na,5,4,4,na,na,na,na,na,na,na,,
12,Sep-2016,2016-09-11,Westbeach,KH,3,R,20,19.5,na,2,12:42,na,na,1,0,0,1.2,na,na,na,na,na,na,,
13,Nov-2016,2016-11-13,Meay,OP,2,L,20,17,na,2,13:00,na,C,6,2,1,na,na,na,na,na,na,na,"all plants are missing blades (only stalks left), plant is growing on the line, chose left side arbritrarily",
13,Nov-2016,2016-11-13,Meay,OP,3,L,20,10.5,na,2,13:00,na,C,1,0,0,0.5,na,na,na,na,na,na,"all plants are missing blades (only stalks left), plant is growing on the line, chose left side arbritrarily",
13,Nov-2016,2016-11-13,Meay,AM,1,L,20,10,na,2,13:00,na,C,11,6,3,na,na,na,na,na,na,na,all plants are missing blades (only stalks left),
13,Nov-2016,2016-11-13,Meay,AM,1,L,20,18,na,2,13:00,na,C,2,1,2,na,na,na,na,na,na,na,all plants are missing blades (only stalks left),
13,Nov-2016,2016-11-13,Meay,AM,2,L,20,18,na,2,13:00,538,C,4,0,0,1.2,4,0,3,0,0,na,all plants are missing blades (only stalks left),
13,Nov-2016,2016-11-13,Meay,AM,2,L,20,17,na,2,13:00,na,C,18,13,2,na,na,na,na,na,na,na,all plants are missing blades (only stalks left),
13,Nov-2016,2016-11-13,Meay,AM,2,L,20,17.2,na,2,13:00,na,C,3,1,1,na,na,na,na,na,na,na,all plants are missing blades (only stalks left),
13,Nov-2016,2016-11-13,Meay,AM,2,L,20,17.3,na,2,13:00,na,C,3,1,2,na,na,na,na,na,na,na,all plants are missing blades (only stalks left),
12,Sep-2016,2016-09-07,Meay,OP,3,L,20,5,na,2,9:45,2109,na,3,2,2.5,na,na,na,7,0,0,na,,
13,Nov-2016,2016-11-13,Meay,AM,3,L,20,5,na,2,13:00,2109,C,3,1,2,na,na,na,4,0,0,na,all plants are missing blades (only stalks left),
13,Nov-2016,2016-11-13,Meay,AM,3,L,20,5,na,2,13:00,na,C,4,1,2,na,na,na,na,na,na,na,all plants are missing blades (only stalks left),
13,Nov-2016,2016-11-13,Meay,AM,3,L,20,19,na,2,13:00,na,C,4,1,1,na,na,na,na,na,na,na,all plants are missing blades (only stalks left),
13,Nov-2016,2016-11-13,Meay,OP,1,R,20,16,na,2,13:00,572,C,3,2,2,na,4,1,2,0,0,na,all plants are missing blades (only stalks left),
13,Nov-2016,2016-11-13,Meay,OP,1,R,20,5,na,2,13:00,1747,C,12,8,4.5,na,16,1,2,0,0,na,all plants are missing blades (only stalks left),
13,Nov-2016,2016-11-13,Meay,OP,1,R,20,11.2,na,2,13:00,na,C,3,1,1,na,na,na,na,na,na,na,all plants are missing blades (only stalks left),
13,Nov-2016,2016-11-13,Meay,OP,2,R,20,4.2,na,2,13:00,1753,C,2,2,1.5,na,4,2,1,0,0,na,all plants are missing blades (only stalks left),
13,Nov-2016,2016-11-13,Meay,OP,3,R,20,8,na,2,13:00,2122,C,9,6,1.5,na,na,na,8,0,0,na,all plants are missing blades (only stalks left),
13,Nov-2016,2016-11-13,Meay,OP,3,R,20,15,na,2,13:00,2503,C,1,1,0,na,5,0,0,0,0,na,all plants are missing blades (only stalks left),
13,Nov-2016,2016-11-13,Meay,OP,3,R,20,8.1,na,2,13:00,na,C,7,4,1,na,na,na,na,na,na,na,all plants are missing blades (only stalks left),
13,Nov-2016,2016-11-13,Meay,OP,3,R,20,8.2,na,2,13:00,na,C,2,2,3,na,na,na,na,na,na,na,all plants are missing blades (only stalks left),
13,Nov-2016,2016-11-13,Meay,OP,3,R,20,10.2,na,2,13:00,na,C,1,1,0,na,na,na,na,na,na,na,all plants are missing blades (only stalks left),
13,Nov-2016,2016-11-13,Meay,OP,3,R,20,10.2,na,2,13:00,na,C,1,0,0,0.5,na,na,na,na,na,na,all plants are missing blades (only stalks left),
13,Nov-2016,2016-11-14,Triquet,AM,1,L,20,4,na,4,11:45,na,na,1,1,1,na,na,na,na,na,na,na,,
13,Nov-2016,2016-11-14,Triquet,AM,1,L,20,4,na,4,11:45,na,na,2,1,1,na,na,na,na,na,na,na,,
13,Nov-2016,2016-11-14,Triquet,AM,1,L,20,11,na,4,11:45,na,na,1,0,0,2,na,na,na,na,na,na,,
13,Nov-2016,2016-11-14,Triquet,AM,1,L,20,13,na,4,11:45,na,na,6,0,0,2.5,na,na,na,na,na,na,,
13,Nov-2016,2016-11-14,Triquet,AM,1,L,20,15,na,4,11:45,na,na,1,0,0,2,na,na,na,na,na,na,,
13,Nov-2016,2016-11-14,Triquet,AM,1,L,20,19,na,4,11:45,na,na,1,0,0,1.2,na,na,na,na,na,na,,
13,Nov-2016,2016-11-14,Triquet,AM,2,L,20,10,na,4,11:45,1978,na,5,4,2,na,na,na,7,0,0,na,used to be 1783,
13,Nov-2016,2016-11-14,Triquet,AM,2,L,20,11,na,4,11:45,1859,na,1,0,0,1,1,1,7,0,0,na,,
13,Nov-2016,2016-11-14,Triquet,AM,2,L,20,20,na,4,11:45,1996,na,6,5,2,na,na,na,9,0,0,na,used to be 2485,
13,Nov-2016,2016-11-14,Triquet,AM,2,L,20,18,na,4,11:45,na,na,3,0,0,3,na,na,na,na,na,na,,
13,Nov-2016,2016-11-14,Triquet,AM,2,L,20,18.3,na,4,11:45,na,na,3,0,0,2,na,na,na,na,na,na,,
13,Nov-2016,2016-11-14,Triquet,AM,3,L,20,14,na,4,11:45,1951,na,3,1,0.2,na,1,3,7,3,50,na,,
13,Nov-2016,2016-11-14,Triquet,OP,1,R,20,0,na,4,11:30,1764,na,4,0,0,3.5,4,0,12,0,0,na,,
13,Nov-2016,2016-11-14,Triquet,OP,1,R,20,8,na,4,11:30,1824,na,6,2,0.5,na,5,1,5,1,90,na,used to be 707,
13,Nov-2016,2016-11-14,Triquet,OP,1,R,20,8,na,4,11:30,na,na,2,0,0,1,na,na,na,na,na,na,,
13,Nov-2016,2016-11-14,Triquet,OP,1,R,20,10,na,4,11:30,na,na,2,0,0,2,na,na,na,na,na,na,,
13,Nov-2016,2016-11-14,Triquet,OP,1,R,20,11,na,4,11:30,na,na,1,0,0,0.75,na,na,na,na,na,na,,
13,Nov-2016,2016-11-14,Triquet,OP,1,R,20,16,na,4,11:30,na,na,3,0,0,2.5,na,na,na,na,na,na,,
13,Nov-2016,2016-11-14,Triquet,OP,1,R,20,19,na,4,11:30,na,na,7,2,0.5,na,na,na,na,na,na,na,,
8,Sep-2015,2015-09-12,Triquet,na,2,R,20,16.5,6.4,na,11:00,700,na,9,3,6.5,na,10,2,29,14,20,na,,
8,Sep-2015,2015-09-12,Triquet,na,2,R,20,17,6.5,na,11:09,2422,na,1,0,0,2.5,na,na,11,4,75,na,*Used to be 754,
12,Sep-2016,2016-09-07,Triquet,OP,2,R,20,1.5,na,4,na,1785,na,na,na,na,na,na,na,na,na,na,na,tag not found at that interval/missing data,
13,Nov-2016,2016-11-14,Triquet,OP,2,R,20,1.5,na,4,11:30,1785,na,17,6,4,na,na,na,28,16,90,na,,
13,Nov-2016,2016-11-14,Triquet,OP,2,R,20,9,na,4,11:40,na,na,2,1,0,na,na,na,na,na,na,na,,
13,Nov-2016,2016-11-14,Triquet,OP,2,R,20,10,na,4,11:40,na,na,2,1,0,na,na,na,na,na,na,na,,
13,Nov-2016,2016-11-14,Triquet,OP,2,R,20,13,na,4,11:40,na,na,2,0,0,2,na,na,na,na,na,na,,
13,Nov-2016,2016-11-14,Triquet,OP,2,R,20,15,na,4,11:40,na,na,3,0,0,2.5,na,na,na,na,na,na,,
13,Nov-2016,2016-11-14,Triquet,OP,2,R,20,20,na,4,11:40,na,na,6,3,0,na,na,na,na,na,na,na,,
13,Nov-2016,2016-11-14,Triquet,OP,3,R,20,1,na,4,12:00,1766,na,8,4,1.5,na,8,4,13,0,0,na,,
13,Nov-2016,2016-11-14,Triquet,OP,3,R,20,15,na,4,12:00,1949,na,2,1,1.5,na,2,1,11,0,0,na,,
13,Nov-2016,2016-11-14,Triquet,OP,3,R,20,12,na,4,12:00,na,na,2,0,0,3,na,na,na,na,na,na,,
13,Nov-2016,2016-11-14,Triquet,OP,3,R,20,15,na,4,12:00,na,na,1,0,0,1.5,na,na,na,na,na,na,,
13,Nov-2016,2016-11-14,Triquet,OP,3,R,20,15.2,na,4,12:00,na,P,6,6,2,na,na,na,na,na,na,na,,
13,Nov-2016,2016-11-14,Triquet,OP,3,R,20,15.5,na,4,12:00,na,na,5,3,2,na,na,na,na,na,na,na,,plant recorded as tangled but estimates of length given
14,Apr-2017,2017-04-05,Meay,OP,1,L,20,0_20,na,2,na,na,na,0,na,na,na,na,na,0,0,0,na,no macro (not even holdfast),
14,Apr-2017,2017-04-05,Meay,OP,2,L,20,0_20,na,2,na,na,na,0,na,na,na,na,na,0,0,0,na,no macro (not even holdfast),
14,Apr-2017,2017-04-05,Meay,OP,3,L,20,0_20,na,2,na,na,na,0,na,na,na,na,na,0,0,0,na,no macro (not even holdfast),
14,Apr-2017,2017-04-05,Meay,OP,1,R,20,0_20,na,2,na,na,na,0,na,na,na,na,na,0,0,0,na,no macro (not even holdfast),
14,Apr-2017,2017-04-05,Meay,OP,2,R,20,0_20,na,2,na,na,na,0,na,na,na,na,na,0,0,0,na,no macro (not even holdfast),
14,Apr-2017,2017-04-05,Meay,OP,3,R,20,0_20,na,2,na,na,na,0,na,na,na,na,na,0,0,0,na,no macro (not even holdfast),
14,Apr-2017,2017-04-06,Triquet,KH,1,L,20,14,na,4,10:36,108,na,2,1,1.2,na,na,na,21,0,0,na,,
14,Apr-2017,2017-04-06,Triquet,KH,1,L,20,3.5,na,4,10:42,112,na,5,4,0.1,na,0,8,12,0,0,na,,
14,Apr-2017,2017-04-06,Triquet,KH,1,L,20,2.4,na,4,10:42,na,na,5,3,4,na,na,na,na,na,na,na,,
14,Apr-2017,2017-04-06,Triquet,KH,1,L,20,2.4,na,4,10:42,na,na,2,1,1,na,na,na,na,na,na,na,,
14,Apr-2017,2017-04-06,Triquet,KH,1,L,20,2.5,na,4,10:42,na,na,4,1,1.5,na,na,na,na,na,na,na,,
14,Apr-2017,2017-04-06,Triquet,KH,1,L,20,4.5,na,4,10:42,na,P,2,na,na,na,na,na,na,na,na,na,,
14,Apr-2017,2017-04-06,Triquet,KH,1,L,20,11,na,4,10:42,na,na,1,0,0,1.1,na,na,na,na,na,na,,
14,Apr-2017,2017-04-06,Triquet,KH,1,L,20,12,na,4,10:42,na,P,2,na,na,na,na,na,na,na,na,na,,
14,Apr-2017,2017-04-06,Triquet,KH,1,L,20,12.5,na,4,10:42,na,P,4,na,na,na,na,na,na,na,na,na,,
14,Apr-2017,2017-04-06,Triquet,KH,1,L,20,13.8,na,4,10:42,na,na,3,0,0,2.5,na,na,na,na,na,na,,
14,Apr-2017,2017-04-06,Triquet,KH,1,L,20,16.5,na,4,10:36,na,na,1,0,0,1.7,na,na,na,na,na,na,,
14,Apr-2017,2017-04-06,Triquet,KH,1,L,20,17.7,na,4,10:36,na,na,3,0,0,3,na,na,na,na,na,na,,
14,Apr-2017,2017-04-06,Triquet,KH,1,L,20,17.8,na,4,10:36,na,na,3,0,0,2.4,na,na,na,na,na,na,,
14,Apr-2017,2017-04-06,Triquet,KH,1,L,20,18.7,na,4,10:36,na,na,1,0,0,1.3,na,na,na,na,na,na,,
14,Apr-2017,2017-04-06,Triquet,KH,1,L,20,19.1,na,4,10:36,na,na,1,0,0,1.2,na,na,na,na,na,na,,
14,Apr-2017,2017-04-06,Triquet,OP,2,L,20,10,na,4,10:36,1978,na,4,2,1,na,0,7,9,0,0,na,used to be 1783,
14,Apr-2017,2017-04-06,Triquet,OP,2,L,20,20,na,4,10:36,1996,na,3,1,0.5,na,0,5,11,0,0,na,used to be 2485,
14,Apr-2017,2017-04-06,Triquet,OP,2,L,20,10.5,na,4,10:36,na,na,3,2,1,na,na,na,na,na,na,na,,
14,Apr-2017,2017-04-06,Triquet,OP,3,L,20,12.5,na,4,10:36,1951,na,1,0,0,0.75,1,2,4,0,0,na,,
14,Apr-2017,2017-04-06,Triquet,KH,1,R,20,15,na,4,10:36,111,na,4,1,1.5,na,na,na,7,0,0,na,,
14,Apr-2017,2017-04-06,Triquet,KH,1,R,20,0,na,4,10:36,118,na,3,1,1,na,2,7,23,0,0,na,,
14,Apr-2017,2017-04-06,Triquet,KH,1,R,20,10,na,4,10:36,na,na,5,1,0.5,na,na,na,na,na,na,na,,
14,Apr-2017,2017-04-06,Triquet,KH,1,R,20,10.8,na,4,10:36,na,na,2,0,0,2.4,na,na,na,na,na,na,,
14,Apr-2017,2017-04-06,Triquet,KH,1,R,20,11.2,na,4,10:36,na,P,3,na,na,na,na,na,na,na,na,na,,
14,Apr-2017,2017-04-06,Triquet,KH,1,R,20,13,na,4,10:36,na,na,3,0,0,1.5,na,na,na,na,na,na,,
14,Apr-2017,2017-04-06,Triquet,KH,1,R,20,18,na,4,10:36,na,na,12,5,4,na,na,na,na,na,na,na,,
9,May-2016,2016-05-22,Triquet,OP,2,R,20,17,na,4,11:02,2422,na,3,0,0,3.5,na,na,10,3,5,na,*Used to be 754,
14,Apr-2017,2017-04-06,Triquet,OP,2,R,20,1.5,na,4,10:36,1785,na,9,2,0.5,na,na,na,20,0,0,na,,
14,Apr-2017,2017-04-06,Triquet,OP,2,R,20,2,na,4,10:36,na,na,1,0,0,0.5,na,na,na,na,na,na,,
14,Apr-2017,2017-04-06,Triquet,OP,2,R,20,3,na,4,10:36,na,na,1,0,0,0.75,na,na,na,na,na,na,,
14,Apr-2017,2017-04-06,Triquet,OP,2,R,20,9,na,4,10:36,na,na,4,1,0.5,na,na,na,na,na,na,na,,
14,Apr-2017,2017-04-06,Triquet,OP,2,R,20,10,na,4,10:36,na,na,2,0,0,2.5,na,na,na,na,na,na,,
14,Apr-2017,2017-04-06,Triquet,OP,2,R,20,13,na,4,10:36,na,na,2,0,0,2,na,na,na,na,na,na,,
14,Apr-2017,2017-04-06,Triquet,OP,2,R,20,16,na,4,10:36,na,na,1,0,0,1,na,na,na,na,na,na,,
14,Apr-2017,2017-04-06,Triquet,OP,2,R,20,19.5,na,4,10:36,na,na,1,0,0,1.5,na,na,na,na,na,na,,
14,Apr-2017,2017-04-06,Triquet,OP,3,R,20,10.5,na,4,10:36,102,na,2,1,0.5,na,na,na,5,0,0,na,,
14,Apr-2017,2017-04-06,Triquet,OP,3,R,20,1,na,4,10:36,1766,na,17,5,2,na,na,na,30,0,0,na,new tag,
14,Apr-2017,2017-04-06,Triquet,OP,3,R,20,15,na,4,10:36,1949,na,3,0,0,2,1,4,5,0,0,na,,
14,Apr-2017,2017-04-06,Triquet,OP,3,R,20,13.5,na,4,10:36,na,na,10,7,5,na,na,na,na,na,na,na,,
13,Nov-2016,2016-11-13,Westbeach,OP,1,L,20,11,na,2,na,110,na,na,na,na,na,na,na,na,na,na,na,data missing at this interval,
14,Apr-2017,2017-04-07,Westbeach,KH,1,L,20,11,na,2,10:30,110,na,10,5,5.5,na,2,12,28,7,80,na,used to be 1732,
14,Apr-2017,2017-04-07,Westbeach,KH,1,L,20,3,na,2,10:30,na,na,2,0,0,1.8,na,na,na,na,na,na,,
14,Apr-2017,2017-04-07,Westbeach,KH,1,L,20,3.8,na,2,10:30,na,na,3,1,2,na,na,na,na,na,na,na,,
14,Apr-2017,2017-04-07,Westbeach,KH,1,L,20,9,na,2,10:30,na,na,7,3,2,na,na,na,na,na,na,na,,
14,Apr-2017,2017-04-07,Westbeach,KH,1,L,20,9,na,2,10:30,na,na,1,1,2.2,na,na,na,na,na,na,na,,
14,Apr-2017,2017-04-07,Westbeach,KH,1,L,20,12,na,2,10:30,na,na,10,7,5,na,na,na,na,na,na,na,,
14,Apr-2017,2017-04-07,Westbeach,KH,1,L,20,12.5,na,2,10:30,na,na,2,0,0,1.1,na,na,na,na,na,na,,
14,Apr-2017,2017-04-07,Westbeach,KH,1,L,20,15,na,2,10:30,na,na,3,1,1.5,na,na,na,na,na,na,na,,
14,Apr-2017,2017-04-07,Westbeach,KH,1,L,20,15.1,na,2,10:30,na,na,3,1,3,na,na,na,na,na,na,na,,
14,Apr-2017,2017-04-07,Westbeach,KH,1,L,20,15.1,na,2,10:30,na,P,4,na,na,na,na,na,na,na,na,na,,
14,Apr-2017,2017-04-07,Westbeach,KH,1,L,20,15.2,na,2,10:30,na,na,3,2,4,na,na,na,na,na,na,na,,
14,Apr-2017,2017-04-07,Westbeach,DVM,2,L,20,12,na,2,10:00,119,na,3,1,2.5,na,na,na,13,0,0,na,,
13,Nov-2016,2016-11-13,Westbeach,OP,2,L,20,0,na,2,na,2074,na,na,na,na,na,na,na,na,na,na,na,"survey cancelled due to weather, data missing",
14,Apr-2017,2017-04-07,Westbeach,DVM,2,L,20,1,na,2,10:00,2074,na,2,1,1,na,2,1,12,0,0,na,,
14,Apr-2017,2017-04-07,Westbeach,DVM,2,L,20,0.5,na,2,10:00,na,na,2,0,0,1.5,na,na,na,na,na,na,,
14,Apr-2017,2017-04-07,Westbeach,DVM,2,L,20,1,na,2,10:00,na,na,4,4,4,na,na,na,na,na,na,na,,
14,Apr-2017,2017-04-07,Westbeach,DVM,2,L,20,6,na,2,10:00,na,na,4,6,5,na,na,na,na,na,na,na,,
14,Apr-2017,2017-04-07,Westbeach,DVM,2,L,20,11.5,na,2,10:00,na,na,10,5,8.5,na,na,na,na,na,na,na,,
14,Apr-2017,2017-04-07,Westbeach,DVM,2,L,20,12,na,2,10:00,na,na,5,3,5.5,na,na,na,na,na,na,na,,
14,Apr-2017,2017-04-07,Westbeach,DVM,2,L,20,12,na,2,10:00,na,na,7,5,5,na,na,na,na,na,na,na,,
14,Apr-2017,2017-04-07,Westbeach,DVM,2,L,20,12,na,2,10:00,na,na,7,6,6,na,na,na,na,na,na,na,,
14,Apr-2017,2017-04-07,Westbeach,OP,3,L,20,2.5,na,2,10:30,na,na,3,2,2.5,na,na,na,na,na,na,na,,
14,Apr-2017,2017-04-07,Westbeach,OP,3,L,20,3,na,2,10:30,na,na,2,2,2,na,na,na,na,na,na,na,,
14,Apr-2017,2017-04-07,Westbeach,OP,3,L,20,3,na,2,10:30,na,na,3,3,4.5,na,na,na,na,na,na,na,,
14,Apr-2017,2017-04-07,Westbeach,OP,3,L,20,3,na,2,10:30,na,na,4,2,2,na,na,na,na,na,na,na,,
14,Apr-2017,2017-04-07,Westbeach,OP,3,L,20,4,na,2,10:30,na,na,3,2,2,na,na,na,na,na,na,na,,
14,Apr-2017,2017-04-07,Westbeach,OP,3,L,20,4,na,2,10:30,na,na,3,3,3,na,na,na,na,na,na,na,,
14,Apr-2017,2017-04-07,Westbeach,OP,3,L,20,4,na,2,10:30,na,na,2,2,2,na,na,na,na,na,na,na,,
14,Apr-2017,2017-04-07,Westbeach,OP,3,L,20,4.5,na,2,10:30,na,na,2,1,0.5,na,na,na,na,na,na,na,,
14,Apr-2017,2017-04-07,Westbeach,OP,3,L,20,5,na,2,10:30,na,na,10,5,5.5,na,na,na,na,na,na,na,,
14,Apr-2017,2017-04-07,Westbeach,OP,3,L,20,5,na,2,10:30,na,na,2,1,2,na,na,na,na,na,na,na,,
13,Nov-2016,2016-11-13,Westbeach,KH,1,R,20,1.5,na,2,na,2537,na,na,na,na,na,na,na,na,na,na,na,tag not found at this interval,
14,Apr-2017,2017-04-07,Westbeach,KH,1,R,20,1.5,na,2,10:30,2537,na,1,1,0,na,na,na,5,0,0,na,*Used to be 1758,
13,Nov-2016,2016-11-13,Westbeach,OP,1,R,20,12.5,na,2,na,114,na,na,na,na,na,na,na,na,na,na,na,data missing at this interval,
14,Apr-2017,2017-04-07,Westbeach,KH,1,R,20,13.8,na,2,10:30,114,na,17,6,6,na,0,20,58,11,90,na,used to be 2006,
14,Apr-2017,2017-04-07,Westbeach,KH,1,R,20,1.1,na,2,10:30,na,na,4,2,3.5,na,na,na,na,na,na,na,,
14,Apr-2017,2017-04-07,Westbeach,KH,1,R,20,1.1,na,2,10:30,na,na,1,1,1,na,na,na,na,na,na,na,,
14,Apr-2017,2017-04-07,Westbeach,KH,1,R,20,1.1,na,2,10:30,na,na,1,1,0.4,na,na,na,na,na,na,na,,
14,Apr-2017,2017-04-07,Westbeach,KH,1,R,20,1.2,na,2,10:30,na,na,17,9,4,na,na,na,na,na,na,na,,
14,Apr-2017,2017-04-07,Westbeach,KH,1,R,20,2,na,2,10:30,na,na,3,2,3,na,na,na,na,na,na,na,,
14,Apr-2017,2017-04-07,Westbeach,KH,1,R,20,2.1,na,2,10:30,na,na,3,2,3,na,na,na,na,na,na,na,,
14,Apr-2017,2017-04-07,Westbeach,KH,1,R,20,2.7,na,2,10:30,na,na,5,4,3.5,na,na,na,na,na,na,na,,
14,Apr-2017,2017-04-07,Westbeach,KH,1,R,20,2.8,na,2,10:30,na,na,5,4,9,na,na,na,na,na,na,na,,
14,Apr-2017,2017-04-07,Westbeach,KH,1,R,20,3,na,2,10:30,na,na,7,2,4,na,na,na,na,na,na,na,,
14,Apr-2017,2017-04-07,Westbeach,KH,1,R,20,3.1,na,2,10:30,na,na,3,2,0.1,na,na,na,na,na,na,na,,
14,Apr-2017,2017-04-07,Westbeach,KH,1,R,20,3.2,na,2,10:30,na,P,15,na,na,na,na,na,na,na,na,na,,
14,Apr-2017,2017-04-07,Westbeach,KH,1,R,20,4,na,2,10:30,na,na,10,7,3,na,na,na,na,na,na,na,,
14,Apr-2017,2017-04-07,Westbeach,KH,1,R,20,4.1,na,2,10:30,na,na,4,2,3,na,na,na,na,na,na,na,,
14,Apr-2017,2017-04-07,Westbeach,KH,1,R,20,8,na,2,10:30,na,P,5,na,na,na,na,na,na,na,na,na,,
14,Apr-2017,2017-04-07,Westbeach,KH,1,R,20,9,na,2,10:30,na,P,3,na,na,na,na,na,na,na,na,na,,
14,Apr-2017,2017-04-07,Westbeach,KH,1,R,20,12,na,2,10:30,na,na,7,4.5,4.5,na,na,na,na,na,na,na,,
14,Apr-2017,2017-04-07,Westbeach,KH,1,R,20,12.1,na,2,10:30,na,na,3,3,3,na,na,na,na,na,na,na,,
14,Apr-2017,2017-04-07,Westbeach,KH,1,R,20,14.9,na,2,10:30,na,na,6,5,6,na,na,na,na,na,na,na,,
14,Apr-2017,2017-04-07,Westbeach,KH,1,R,20,15.8,na,2,10:30,na,na,3,2,3,na,na,na,na,na,na,na,,
14,Apr-2017,2017-04-07,Westbeach,DVM,2,R,20,6,na,2,10:00,109,na,4,4,3.8,na,0,4,5,0,0,na,,
13,Nov-2016,2016-11-13,Westbeach,KH,2,R,20,8,na,2,na,2008,na,na,na,na,na,na,na,na,na,na,na,"survey cancelled due to weather, missing data",
14,Apr-2017,2017-04-07,Westbeach,DVM,2,R,20,8,na,2,10:00,2008,na,9,5,5,na,6,12,22,0,0,na,,
14,Apr-2017,2017-04-07,Westbeach,DVM,2,R,20,1,na,2,10:00,na,na,7,5,5,na,na,na,na,na,na,na,,
14,Apr-2017,2017-04-07,Westbeach,DVM,2,R,20,1.5,na,2,10:00,na,na,3,3,2,na,na,na,na,na,na,na,,
14,Apr-2017,2017-04-07,Westbeach,DVM,2,R,20,8,na,2,10:00,na,na,1,1,0,na,na,na,na,na,na,na,,
14,Apr-2017,2017-04-07,Westbeach,DVM,2,R,20,9,na,2,10:00,na,na,16,11,9,na,na,na,na,na,na,na,,
14,Apr-2017,2017-04-07,Westbeach,DVM,2,R,20,9.25,na,2,10:00,na,na,15,9,10,na,na,na,na,na,na,na,,
14,Apr-2017,2017-04-07,Westbeach,DVM,2,R,20,11,na,2,10:00,na,na,22,11,6,na,na,na,na,na,na,na,,
14,Apr-2017,2017-04-07,Westbeach,DVM,2,R,20,11,na,2,10:00,na,na,1,1,3,na,na,na,na,na,na,na,,
14,Apr-2017,2017-04-07,Westbeach,DVM,2,R,20,11.25,na,2,10:00,na,na,11,5,4.5,na,na,na,na,na,na,na,,
14,Apr-2017,2017-04-07,Westbeach,DVM,2,R,20,11.5,na,2,10:00,na,na,7,6,4,na,na,na,na,na,na,na,,
14,Apr-2017,2017-04-07,Westbeach,DVM,2,R,20,12,na,2,10:00,na,na,2,1,1,na,na,na,na,na,na,na,,
14,Apr-2017,2017-04-07,Westbeach,DVM,2,R,20,12,na,2,10:00,na,na,2,1,1,na,na,na,na,na,na,na,,
14,Apr-2017,2017-04-07,Westbeach,DVM,2,R,20,13,na,2,10:00,na,na,3,2,1,na,na,na,na,na,na,na,,
14,Apr-2017,2017-04-07,Westbeach,OP,3,R,20,7.5,na,2,10:30,101,na,3,2,1,na,na,na,9,0,0,na,,
14,Apr-2017,2017-04-07,Westbeach,OP,3,R,20,13,na,2,10:30,123,na,2,1,0.5,na,na,na,13,5,75,na,,
13,Nov-2016,2016-11-13,Westbeach,OP,3,R,20,4.25,na,2,na,1991,na,na,na,na,na,na,na,na,na,na,na,"survey cancelled due to weather, missing data",
14,Apr-2017,2017-04-07,Westbeach,OP,3,R,20,4.25,na,2,10:30,1991,na,3,2,2.5,na,1,5,14,0,0,na,,
13,Nov-2016,2016-11-13,Westbeach,KH,3,R,20,3,na,2,na,2000,na,na,na,na,na,na,na,na,na,na,na,"survey cancelled due to weather, missing data",
14,Apr-2017,2017-04-07,Westbeach,OP,3,R,20,3,na,2,10:30,2000,na,7,4,0.5,na,2,5,5,0,0,na,,
14,Apr-2017,2017-04-07,Westbeach,OP,3,R,20,3,na,2,10:30,na,na,3,2,2,na,na,na,na,na,na,na,,
14,Apr-2017,2017-04-07,Westbeach,OP,3,R,20,7,na,2,10:30,na,P,6,na,na,na,na,na,na,na,na,na,,
14,Apr-2017,2017-04-07,Westbeach,OP,3,R,20,7.5,na,2,10:30,na,na,1,1,0,na,na,na,na,na,na,na,,
14,Apr-2017,2017-04-07,Westbeach,OP,3,R,20,7.6,na,2,10:30,na,P,6,na,na,na,na,na,na,na,na,na,,
14,Apr-2017,2017-04-07,Westbeach,OP,3,R,20,8,na,2,10:30,na,na,4,2,0,na,na,na,na,na,na,na,,
14,Apr-2017,2017-04-07,Westbeach,OP,3,R,20,8,na,2,10:30,na,na,8,5,3,na,na,na,na,na,na,na,,
14,Apr-2017,2017-04-07,Westbeach,OP,3,R,20,10,na,2,10:30,na,P,4,na,na,na,na,na,na,na,na,na,,
14,Apr-2017,2017-04-07,Westbeach,OP,3,R,20,10.5,na,2,10:30,na,na,4,2,1,na,na,na,na,na,na,na,,
14,Apr-2017,2017-04-07,Westbeach,OP,3,R,20,10.5,na,2,10:30,na,P,4,na,na,na,na,na,na,na,na,na,,
14,Apr-2017,2017-04-07,Westbeach,OP,3,R,20,10.6,na,2,10:30,na,na,1,0,0,0.75,na,na,na,na,na,na,,
14,Apr-2017,2017-04-07,Westbeach,OP,3,R,20,11,na,2,10:30,na,na,7,1,4,na,na,na,na,na,na,na,,
14,Apr-2017,2017-04-07,Westbeach,OP,3,R,20,12,na,2,10:30,na,na,4,2,3.5,na,na,na,na,na,na,na,,
14,Apr-2017,2017-04-07,Westbeach,OP,3,R,20,12,na,2,10:30,na,na,3,1,2,na,na,na,na,na,na,na,,
14,Apr-2017,2017-04-07,Westbeach,OP,3,R,20,12,na,2,10:30,na,na,5,2,2,na,na,na,na,na,na,na,,
14,Apr-2017,2017-04-07,Westbeach,OP,3,R,20,12,na,2,10:30,na,P,3,na,na,na,na,na,na,na,na,na,,
14,Apr-2017,2017-04-07,Westbeach,OP,3,R,20,12.5,na,2,10:30,na,na,6,1,4.5,na,na,na,na,na,na,na,,
14,Apr-2017,2017-04-07,Westbeach,OP,3,R,20,13,na,2,10:30,na,na,3,2,2,na,na,na,na,na,na,na,,
14,Apr-2017,2017-04-07,Westbeach,OP,3,R,20,14,na,2,10:30,na,na,1,1,3,na,na,na,na,na,na,na,,
14,Apr-2017,2017-04-07,Westbeach,OP,3,R,20,15,na,2,10:30,na,P,5,na,na,na,na,na,na,na,na,na,,
14,Apr-2017,2017-04-07,Westbeach,OP,3,R,20,15,na,2,10:30,na,P,4,na,na,na,na,na,na,na,na,na,,
14,Apr-2017,2017-04-07,Westbeach,OP,3,R,20,15.4,na,2,10:30,na,T,1,na,na,na,na,na,na,na,na,na,,
14,Apr-2017,2017-04-07,Westbeach,OP,3,R,20,17.5,na,2,10:30,na,na,2,2,1.5,na,na,na,na,na,na,na,,
14,Apr-2017,2017-04-07,Westbeach,OP,3,R,20,18,na,2,10:30,na,na,27,16,8,na,na,na,na,na,na,na,,
15,May-2017,2017-05-15,Triquet,OP,1,L,20,15,na,4,10:37,108,na,2,2,1,na,na,na,8,2,25,na,,
15,May-2017,2017-05-15,Triquet,OP,1,L,20,3.25,na,4,10:50,112,na,3,1,0,na,3,1,6,0,0,na,,
15,May-2017,2017-05-15,Triquet,KH,1,L,20,0,na,4,10:30,na,na,1,0,0,2,na,na,na,na,na,na,,
15,May-2017,2017-05-15,Triquet,KH,1,L,20,2.4,na,4,10:10,na,na,6,4,6.9,na,na,na,na,na,na,na,,
15,May-2017,2017-05-15,Triquet,KH,1,L,20,2.5,na,4,10:10,na,na,6,5,7.3,na,na,na,na,na,na,na,,
15,May-2017,2017-05-15,Triquet,KH,1,L,20,11.2,na,4,10:10,na,na,1,0,0,1.1,na,na,na,na,na,na,,
15,May-2017,2017-05-15,Triquet,KH,1,L,20,11.3,na,4,10:10,na,na,1,0,0,1.2,na,na,na,na,na,na,,
15,May-2017,2017-05-15,Triquet,KH,1,L,20,13,na,4,10:10,na,P,6,na,na,na,na,na,na,na,na,na,,
15,May-2017,2017-05-15,Triquet,KH,1,L,20,16,na,4,9:55,na,na,1,0,0,1.2,na,na,na,na,na,na,,
15,May-2017,2017-05-15,Triquet,KH,1,L,20,17,na,4,9:55,na,na,5,4,4,na,na,na,na,na,na,na,,
15,May-2017,2017-05-15,Triquet,KH,1,L,20,17.5,na,4,9:55,na,na,6,3,3,na,na,na,na,na,na,na,,
15,May-2017,2017-05-15,Triquet,KH,1,L,20,19.5,na,4,9:55,na,na,1,0,0,1.2,na,na,na,na,na,na,,
15,May-2017,2017-05-15,Triquet,OP,2,L,20,10,na,4,10:11,1978,na,7,5,5,na,5,3,9,0,0,na,used to be 1783,plant recorded as tangled but estimates of length given
15,May-2017,2017-05-15,Triquet,OP,2,L,20,20,na,4,9:56,1996,na,6,3,3,na,5,3,19,3,50,na,,
15,May-2017,2017-05-15,Triquet,KH,2,L,20,9.6,na,4,10:50,na,na,1,0,0,1.3,na,na,na,na,na,na,,
15,May-2017,2017-05-15,Triquet,KH,2,L,20,18,na,4,11:10,na,na,7,2,3.2,na,na,na,na,na,na,na,,
15,May-2017,2017-05-15,Triquet,OP,3,L,20,12,na,4,11:05,1951,na,3,1,0.5,na,3,1,5,0,0,na,,
15,May-2017,2017-05-15,Triquet,OP,1,R,20,15,na,4,10:45,111,na,7,5,3,na,na,na,8,0,0,na,,
15,May-2017,2017-05-15,Triquet,OP,1,R,20,0,na,4,10:27,118,na,7,2,1,na,6,3,16,2,75,na,,
14,Apr-2017,2017-04-06,Triquet,OP,1,R,20,8,na,4,10:36,1824,na,na,na,na,na,0,0,0,0,0,na,"used to be 707, not found at this interval, most likely only holdfast left",
15,May-2017,2017-05-15,Triquet,OP,1,R,20,8,na,4,11:35,1824,na,2,0,0,3,na,na,3,0,0,na,used to be 707,
15,May-2017,2017-05-15,Triquet,KH,1,R,20,8.1,na,4,10:10,na,na,4,0,0,2.4,na,na,na,na,na,na,,
15,May-2017,2017-05-15,Triquet,KH,1,R,20,10,na,4,10:10,na,na,9,7,5,na,na,na,na,na,na,na,,
15,May-2017,2017-05-15,Triquet,KH,1,R,20,10.3,na,4,10:10,na,P,1,na,na,na,na,na,na,na,na,na,,
15,May-2017,2017-05-15,Triquet,KH,1,R,20,11.8,na,4,10:10,na,P,3,na,na,na,na,na,na,na,na,na,,
15,May-2017,2017-05-15,Triquet,KH,1,R,20,18,na,4,9:55,na,na,16,11,6,na,na,na,na,na,na,na,,
10,Jun-2016,2016-06-11,Triquet,OP,2,R,20,17,na,4,12:14,2422,na,4,1,1,na,na,na,12,0,0,na,*Used to be 754,
15,May-2017,2017-05-15,Triquet,OP,2,R,20,1,na,4,11:20,1785,T,6,na,na,na,na,na,17,2,50,na,,
15,May-2017,2017-05-15,Triquet,KH,2,R,20,1.1,na,4,10:30,na,na,3,2,5,na,na,na,na,na,na,na,,plant recorded as tangled but estimates of length given
15,May-2017,2017-05-15,Triquet,KH,2,R,20,1.6,na,4,10:30,na,na,3,0,0,3.2,na,na,na,na,na,na,,
15,May-2017,2017-05-15,Triquet,KH,2,R,20,1.7,na,4,10:30,na,na,5,1,5,na,na,na,na,na,na,na,,plant recorded as tangled but estimates of length given
15,May-2017,2017-05-15,Triquet,KH,2,R,20,2,na,4,10:30,na,na,2,1,0.4,na,na,na,na,na,na,na,,
15,May-2017,2017-05-15,Triquet,KH,2,R,20,2.1,na,4,10:30,na,na,2,0,0,1.2,na,na,na,na,na,na,Fronds_SFC entered as 1,
15,May-2017,2017-05-15,Triquet,KH,2,R,20,3,na,4,10:30,na,na,3,2,2,na,na,na,na,na,na,na,,
15,May-2017,2017-05-15,Triquet,KH,2,R,20,3.1,na,4,10:50,na,na,1,0,0,1.3,na,na,na,na,na,na,,
15,May-2017,2017-05-15,Triquet,KH,2,R,20,3.2,na,4,10:50,na,na,1,0,0,1.7,na,na,na,na,na,na,,
15,May-2017,2017-05-15,Triquet,KH,2,R,20,9,na,4,10:50,na,na,5,4,5.5,na,na,na,na,na,na,na,,
15,May-2017,2017-05-15,Triquet,KH,2,R,20,9.2,na,4,10:50,na,na,1,1,0.9,na,na,na,na,na,na,na,,
15,May-2017,2017-05-15,Triquet,KH,2,R,20,10,na,4,10:50,na,na,4,2,5,na,na,na,na,na,na,na,,
15,May-2017,2017-05-15,Triquet,KH,2,R,20,16,na,4,10:50,na,na,1,0,0,1.1,na,na,na,na,na,na,,
15,May-2017,2017-05-15,Triquet,KH,2,R,20,19.5,na,4,11:10,na,na,5,2,4,na,na,na,na,na,na,na,,
15,May-2017,2017-05-15,Triquet,OP,3,R,20,10.5,na,4,10:59,102,na,6,4,2,na,na,na,9,0,0,na,,
15,May-2017,2017-05-15,Triquet,OP,3,R,20,13.5,na,4,11:10,2014,na,4,2,1,na,3,1,6,0,0,na,used to be 104,
15,May-2017,2017-05-15,Triquet,OP,3,R,20,1,na,4,10:52,1766,T,28,na,na,na,na,na,46,15,50,na,,
15,May-2017,2017-05-15,Triquet,KH,3,R,20,12,na,4,11:10,na,na,4,4,4.7,na,na,na,na,na,na,na,,
15,May-2017,2017-05-15,Triquet,KH,3,R,20,13.8,na,4,11:10,na,na,15,10,6.2,na,na,na,na,na,na,na,,
15,May-2017,2017-05-17,Westbeach,OP,1,L,20,11,na,2,12:40,110,na,13,13,7,na,9,7,22,16,90,na,,
15,May-2017,2017-05-17,Westbeach,KH,1,L,20,15.3,na,2,13:00,na,na,4,2,8,na,na,na,na,na,na,na,,
15,May-2017,2017-05-17,Westbeach,KH,1,L,20,15,na,2,13:00,117,na,1,1,4,na,na,na,19,0,0,na,,
15,May-2017,2017-05-17,Westbeach,KH,1,L,20,9.3,na,2,13:00,na,na,7,6,7,na,na,na,na,na,na,na,,
15,May-2017,2017-05-17,Westbeach,KH,1,L,20,9.5,na,2,13:00,na,na,7,6,7,na,na,na,na,na,na,na,,
15,May-2017,2017-05-17,Westbeach,KH,1,L,20,11.1,na,2,13:00,na,na,2,1,2,na,na,na,na,na,na,na,,
15,May-2017,2017-05-17,Westbeach,KH,1,L,20,12,na,2,13:00,na,na,2,1,3,na,na,na,na,na,na,na,,
15,May-2017,2017-05-17,Westbeach,KH,1,L,20,12,na,2,13:00,na,na,4,3,6,na,na,na,na,na,na,na,,
15,May-2017,2017-05-17,Westbeach,KH,1,L,20,12.1,na,2,13:00,na,na,13,8,17,na,na,na,na,na,na,na,,
15,May-2017,2017-05-17,Westbeach,KH,1,L,20,12.7,na,2,13:00,na,na,4,1,2,na,na,na,na,na,na,na,,
15,May-2017,2017-05-17,Westbeach,KH,1,L,20,15.5,na,2,13:00,na,na,8,7,13.2,na,na,na,na,na,na,na,,
15,May-2017,2017-05-17,Westbeach,OP,2,L,20,12,na,2,10:00,119,na,2,2,4,na,na,na,11,0,0,na,,
15,May-2017,2017-05-17,Westbeach,BMM,2,L,20,6,na,2,10:30,na,na,5,4,8,na,na,na,na,na,na,na,,
15,May-2017,2017-05-17,Westbeach,BMM,2,L,20,6,na,2,10:30,na,na,2,1,4,na,na,na,na,na,na,na,,
15,May-2017,2017-05-17,Westbeach,BMM,2,L,20,6,na,2,10:30,na,na,1,1,2,na,na,na,na,na,na,na,,
15,May-2017,2017-05-17,Westbeach,BMM,2,L,20,6,na,2,10:30,na,na,1,1,4,na,na,na,na,na,na,na,,
15,May-2017,2017-05-17,Westbeach,BMM,2,L,20,7,na,2,10:30,na,na,4,4,8,na,na,na,na,na,na,na,,
15,May-2017,2017-05-17,Westbeach,BMM,2,L,20,11,na,2,10:30,na,na,3,2,2,na,na,na,na,na,na,na,,
15,May-2017,2017-05-17,Westbeach,BMM,2,L,20,11,na,2,10:30,na,na,2,1,5,na,na,na,na,na,na,na,,
15,May-2017,2017-05-17,Westbeach,KH,2,L,20,12.8,na,2,10:00,na,na,7,6,10,na,na,na,na,na,na,na,,
15,May-2017,2017-05-17,Westbeach,KH,2,L,20,12.9,na,2,10:00,na,na,1,1,6,na,na,na,na,na,na,na,,
15,May-2017,2017-05-17,Westbeach,KH,2,L,20,13,na,2,10:00,na,na,4,3,6.1,na,na,na,na,na,na,na,,
15,May-2017,2017-05-17,Westbeach,KH,2,L,20,13,na,2,10:00,na,na,18,11,14.5,na,na,na,na,na,na,na,,
15,May-2017,2017-05-17,Westbeach,KH,2,L,20,13.1,na,2,10:00,na,na,9,6,13,na,na,na,na,na,na,na,,
15,May-2017,2017-05-17,Westbeach,KH,2,L,20,13.1,na,2,10:00,na,na,11,10,13,na,na,na,na,na,na,na,,
15,May-2017,2017-05-17,Westbeach,KH,2,L,20,13.9,na,2,10:00,na,na,13,9,13.5,na,na,na,na,na,na,na,,
15,May-2017,2017-05-17,Westbeach,OP,3,R,20,13,na,2,9:40,123,na,na,na,na,na,na,na,0,0,0,na,only holdfast left,
15,May-2017,2017-05-17,Westbeach,BMM,3,L,20,2.5,na,2,10:30,na,na,6,6,10,na,na,na,na,na,na,na,,
15,May-2017,2017-05-17,Westbeach,BMM,3,L,20,2.6,na,2,10:30,na,na,2,2,7,na,na,na,na,na,na,na,,
15,May-2017,2017-05-17,Westbeach,BMM,3,L,20,3,na,2,10:30,na,na,6,6,9,na,na,na,na,na,na,na,,
15,May-2017,2017-05-17,Westbeach,BMM,3,L,20,3,na,2,10:30,na,na,6,4,8,na,na,na,na,na,na,na,,
15,May-2017,2017-05-17,Westbeach,BMM,3,L,20,3.5,na,2,10:30,na,na,7,7,7,na,na,na,na,na,na,na,,
15,May-2017,2017-05-17,Westbeach,BMM,3,L,20,3.5,na,2,10:30,na,na,7,5,6,na,na,na,na,na,na,na,,
15,May-2017,2017-05-17,Westbeach,BMM,3,L,20,3.5,na,2,10:30,na,na,3,2,3,na,na,na,na,na,na,na,,
15,May-2017,2017-05-17,Westbeach,BMM,3,L,20,4,na,2,10:30,na,T,3,3,na,na,na,na,na,na,na,na,,
1,May-2014,2014-05-24,Golden,na,2,R,20,6.9,6.6,na,11:21-12:25,546,na,6,2,5.5,na,na,na,na,na,na,3.55,no sporo counts,
1,May-2014,2014-05-24,Golden,na,2,R,20,19.3,6.5,na,9:44-10:42,553,na,4,1,3,na,na,na,na,na,na,3.7,no sporo counts,
1,May-2014,2014-05-24,Golden,na,2,L,20,11.5,6.5,na,11:21-12:25,908,na,5,3,5,na,0,7,na,na,na,3.55,,plant recorded as tangled but estimates of length given
1,May-2014,2014-05-24,Golden,na,2,R,20,8.7,6.7,na,11:21-12:25,912,na,6,2,6.5,na,na,na,na,na,na,3.55,"Was 534, no sporo counts",
1,May-2014,2014-05-24,Golden,na,2,R,20,1,7.4,na,13:37-14:20,na,na,7,2,3,na,na,na,na,na,na,2.6,,
1,May-2014,2014-05-24,Golden,na,2,R,20,1.5,7.5,na,11:21-12:25,na,na,12,5,4,na,na,na,na,na,na,3.55,,
1,May-2014,2014-05-24,Golden,na,2,R,20,5,7,na,11:21-12:25,na,na,5,2,5,na,na,na,na,na,na,3.55,,
1,May-2014,2014-05-24,Golden,na,2,R,20,6,6.6,na,11:21-12:25,na,T,27,19,na,na,na,na,na,na,na,3.55,,
1,May-2014,2014-05-24,Golden,na,2,L,20,7,6.7,na,11:21-12:25,na,P,6,na,na,na,na,na,na,na,na,3.55,,
1,May-2014,2014-05-24,Golden,na,2,L,20,8,6.7,na,11:21-12:25,na,na,8,3,5,na,na,na,na,na,na,3.55,,plant recorded as tangled but estimates of length given
1,May-2014,2014-05-24,Golden,na,2,L,20,8.7,6.7,na,11:21-12:25,na,T,4,na,na,na,na,na,na,na,na,3.55,,
1,May-2014,2014-05-24,Golden,na,2,R,20,9.5,6.5,na,11:21-12:25,na,na,12,6,4.5,na,na,na,na,na,na,3.55,,
1,May-2014,2014-05-24,Golden,na,2,R,20,12.5,6.6,na,9:44-10:42,na,na,3,0,0,2.5,na,na,na,na,na,3.7,,
1,May-2014,2014-05-24,Golden,na,2,R,20,13,6.6,na,9:44-10:42,na,na,2,0,0,1.5,na,na,na,na,na,3.7,,
1,May-2014,2014-05-24,Golden,na,2,L,20,17,6.5,na,11:21-12:25,na,T,2,na,na,na,na,na,na,na,na,3.55,,
1,May-2014,2014-05-24,Golden,na,2,L,20,17,6.5,na,11:21-12:25,na,T,8,na,na,na,na,na,na,na,na,3.55,,
1,May-2014,2014-05-24,Golden,na,2,L,20,17,6.5,na,11:21-12:25,na,T,10,na,na,na,na,na,na,na,na,3.55,,
1,May-2014,2014-05-24,Golden,na,2,R,20,17.5,6.5,na,9:44-10:42,na,T,6,na,na,na,na,na,na,na,na,3.7,,
1,May-2014,2014-05-24,Golden,na,2,L,20,18,6.5,na,9:44-10:42,na,T,10,5,na,na,na,na,na,na,na,3.7,,
1,May-2014,2014-05-24,Golden,na,2,L,20,19.1,6.5,na,9:44-10:42,na,na,11,4,7,na,na,na,na,na,na,3.7,,
1,May-2014,2014-05-24,Golden,na,2,R,20,19.2,6.5,na,9:44-10:42,na,na,2,0,0,2.2,na,na,na,na,na,3.7,,
1,May-2014,2014-05-29,Meay,na,2,L,20,17,4.2,na,14:45-16:00,533,na,4,1,3,na,na,na,na,na,na,3.95,,
1,May-2014,2014-05-29,Meay,na,2,L,20,18,4.6,na,14:45-16:00,538,na,9,7,2,na,0,9,na,na,na,3.95,no sporo counts,
1,May-2014,2014-05-29,Meay,na,2,L,20,9.8,4.8,na,14:45-16:00,566,na,9,2,5.5,na,0,10,na,na,na,3.95,no sporo counts,plant recorded as tangled but estimates of length given
2,Jul-2014,2014-07-03,Meay,na,2,L,20,5.5,3.5,na,8:49-10:00,570,na,17,9,15,na,na,na,20,18,90,1.85,,
1,May-2014,2014-05-29,Meay,na,2,L,20,14,4.3,na,14:45-16:00,575,na,9,5,3,na,0,10,na,na,na,3.95,no sporo counts,plant recorded as tangled but estimates of length given
1,May-2014,2014-05-25,Simmonds,na,2,L,20,16,6.1,na,10:52-11:35,536,T,5,na,na,na,na,na,na,na,na,3.65,,
1,May-2014,2014-05-25,Simmonds,na,2,L,20,15.5,5.9,na,9:25-10:10,538.1,T,7,na,na,na,0,7,na,na,na,3.15,added .1 to tag# because already used in Meay and needs to be unique,
1,May-2014,2014-05-25,Simmonds,na,2,R,20,16,6.1,na,9:25-10:10,549,na,11,6,10,na,na,na,na,na,na,3.15,no sporo counts,
1,May-2014,2014-05-25,Simmonds,na,2,R,20,16,6.1,na,9:25-10:10,931,T,12,6,na,na,0,15,na,na,na,3.15,"Was 535, no sporo counts",
1,May-2014,2014-05-25,Simmonds,na,2,L,20,1.5,7,na,9:25-10:10,na,T,5,na,na,na,na,na,na,na,na,3.15,,
1,May-2014,2014-05-25,Simmonds,na,2,L,20,2.25,6.9,na,9:25-10:10,na,T,20,na,na,na,na,na,na,na,na,3.15,,
1,May-2014,2014-05-25,Simmonds,na,2,L,20,16,6.3,na,10:52-11:35,na,na,6,1,7.5,na,na,na,na,na,na,3.65,,
1,May-2014,2014-05-26,Stryker,na,2,L,20,11,6.3,na,8:54-10:01,539,na,5,3,8,na,na,na,na,na,na,2.5,no sporo counts,
1,May-2014,2014-05-26,Stryker,na,2,R,20,18,4,na,8:54-10:01,792,na,7,5,5,na,0,7,na,na,na,2.5,"Was 551, no sporo counts",
2,Jun-2014,2014-06-26,Stryker,na,2,R,20,12,5.3,na,9:23-10:52,807,na,35,24,9,na,na,na,52,17,80,1.85,Was 565,
1,May-2014,2014-05-26,Stryker,na,2,L,20,15,4.7,na,8:54-10:01,911,T,6,4,na,na,0,6,na,na,na,2.5,"Was 560, no sporo counts",
1,May-2014,2014-05-26,Stryker,na,2,R,20,2,7.2,na,8:54-10:01,na,na,1,0,0,1,na,na,na,na,na,2.5,,
1,May-2014,2014-05-26,Stryker,na,2,L,20,2.5,7.8,na,8:54-10:01,na,na,3,1,4.25,na,na,na,na,na,na,2.5,,
1,May-2014,2014-05-26,Stryker,na,2,L,20,4.5,7.2,na,8:54-10:01,na,na,8,1,4,na,na,na,na,na,na,2.5,,
1,May-2014,2014-05-26,Stryker,na,2,L,20,5,7.2,na,8:54-10:01,na,T,8,2,na,na,na,na,na,na,na,2.5,,
1,May-2014,2014-05-26,Stryker,na,2,L,20,12,5.9,na,8:54-10:01,na,na,2,1,5,na,na,na,na,na,na,2.5,,
1,May-2014,2014-05-26,Stryker,na,2,L,20,15,4.7,na,8:54-10:01,na,na,4,1,2.5,na,na,na,na,na,na,2.5,,plant recorded as tangled but estimates of length given
1,May-2014,2014-05-26,Stryker,na,2,L,20,15,4.7,na,8:54-10:01,na,T,4,4,na,na,na,na,na,na,na,2.5,,
1,May-2014,2014-05-26,Stryker,na,2,L,20,15,4.7,na,8:54-10:01,na,T,5,3,na,na,na,na,na,na,na,2.5,,
1,May-2014,2014-05-26,Stryker,na,2,R,20,18,4,na,8:54-10:01,na,T,6,4,na,na,na,na,na,na,na,2.5,,
1,May-2014,2014-05-26,Stryker,na,2,R,20,18.5,4,na,8:54-10:01,na,na,4,4,4,na,na,na,na,na,na,2.5,,plant recorded as tangled but estimates of length given
1,May-2014,2014-05-26,Stryker,na,2,L,20,20,4.2,na,8:54-10:01,na,na,20,19,8.5,na,na,na,na,na,na,2.5,,
1,May-2014,2014-05-31,Triquet,na,2,R,20,7,4.8,na,10:29-11:45,545,na,6,2,2.5,na,na,na,na,na,na,1.45,no sporo counts,
1,May-2014,2014-05-31,Triquet,na,2,R,20,6.25,4.6,na,10:29-11:45,567,na,4,2,4.5,na,0,5,na,na,na,1.45,no sporo counts,
2,Jul-2014,2014-07-03,Meay,na,2,L,20,14,2.7,na,8:49-10:00,575,T,11,7,na,na,10,4,8,10,60,1.85,*num fronds T2 corrected from 11 to 10,
1,May-2014,2014-05-31,Triquet,na,2,L,20,11,4.8,na,10:29-11:45,584,na,4,3,3.5,na,na,na,na,na,na,1.45,no sporo counts,plant recorded as tangled but estimates of length given
1,May-2014,2014-05-31,Triquet,na,2,L,20,7.25,4.3,na,10:29-11:45,586,na,1,1,4,na,na,na,na,na,na,1.45,no sporo counts,
1,May-2014,2014-05-31,Triquet,na,2,L,20,9.25,4.2,na,10:29-11:45,894,na,3,1,3,na,0,5,na,na,na,1.45,Was 596,
1,May-2014,2014-05-31,Triquet,na,2,R,20,1.5,4.7,na,10:29-11:45,na,T,17,8,na,na,na,na,na,na,na,1.45,,
1,May-2014,2014-05-31,Triquet,na,2,R,20,1.5,4.7,na,10:29-11:45,na,T,17,8,na,na,na,na,na,na,na,1.45,,
1,May-2014,2014-05-31,Triquet,na,2,L,20,2.25,4.2,na,10:29-11:45,na,na,1,0,0,0.25,na,na,na,na,na,1.45,,
1,May-2014,2014-05-31,Triquet,na,2,L,20,2.25,4.2,na,10:29-11:45,na,C,1,0,0,1,na,na,na,na,na,1.45,,
1,May-2014,2014-05-31,Triquet,na,2,R,20,4.6,4.6,na,10:29-11:45,na,na,1,0,0,1.5,na,na,na,na,na,1.45,,
1,May-2014,2014-05-31,Triquet,na,2,L,20,5.25,4.1,na,10:29-11:45,na,na,1,0,0,1.5,na,na,na,na,na,1.45,,
1,May-2014,2014-05-31,Triquet,na,2,L,20,5.25,4.1,na,10:29-11:45,na,na,1,0,0,1,na,na,na,na,na,1.45,,
1,May-2014,2014-05-31,Triquet,na,2,R,20,6,4.6,na,10:29-11:45,na,na,6,0,0,4,na,na,na,na,na,1.45,,
1,May-2014,2014-05-31,Triquet,na,2,L,20,6.5,4.2,na,10:29-11:45,na,na,1,0,0,0.5,na,na,na,na,na,1.45,,
1,May-2014,2014-05-31,Triquet,na,2,L,20,7.25,4.3,na,10:29-11:45,na,na,2,0,0,2.5,na,na,na,na,na,1.45,,
1,May-2014,2014-05-31,Triquet,na,2,L,20,7.25,4,na,10:29-11:45,na,na,2,1,0.5,na,na,na,na,na,na,1.45,,
1,May-2014,2014-05-31,Triquet,na,2,L,20,7.25,4.1,na,10:29-11:45,na,na,2,1,2,na,na,na,na,na,na,1.45,,
1,May-2014,2014-05-31,Triquet,na,2,L,20,7.25,4.1,na,10:29-11:45,na,na,3,1,2.5,na,na,na,na,na,na,1.45,,
1,May-2014,2014-05-31,Triquet,na,2,L,20,7.5,4,na,10:29-11:45,na,na,1,1,0.5,na,na,na,na,na,na,1.45,,
1,May-2014,2014-05-31,Triquet,na,2,L,20,7.5,4.4,na,10:29-11:45,na,na,2,0,0,0.25,na,na,na,na,na,1.45,,
1,May-2014,2014-05-31,Triquet,na,2,L,20,7.5,4.3,na,10:29-11:45,na,na,2,1,2,na,na,na,na,na,na,1.45,,
1,May-2014,2014-05-31,Triquet,na,2,R,20,7.5,4.7,na,10:29-11:45,na,na,4,0,0,2,na,na,na,na,na,1.45,,
1,May-2014,2014-05-31,Triquet,na,2,R,20,9.5,4.8,na,10:29-11:45,na,na,3,2,5,na,na,na,na,na,na,1.45,,
1,May-2014,2014-05-31,Triquet,na,2,R,20,10,4.8,na,10:29-11:45,na,na,4,0,0,4.25,na,na,na,na,na,1.45,,
1,May-2014,2014-05-31,Triquet,na,2,L,20,10.5,4.9,na,10:29-11:45,na,na,4,0,0,3,na,na,na,na,na,1.45,,
1,May-2014,2014-05-31,Triquet,na,2,L,20,10.5,4.9,na,10:29-11:45,na,T,4,1,na,na,na,na,na,na,na,1.45,,
1,May-2014,2014-05-31,Triquet,na,2,R,20,11,5.2,na,10:29-11:45,na,na,3,0,0,4.5,na,na,na,na,na,1.45,,
1,May-2014,2014-05-31,Triquet,na,2,R,20,11,5.2,na,10:29-11:45,na,na,5,1,0.5,na,na,na,na,na,na,1.45,,
1,May-2014,2014-05-31,Triquet,na,2,R,20,12.5,4.8,na,10:29-11:45,na,na,6,1,0.5,na,na,na,na,na,na,1.45,,
1,May-2014,2014-05-31,Triquet,na,2,R,20,13,5,na,10:29-11:45,na,na,5,2,1.5,na,na,na,na,na,na,1.45,,
1,May-2014,2014-05-31,Triquet,na,2,R,20,16.5,5,na,10:29-11:45,na,na,4,4,5.5,na,na,na,na,na,na,1.45,,
1,May-2014,2014-05-31,Triquet,na,2,R,20,16.5,5,na,10:29-11:45,na,na,5,3,3,na,na,na,na,na,na,1.45,,
1,May-2014,2014-05-31,Triquet,na,2,R,20,17.5,5.1,na,10:29-11:45,na,na,5,0,0,4.5,na,na,na,na,na,1.45,,
1,May-2014,2014-05-31,Triquet,na,2,R,20,19.5,5.5,na,10:29-11:45,na,na,3,0,0,5.5,na,na,na,na,na,1.45,,
1,May-2014,2014-05-31,Triquet,na,2,L,20,20,5.4,na,10:29-11:45,na,na,5,4,4,na,na,na,na,na,na,1.45,,
2,Jun-2014,2014-06-28,Golden,na,2,R,20,6.9,7.2,na,13:45-14:58,546,na,6,4,9.5,na,na,na,6,0,0,3.9,,
2,Jun-2014,2014-06-28,Golden,na,2,R,20,19.3,6.1,na,13:45-14:58,553,na,3,2,3.5,na,na,na,8,0,0,3.9,,
2,Jun-2014,2014-06-28,Golden,na,2,R,20,19.5,6.2,na,13:45-14:58,861,na,4,1,0.5,na,na,na,na,na,na,3.9,,
2,Jun-2014,2014-06-28,Golden,na,2,L,20,18,6.8,na,13:45-14:58,870,T,11,2,na,na,0,13,na,na,na,3.9,no sporo counts,
2,Jun-2014,2014-06-28,Golden,na,2,L,20,11.5,7,na,13:45-14:58,908,na,7,2,4.5,na,7,2,na,na,na,3.9,no sporo counts,
2,Jun-2014,2014-06-28,Golden,na,2,R,20,8.7,7,na,13:45-14:58,912,na,7,4,10,na,na,na,25,1,50,3.9,Was 534,plant recorded as tangled but estimates of length given
2,Jun-2014,2014-06-28,Golden,na,2,R,20,1,7.8,na,13:45-14:58,na,na,8,7,5,na,na,na,na,na,na,3.9,,plant recorded as tangled but estimates of length given
2,Jun-2014,2014-06-28,Golden,na,2,R,20,1,7.8,na,13:45-14:58,na,na,20,6,6,na,na,na,na,na,na,3.9,,plant recorded as tangled but estimates of length given
2,Jun-2014,2014-06-28,Golden,na,2,R,20,2,7.7,na,13:45-14:58,na,na,38,19,7,na,na,na,na,na,na,3.9,,plant recorded as tangled but estimates of length given
2,Jun-2014,2014-06-28,Golden,na,2,L,20,5.5,7.7,na,13:45-14:58,na,na,4,2,7,na,na,na,na,na,na,3.9,,
2,Jun-2014,2014-06-28,Golden,na,2,L,20,6,7.7,na,13:45-14:58,na,na,4,2,3,na,na,na,na,na,na,3.9,,
2,Jun-2014,2014-06-28,Golden,na,2,L,20,6,7.7,na,13:45-14:58,na,na,7,5,5.5,na,na,na,na,na,na,3.9,,
2,Jun-2014,2014-06-28,Golden,na,2,R,20,6,7.3,na,13:45-14:58,na,na,28,19,6,na,na,na,na,na,na,3.9,,plant recorded as tangled but estimates of length given
2,Jun-2014,2014-06-28,Golden,na,2,L,20,8,7.4,na,13:45-14:58,na,na,19,9,4,na,na,na,na,na,na,3.9,,
2,Jun-2014,2014-06-28,Golden,na,2,L,20,9,7.2,na,13:45-14:58,na,na,5,2,1,na,na,na,na,na,na,3.9,,plant recorded as tangled but estimates of length given
2,Jun-2014,2014-06-28,Golden,na,2,L,20,9,7.2,na,13:45-14:58,na,na,7,1,0.5,na,na,na,na,na,na,3.9,,
2,Jun-2014,2014-06-28,Golden,na,2,R,20,9.5,7,na,13:45-14:58,na,na,16,9,8,na,na,na,na,na,na,3.9,,plant recorded as tangled but estimates of length given
2,Jun-2014,2014-06-28,Golden,na,2,R,20,11.5,6.8,na,13:45-14:58,na,na,2,1,7,na,na,na,na,na,na,3.9,,
2,Jun-2014,2014-06-28,Golden,na,2,R,20,11.5,6.8,na,13:45-14:58,na,na,11,4,5.5,na,na,na,na,na,na,3.9,,plant recorded as tangled but estimates of length given
2,Jun-2014,2014-06-28,Golden,na,2,L,20,12.5,7.1,na,13:45-14:58,na,na,2,0,0,1,na,na,na,na,na,3.9,,
2,Jun-2014,2014-06-28,Golden,na,2,R,20,13,6.8,na,13:45-14:58,na,C,2,0,0,2,na,na,na,na,na,3.9,,
2,Jun-2014,2014-06-28,Golden,na,2,R,20,14,7,na,13:45-14:58,na,na,2,1,2.5,na,na,na,na,na,na,3.9,,
2,Jun-2014,2014-06-28,Golden,na,2,R,20,14,7,na,13:45-14:58,na,na,8,5,5.5,na,na,na,na,na,na,3.9,,
2,Jun-2014,2014-06-28,Golden,na,2,L,20,17,7,na,13:45-14:58,na,na,9,3,5.5,na,na,na,na,na,na,3.9,,plant recorded as tangled but estimates of length given
2,Jun-2014,2014-06-28,Golden,na,2,L,20,17,7,na,13:45-14:58,na,na,10,5,4,na,na,na,na,na,na,3.9,,plant recorded as tangled but estimates of length given
2,Jun-2014,2014-06-28,Golden,na,2,R,20,17,6.7,na,13:45-14:58,na,P,13,na,na,na,na,na,na,na,na,3.9,,
2,Jun-2014,2014-06-28,Golden,na,2,L,20,18,6.8,na,13:45-14:58,na,na,10,3,4,na,na,na,na,na,na,3.9,,plant recorded as tangled but estimates of length given
2,Jun-2014,2014-06-28,Golden,na,2,R,20,18,6.6,na,13:45-14:58,na,na,16,11,5,na,na,na,na,na,na,3.9,,plant recorded as tangled but estimates of length given
2,Jun-2014,2014-06-28,Golden,na,2,R,20,19.5,6.2,na,13:45-14:58,na,na,2,1,1.5,na,na,na,na,na,na,3.9,,
2,Jul-2014,2014-07-03,Meay,na,2,L,20,17,2,na,8:49-10:00,533,na,na,na,na,na,na,na,na,na,na,1.85,*these were removed from data set used for analysis,
2,Jul-2014,2014-07-03,Meay,na,2,L,20,18,2.3,na,8:49-10:00,538,na,9,7,2,na,9,3,na,na,na,1.85,no sporo counts,plant recorded as tangled but estimates of length given
2,Jul-2014,2014-07-03,Meay,na,2,L,20,9.8,3.1,na,8:49-10:00,566,C,14,6,3,na,10,5,na,na,na,1.85,no sporo counts,
3,Sep-2014,2014-09-10,Meay,na,2,L,20,5.5,6.4,na,14:43,570,na,15,8,14,na,na,na,38,38,90,na,,
3,Sep-2014,2014-09-10,Meay,na,2,L,20,15,5.3,na,14:54,575,na,9,5,2.5,na,11,3,na,na,na,na,no sporo counts,
2,Jun-2014,2014-06-27,Simmonds,na,2,L,20,16,6.6,na,12:35-13:37,536,na,5,2,1.5,na,na,na,13,0,0,3.3,,
2,Jun-2014,2014-06-27,Simmonds,na,2,L,20,15.5,6.5,na,12:35-13:37,538.1,na,7,5,4,na,7,4,na,na,na,3.3,added .1 to tag# because already used in Meay and needs to be unique,plant recorded as tangled but estimates of length given
2,Jun-2014,2014-06-27,Simmonds,na,2,R,20,16,7.1,na,12:35-13:37,549,na,14,8,4,na,na,na,8,0,0,3.3,,
2,Jun-2014,2014-06-27,Simmonds,na,2,R,20,16,7.1,na,12:35-13:37,931,na,14,7,3.5,na,15,2,na,na,na,3.3,"Was 535, no sporo counts",
2,Jun-2014,2014-06-27,Simmonds,na,2,L,20,1.5,7.4,na,12:35-13:37,na,T,7,na,na,na,na,na,na,na,na,3.3,,
2,Jun-2014,2014-06-27,Simmonds,na,2,L,20,2.5,7.3,na,12:35-13:37,na,T,8,na,na,na,na,na,na,na,na,3.3,,
2,Jun-2014,2014-06-27,Simmonds,na,2,L,20,2.5,7.3,na,12:35-13:37,na,T,18,na,na,na,na,na,na,na,na,3.3,,
2,Jun-2014,2014-06-27,Simmonds,na,2,L,20,9,6.7,na,12:35-13:37,na,na,2,0,0,5,na,na,na,na,na,3.3,,
2,Jun-2014,2014-06-27,Simmonds,na,2,L,20,9,6.7,na,12:35-13:37,na,na,2,0,0,1.5,na,na,na,na,na,3.3,,
2,Jun-2014,2014-06-27,Simmonds,na,2,R,20,11,7.5,na,12:35-13:37,na,na,2,2,1,na,na,na,na,na,na,3.3,,
2,Jun-2014,2014-06-27,Simmonds,na,2,L,20,14.5,6.5,na,12:35-13:37,na,P,1,na,na,na,na,na,na,na,na,3.3,,
2,Jun-2014,2014-06-27,Simmonds,na,2,L,20,16,6.6,na,12:35-13:37,na,na,4,2,1.5,na,na,na,na,na,na,3.3,,
2,Jun-2014,2014-06-27,Simmonds,na,2,R,20,17.75,7.8,na,12:35-13:37,na,na,27,18,8,na,na,na,na,na,na,3.3,,
2,Jun-2014,2014-06-26,Stryker,na,2,L,20,11,6.2,na,9:23-10:52,539,na,8,5,9,na,na,na,9,8,80,1.85,,plant recorded as tangled but estimates of length given
2,Jun-2014,2014-06-26,Stryker,na,2,R,20,17,3.3,na,9:23-10:52,792,na,7,4,9,na,7,2,na,na,na,1.85,"Was 551, no sporo counts",
3,Sep-2014,2014-09-13,Stryker,na,2,R,20,12,4.3,na,10:48,807,na,21,12,6,na,na,na,12,3,35,na,Was 565,
2,Jun-2014,2014-06-26,Stryker,na,2,L,20,15,4.4,na,9:23-10:52,911,na,5,3,8,na,5,3,8,0,0,1.85,Was 560,plant recorded as tangled but estimates of length given
2,Jun-2014,2014-06-26,Stryker,na,2,L,20,2.5,7,na,9:23-10:52,na,na,4,1,7.5,na,na,na,na,na,na,1.85,,
2,Jun-2014,2014-06-26,Stryker,na,2,R,20,4.5,6.7,na,9:23-10:52,na,T,8,2,na,na,na,na,na,na,na,1.85,,
2,Jun-2014,2014-06-26,Stryker,na,2,R,20,5.1,6.8,na,9:23-10:52,na,T,12,3,na,na,na,na,na,na,na,1.85,,
2,Jun-2014,2014-06-26,Stryker,na,2,L,20,11.5,6.6,na,9:23-10:52,na,na,2,2,8.5,na,na,na,na,na,na,1.85,,
2,Jun-2014,2014-06-26,Stryker,na,2,L,20,11.5,6.6,na,9:23-10:52,na,na,8,6,10.5,na,na,na,na,na,na,1.85,,plant recorded as tangled but estimates of length given
2,Jun-2014,2014-06-26,Stryker,na,2,L,20,15,4.4,na,9:23-10:52,na,na,2,2,2.5,na,na,na,na,na,na,1.85,,
2,Jun-2014,2014-06-26,Stryker,na,2,L,20,15,4.4,na,9:23-10:52,na,na,7,4,8.5,na,na,na,na,na,na,1.85,,
2,Jun-2014,2014-06-26,Stryker,na,2,L,20,15,4.4,na,9:23-10:52,na,na,10,6,7,na,na,na,na,na,na,1.85,,plant recorded as tangled but estimates of length given
2,Jun-2014,2014-06-26,Stryker,na,2,R,20,16.5,3.7,na,9:23-10:52,na,na,8,5,7,na,na,na,na,na,na,1.85,,
2,Jun-2014,2014-06-26,Stryker,na,2,R,20,17,3.3,na,9:23-10:52,na,na,6,5,3,na,na,na,na,na,na,1.85,,
2,Jun-2014,2014-06-26,Stryker,na,2,R,20,17.25,3.3,na,9:23-10:52,na,na,6,4,6,na,na,na,na,na,na,1.85,,
2,Jun-2014,2014-06-26,Stryker,na,2,L,20,18.5,3.3,na,9:23-10:52,na,na,2,1,3.5,na,na,na,na,na,na,1.85,,
2,Jun-2014,2014-06-26,Stryker,na,2,L,20,20,3.7,na,9:23-10:52,na,P,8,na,na,na,na,na,na,na,na,1.85,,
2,Jul-2014,2014-07-01,Triquet,na,2,R,20,7,5.6,na,11:43-12:56,545,na,5,2,1.5,na,na,na,16,4,10,1.75,,
2,Jul-2014,2014-07-01,Triquet,na,2,R,20,6.25,5.7,na,11:43-12:56,567,na,5,2,4,na,5,0,na,na,na,1.75,no sporo counts,
4,Apr-2015,2015-04-23,Meay,na,2,L,20,15,4.1,na,15:46,575,na,5,1,1,na,2,10,na,na,na,na,no sporo counts,
2,Jul-2014,2014-07-01,Triquet,na,2,L,20,11,5.2,na,11:43-12:56,584,T,5,4,na,na,na,na,10,0,0,1.75,,
2,Jul-2014,2014-07-01,Triquet,na,2,L,20,7.25,5.2,na,11:43-12:56,586,na,1,1,5.5,na,na,na,6,0,0,1.75,,
2,Jul-2014,2014-07-01,Triquet,na,2,L,20,9.25,5,na,11:43-12:56,894,na,4,2,5,na,5,2,na,na,na,1.75,"Was 596, no sporo counts",
2,Jul-2014,2014-07-01,Triquet,na,2,R,20,1.25,5.9,na,11:43-12:56,na,na,20,12,8.5,na,na,na,na,na,na,1.75,,plant recorded as tangled but estimates of length given
2,Jul-2014,2014-07-01,Triquet,na,2,L,20,2,5.5,na,11:43-12:56,na,na,1,0,0,1.8,na,na,na,na,na,1.75,,
2,Jul-2014,2014-07-01,Triquet,na,2,R,20,4.5,5.6,na,11:43-12:56,na,na,1,0,0,2,na,na,na,na,na,1.75,,
2,Jul-2014,2014-07-01,Triquet,na,2,L,20,5.5,5.6,na,11:43-12:56,na,na,1,0,0,2.5,na,na,na,na,na,1.75,,
2,Jul-2014,2014-07-01,Triquet,na,2,L,20,5.5,5.6,na,11:43-12:56,na,na,1,0,0,1.5,na,na,na,na,na,1.75,,
2,Jul-2014,2014-07-01,Triquet,na,2,R,20,5.75,5.6,na,11:43-12:56,na,na,1,0,0,2.5,na,na,na,na,na,1.75,,
2,Jul-2014,2014-07-01,Triquet,na,2,R,20,5.75,5.6,na,11:43-12:56,na,na,5,0,0,4,na,na,na,na,na,1.75,,
2,Jul-2014,2014-07-01,Triquet,na,2,L,20,6.5,5.5,na,11:43-12:56,na,na,1,0,0,1.5,na,na,na,na,na,1.75,,
2,Jul-2014,2014-07-01,Triquet,na,2,R,20,7,5.6,na,11:43-12:56,na,na,1,0,0,2.5,na,na,na,na,na,1.75,,
2,Jul-2014,2014-07-01,Triquet,na,2,L,20,7.25,5.2,na,11:43-12:56,na,C,2,0,0,4,na,na,na,na,na,1.75,,
2,Jul-2014,2014-07-01,Triquet,na,2,L,20,7.25,5.2,na,11:43-12:56,na,na,2,2,4,na,na,na,na,na,na,1.75,,plant recorded as tangled but estimates of length given
2,Jul-2014,2014-07-01,Triquet,na,2,L,20,7.5,5.2,na,11:43-12:56,na,na,3,1,3.5,na,na,na,na,na,na,1.75,,
2,Jul-2014,2014-07-01,Triquet,na,2,L,20,8,5.3,na,11:43-12:56,na,na,2,1,2.8,na,na,na,na,na,na,1.75,,
2,Jul-2014,2014-07-01,Triquet,na,2,L,20,8.5,5.3,na,11:43-12:56,na,na,0,0,0,0.5,na,na,na,na,na,1.75,,
2,Jul-2014,2014-07-01,Triquet,na,2,L,20,9.5,5,na,11:43-12:56,na,na,3,1,1.5,na,na,na,na,na,na,1.75,,
2,Jul-2014,2014-07-01,Triquet,na,2,L,20,10,5.2,na,11:43-12:56,na,na,2,0,0,3.5,na,na,na,na,na,1.75,,
2,Jul-2014,2014-07-01,Triquet,na,2,L,20,10,5.2,na,11:43-12:56,na,na,3,1,3.5,na,na,na,na,na,na,1.75,,
2,Jul-2014,2014-07-01,Triquet,na,2,R,20,10,5.8,na,11:43-12:56,na,na,1,0,0,1.5,na,na,na,na,na,1.75,,
2,Jul-2014,2014-07-01,Triquet,na,2,R,20,10,5.7,na,11:43-12:56,na,na,3,2,0.75,na,na,na,na,na,na,1.75,,
2,Jul-2014,2014-07-01,Triquet,na,2,R,20,10.25,5.5,na,11:43-12:56,na,na,0,0,0,0.5,na,na,na,na,na,1.75,,
2,Jul-2014,2014-07-01,Triquet,na,2,L,20,11,5.2,na,11:43-12:56,na,na,2,1,3.5,na,na,na,na,na,na,1.75,,
2,Jul-2014,2014-07-01,Triquet,na,2,L,20,11,5.2,na,11:43-12:56,na,na,4,2,4,na,na,na,na,na,na,1.75,,plant recorded as tangled but estimates of length given
2,Jul-2014,2014-07-01,Triquet,na,2,L,20,11,5.2,na,11:43-12:56,na,na,5,2,4.5,na,na,na,na,na,na,1.75,,plant recorded as tangled but estimates of length given
2,Jul-2014,2014-07-01,Triquet,na,2,R,20,11,5.6,na,11:43-12:56,na,na,3,2,1,na,na,na,na,na,na,1.75,,
2,Jul-2014,2014-07-01,Triquet,na,2,L,20,12,5.1,na,11:43-12:56,na,na,3,0,0,4,na,na,na,na,na,1.75,,
2,Jul-2014,2014-07-01,Triquet,na,2,L,20,12,5.1,na,11:43-12:56,na,T,4,na,na,na,na,na,na,na,na,1.75,,
2,Jul-2014,2014-07-01,Triquet,na,2,R,20,12.5,5.6,na,11:43-12:56,na,na,3,0,0,3,na,na,na,na,na,1.75,,
2,Jul-2014,2014-07-01,Triquet,na,2,R,20,13.75,5.6,na,11:43-12:56,na,na,1,0,0,4.5,na,na,na,na,na,1.75,,
2,Jul-2014,2014-07-01,Triquet,na,2,R,20,13.75,5.6,na,11:43-12:56,na,na,4,3,3,na,na,na,na,na,na,1.75,,
2,Jul-2014,2014-07-01,Triquet,na,2,R,20,14,5.4,na,11:43-12:56,na,na,3,2,0.5,na,na,na,na,na,na,1.75,,
2,Jul-2014,2014-07-01,Triquet,na,2,R,20,16,5.5,na,11:43-12:56,na,na,1,0,0,0.5,na,na,na,na,na,1.75,,
2,Jul-2014,2014-07-01,Triquet,na,2,R,20,16.5,5.3,na,11:43-12:56,na,na,4,3,2,na,na,na,na,na,na,1.75,,
2,Jul-2014,2014-07-01,Triquet,na,2,R,20,16.5,5.3,na,11:43-12:56,na,na,8,5,5,na,na,na,na,na,na,1.75,,
2,Jul-2014,2014-07-01,Triquet,na,2,R,20,17.5,5.6,na,11:43-12:56,na,na,3,0,0,4,na,na,na,na,na,1.75,,
2,Jul-2014,2014-07-01,Triquet,na,2,R,20,19.5,5.8,na,11:43-12:56,na,na,4,1,0,na,na,na,na,na,na,1.75,,
2,Jul-2014,2014-07-01,Triquet,na,2,L,20,20,5.5,na,11:43-12:56,na,na,6,2,6,na,na,na,na,na,na,1.75,,plant recorded as tangled but estimates of length given
2,Jul-2014,2014-07-01,Triquet,na,2,L,20,20,5.5,na,11:43-12:56,na,na,7,6,6,na,na,na,na,na,na,1.75,,plant recorded as tangled but estimates of length given
3,Sep-2014,2014-09-06,Golden,na,2,R,20,6.5,5.7,na,14:53,546,na,7,3,2,na,na,na,4,2,50,na,,
3,Sep-2014,2014-09-06,Golden,na,2,L,20,16.5,5.5,na,15:05,824,na,5,3,5,na,na,na,11,9,100,na,,
3,Sep-2014,2014-09-06,Golden,na,2,L,20,18,5.2,na,15:13,870,na,7,1,0,na,8,3,na,na,na,na,no sporo counts,
3,Sep-2014,2014-09-06,Golden,na,2,L,20,11.5,5.5,na,15:00,908,na,8,3,4,na,6,3,na,na,na,na,no sporo counts,
3,Sep-2014,2014-09-06,Golden,na,2,R,20,8.75,5.3,na,14:56,912,T,12,na,na,na,na,na,7,2,50,na,Was 534,
3,Sep-2014,2014-09-06,Golden,na,2,R,20,9.5,5.3,na,15:00,932,na,20,5,10,na,0,24,na,na,na,na,"Was 757, no sporo counts",
3,Sep-2014,2014-09-06,Golden,na,2,R,20,1,6.5,na,14:41,na,na,10,0,0,3.5,na,na,na,na,na,na,,
3,Sep-2014,2014-09-06,Golden,na,2,R,20,1,6.4,na,14:44,na,na,21,13,7,na,na,na,na,na,na,na,,
3,Sep-2014,2014-09-06,Golden,na,2,L,20,1.5,6.5,na,14:40,na,na,7,3,2,na,na,na,na,na,na,na,,
3,Sep-2014,2014-09-06,Golden,na,2,R,20,2,6.3,na,14:48,na,T,15,na,na,na,na,na,na,na,na,na,,
3,Sep-2014,2014-09-06,Golden,na,2,L,20,5.5,6.3,na,14:43,na,na,1,0,0,1.5,na,na,na,na,na,na,,
3,Sep-2014,2014-09-06,Golden,na,2,L,20,5.5,6.3,na,14:43,na,na,3,1,2,na,na,na,na,na,na,na,,
3,Sep-2014,2014-09-06,Golden,na,2,L,20,5.5,6.3,na,14:43,na,P,4,na,na,na,na,na,na,na,na,na,,
3,Sep-2014,2014-09-06,Golden,na,2,R,20,6,5.8,na,14:50,na,T,23,na,na,na,na,na,na,na,na,na,,
3,Sep-2014,2014-09-06,Golden,na,2,L,20,7,6.1,na,14:47,na,na,7,6,14,na,na,na,na,na,na,na,,
3,Sep-2014,2014-09-06,Golden,na,2,L,20,7,6.1,na,14:47,na,na,11,6,3.5,na,na,na,na,na,na,na,,
3,Sep-2014,2014-09-06,Golden,na,2,L,20,8,5.8,na,14:54,na,na,2,0,0,4,na,na,na,na,na,na,,
3,Sep-2014,2014-09-06,Golden,na,2,L,20,8.75,5.7,na,14:56,na,na,7,2,1.5,na,na,na,na,na,na,na,,
3,Sep-2014,2014-09-06,Golden,na,2,R,20,11,5.2,na,15:03,na,T,4,na,na,na,na,na,na,na,na,na,,
3,Sep-2014,2014-09-06,Golden,na,2,R,20,11.5,5.2,na,15:04,na,na,2,0,0,4,na,na,na,na,na,na,,
3,Sep-2014,2014-09-06,Golden,na,2,R,20,11.75,5.2,na,15:06,na,T,5,na,na,na,na,na,na,na,na,na,,
3,Sep-2014,2014-09-06,Golden,na,2,R,20,14,5.6,na,15:08,na,na,5,2,1,na,na,na,na,na,na,na,,
3,Sep-2014,2014-09-06,Golden,na,2,R,20,16,5.4,na,15:10,na,T,11,na,na,na,na,na,na,na,na,na,,
3,Sep-2014,2014-09-06,Golden,na,2,L,20,17,5.2,na,15:11,na,na,7,5,3.5,na,na,na,na,na,na,na,,
3,Sep-2014,2014-09-06,Golden,na,2,R,20,17,4.9,na,15:14,na,T,13,na,na,na,na,na,na,na,na,na,,
3,Sep-2014,2014-09-10,Meay,na,2,L,20,17.5,5.3,na,14:49,533,na,7,2,1,na,na,na,6,6,90,na,,
3,Sep-2014,2014-09-10,Meay,na,2,L,20,18,5.3,na,14:45,538,na,12,6,5.5,na,11,4,na,na,na,na,no sporo counts,
3,Sep-2014,2014-09-10,Meay,na,2,L,20,9.8,6.2,na,14:51,566,na,12,2,3,na,11,5,na,na,na,na,no sporo counts,
4,Apr-2015,2015-04-23,Meay,na,2,L,20,5.5,4.6,na,15:40,570,na,20,4,3.25,na,na,na,0,0,0,na,,
5,May-2015,2015-05-22,Meay,na,2,L,20,15,2.5,na,8:55,575,na,5,2,9.5,na,9,2,na,na,na,na,no sporo counts,
3,Sep-2014,2014-09-06,Simmonds,na,2,L,20,16,6.4,na,10:42,536,na,8,4,1.5,na,na,na,5,0,0,na,,
3,Sep-2014,2014-09-06,Simmonds,na,2,L,20,16,6.4,na,10:42,538.1,na,4,2,1,na,8,1,na,na,na,na,added .1 to tag# because already used in Meay and needs to be unique,
3,Sep-2014,2014-09-06,Simmonds,na,2,R,20,16,6.7,na,10:45,549,T,10,na,na,na,na,na,4,3,40,na,,
3,Sep-2014,2014-09-06,Simmonds,na,2,R,20,16,6.7,na,10:45,931,T,8,na,na,na,9,4,na,na,na,na,"Was 535, no sporo counts",
3,Sep-2014,2014-09-06,Simmonds,na,2,L,20,1.75,7.2,na,10:29,na,T,5,na,na,na,na,na,na,na,na,na,,
3,Sep-2014,2014-09-06,Simmonds,na,2,L,20,2.5,7.3,na,10:30,na,T,29,21,na,na,na,na,na,na,na,na,,
3,Sep-2014,2014-09-06,Simmonds,na,2,L,20,8.75,6.5,na,10:35,na,na,2,1,1,na,na,na,na,na,na,na,,
3,Sep-2014,2014-09-06,Simmonds,na,2,R,20,11.25,7.1,na,10:31,na,na,3,0,0,2.5,na,na,na,na,na,na,,
3,Sep-2014,2014-09-06,Simmonds,na,2,L,20,14.25,6.4,na,10:37,na,na,4,1,0,na,na,na,na,na,na,na,,
3,Sep-2014,2014-09-06,Simmonds,na,2,R,20,14.75,6.3,na,10:35,na,na,12,7,6.5,na,na,na,na,na,na,na,,
3,Sep-2014,2014-09-06,Simmonds,na,2,L,20,15,6.3,na,10:49,na,P,3,na,na,na,na,na,na,na,na,na,,
3,Sep-2014,2014-09-06,Simmonds,na,2,R,20,15.5,6.5,na,10:41,na,T,6,na,na,na,na,na,na,na,na,na,,
3,Sep-2014,2014-09-06,Simmonds,na,2,R,20,15.5,6.3,na,10:41,na,T,17,na,na,na,na,na,na,na,na,na,,
3,Sep-2014,2014-09-06,Simmonds,na,2,R,20,15.75,6.4,na,10:41,na,T,7,na,na,na,na,na,na,na,na,na,,
3,Sep-2014,2014-09-06,Simmonds,na,2,L,20,16.25,6.7,na,10:51,na,na,4,3,3.25,na,na,na,na,na,na,na,,
3,Sep-2014,2014-09-06,Simmonds,na,2,R,20,18.25,7.9,na,10:58,na,T,8,na,na,na,na,na,na,na,na,na,,
3,Sep-2014,2014-09-06,Simmonds,na,2,R,20,18.25,7.8,na,10:59,na,T,9,na,na,na,na,na,na,na,na,na,,
3,Sep-2014,2014-09-13,Stryker,na,2,L,20,11,5,na,10:42,539,na,8,3,8,na,na,na,29,23,70,na,,
3,Sep-2014,2014-09-13,Stryker,na,2,R,20,17,2.6,na,10:37,792,na,5,2,4.5,na,4,3,na,na,na,na,"Was 551, no sporo counts",
4,Apr-2015,2015-04-24,Stryker,na,2,R,20,12,4.4,na,11:26,807,na,5,4,10,na,na,na,15,0,0,na,Was 565,plant recorded as tangled but estimates of length given
3,Sep-2014,2014-09-13,Stryker,na,2,L,20,15,3.8,na,10:36,911,na,5,2,3,na,5,1,na,na,na,na,"Was 560, no sporo counts",
3,Sep-2014,2014-09-13,Stryker,na,2,R,20,1,5.5,na,10:53,na,na,9,5,4.5,na,na,na,na,na,na,na,,
3,Sep-2014,2014-09-13,Stryker,na,2,L,20,4.5,5.6,na,10:52,na,na,11,4,3.5,na,na,na,na,na,na,na,,
3,Sep-2014,2014-09-13,Stryker,na,2,L,20,5,5.8,na,10:49,na,na,4,2,2.25,na,na,na,na,na,na,na,,
3,Sep-2014,2014-09-13,Stryker,na,2,L,20,5,5.8,na,10:49,na,na,5,2,3,na,na,na,na,na,na,na,,plant recorded as tangled but estimates of length given
3,Sep-2014,2014-09-13,Stryker,na,2,L,20,11,5,na,10:42,na,na,8,4,4,na,na,na,na,na,na,na,,
3,Sep-2014,2014-09-13,Stryker,na,2,R,20,12.25,4,na,10:44,na,na,20,13,4,na,na,na,na,na,na,na,,
3,Sep-2014,2014-09-13,Stryker,na,2,L,20,14.75,3.7,na,10:40,na,na,7,6,4,na,na,na,na,na,na,na,,plant recorded as tangled but estimates of length given
3,Sep-2014,2014-09-13,Stryker,na,2,L,20,15,3.8,na,10:36,na,na,7,5,3,na,na,na,na,na,na,na,,
3,Sep-2014,2014-09-13,Stryker,na,2,R,20,17.5,2.6,na,10:40,na,na,7,2,3,na,na,na,na,na,na,na,,
3,Sep-2014,2014-09-13,Stryker,na,2,R,20,18,2.6,na,10:41,na,na,5,2,4.5,na,na,na,na,na,na,na,,
3,Sep-2014,2014-09-13,Stryker,na,2,L,20,18.5,2.7,na,10:34,na,na,2,1,0.5,na,na,na,na,na,na,na,,
3,Sep-2014,2014-09-13,Stryker,na,2,L,20,19,2.7,na,10:34,na,P,4,na,na,na,na,na,na,na,na,na,,
3,Sep-2014,2014-09-05,Triquet,na,2,R,20,8.5,6.8,na,12:31,545,na,4,4,2.5,na,na,na,6,1,90,na,,
3,Sep-2014,2014-09-05,Triquet,na,2,R,20,6.5,6.6,na,12:23,567,na,7,2,3,na,5,2,na,na,na,na,no sporo counts,
3,Sep-2014,2014-09-05,Triquet,na,2,L,20,11,6.6,na,12:36,584,na,8,1,0.5,na,na,na,12,2,10,na,,
3,Sep-2014,2014-09-05,Triquet,na,2,L,20,7.25,6.8,na,12:18,586,na,6,7,1.25,na,6,3,na,na,na,na,no sporo counts,
3,Sep-2014,2014-09-05,Triquet,na,2,L,20,12,6.6,na,12:43,701,na,5,3,1.75,na,na,na,10,2,10,na,,
3,Sep-2014,2014-09-05,Triquet,na,2,L,20,9.25,6.6,na,12:30,894,na,6,2,0.5,na,7,1,na,na,na,na,"Was 596, no sporo counts",
3,Sep-2014,2014-09-05,Triquet,na,2,R,20,0.25,6.7,na,12:15,na,na,25,17,5.5,na,na,na,na,na,na,na,,
3,Sep-2014,2014-09-05,Triquet,na,2,L,20,2.25,6.7,na,12:13,na,na,1,0,0,2.5,na,na,na,na,na,na,,
3,Sep-2014,2014-09-05,Triquet,na,2,R,20,2.5,6.6,na,12:18,na,P,4,na,na,na,na,na,na,na,na,na,,
3,Sep-2014,2014-09-05,Triquet,na,2,L,20,4.75,6.6,na,12:14,na,na,1,0,0,3,na,na,na,na,na,na,,
3,Sep-2014,2014-09-05,Triquet,na,2,L,20,5.5,6.7,na,12:15,na,na,3,0,0,3,na,na,na,na,na,na,,
3,Sep-2014,2014-09-05,Triquet,na,2,R,20,5.5,6.6,na,12:20,na,na,4,0,0,5,na,na,na,na,na,na,,
3,Sep-2014,2014-09-05,Triquet,na,2,L,20,6.5,6.6,na,12:17,na,na,1,0,0,1.5,na,na,na,na,na,na,,
3,Sep-2014,2014-09-05,Triquet,na,2,L,20,7.25,6.8,na,12:22,na,na,4,3,2,na,na,na,na,na,na,na,,
3,Sep-2014,2014-09-05,Triquet,na,2,L,20,7.5,6.7,na,12:26,na,na,4,2,1.5,na,na,na,na,na,na,na,,
3,Sep-2014,2014-09-05,Triquet,na,2,L,20,8,6.7,na,12:28,na,na,1,0,0,1,na,na,na,na,na,na,,
3,Sep-2014,2014-09-05,Triquet,na,2,L,20,9.5,6.6,na,12:32,na,na,4,1,0,na,na,na,na,na,na,na,,
3,Sep-2014,2014-09-05,Triquet,na,2,R,20,9.75,6.6,na,12:35,na,na,3,0,0,5,na,na,na,na,na,na,,
3,Sep-2014,2014-09-05,Triquet,na,2,L,20,10.25,6.6,na,12:34,na,na,4,0,0,4,na,na,na,na,na,na,,
3,Sep-2014,2014-09-05,Triquet,na,2,L,20,11,6.6,na,12:40,na,na,4,1,1,na,na,na,na,na,na,na,,
3,Sep-2014,2014-09-05,Triquet,na,2,R,20,11,6.7,na,12:37,na,na,5,0,0,4.5,na,na,na,na,na,na,,
3,Sep-2014,2014-09-05,Triquet,na,2,L,20,11.25,6.7,na,12:41,na,na,6,1,0.5,na,na,na,na,na,na,na,,
3,Sep-2014,2014-09-05,Triquet,na,2,R,20,13,6.2,na,12:41,na,na,5,0,0,5,na,na,na,na,na,na,,
3,Sep-2014,2014-09-05,Triquet,na,2,R,20,14.25,6.6,na,12:43,na,na,3,0,0,4.5,na,na,na,na,na,na,,
3,Sep-2014,2014-09-05,Triquet,na,2,R,20,16,6.3,na,12:46,na,T,3,na,na,na,na,na,na,na,na,na,,
3,Sep-2014,2014-09-05,Triquet,na,2,R,20,16,6.3,na,12:46,na,T,5,na,na,na,na,na,na,na,na,na,,
3,Sep-2014,2014-09-05,Triquet,na,2,R,20,16,6.3,na,12:46,na,T,6,na,na,na,na,na,na,na,na,na,,
4,Apr-2015,2015-04-29,Golden,na,2,R,20,6.5,6.9,na,10:44,546,na,4,0,0,6,na,na,0,0,0,na,Fronds_SFC entered as 1,
4,Apr-2015,2015-04-29,Golden,na,2,L,20,8.75,7,na,10:37,746,na,6,0,0,2.5,0,9,na,na,na,na,,
4,Apr-2015,2015-04-29,Golden,na,2,L,20,11.5,6.9,na,10:43,908,na,1,0,0,1,0,0,2,0,0,na,,
4,Apr-2015,2015-04-29,Golden,na,2,R,20,8.75,6.6,na,10:50,912,na,3,0,0,5,na,na,3,0,0,na,Was 534,
4,Apr-2015,2015-04-29,Golden,na,2,R,20,9.5,6.4,na,10:58,932,na,8,0,0,4,0,18,2,0,0,na,Was 757,
4,Apr-2015,2015-04-29,Golden,na,2,R,20,0,7.5,na,10:28,na,na,0,0,0,0.6,na,na,na,na,na,na,,
4,Apr-2015,2015-04-29,Golden,na,2,R,20,1,7.4,na,10:29,na,na,2,0,0,2.5,na,na,na,na,na,na,,
4,Apr-2015,2015-04-29,Golden,na,2,R,20,1.1,7.4,na,10:32,na,na,3,0,0,5,na,na,na,na,na,na,,
4,Apr-2015,2015-04-29,Golden,na,2,R,20,3,7.3,na,10:34,na,P,2,0,0,3,na,na,na,na,na,na,,
4,Apr-2015,2015-04-29,Golden,na,2,R,20,4.75,7.2,na,10:36,na,P,3,0,0,6,na,na,na,na,na,na,,
4,Apr-2015,2015-04-29,Golden,na,2,L,20,5.5,7.4,na,10:30,na,na,1,0,0,3.25,na,na,na,na,na,na,,
4,Apr-2015,2015-04-29,Golden,na,2,L,20,5.5,7.4,na,10:30,na,na,2,0,0,2.5,na,na,na,na,na,na,,
4,Apr-2015,2015-04-29,Golden,na,2,R,20,6,7.1,na,10:38,na,na,17,7,5,na,na,na,na,na,na,na,,plant recorded as tangled but estimates of length given
4,Apr-2015,2015-04-29,Golden,na,2,L,20,7,7.2,na,10:33,na,na,7,1,0.25,na,na,na,na,na,na,na,,
4,Apr-2015,2015-04-29,Golden,na,2,L,20,7.25,7.2,na,10:33,na,na,1,0,0,3,na,na,na,na,na,na,,plant recorded as tangled but estimates of length given
4,Apr-2015,2015-04-29,Golden,na,2,L,20,7.25,7.2,na,10:33,na,na,2,1,1,na,na,na,na,na,na,na,,
4,Apr-2015,2015-04-29,Golden,na,2,R,20,10.1,6.7,na,11:04,na,na,3,0,0,5,na,na,na,na,na,na,,
4,Apr-2015,2015-04-29,Golden,na,2,R,20,11,6.6,na,11:07,na,na,3,0,0,5,na,na,na,na,na,na,,
4,Apr-2015,2015-04-23,Meay,na,2,L,20,17.5,3.8,na,16:00,533,na,3,2,5.5,na,na,na,11,0,0,na,,
4,Apr-2015,2015-04-23,Meay,na,2,L,20,18,4,na,15:53,538,na,19,4,2.5,na,2,22,na,na,na,na,no sporo counts,
5,May-2015,2015-05-22,Meay,na,2,L,20,5.5,2.8,na,9:28,570,na,19,15,14.5,na,na,na,23,5,60,na,,
6,Jun-2015,2015-06-29,Meay,na,2,L,20,15,3.7,na,14:29,575,na,9,3,2,na,8,2,11,1,100,na,,
4,Apr-2015,2015-04-23,Meay,na,2,R,20,15,3.9,na,15:44,na,na,3,1,4,na,na,na,11,0,0,na,,
4,Apr-2015,2015-04-24,Simmonds,na,2,R,20,9.5,4.8,na,14:18,790,na,2,0,0,2.5,na,na,7,0,0,na,,
4,Apr-2015,2015-04-24,Simmonds,na,2,R,20,16,5.1,na,14:28,931,na,0,0,0,0.25,0,5,6,0,0,na,Was 535,
4,Apr-2015,2015-04-24,Simmonds,na,2,L,20,8,5.3,na,14:24,1686,na,2,0,0,2.5,na,na,0,0,0,na,,
4,Apr-2015,2015-04-24,Simmonds,na,2,L,20,2.25,5.5,na,14:22,1830,na,0,0,0,0.75,na,na,0,0,0,na,,
4,Apr-2015,2015-04-24,Simmonds,na,2,L,20,16,5.1,na,14:31,2189,na,1,0,0,1.5,0,2,na,na,na,na,,
4,Apr-2015,2015-04-24,Simmonds,na,2,L,20,2.5,5.5,na,14:22,na,na,0,0,0,0.5,na,na,na,na,na,na,,
4,Apr-2015,2015-04-24,Simmonds,na,2,L,20,2.5,5.5,na,14:22,na,na,0,0,0,0.25,na,na,na,na,na,na,,
4,Apr-2015,2015-04-24,Simmonds,na,2,R,20,14.5,4.9,na,14:20,na,na,2,0,0,0.5,na,na,na,na,na,na,,
4,Apr-2015,2015-04-24,Simmonds,na,2,R,20,15.5,5.2,na,14:22,na,na,3,0,0,3,na,na,na,na,na,na,,
4,Apr-2015,2015-04-24,Stryker,na,2,L,20,11,5.2,na,11:30,736,na,2,0,0,3,0,4,na,na,na,na,no sporo counts,
4,Apr-2015,2015-04-24,Stryker,na,2,R,20,17,2.4,na,11:32,792,na,2,2,6.5,na,0,4,4,0,0,na,Was 551,
5,May-2015,2015-05-20,Stryker,na,2,R,20,12,4.4,na,11:28,807,na,5,5,10,na,0,10,18,6,80,na,Was 565,plant recorded as tangled but estimates of length given
4,Apr-2015,2015-04-24,Stryker,na,2,L,20,15,4,na,10:53,911,T,3,na,na,na,na,na,0,0,0,na,Was 560,
4,Apr-2015,2015-04-24,Stryker,na,2,L,20,4,5.8,na,11:25,na,na,9,5,4.5,na,na,na,na,na,na,na,,
4,Apr-2015,2015-04-24,Stryker,na,2,L,20,5,5.8,na,11:25,na,na,6,1,2,na,na,na,na,na,na,na,,
4,Apr-2015,2015-04-24,Stryker,na,2,R,20,12,4.4,na,11:30,na,na,15,13,10,na,na,na,na,na,na,na,,plant recorded as tangled but estimates of length given
4,Apr-2015,2015-04-24,Stryker,na,2,L,20,15,4,na,11:53,na,na,1,1,3,na,na,na,na,na,na,na,,
4,Apr-2015,2015-04-24,Stryker,na,2,L,20,15,4,na,11:52,na,na,6,4,1.5,na,na,na,na,na,na,na,,
4,Apr-2015,2015-04-24,Stryker,na,2,L,20,19.5,1.7,na,12:01,na,na,8,5,3,na,na,na,na,na,na,na,,
4,Apr-2015,2015-04-23,Triquet,na,2,L,20,11,4.2,na,10:19,584,na,3,0,0,1,0,3,0,0,0,na,,
9,May-2016,2016-05-22,Triquet,OP,2,R,20,16.5,na,4,10:58,700,na,4,0,0,3.5,1,6,6,0,0,na,,
4,Apr-2015,2015-04-23,Triquet,na,2,L,20,12,4.3,na,10:22,701,na,4,0,0,2,0,4,0,0,0,na,,
11,Aug-2016,2016-08-12,Triquet,OP,2,R,20,17,na,4,10:35,2422,na,3,3,1.5,na,na,na,9,2,50,na,*Used to be 754,
4,Apr-2015,2015-04-23,Triquet,na,2,L,20,9.25,4.2,na,10:16,894,na,2,0,0,2,0,2,0,0,0,na,Was 596,
4,Apr-2015,2015-04-23,Triquet,na,2,R,20,1,5,na,10:18,na,na,7,3,4.5,na,na,na,na,na,na,na,,
4,Apr-2015,2015-04-23,Triquet,na,2,R,20,1.5,4.7,na,10:19,na,na,2,1,4.5,na,na,na,na,na,na,na,,
4,Apr-2015,2015-04-23,Triquet,na,2,R,20,9.5,4.8,na,10:28,na,na,1,0,0,2,na,na,na,na,na,na,,
4,Apr-2015,2015-04-23,Triquet,na,2,L,20,10.5,4.2,na,10:18,na,na,4,0,0,1.5,na,na,na,na,na,na,,
4,Apr-2015,2015-04-23,Triquet,na,2,L,20,12.5,4.3,na,10:26,na,na,3,0,0,3,na,na,na,na,na,na,,
4,Apr-2015,2015-04-23,Triquet,na,2,R,20,16.5,4.6,na,10:29,na,na,1,0,0,1.5,na,na,na,na,na,na,,
4,Apr-2015,2015-04-23,Triquet,na,2,R,20,16.5,4.9,na,10:30,na,na,1,0,0,1.5,na,na,na,na,na,na,,
4,Apr-2015,2015-04-23,Triquet,na,2,R,20,16.5,4.9,na,10:30,na,na,1,0,0,1,na,na,na,na,na,na,,
5,May-2015,2015-05-21,Golden,na,2,L,20,5.5,4.2,na,10:48,206,na,2,2,5,na,0,3,na,na,na,na,no sporo counts,
5,May-2015,2015-05-21,Golden,na,2,R,20,6.5,3.6,na,10:12,546,na,7,6,7.5,na,na,na,6,0,0,na,,plant recorded as tangled but estimates of length given
5,May-2015,2015-05-21,Golden,na,2,L,20,8.75,3.8,na,10:36,746,na,8,6,6,na,9,8,na,na,na,na,,
5,May-2015,2015-05-21,Golden,na,2,R,20,8.75,3.3,na,10:22,912,na,5,2,6,na,na,na,9,0,0,na,Was 534,
5,May-2015,2015-05-21,Golden,na,2,R,20,9.5,3.5,na,10:28,932,na,8,6,6.5,na,13,3,na,na,na,na,"Was 757, no sporo counts",
5,May-2015,2015-05-21,Golden,na,2,R,20,1,4.3,na,10:06,na,na,2,1,5,na,na,na,na,na,na,na,,plant recorded as tangled but estimates of length given
5,May-2015,2015-05-21,Golden,na,2,R,20,1.2,4.3,na,10:06,na,na,4,3,5,na,na,na,na,na,na,na,,plant recorded as tangled but estimates of length given
5,May-2015,2015-05-21,Golden,na,2,L,20,5.75,4.1,na,10:48,na,na,1,1,5,na,na,na,na,na,na,na,,
5,May-2015,2015-05-21,Golden,na,2,L,20,6,4,na,10:41,na,na,6,4,9.5,na,na,na,na,na,na,na,,
5,May-2015,2015-05-21,Golden,na,2,R,20,6,3.8,na,10:12,na,na,24,13,6.5,na,na,na,na,na,na,na,,plant recorded as tangled but estimates of length given
5,May-2015,2015-05-21,Golden,na,2,L,20,6.2,4,na,10:41,na,na,4,2,9,na,na,na,na,na,na,na,,
5,May-2015,2015-05-21,Golden,na,2,R,20,6.2,3.8,na,10:12,na,na,3,3,6.5,na,na,na,na,na,na,na,,plant recorded as tangled but estimates of length given
5,May-2015,2015-05-21,Golden,na,2,R,20,10.2,3.5,na,10:30,na,na,2,2,6.5,na,na,na,na,na,na,na,,plant recorded as tangled but estimates of length given
5,May-2015,2015-05-21,Golden,na,2,L,20,11,3.6,na,10:34,na,na,3,2,7,na,na,na,na,na,na,na,,
5,May-2015,2015-05-21,Golden,na,2,R,20,11,3.5,na,10:30,na,na,1,0,0,0.75,na,na,na,na,na,na,,
5,May-2015,2015-05-22,Meay,na,2,L,20,18,2.5,na,9:12,538,na,16,15,10.5,na,16,6,na,na,na,na,no sporo counts,plant recorded as tangled but estimates of length given
6,Jun-2015,2015-06-29,Meay,na,2,L,20,5.5,4.4,na,14:23,570,na,23,5,6.5,na,na,na,8,3,90,na,,
7,Aug-2015,2015-08-08,Meay,na,2,L,20,15,4.2,na,10:48,575,na,8,1,1,na,8,1,11,8,30,na,,
5,May-2015,2015-05-22,Meay,na,2,L,20,17.5,2.5,na,9:16,886,na,6,6,10.5,na,na,na,12,3,20,na,,plant recorded as tangled but estimates of length given
5,May-2015,2015-05-22,Meay,na,2,L,20,15.5,2.5,na,9:00,na,na,4,3,7,na,na,na,na,na,na,na,,
5,May-2015,2015-05-22,Meay,na,2,L,20,17.75,2.5,na,9:18,na,na,2,0,0,1,na,na,na,na,na,na,,
5,May-2015,2015-05-20,Simmonds,na,2,R,20,9.5,6.7,na,14:46,790,na,1,1,10,na,na,na,9,5,75,na,,plant recorded as tangled but estimates of length given
5,May-2015,2015-05-20,Simmonds,na,2,R,20,16,7,na,14:50,931,na,0,0,0,0.5,2,1,na,na,na,na,"Was 535, no sporo counts",
5,May-2015,2015-05-20,Simmonds,na,2,L,20,8,6.8,na,15:08,1686,na,5,0,0,4.5,na,na,13,0,0,na,,
5,May-2015,2015-05-20,Simmonds,na,2,L,20,2.25,7.3,na,15:12,1830,na,4,0,0,2.5,na,na,6,0,0,na,,plant recorded as tangled but estimates of length given
5,May-2015,2015-05-20,Simmonds,na,2,L,20,16,6.8,na,15:02,2189,na,1,0,0,4,2,1,na,na,na,na,,
5,May-2015,2015-05-20,Simmonds,na,2,L,20,1.75,7.3,na,15:14,na,na,1,0,0,1.5,na,na,na,na,na,na,,
5,May-2015,2015-05-20,Simmonds,na,2,L,20,2.5,7.3,na,15:12,na,na,1,0,0,0.75,na,na,na,na,na,na,,
5,May-2015,2015-05-20,Simmonds,na,2,R,20,7,6.9,na,14:43,na,na,1,0,0,0.75,na,na,na,na,na,na,,
5,May-2015,2015-05-20,Simmonds,na,2,R,20,14.5,6.5,na,14:48,na,P,1,0,0,0.75,na,na,na,na,na,na,,
5,May-2015,2015-05-20,Simmonds,na,2,R,20,14.75,6.5,na,14:48,na,P,2,0,0,1.5,na,na,na,na,na,na,,
5,May-2015,2015-05-20,Simmonds,na,2,L,20,15,6.1,na,15:06,na,P,2,0,0,2.5,na,na,na,na,na,na,,
5,May-2015,2015-05-20,Simmonds,na,2,L,20,15.2,6.1,na,15:06,na,P,2,0,0,2.5,na,na,na,na,na,na,,
5,May-2015,2015-05-20,Simmonds,na,2,R,20,15.4,6.6,na,14:48,na,P,2,2,10,na,na,na,na,na,na,na,,
5,May-2015,2015-05-20,Simmonds,na,2,R,20,17,7.8,na,14:52,na,na,1,0,0,3.5,na,na,na,na,na,na,,
5,May-2015,2015-05-20,Stryker,na,2,L,20,11,5.1,na,11:37,736,na,3,1,1.25,na,4,0,6,0,0,na,,
5,May-2015,2015-05-20,Stryker,na,2,R,20,17,2.6,na,11:44,792,na,2,2,7,na,2,1,17,14,80,na,Was 551,
6,Jun-2015,2015-06-23,Stryker,na,2,R,20,12,6.4,na,16:13,807,na,6,4,3,na,9,2,20,9,40,na,Was 565,
5,May-2015,2015-05-20,Stryker,na,2,L,20,15,3.9,na,11:39,911,T,3,na,na,na,na,na,12,8,60,na,Was 560,
5,May-2015,2015-05-20,Stryker,na,2,L,20,4,5.6,na,11:33,na,T,13,na,na,na,na,na,na,na,na,na,,
5,May-2015,2015-05-20,Stryker,na,2,L,20,5,5.7,na,11:28,na,na,11,3,3.5,na,na,na,na,na,na,na,,plant recorded as tangled but estimates of length given
5,May-2015,2015-05-20,Stryker,na,2,R,20,11.9,4.4,na,11:36,na,na,4,4,10.5,na,na,na,na,na,na,na,,plant recorded as tangled but estimates of length given
5,May-2015,2015-05-20,Stryker,na,2,R,20,12.1,4.4,na,11:34,na,na,8,6,10.5,na,na,na,na,na,na,na,,plant recorded as tangled but estimates of length given
5,May-2015,2015-05-20,Stryker,na,2,R,20,12.2,4.4,na,11:36,na,na,3,3,5,na,na,na,na,na,na,na,,
5,May-2015,2015-05-20,Stryker,na,2,L,20,15,3.9,na,11:44,na,T,9,na,na,na,na,na,na,na,na,na,,
5,May-2015,2015-05-22,Triquet,na,2,L,20,11,4.3,na,10:56,584,na,4,1,5,na,2,3,na,na,na,na,no sporo counts,
10,Jun-2016,2016-06-11,Triquet,OP,2,R,20,16.5,na,4,12:12,700,na,6,3,1,na,7,0,8,0,0,na,,
5,May-2015,2015-05-22,Triquet,na,2,L,20,12,4.2,na,10:52,701,na,3,1,5.5,na,4,2,na,na,na,na,no sporo counts,
12,Sep-2016,2016-09-07,Triquet,OP,2,R,20,17,na,4,14:30,2422,na,4,3,0.1,na,na,na,9,4,25,na,*Used to be 754,
5,May-2015,2015-05-22,Triquet,na,2,L,20,9.25,4.2,na,11:04,894,na,2,1,5,na,2,2,na,na,na,na,"Was 596, no sporo counts",
5,May-2015,2015-05-22,Triquet,na,2,L,20,9.5,4.2,na,11:04,936,na,5,1,5,na,na,na,7,0,0,na,,
5,May-2015,2015-05-22,Triquet,na,2,R,20,1,4.4,na,10:23,na,na,6,4,8.5,na,na,na,na,na,na,na,,
5,May-2015,2015-05-22,Triquet,na,2,R,20,1.3,4.4,na,10:26,na,na,3,2,9,na,na,na,na,na,na,na,,
5,May-2015,2015-05-22,Triquet,na,2,L,20,10.5,4.2,na,11:04,na,na,4,2,5.5,na,na,na,na,na,na,na,,
5,May-2015,2015-05-22,Triquet,na,2,R,20,13,4.2,na,10:30,na,na,1,0,0,3,na,na,na,na,na,na,,
5,May-2015,2015-05-22,Triquet,na,2,R,20,16.5,4.4,na,10:36,na,na,2,2,6,na,na,na,na,na,na,na,,
5,May-2015,2015-05-22,Triquet,na,2,R,20,16.6,4.6,na,10:38,na,na,2,2,6,na,na,na,na,na,na,na,,
5,May-2015,2015-05-22,Triquet,na,2,R,20,19,4.7,na,10:42,na,na,4,0,0,2.5,na,na,na,na,na,na,,
5,May-2015,2015-05-22,Triquet,na,2,R,20,20,4.6,na,10:46,na,na,2,0,0,3,na,na,na,na,na,na,,
6,Jun-2015,2015-06-27,Golden,na,2,R,20,6.5,5.6,na,15:09,546,na,12,5,5,na,na,na,21,0,0,na,,
6,Jun-2015,2015-06-27,Golden,na,2,L,20,8.75,5.4,na,15:25,746,na,10,2,2,na,9,2,12,2,20,na,,
6,Jun-2015,2015-06-27,Golden,na,2,R,20,1.25,6.1,na,15:01,887,na,2,1,2,na,0,4,na,na,na,na,no sporo counts,
6,Jun-2015,2015-06-27,Golden,na,2,R,20,8.75,5.1,na,15:12,912,na,8,6,5.5,na,na,na,18,6,75,na,Was 534,
6,Jun-2015,2015-06-27,Golden,na,2,R,20,9.5,5.2,na,15:17,932,na,8,6,3,na,9,4,na,na,na,na,"Was 757, no sporo counts",
6,Jun-2015,2015-06-27,Golden,na,2,R,20,0,6.2,na,15:59,na,na,3,0,0,4,na,na,na,na,na,na,,
6,Jun-2015,2015-06-27,Golden,na,2,L,20,1,6,na,15:15,na,na,1,0,0,6,na,na,na,na,na,na,,plant recorded as tangled but estimates of length given
6,Jun-2015,2015-06-27,Golden,na,2,L,20,1,6,na,15:15,na,na,2,0,0,6,na,na,na,na,na,na,,plant recorded as tangled but estimates of length given
6,Jun-2015,2015-06-27,Golden,na,2,R,20,1,6.1,na,15:00,na,na,1,1,1,na,na,na,na,na,na,na,,
6,Jun-2015,2015-06-27,Golden,na,2,R,20,1.25,6.1,na,15:01,na,T,9,na,na,na,na,na,na,na,na,na,,
6,Jun-2015,2015-06-27,Golden,na,2,R,20,3.5,6,na,15:03,na,na,1,0,0,3.5,na,na,na,na,na,na,,
6,Jun-2015,2015-06-27,Golden,na,2,R,20,5,5.9,na,15:04,na,na,0,0,0,0.5,na,na,na,na,na,na,,
6,Jun-2015,2015-06-27,Golden,na,2,L,20,5.5,5.7,na,15:16,na,na,3,0,0,5.7,na,na,na,na,na,na,,plant recorded as tangled but estimates of length given
6,Jun-2015,2015-06-27,Golden,na,2,R,20,6,5.6,na,15:06,na,T,27,na,na,na,na,na,na,na,na,na,,
6,Jun-2015,2015-06-27,Golden,na,2,R,20,6.25,5.6,na,15:06,na,T,3,na,na,na,na,na,na,na,na,na,,
6,Jun-2015,2015-06-27,Golden,na,2,L,20,8,5.4,na,15:20,na,na,12,6,2,na,na,na,na,na,na,na,,
6,Jun-2015,2015-06-27,Golden,na,2,L,20,10.5,5.4,na,15:34,na,na,3,0,0,4,na,na,na,na,na,na,,
6,Jun-2015,2015-06-29,Meay,na,2,L,20,18,3.5,na,14:58,538,T,20,na,na,na,18,3,na,na,na,na,no sporo counts,
7,Aug-2015,2015-08-08,Meay,na,2,L,20,5.5,5,na,9:34,570,na,32,10,8,na,na,na,30,30,90,na,,plant recorded as tangled but estimates of length given
8,Sep-2015,2015-09-13,Meay,na,2,L,20,14,3,na,10:40,575,na,6,3,5.5,na,7,0,8,7,95,na,,
6,Jun-2015,2015-06-29,Meay,na,2,L,20,17.5,3.7,na,14:36,886,T,9,na,na,na,na,na,7,0,0,na,,
6,Jun-2015,2015-06-29,Meay,na,2,R,20,14,3.6,na,14:57,na,na,2,0,0,2,na,na,na,na,na,na,,
6,Jun-2015,2015-06-29,Meay,na,2,L,20,15,4,na,14:33,na,na,1,0,0,1,na,na,na,na,na,na,,
6,Jun-2015,2015-06-29,Meay,na,2,L,20,16,4.1,na,14:35,na,na,2,0,0,1.5,na,na,na,na,na,na,,
6,Jun-2015,2015-06-29,Meay,na,2,L,20,17,3.7,na,14:36,na,na,2,0,0,2,na,na,na,na,na,na,,
6,Jun-2015,2015-06-29,Meay,na,2,L,20,19,3.8,na,14:42,na,na,2,0,0,1.5,na,na,na,na,na,na,,
6,Jun-2015,2015-06-29,Meay,na,2,R,20,19,3.8,na,15:01,na,na,0,0,0,1.5,na,na,na,na,na,na,,
6,Jun-2015,2015-06-27,Simmonds,na,2,R,20,9.5,6.1,na,10:47,790,T,6,na,na,na,na,na,19,2,20,na,,
6,Jun-2015,2015-06-27,Simmonds,na,2,R,20,16,7.2,na,11:02,931,na,1,0,0,2.5,1,0,na,na,na,na,"Was 535, no sporo counts",
6,Jun-2015,2015-06-27,Simmonds,na,2,L,20,8,6.6,na,10:29,1686,na,16,4,3,na,na,na,18,7,70,na,,plant recorded as tangled but estimates of length given
6,Jun-2015,2015-06-27,Simmonds,na,2,L,20,2.75,6.9,na,10:21,1830,na,7,0,0,6,na,na,3,0,0,na,,plant recorded as tangled but estimates of length given
6,Jun-2015,2015-06-27,Simmonds,na,2,L,20,16,6.3,na,10:43,2189,na,2,0,0,4,3,3,na,na,na,na,,
6,Jun-2015,2015-06-27,Simmonds,na,2,R,20,0,7.2,na,10:35,na,na,2,0,0,1.5,na,na,na,na,na,na,,
6,Jun-2015,2015-06-27,Simmonds,na,2,L,20,2.5,7,na,10:20,na,na,0,0,0,0.75,na,na,na,na,na,na,,
6,Jun-2015,2015-06-27,Simmonds,na,2,L,20,2.75,6.9,na,10:21,na,na,4,0,0,6,na,na,na,na,na,na,,plant recorded as tangled but estimates of length given
6,Jun-2015,2015-06-27,Simmonds,na,2,L,20,3,6.9,na,10:25,na,na,0,0,0,0.75,na,na,na,na,na,na,,
6,Jun-2015,2015-06-27,Simmonds,na,2,L,20,8,6.5,na,10:26,na,na,4,0,0,1.5,na,na,na,na,na,na,,
6,Jun-2015,2015-06-27,Simmonds,na,2,L,20,9,6.5,na,10:26,na,na,0,0,0,0.15,na,na,na,na,na,na,,
6,Jun-2015,2015-06-27,Simmonds,na,2,L,20,9.5,6.3,na,10:33,na,na,0,0,0,0.9,na,na,na,na,na,na,,
6,Jun-2015,2015-06-27,Simmonds,na,2,L,20,11,6.9,na,10:46,na,na,0,0,0,0.75,na,na,na,na,na,na,,
6,Jun-2015,2015-06-27,Simmonds,na,2,L,20,13.75,6.3,na,10:37,na,na,0,0,0,0.25,na,na,na,na,na,na,,
6,Jun-2015,2015-06-27,Simmonds,na,2,L,20,14,6.3,na,10:37,na,na,0,0,0,0.75,na,na,na,na,na,na,,
6,Jun-2015,2015-06-27,Simmonds,na,2,L,20,15,6.2,na,10:38,na,na,2,0,0,3,na,na,na,na,na,na,,
6,Jun-2015,2015-06-27,Simmonds,na,2,L,20,16.25,6.6,na,10:46,na,na,1,0,0,1.5,na,na,na,na,na,na,,
6,Jun-2015,2015-06-23,Stryker,na,2,L,20,11,6.5,na,16:00,736,na,4,2,2,na,4,1,na,na,na,na,no sporo counts,
6,Jun-2015,2015-06-23,Stryker,na,2,R,20,17.5,4.4,na,16:10,792,na,3,2,2.5,na,3,1,23,17,90,na,Was 551,
7,Aug-2015,2015-08-05,Stryker,na,2,R,20,12,4.2,na,11:38,807,na,10,7,10,na,9,1,8,2,80,na,Was 565,plant recorded as tangled but estimates of length given
6,Jun-2015,2015-06-23,Stryker,na,2,L,20,15,5.6,na,16:04,911,T,14,na,na,na,na,na,40,28,70,na,Was 560,
6,Jun-2015,2015-06-23,Stryker,na,2,L,20,0.25,7.3,na,15:51,na,na,0,0,0,0.25,na,na,na,na,na,na,,
6,Jun-2015,2015-06-23,Stryker,na,2,R,20,4,7,na,15:57,na,na,2,0,0,6,na,na,na,na,na,na,,
6,Jun-2015,2015-06-23,Stryker,na,2,R,20,4,7,na,16:00,na,P,36,na,na,na,na,na,na,na,na,na,,
6,Jun-2015,2015-06-23,Stryker,na,2,L,20,4.25,7.1,na,15:52,na,na,17,9,5,na,na,na,na,na,na,na,,plant recorded as tangled but estimates of length given
6,Jun-2015,2015-06-23,Stryker,na,2,L,20,5,7.1,na,15:55,na,na,6,2,4.5,na,na,na,na,na,na,na,,
6,Jun-2015,2015-06-23,Stryker,na,2,L,20,5,7.1,na,15:55,na,na,7,4,4,na,na,na,na,na,na,na,,
6,Jun-2015,2015-06-23,Stryker,na,2,R,20,9,6.9,na,16:14,na,T,8,na,na,na,na,na,na,na,na,na,,
6,Jun-2015,2015-06-23,Stryker,na,2,L,20,11,6.5,na,15:02,na,na,2,1,1.5,na,na,na,na,na,na,na,,plant recorded as tangled but estimates of length given
6,Jun-2015,2015-06-23,Stryker,na,2,R,20,11,6.5,na,15:09,na,na,7,1,1,na,na,na,na,na,na,na,,
6,Jun-2015,2015-06-23,Stryker,na,2,R,20,12,6.3,na,16:15,na,na,4,3,1,na,na,na,na,na,na,na,,
6,Jun-2015,2015-06-23,Stryker,na,2,R,20,12,6.4,na,15:09,na,T,18,na,na,na,na,na,na,na,na,na,,
6,Jun-2015,2015-06-28,Triquet,na,2,L,20,11,6.2,na,9:37,584,na,1,0,0,0.25,0,1,na,na,na,na,no sporo counts,
11,Aug-2016,2016-08-12,Triquet,OP,2,R,20,17.5,na,4,10:35,700,na,5,4,1.5,na,5,1,13,4,50,na,,
6,Jun-2015,2015-06-28,Triquet,na,2,L,20,12,6.3,na,9:39,701,na,4,1,1,na,5,0,na,na,na,na,no sporo counts,
13,Nov-2016,2016-11-14,Triquet,OP,2,R,20,17,na,4,11:50,2422,na,4,2,3,na,na,na,10,2,90,na,*Used to be 754,
6,Jun-2015,2015-06-28,Triquet,na,2,L,20,9.5,5.6,na,15:27,791,T,6,3,na,na,na,na,5,0,0,na,,
6,Jun-2015,2015-06-28,Triquet,na,2,L,20,9.25,5.6,na,15:27,894,na,2,0,0,5,4,2,na,na,na,na,"Was 596, no sporo counts",
6,Jun-2015,2015-06-28,Triquet,na,2,L,20,10.5,6.1,na,9:34,936,na,8,3,2,na,na,na,12,2,90,na,,
6,Jun-2015,2015-06-28,Triquet,na,2,R,20,1,6,na,15:34,na,na,0,0,0,1.25,na,na,na,na,na,na,,
6,Jun-2015,2015-06-28,Triquet,na,2,R,20,1,6,na,15:34,na,T,5,2,na,na,na,na,na,na,na,na,,
6,Jun-2015,2015-06-28,Triquet,na,2,R,20,1,6,na,15:31,na,na,8,5,1,na,na,na,na,na,na,na,,plant recorded as tangled but estimates of length given
6,Jun-2015,2015-06-28,Triquet,na,2,L,20,1.5,6,na,15:22,na,na,1,0,0,2,na,na,na,na,na,na,,
6,Jun-2015,2015-06-28,Triquet,na,2,L,20,1.5,6,na,15:22,na,na,1,0,0,3,na,na,na,na,na,na,,
6,Jun-2015,2015-06-28,Triquet,na,2,R,20,3,6,na,9:22,na,na,1,0,0,2.5,na,na,na,na,na,na,,
6,Jun-2015,2015-06-28,Triquet,na,2,R,20,6,6,na,9:22,na,na,1,0,0,2,na,na,na,na,na,na,,
6,Jun-2015,2015-06-28,Triquet,na,2,R,20,8,6,na,9:27,na,na,7,0,0,5,na,na,na,na,na,na,,plant recorded as tangled but estimates of length given
6,Jun-2015,2015-06-28,Triquet,na,2,L,20,10.2,6,na,9:33,na,na,1,0,0,2,na,na,na,na,na,na,,
6,Jun-2015,2015-06-28,Triquet,na,2,R,20,11,6.3,na,9:29,na,na,0,0,0,1.25,na,na,na,na,na,na,,
6,Jun-2015,2015-06-28,Triquet,na,2,R,20,12,6.3,na,9:33,na,na,2,0,0,4,na,na,na,na,na,na,,
7,Aug-2015,2015-08-07,Golden,na,2,R,20,7,5.1,na,11:20,546,na,12,7,9,na,na,na,8,0,0,na,,plant recorded as tangled but estimates of length given
7,Aug-2015,2015-08-07,Golden,na,2,L,20,11,5.7,na,11:05,726,na,4,1,1.5,na,na,na,0,0,0,na,,
7,Aug-2015,2015-08-07,Golden,na,2,L,20,8,6,na,10:55,746,T,12,na,na,na,10,5,16,2,10,na,,
7,Aug-2015,2015-08-07,Golden,na,2,R,20,1,5.8,na,11:30,887,T,3,1,na,na,4,0,3,0,0,na,,
7,Aug-2015,2015-08-07,Golden,na,2,R,20,9,4.9,na,11:07,912,na,6,5,9,na,na,na,3,0,0,na,Was 534,plant recorded as tangled but estimates of length given
7,Aug-2015,2015-08-07,Golden,na,2,R,20,10,5.1,na,10:54,932,na,10,8,5.5,na,10,4,6,0,0,na,Was 757,plant recorded as tangled but estimates of length given
7,Aug-2015,2015-08-07,Golden,na,2,L,20,5.5,6.2,na,10:48,2155,T,4,1,na,na,na,na,8,2,10,na,,
7,Aug-2015,2015-08-07,Golden,na,2,R,20,0,5.8,na,11:32,na,na,5,1,5.5,na,na,na,na,na,na,na,,
7,Aug-2015,2015-08-07,Golden,na,2,R,20,1.5,5.8,na,11:29,na,na,2,0,0,2,na,na,na,na,na,na,,
7,Aug-2015,2015-08-07,Golden,na,2,L,20,1.75,6.5,na,10:46,na,T,4,na,na,na,na,na,na,na,na,na,,
7,Aug-2015,2015-08-07,Golden,na,2,L,20,1.75,6.5,na,10:46,na,T,5,na,na,na,na,na,na,na,na,na,,
7,Aug-2015,2015-08-07,Golden,na,2,R,20,4,5.5,na,11:28,na,na,1,0,0,2,na,na,na,na,na,na,,
7,Aug-2015,2015-08-07,Golden,na,2,R,20,4.5,5.5,na,11:27,na,na,1,0,0,0.75,na,na,na,na,na,na,,
7,Aug-2015,2015-08-07,Golden,na,2,R,20,6,5.3,na,11:25,na,na,26,23,9,na,na,na,na,na,na,na,,plant recorded as tangled but estimates of length given
7,Aug-2015,2015-08-07,Golden,na,2,R,20,6.5,5.2,na,11:22,na,na,2,1,9,na,na,na,na,na,na,na,,plant recorded as tangled but estimates of length given
7,Aug-2015,2015-08-07,Golden,na,2,L,20,7,6.1,na,10:51,na,T,18,9,na,na,na,na,na,na,na,na,,
7,Aug-2015,2015-08-07,Golden,na,2,L,20,8,6,na,10:55,na,T,3,1,na,na,na,na,na,na,na,na,,
7,Aug-2015,2015-08-07,Golden,na,2,R,20,9,4.9,na,11:15,na,na,6,4,7.5,na,na,na,na,na,na,na,,plant recorded as tangled but estimates of length given
7,Aug-2015,2015-08-08,Meay,na,2,L,20,18,4.1,na,9:56,538,na,31,10,5,na,21,9,70,69,90,na,,plant recorded as tangled but estimates of length given
8,Sep-2015,2015-09-13,Meay,na,2,L,20,5.5,4,na,11:15,570,na,22,13,7,na,na,na,44,30,80,na,,
1,May-2014,2014-05-31,Triquet,na,2,L,20,7.25,4.3,na,10:29-11:45,576,na,3,1,2,na,0,3,na,na,na,1.45,no sporo counts,
7,Aug-2015,2015-08-08,Meay,na,2,L,20,17.5,4,na,9:52,886,na,10,2,3.25,na,na,na,29,22,80,na,,
7,Aug-2015,2015-08-08,Meay,na,2,L,20,4.5,4.3,na,9:48,na,na,1,0,0,1.25,na,na,na,na,na,na,,
7,Aug-2015,2015-08-08,Meay,na,2,L,20,15.5,4.3,na,9:48,na,na,1,1,1,na,na,na,na,na,na,na,,
7,Aug-2015,2015-08-08,Meay,na,2,L,20,17,4,na,9:51,na,na,4,0,0,4,na,na,na,na,na,na,,
7,Aug-2015,2015-08-08,Meay,na,2,L,20,19,4.2,na,10:06,na,na,2,0,0,2.5,na,na,na,na,na,na,,
7,Aug-2015,2015-08-09,Simmonds,na,2,R,20,9.5,6.9,na,10:30,790,na,8,0,0,5,na,na,19,7,90,na,,
7,Aug-2015,2015-08-09,Simmonds,na,2,R,20,18,7.2,na,12:35,925,na,3,0,0,6.5,0,9,16,2,80,na,,
7,Aug-2015,2015-08-09,Simmonds,na,2,L,20,8,7,na,10:37,1686,T,15,na,na,na,na,na,14,10,75,na,,
7,Aug-2015,2015-08-09,Simmonds,na,2,L,20,2.75,7.1,na,10:30,1830,na,12,3,4,na,na,na,12,5,75,na,,
7,Aug-2015,2015-08-09,Simmonds,na,2,L,20,16,6.8,na,10:52,2189,na,6,2,3,na,6,3,15,13,100,na,,
7,Aug-2015,2015-08-09,Simmonds,na,2,R,20,0.5,7.2,na,10:18,na,na,1,0,0,2.25,na,na,na,na,na,na,,
7,Aug-2015,2015-08-09,Simmonds,na,2,R,20,0.5,7.2,na,10:17,na,na,5,0,0,4,na,na,na,na,na,na,,
7,Aug-2015,2015-08-09,Simmonds,na,2,R,20,1.5,7,na,10:18,na,na,0,0,0,0.5,na,na,na,na,na,na,,
7,Aug-2015,2015-08-09,Simmonds,na,2,L,20,2,7,na,10:29,na,na,3,0,0,5,na,na,na,na,na,na,,
7,Aug-2015,2015-08-09,Simmonds,na,2,L,20,3.5,7.1,na,10:35,na,na,1,0,0,1.5,na,na,na,na,na,na,,
7,Aug-2015,2015-08-09,Simmonds,na,2,L,20,4,7.1,na,10:35,na,na,1,0,0,1,na,na,na,na,na,na,,
7,Aug-2015,2015-08-09,Simmonds,na,2,R,20,4,6.9,na,10:21,na,na,9,0,0,5,na,na,na,na,na,na,,
7,Aug-2015,2015-08-09,Simmonds,na,2,R,20,6,6.6,na,10:24,na,na,4,0,0,5.5,na,na,na,na,na,na,,
7,Aug-2015,2015-08-09,Simmonds,na,2,L,20,7.5,6.9,na,10:34,na,T,4,na,na,na,na,na,na,na,na,na,,
7,Aug-2015,2015-08-09,Simmonds,na,2,R,20,8,6.6,na,10:24,na,na,0,0,0,1.25,na,na,na,na,na,na,,
7,Aug-2015,2015-08-09,Simmonds,na,2,R,20,8,6.2,na,10:24,na,na,6,0,0,5.5,na,na,na,na,na,na,,plant recorded as tangled but estimates of length given
7,Aug-2015,2015-08-09,Simmonds,na,2,L,20,9.5,6.5,na,10:39,na,na,2,0,0,4,na,na,na,na,na,na,,
7,Aug-2015,2015-08-09,Simmonds,na,2,L,20,9.75,6.6,na,10:40,na,na,0,0,0,0.5,na,na,na,na,na,na,,
7,Aug-2015,2015-08-09,Simmonds,na,2,L,20,9.75,6.6,na,10:40,na,na,0,0,0,0.25,na,na,na,na,na,na,,
7,Aug-2015,2015-08-09,Simmonds,na,2,R,20,10.1,6.9,na,10:34,na,na,0,0,0,0.25,na,na,na,na,na,na,,
7,Aug-2015,2015-08-09,Simmonds,na,2,R,20,10.25,6.9,na,10:34,na,na,1,0,0,1.25,na,na,na,na,na,na,,
7,Aug-2015,2015-08-09,Simmonds,na,2,R,20,10.25,6.9,na,10:34,na,na,1,0,0,2.25,na,na,na,na,na,na,,
7,Aug-2015,2015-08-09,Simmonds,na,2,L,20,11,7.1,na,10:43,na,na,1,0,0,2,na,na,na,na,na,na,,
7,Aug-2015,2015-08-09,Simmonds,na,2,R,20,11,7.2,na,10:36,na,P,11,na,na,na,na,na,na,na,na,na,,
7,Aug-2015,2015-08-09,Simmonds,na,2,R,20,12,6.8,na,10:36,na,na,0,0,0,1.25,na,na,na,na,na,na,,
7,Aug-2015,2015-08-09,Simmonds,na,2,R,20,12,6.8,na,10:36,na,na,0,0,0,1,na,na,na,na,na,na,,
7,Aug-2015,2015-08-09,Simmonds,na,2,L,20,14,6.6,na,10:44,na,na,0,0,0,0.75,na,na,na,na,na,na,,
7,Aug-2015,2015-08-09,Simmonds,na,2,L,20,14,6.6,na,10:44,na,na,1,0,0,1,na,na,na,na,na,na,,
7,Aug-2015,2015-08-09,Simmonds,na,2,R,20,14.5,6.4,na,10:39,na,na,3,0,0,5,na,na,na,na,na,na,,
7,Aug-2015,2015-08-09,Simmonds,na,2,R,20,14.5,6.4,na,10:39,na,na,4,0,0,3.5,na,na,na,na,na,na,,
7,Aug-2015,2015-08-09,Simmonds,na,2,L,20,15.5,6.3,na,10:45,na,na,4,4,1.5,na,na,na,na,na,na,na,,
7,Aug-2015,2015-08-09,Simmonds,na,2,R,20,15.5,6.2,na,10:39,na,na,3,2,6,na,na,na,na,na,na,na,,
7,Aug-2015,2015-08-09,Simmonds,na,2,R,20,16,6.4,na,10:39,na,na,0,0,0,1,na,na,na,na,na,na,,
7,Aug-2015,2015-08-09,Simmonds,na,2,L,20,17,7,na,10:53,na,na,2,0,0,4,na,na,na,na,na,na,,
7,Aug-2015,2015-08-09,Simmonds,na,2,L,20,18,8.1,na,10:54,na,na,0,0,0,0.25,na,na,na,na,na,na,,
7,Aug-2015,2015-08-09,Simmonds,na,2,R,20,18,7.9,na,10:43,na,na,3,0,0,5.75,na,na,na,na,na,na,,
7,Aug-2015,2015-08-09,Simmonds,na,2,R,20,19,8.3,na,10:45,na,na,1,0,0,3.5,na,na,na,na,na,na,,
7,Aug-2015,2015-08-05,Stryker,na,2,L,20,15,4,na,11:54,710,T,12,na,na,na,na,na,33,31,90,na,,
7,Aug-2015,2015-08-05,Stryker,na,2,L,20,11,5,na,11:47,736,na,4,2,0,na,4,1,9,5,40,na,,
7,Aug-2015,2015-08-05,Stryker,na,2,R,20,17.5,2.2,na,11:50,792,na,4,3,5.5,na,4,1,22,16,60,na,Was 551,
8,Sep-2015,2015-09-09,Stryker,na,2,R,20,12,7.3,na,11:33,807,na,9,7,8,na,9,3,10,10,75,na,Was 565,plant recorded as tangled but estimates of length given
7,Aug-2015,2015-08-05,Stryker,na,2,L,20,0,5.8,na,11:36,na,na,2,0,0,1.25,na,na,na,na,na,na,,
7,Aug-2015,2015-08-05,Stryker,na,2,L,20,1.5,5.7,na,11:38,na,na,5,3,6.5,na,na,na,na,na,na,na,,
7,Aug-2015,2015-08-05,Stryker,na,2,L,20,4.5,5.5,na,11:41,na,na,18,15,10,na,na,na,na,na,na,na,,
7,Aug-2015,2015-08-05,Stryker,na,2,L,20,5,5.6,na,11:42,na,na,10,7,5.5,na,na,na,na,na,na,na,,plant recorded as tangled but estimates of length given
7,Aug-2015,2015-08-05,Stryker,na,2,R,20,12,4.1,na,11:42,na,na,5,4,7.5,na,na,na,na,na,na,na,,
7,Aug-2015,2015-08-05,Stryker,na,2,R,20,12,4.1,na,11:46,na,na,21,16,10,na,na,na,na,na,na,na,,plant recorded as tangled but estimates of length given
7,Aug-2015,2015-08-05,Stryker,na,2,R,20,12.5,3.9,na,11:50,na,na,4,3,6.5,na,na,na,na,na,na,na,,
7,Aug-2015,2015-08-05,Stryker,na,2,L,20,18,2.2,na,11:56,na,na,0,0,0,0.5,na,na,na,na,na,na,,
7,Aug-2015,2015-08-05,Stryker,na,2,L,20,18,2.2,na,11:56,na,na,0,0,0,0.25,na,na,na,na,na,na,,
7,Aug-2015,2015-08-06,Triquet,na,2,L,20,11,5.5,na,10:43,584,na,1,0,0,1.25,1,0,5,0,0,na,,
12,Sep-2016,2016-09-07,Triquet,OP,2,R,20,16.5,na,4,14:30,700,na,3,2,0,na,5,0,46,16,75,na,,
7,Aug-2015,2015-08-06,Triquet,na,2,L,20,12,5.5,na,10:44,701,na,3,2,4,na,2,0,6,2,50,na,,
14,Apr-2017,2017-04-06,Triquet,OP,2,R,20,17,na,4,10:36,2422,na,1,0,0,1.5,na,na,14,0,0,na,*Used to be 754,
7,Aug-2015,2015-08-06,Triquet,na,2,L,20,9.5,5.4,na,10:33,791,na,8,1,0.5,na,na,na,10,5,70,na,,
7,Aug-2015,2015-08-06,Triquet,na,2,L,20,9.25,5.4,na,10:33,894,na,4,1,0.5,na,4,1,5,1,40,na,Was 596,
7,Aug-2015,2015-08-06,Triquet,na,2,L,20,10.5,5.5,na,10:40,936,na,11,3,2.5,na,na,na,19,8,50,na,,
7,Aug-2015,2015-08-06,Triquet,na,2,R,20,1,5.3,na,11:10,na,na,7,4,7,na,na,na,na,na,na,na,,plant recorded as tangled but estimates of length given
7,Aug-2015,2015-08-06,Triquet,na,2,R,20,1.5,5.3,na,11:08,na,na,6,5,7,na,na,na,na,na,na,na,,plant recorded as tangled but estimates of length given
7,Aug-2015,2015-08-06,Triquet,na,2,L,20,2,5.6,na,10:29,na,na,2,0,0,3.5,na,na,na,na,na,na,,
7,Aug-2015,2015-08-06,Triquet,na,2,L,20,2,5.6,na,10:29,na,na,2,0,0,3.5,na,na,na,na,na,na,,
7,Aug-2015,2015-08-06,Triquet,na,2,R,20,2,5.2,na,11:04,na,na,1,0,0,1,na,na,na,na,na,na,,
7,Aug-2015,2015-08-06,Triquet,na,2,R,20,2,5.2,na,11:04,na,na,1,0,0,0.5,na,na,na,na,na,na,,
7,Aug-2015,2015-08-06,Triquet,na,2,R,20,8,5,na,11:05,na,na,0,0,0,0.5,na,na,na,na,na,na,,
7,Aug-2015,2015-08-06,Triquet,na,2,R,20,10,5,na,11:03,na,P,3,na,na,na,na,na,na,na,na,na,,
7,Aug-2015,2015-08-06,Triquet,na,2,L,20,10.5,5.5,na,10:39,na,na,1,0,0,2,na,na,na,na,na,na,,
7,Aug-2015,2015-08-06,Triquet,na,2,R,20,12,5.4,na,11:00,na,na,0,0,0,1,na,na,na,na,na,na,,
7,Aug-2015,2015-08-06,Triquet,na,2,R,20,12,5.4,na,11:00,na,na,2,0,0,1.5,na,na,na,na,na,na,,
7,Aug-2015,2015-08-06,Triquet,na,2,R,20,13.75,5.5,na,10:58,na,na,3,0,0,3.5,na,na,na,na,na,na,,
7,Aug-2015,2015-08-06,Triquet,na,2,L,20,14.75,5.4,na,10:47,na,na,0,0,0,0.5,na,na,na,na,na,na,,
7,Aug-2015,2015-08-06,Triquet,na,2,R,20,16,5.4,na,10:57,na,na,1,0,0,1,na,na,na,na,na,na,,
7,Aug-2015,2015-08-06,Triquet,na,2,R,20,18,5.3,na,10:45,na,na,1,0,0,5,na,na,na,na,na,na,,
7,Aug-2015,2015-08-06,Triquet,na,2,L,20,20,5.9,na,10:48,na,na,3,1,1,na,na,na,na,na,na,na,,
8,Sep-2015,2015-09-11,Golden,na,2,R,20,7,6.7,na,11:38,546,na,15,10,11,na,na,na,26,0,0,na,,plant recorded as tangled but estimates of length given
8,Sep-2015,2015-09-11,Golden,na,2,L,20,11,5.9,na,10:10,726,na,1,0,0,2,na,na,3,0,0,na,,
8,Sep-2015,2015-09-11,Golden,na,2,L,20,9,6.7,na,11:45,746,na,9,7,11,na,9,3,14,0,0,na,,
8,Sep-2015,2015-09-11,Golden,na,2,R,20,1,7.2,na,11:18,887,C,4,0,0,3,4,1,7,0,0,na,,
8,Sep-2015,2015-09-11,Golden,na,2,R,20,9,5.6,na,10:14,912,na,8,4,7.5,na,na,na,2,0,0,na,Was 534,plant recorded as tangled but estimates of length given
8,Sep-2015,2015-09-11,Golden,na,2,R,20,10,5.4,na,9:55,932,na,10,7,9,na,10,2,7,0,0,na,Was 757,plant recorded as tangled but estimates of length given
8,Sep-2015,2015-09-11,Golden,na,2,L,20,5.5,7,na,11:26,2155,na,4,3,8,na,na,na,7,1,90,na,,plant recorded as tangled but estimates of length given
8,Sep-2015,2015-09-11,Golden,na,2,R,20,0,7.2,na,11:15,na,na,5,0,0,5,na,na,na,na,na,na,,plant recorded as tangled but estimates of length given
8,Sep-2015,2015-09-11,Golden,na,2,R,20,3,7,na,11:21,na,na,2,0,0,4,na,na,na,na,na,na,,
8,Sep-2015,2015-09-11,Golden,na,2,R,20,4,7,na,11:23,na,na,1,0,0,0.75,na,na,na,na,na,na,,
8,Sep-2015,2015-09-11,Golden,na,2,R,20,6,6.8,na,11:32,na,na,6,4,11,na,na,na,na,na,na,na,,plant recorded as tangled but estimates of length given
8,Sep-2015,2015-09-11,Golden,na,2,R,20,6,6.8,na,11:34,na,na,16,10,11,na,na,na,na,na,na,na,,plant recorded as tangled but estimates of length given
8,Sep-2015,2015-09-11,Golden,na,2,L,20,7,6.4,na,10:46,na,na,2,2,10.5,na,na,na,na,na,na,na,,plant recorded as tangled but estimates of length given
8,Sep-2015,2015-09-11,Golden,na,2,L,20,7,6.4,na,10:42,na,na,4,3,11,na,na,na,na,na,na,na,,plant recorded as tangled but estimates of length given
8,Sep-2015,2015-09-11,Golden,na,2,L,20,7,6.4,na,10:49,na,na,4,4,11,na,na,na,na,na,na,na,,plant recorded as tangled but estimates of length given
8,Sep-2015,2015-09-11,Golden,na,2,R,20,7,6.7,na,11:36,na,na,2,0,0,5,na,na,na,na,na,na,,plant recorded as tangled but estimates of length given
8,Sep-2015,2015-09-11,Golden,na,2,L,20,7.5,6.4,na,10:31,na,na,4,2,6.5,na,na,na,na,na,na,na,,plant recorded as tangled but estimates of length given
8,Sep-2015,2015-09-11,Golden,na,2,R,20,8.5,5.5,na,10:18,na,na,6,2,10,na,na,na,na,na,na,na,,plant recorded as tangled but estimates of length given
8,Sep-2015,2015-09-13,Meay,na,2,L,20,18,3,na,11:00,538,na,28,20,5,na,30,11,80,80,75,na,,
10,Jun-2016,2016-06-12,Meay,OP,2,L,20,5,na,2,9:30,570,na,9,7,6.5,na,na,na,22,20,80,na,,plant recorded as tangled but estimates of length given
2,Jul-2014,2014-07-01,Triquet,na,2,L,20,7.25,5.2,na,11:43-12:56,576,na,2,2,5,na,3,3,na,na,na,1.75,no sporo counts,
8,Sep-2015,2015-09-13,Meay,na,2,L,20,17.5,3,na,11:00,886,na,10,5,6.5,na,na,na,26,24,50,na,,
8,Sep-2015,2015-09-13,Meay,na,2,L,20,13,3,na,10:40,na,na,0,0,0,0.5,na,na,na,na,na,na,,
8,Sep-2015,2015-09-13,Meay,na,2,L,20,14,3,na,10:40,na,na,1,0,0,0.75,na,na,na,na,na,na,,
8,Sep-2015,2015-09-13,Meay,na,2,L,20,15,3,na,10:50,na,na,1,0,0,0.75,na,na,na,na,na,na,,
8,Sep-2015,2015-09-13,Meay,na,2,L,20,17,3,na,10:55,na,na,1,0,0,0.75,na,na,na,na,na,na,,
8,Sep-2015,2015-09-13,Meay,na,2,L,20,19.5,3,na,11:10,na,na,2,0,0,1.5,na,na,na,na,na,na,,
8,Sep-2015,2015-09-10,Simmonds,na,2,R,20,9.5,6.9,na,12:13,790,na,8,5,8,na,na,na,24,16,80,na,,plant recorded as tangled but estimates of length given
8,Sep-2015,2015-09-10,Simmonds,na,2,R,20,18,8,na,11:29,925,na,6,0,0,4,9,1,19,7,75,na,,
8,Sep-2015,2015-09-10,Simmonds,na,2,L,20,8,7,na,12:10,1686,P,13,na,na,na,na,na,na,na,na,na,,
8,Sep-2015,2015-09-10,Simmonds,na,2,L,20,2.75,6.8,na,10:48,1830,na,7,5,7.5,na,na,na,15,15,95,na,,plant recorded as tangled but estimates of length given
8,Sep-2015,2015-09-10,Simmonds,na,2,L,20,16,6.6,na,11:51,2189,na,8,0,0,4.5,9,3,13,8,60,na,,
8,Sep-2015,2015-09-10,Simmonds,na,2,R,20,0.5,7.3,na,10:42,na,na,6,2,7.5,na,na,na,na,na,na,na,,
8,Sep-2015,2015-09-10,Simmonds,na,2,R,20,1,6.9,na,10:43,na,na,3,0,0,2,na,na,na,na,na,na,,
8,Sep-2015,2015-09-10,Simmonds,na,2,L,20,2.8,6.8,na,10:46,na,na,2,1,7,na,na,na,na,na,na,na,,plant recorded as tangled but estimates of length given
8,Sep-2015,2015-09-10,Simmonds,na,2,L,20,2.9,6.8,na,10:47,na,na,2,1,7,na,na,na,na,na,na,na,,plant recorded as tangled but estimates of length given
8,Sep-2015,2015-09-10,Simmonds,na,2,L,20,3,6.8,na,10:50,na,na,1,0,0,1,na,na,na,na,na,na,,
8,Sep-2015,2015-09-10,Simmonds,na,2,R,20,7,6.6,na,10:56,na,na,6,4,8,na,na,na,na,na,na,na,,plant recorded as tangled but estimates of length given
8,Sep-2015,2015-09-10,Simmonds,na,2,L,20,7.5,6.6,na,11:00,na,na,4,4,7,na,na,na,na,na,na,na,,plant recorded as tangled but estimates of length given
8,Sep-2015,2015-09-10,Simmonds,na,2,L,20,8,6.6,na,11:02,na,na,0,0,0,0.25,na,na,na,na,na,na,,
8,Sep-2015,2015-09-10,Simmonds,na,2,L,20,8.5,6.6,na,11:03,na,na,0,0,0,0.5,na,na,na,na,na,na,,
8,Sep-2015,2015-09-10,Simmonds,na,2,R,20,8.5,6.6,na,11:04,na,na,1,0,0,0.75,na,na,na,na,na,na,,
8,Sep-2015,2015-09-10,Simmonds,na,2,R,20,9,6.6,na,11:05,na,na,2,0,0,1.5,na,na,na,na,na,na,,
8,Sep-2015,2015-09-10,Simmonds,na,2,L,20,9.5,6.4,na,11:07,na,na,4,0,0,3,na,na,na,na,na,na,,
8,Sep-2015,2015-09-10,Simmonds,na,2,R,20,10.5,7,na,11:10,na,na,2,0,0,1,na,na,na,na,na,na,,
8,Sep-2015,2015-09-10,Simmonds,na,2,R,20,11.2,7,na,11:11,na,na,2,0,0,1.5,na,na,na,na,na,na,,
8,Sep-2015,2015-09-10,Simmonds,na,2,L,20,14.1,6.6,na,11:13,na,na,1,0,0,1,na,na,na,na,na,na,,
8,Sep-2015,2015-09-10,Simmonds,na,2,L,20,14.2,6.6,na,11:13,na,na,1,0,0,0.5,na,na,na,na,na,na,,
8,Sep-2015,2015-09-10,Simmonds,na,2,L,20,14.3,6.6,na,11:13,na,na,0,0,0,0.2,na,na,na,na,na,na,,
8,Sep-2015,2015-09-10,Simmonds,na,2,L,20,15,6.2,na,11:20,na,na,4,2,7.5,na,na,na,na,na,na,na,,plant recorded as tangled but estimates of length given
8,Sep-2015,2015-09-10,Simmonds,na,2,R,20,15,6.3,na,11:15,na,na,2,1,7.5,na,na,na,na,na,na,na,,plant recorded as tangled but estimates of length given
8,Sep-2015,2015-09-10,Simmonds,na,2,R,20,15,6.3,na,11:18,na,na,6,2,7.5,na,na,na,na,na,na,na,,plant recorded as tangled but estimates of length given
8,Sep-2015,2015-09-10,Simmonds,na,2,R,20,16,6.9,na,11:25,na,na,5,3,8,na,na,na,na,na,na,na,,plant recorded as tangled but estimates of length given
8,Sep-2015,2015-09-10,Simmonds,na,2,L,20,16.5,7,na,12:02,na,na,2,0,0,4,na,na,na,na,na,na,,
8,Sep-2015,2015-09-10,Simmonds,na,2,R,20,17,7.3,na,11:27,na,na,1,0,0,0.75,na,na,na,na,na,na,,
8,Sep-2015,2015-09-09,Stryker,na,2,L,20,15,6,na,11:53,710,na,13,7,7.5,na,na,na,22,16,80,na,Frond loss data messed up for this interval,plant recorded as tangled but estimates of length given
8,Sep-2015,2015-09-09,Stryker,na,2,L,20,11,7.5,na,11:27,736,na,4,0,0,6,5,0,7,4,80,na,Frond loss data messed up for this interval,
8,Sep-2015,2015-09-09,Stryker,na,2,R,20,17.5,5,na,12:00,792,na,3,0,0,3.5,4,3,18,8,60,na,Was 551,
8,Sep-2015,2015-09-09,Stryker,na,2,L,20,4,7.8,na,11:11,na,na,16,16,12,na,na,na,na,na,na,na,,plant recorded as tangled but estimates of length given
8,Sep-2015,2015-09-09,Stryker,na,2,L,20,5,7.9,na,11:19,na,na,12,4,9.5,na,na,na,na,na,na,na,,plant recorded as tangled but estimates of length given
8,Sep-2015,2015-09-09,Stryker,na,2,R,20,11.8,7,na,11:40,na,na,3,1,7,na,na,na,na,na,na,na,,
8,Sep-2015,2015-09-09,Stryker,na,2,R,20,12,7,na,11:50,na,P,14,na,na,na,na,na,na,na,na,na,,
8,Sep-2015,2015-09-09,Stryker,na,2,R,20,12.3,7,na,11:42,na,na,4,0,0,4,na,na,na,na,na,na,,
8,Sep-2015,2015-09-09,Stryker,na,2,R,20,15,6,na,11:54,na,na,0,0,0,0.5,na,na,na,na,na,na,,
8,Sep-2015,2015-09-12,Triquet,na,2,L,20,11,6.3,na,10:36,584,na,1,0,0,0.75,1,1,2,0,0,na,,
8,Sep-2015,2015-09-12,Triquet,na,2,L,20,9.5,5.8,na,10:26,692,na,6,3,6,na,na,na,12,4,80,na,,
13,Nov-2016,2016-11-14,Triquet,OP,2,R,20,16.5,na,4,11:50,700,na,4,1,0,na,3,2,10,3,90,na,,
8,Sep-2015,2015-09-12,Triquet,na,2,L,20,12,6.2,na,10:45,701,na,2,1,6.5,na,2,1,8,8,50,na,,
15,May-2017,2017-05-15,Triquet,OP,2,R,20,17,na,4,9:53,2422,na,3,1,1,na,na,na,11,0,0,na,*Used to be 754,
8,Sep-2015,2015-09-12,Triquet,na,2,L,20,9.25,5.8,na,10:24,894,na,2,0,0,2,3,0,5,2,80,na,Was 596,
8,Sep-2015,2015-09-12,Triquet,na,2,L,20,10.5,6,na,10:34,936,na,7,4,6,na,na,na,18,6,80,na,,
8,Sep-2015,2015-09-12,Triquet,na,2,R,20,1.5,6,na,10:15,na,na,1,0,0,1,na,na,na,na,na,na,,
8,Sep-2015,2015-09-12,Triquet,na,2,R,20,1.5,6,na,10:14,na,na,8,3,12,na,na,na,na,na,na,na,,
8,Sep-2015,2015-09-12,Triquet,na,2,R,20,2,5.8,na,10:18,na,na,3,0,0,2.5,na,na,na,na,na,na,,
8,Sep-2015,2015-09-12,Triquet,na,2,L,20,2.2,5.9,na,10:20,na,na,2,0,0,1.5,na,na,na,na,na,na,,
8,Sep-2015,2015-09-12,Triquet,na,2,L,20,6,5.8,na,10:22,na,na,0,0,0,0.25,na,na,na,na,na,na,,
8,Sep-2015,2015-09-12,Triquet,na,2,L,20,6,5.8,na,10:22,na,na,0,0,0,0.15,na,na,na,na,na,na,,
8,Sep-2015,2015-09-12,Triquet,na,2,L,20,8.9,5.8,na,10:22,na,na,0,0,0,0.2,na,na,na,na,na,na,,
8,Sep-2015,2015-09-12,Triquet,na,2,L,20,8.9,5.8,na,10:22,na,na,0,0,0,0.2,na,na,na,na,na,na,,
8,Sep-2015,2015-09-12,Triquet,na,2,L,20,8.9,5.8,na,10:22,na,na,0,0,0,0.2,na,na,na,na,na,na,,
8,Sep-2015,2015-09-12,Triquet,na,2,L,20,8.9,5.8,na,10:22,na,na,0,0,0,0.2,na,na,na,na,na,na,,
8,Sep-2015,2015-09-12,Triquet,na,2,L,20,8.9,5.8,na,10:22,na,na,0,0,0,0.2,na,na,na,na,na,na,,
8,Sep-2015,2015-09-12,Triquet,na,2,L,20,10,6.3,na,10:59,na,na,0,0,0,0.25,na,na,na,na,na,na,,
8,Sep-2015,2015-09-12,Triquet,na,2,L,20,10,6,na,10:28,na,na,0,0,0,0.25,na,na,na,na,na,na,,
8,Sep-2015,2015-09-12,Triquet,na,2,L,20,10,6,na,10:28,na,na,0,0,0,0.25,na,na,na,na,na,na,,
8,Sep-2015,2015-09-12,Triquet,na,2,L,20,10,6,na,10:28,na,na,0,0,0,0.25,na,na,na,na,na,na,,
8,Sep-2015,2015-09-12,Triquet,na,2,L,20,10,6,na,10:28,na,na,0,0,0,0.25,na,na,na,na,na,na,,
8,Sep-2015,2015-09-12,Triquet,na,2,L,20,10,6,na,10:28,na,na,0,0,0,0.25,na,na,na,na,na,na,,
8,Sep-2015,2015-09-12,Triquet,na,2,L,20,10,6,na,10:28,na,na,0,0,0,0.25,na,na,na,na,na,na,,
8,Sep-2015,2015-09-12,Triquet,na,2,L,20,10.2,6,na,10:28,na,na,0,0,0,0.5,na,na,na,na,na,na,,
8,Sep-2015,2015-09-12,Triquet,na,2,R,20,11,6.3,na,10:30,na,na,1,0,0,1,na,na,na,na,na,na,,
8,Sep-2015,2015-09-12,Triquet,na,2,R,20,11.5,6.5,na,10:47,na,na,2,0,0,2,na,na,na,na,na,na,,
8,Sep-2015,2015-09-12,Triquet,na,2,L,20,13,6.5,na,10:49,na,na,0,0,0,0.25,na,na,na,na,na,na,,
8,Sep-2015,2015-09-12,Triquet,na,2,R,20,13,6.6,na,10:54,na,na,2,0,0,3,na,na,na,na,na,na,,
8,Sep-2015,2015-09-12,Triquet,na,2,R,20,14,6.7,na,10:57,na,na,2,0,0,1,na,na,na,na,na,na,,
8,Sep-2015,2015-09-12,Triquet,na,2,R,20,15,6,na,10:16,na,na,1,0,0,1,na,na,na,na,na,na,,
8,Sep-2015,2015-09-12,Triquet,na,2,L,20,18,6.5,na,11:11,na,na,0,0,0,0.25,na,na,na,na,na,na,,
8,Sep-2015,2015-09-12,Triquet,na,2,L,20,20,7,na,11:13,na,na,2,0,0,3.5,na,na,na,na,na,na,,
15,May-2017,2017-05-17,Westbeach,BMM,3,L,20,4,na,2,10:30,na,na,5,5,8,na,na,na,na,na,na,na,,
15,May-2017,2017-05-17,Westbeach,BMM,3,L,20,4,na,2,10:30,na,na,2,2,2,na,na,na,na,na,na,na,,
15,May-2017,2017-05-17,Westbeach,BMM,3,L,20,4,na,2,10:30,na,P,10,10,7,na,na,na,na,na,na,na,,
15,May-2017,2017-05-17,Westbeach,BMM,3,L,20,4,na,2,10:30,na,na,6,6,6,na,na,na,na,na,na,na,,
15,May-2017,2017-05-17,Westbeach,BMM,3,L,20,4,na,2,10:30,na,na,3,2,2,na,na,na,na,na,na,na,,
15,May-2017,2017-05-17,Westbeach,BMM,3,L,20,4.5,na,2,10:30,na,na,3,3,4,na,na,na,na,na,na,na,,
15,May-2017,2017-05-17,Westbeach,BMM,3,L,20,4.5,na,2,10:30,na,na,3,2,3,na,na,na,na,na,na,na,,
15,May-2017,2017-05-17,Westbeach,BMM,3,L,20,4.5,na,2,10:30,na,na,3,3,4,na,na,na,na,na,na,na,,
15,May-2017,2017-05-17,Westbeach,BMM,3,L,20,5,na,2,10:30,na,na,4,4,7,na,na,na,na,na,na,na,,
15,May-2017,2017-05-17,Westbeach,BMM,3,L,20,5,na,2,10:30,na,na,2,2,9,na,na,na,na,na,na,na,,
15,May-2017,2017-05-17,Westbeach,BMM,3,L,20,5,na,2,10:30,na,na,5,4,8,na,na,na,na,na,na,na,,
15,May-2017,2017-05-17,Westbeach,BMM,3,L,20,5,na,2,10:30,na,na,1,1,2,na,na,na,na,na,na,na,,
15,May-2017,2017-05-17,Westbeach,KH,3,L,20,7.7,na,2,10:00,na,na,1,1,3,na,na,na,na,na,na,na,,
15,May-2017,2017-05-17,Westbeach,KH,3,L,20,7.7,na,2,10:00,na,na,5,5,4,na,na,na,na,na,na,na,,
15,May-2017,2017-05-17,Westbeach,KH,3,L,20,7.8,na,2,10:00,na,na,1,0,0,1.9,na,na,na,na,na,na,,
15,May-2017,2017-05-17,Westbeach,KH,3,L,20,7.8,na,2,10:00,na,na,3,2,7.5,na,na,na,na,na,na,na,,
15,May-2017,2017-05-17,Westbeach,KH,3,L,20,10.4,na,2,10:00,na,na,6,6,4,na,na,na,na,na,na,na,,
15,May-2017,2017-05-17,Westbeach,KH,3,L,20,11.4,na,2,10:00,na,na,5,4,12,na,na,na,na,na,na,na,,
15,May-2017,2017-05-17,Westbeach,KH,3,L,20,11.5,na,2,10:00,na,na,3,1,4,na,na,na,na,na,na,na,,
15,May-2017,2017-05-17,Westbeach,KH,3,L,20,11.8,na,2,10:00,na,na,4,3,6,na,na,na,na,na,na,na,,
15,May-2017,2017-05-17,Westbeach,KH,3,L,20,11.8,na,2,10:00,na,na,5,4,8.1,na,na,na,na,na,na,na,,
15,May-2017,2017-05-17,Westbeach,KH,3,L,20,11.9,na,2,10:00,na,na,1,1,7.2,na,na,na,na,na,na,na,,
15,May-2017,2017-05-17,Westbeach,KH,3,L,20,12,na,2,10:00,na,na,5,4,4.5,na,na,na,na,na,na,na,,
15,May-2017,2017-05-17,Westbeach,KH,3,L,20,12.2,na,2,10:00,na,na,5,4,7.1,na,na,na,na,na,na,na,,
15,May-2017,2017-05-17,Westbeach,KH,3,L,20,12.3,na,2,10:00,na,na,1,1,4,na,na,na,na,na,na,na,,
15,May-2017,2017-05-17,Westbeach,KH,3,L,20,12.4,na,2,10:00,na,na,6,6,6.5,na,na,na,na,na,na,na,,
15,May-2017,2017-05-17,Westbeach,KH,3,L,20,13,na,2,10:00,na,na,11,6,7.5,na,na,na,na,na,na,na,,
15,May-2017,2017-05-17,Westbeach,KH,3,L,20,13.2,na,2,10:00,na,na,3,2,5,na,na,na,na,na,na,na,,
15,May-2017,2017-05-17,Westbeach,KH,3,L,20,14,na,2,10:00,na,na,4,4,10.8,na,na,na,na,na,na,na,,
15,May-2017,2017-05-17,Westbeach,KH,3,L,20,14.8,na,2,10:00,na,na,11,8,8.9,na,na,na,na,na,na,na,,
15,May-2017,2017-05-17,Westbeach,KH,3,L,20,15,na,2,10:00,na,na,7,6,7,na,na,na,na,na,na,na,,
15,May-2017,2017-05-17,Westbeach,KH,3,L,20,15.2,na,2,10:00,na,na,9,8,14,na,na,na,na,na,na,na,,
15,May-2017,2017-05-17,Westbeach,KH,3,L,20,17.5,na,2,10:00,na,na,5,4,10.5,na,na,na,na,na,na,na,,
15,May-2017,2017-05-17,Westbeach,KH,3,L,20,17.7,na,2,10:00,na,na,5,5,15,na,na,na,na,na,na,na,,
15,May-2017,2017-05-17,Westbeach,KH,3,L,20,17.9,na,2,10:00,na,na,5,5,9.1,na,na,na,na,na,na,na,,
15,May-2017,2017-05-17,Westbeach,KH,3,L,20,18,na,2,10:00,na,na,24,20,13.1,na,na,na,na,na,na,na,,
15,May-2017,2017-05-17,Westbeach,OP,1,R,20,13.5,na,2,12:00,114,na,26,17,10,na,15,16,64,44,90,na,used to be 2006,
15,May-2017,2017-05-17,Westbeach,OP,1,R,20,1.5,na,2,10:30,2537,na,2,2,0.5,na,na,na,2,0,0,na,*Used to be 1758,
15,May-2017,2017-05-17,Westbeach,BMM,1,R,20,0.5,na,2,10:30,na,na,3,3,3,na,na,na,na,na,na,na,,
15,May-2017,2017-05-17,Westbeach,BMM,1,R,20,0.5,na,2,10:30,na,na,2,1,1,na,na,na,na,na,na,na,,
15,May-2017,2017-05-17,Westbeach,BMM,1,R,20,0.5,na,2,10:30,na,na,1,1,0,na,na,na,na,na,na,na,,
15,May-2017,2017-05-17,Westbeach,BMM,1,R,20,1,na,2,10:30,na,na,2,1,3,na,na,na,na,na,na,na,,
15,May-2017,2017-05-17,Westbeach,BMM,1,R,20,3,na,2,10:30,na,na,2,1,2,na,na,na,na,na,na,na,,
15,May-2017,2017-05-17,Westbeach,BMM,1,R,20,3,na,2,10:30,na,na,7,4,5,na,na,na,na,na,na,na,,
15,May-2017,2017-05-17,Westbeach,BMM,1,R,20,3,na,2,10:30,na,na,2,1,5,na,na,na,na,na,na,na,,
15,May-2017,2017-05-17,Westbeach,BMM,1,R,20,3,na,2,10:30,na,T,4,2,na,na,na,na,na,na,na,na,,
15,May-2017,2017-05-17,Westbeach,BMM,1,R,20,3,na,2,10:30,na,na,5,3,5,na,na,na,na,na,na,na,,
15,May-2017,2017-05-17,Westbeach,BMM,1,R,20,4,na,2,10:30,na,na,4,4,5,na,na,na,na,na,na,na,,
15,May-2017,2017-05-17,Westbeach,BMM,1,R,20,4,na,2,10:30,na,na,6,5,5,na,na,na,na,na,na,na,,
15,May-2017,2017-05-17,Westbeach,BMM,1,R,20,4,na,2,10:30,na,na,4,3,5,na,na,na,na,na,na,na,,
15,May-2017,2017-05-17,Westbeach,BMM,1,R,20,4.5,na,2,10:30,na,na,6,5,6,na,na,na,na,na,na,na,,
15,May-2017,2017-05-17,Westbeach,BMM,1,R,20,4.5,na,2,10:30,na,na,3,2,2,na,na,na,na,na,na,na,,
15,May-2017,2017-05-17,Westbeach,BMM,1,R,20,4.5,na,2,10:30,na,na,2,1,7,na,na,na,na,na,na,na,,
15,May-2017,2017-05-17,Westbeach,BMM,1,R,20,5,na,2,10:30,na,na,4,2,4,na,na,na,na,na,na,na,,
15,May-2017,2017-05-17,Westbeach,BMM,1,R,20,5,na,2,10:30,na,na,2,1,2,na,na,na,na,na,na,na,,
15,May-2017,2017-05-17,Westbeach,BMM,1,R,20,5,na,2,10:30,na,na,2,1,1,na,na,na,na,na,na,na,,
15,May-2017,2017-05-17,Westbeach,BMM,1,R,20,5,na,2,10:30,na,na,5,4,6,na,na,na,na,na,na,na,,
15,May-2017,2017-05-17,Westbeach,BMM,1,R,20,5,na,2,10:30,na,na,1,0,0,1,na,na,na,na,na,na,,
15,May-2017,2017-05-17,Westbeach,BMM,1,R,20,5,na,2,10:30,na,T,3,3,na,na,na,na,na,na,na,na,,
15,May-2017,2017-05-17,Westbeach,KH,1,R,20,5.5,na,2,13:00,na,na,5,5,8,na,na,na,na,na,na,na,,
15,May-2017,2017-05-17,Westbeach,KH,1,R,20,12.5,na,2,13:00,na,na,12,9,9,na,na,na,na,na,na,na,,
15,May-2017,2017-05-17,Westbeach,KH,1,R,20,12.5,na,2,13:00,na,na,5,3,5,na,na,na,na,na,na,na,,
15,May-2017,2017-05-17,Westbeach,KH,1,R,20,15,na,2,13:00,na,na,13,8,10,na,na,na,na,na,na,na,,
15,May-2017,2017-05-17,Westbeach,KH,1,R,20,15.8,na,2,13:00,na,na,7,6,12.2,na,na,na,na,na,na,na,,
15,May-2017,2017-05-17,Westbeach,OP,2,R,20,6,na,2,10:30,109,na,7,6,9.5,na,4,3,8,0,0,na,,
15,May-2017,2017-05-17,Westbeach,OP,2,R,20,8,na,2,10:30,2008,na,10,9,9,na,6,9,11,0,0,na,,
15,May-2017,2017-05-17,Westbeach,BMM,2,R,20,1,na,2,10:30,na,na,9,7,8,na,na,na,na,na,na,na,,
15,May-2017,2017-05-17,Westbeach,BMM,2,R,20,2,na,2,10:30,na,na,5,4,6,na,na,na,na,na,na,na,,
15,May-2017,2017-05-17,Westbeach,BMM,2,R,20,7,na,2,10:30,na,na,2,2,2,na,na,na,na,na,na,na,,
15,May-2017,2017-05-17,Westbeach,BMM,2,R,20,7,na,2,10:30,na,na,2,1,0.5,na,na,na,na,na,na,na,,
15,May-2017,2017-05-17,Westbeach,BMM,2,R,20,7,na,2,10:30,na,na,8,4,9,na,na,na,na,na,na,na,,
15,May-2017,2017-05-17,Westbeach,BMM,2,R,20,8,na,2,10:30,na,na,3,1,4,na,na,na,na,na,na,na,,
15,May-2017,2017-05-17,Westbeach,BMM,2,R,20,9,na,2,10:30,na,T,5,4,na,na,na,na,na,na,na,na,,
15,May-2017,2017-05-17,Westbeach,BMM,2,R,20,9,na,2,10:30,na,na,1,1,9,na,na,na,na,na,na,na,,
15,May-2017,2017-05-17,Westbeach,BMM,2,R,20,9,na,2,10:30,na,na,1,0,0,1,na,na,na,na,na,na,,
15,May-2017,2017-05-17,Westbeach,BMM,2,R,20,9,na,2,10:30,na,na,1,1,5,na,na,na,na,na,na,na,,
15,May-2017,2017-05-17,Westbeach,BMM,2,R,20,9,na,2,10:30,na,na,3,2,2,na,na,na,na,na,na,na,,
15,May-2017,2017-05-17,Westbeach,BMM,2,R,20,9,na,2,10:30,na,T,4,3,na,na,na,na,na,na,na,na,,
15,May-2017,2017-05-17,Westbeach,KH,2,R,20,10.5,na,2,13:00,na,na,6,5,8.5,na,na,na,na,na,na,na,,
15,May-2017,2017-05-17,Westbeach,KH,2,R,20,10.8,na,2,13:00,na,na,1,1,2,na,na,na,na,na,na,na,,
15,May-2017,2017-05-17,Westbeach,KH,2,R,20,10.9,na,2,13:00,na,C,3,1,2,na,na,na,na,na,na,na,,
15,May-2017,2017-05-17,Westbeach,KH,2,R,20,10.9,na,2,13:00,na,na,8,7,10.4,na,na,na,na,na,na,na,,
15,May-2017,2017-05-17,Westbeach,KH,2,R,20,11,na,2,13:00,na,na,13,13,11,na,na,na,na,na,na,na,,
15,May-2017,2017-05-17,Westbeach,KH,2,R,20,11.3,na,2,13:00,na,na,5,3,6.7,na,na,na,na,na,na,na,,
15,May-2017,2017-05-17,Westbeach,KH,2,R,20,11.3,na,2,13:00,na,na,9,8,10,na,na,na,na,na,na,na,,
15,May-2017,2017-05-17,Westbeach,KH,2,R,20,11.5,na,2,13:00,na,na,10,8,8,na,na,na,na,na,na,na,,
15,May-2017,2017-05-17,Westbeach,KH,2,R,20,12,na,2,13:00,na,na,3,2,5,na,na,na,na,na,na,na,,
15,May-2017,2017-05-17,Westbeach,KH,2,R,20,12,na,2,13:00,na,na,4,4,6,na,na,na,na,na,na,na,,
15,May-2017,2017-05-17,Westbeach,KH,2,R,20,13,na,2,13:00,na,na,5,4,5.4,na,na,na,na,na,na,na,,
15,May-2017,2017-05-17,Westbeach,OP,3,R,20,7.5,na,2,9:45,101,na,3,3,4.5,na,na,na,11,0,0,na,,
15,May-2017,2017-05-17,Westbeach,OP,3,R,20,4.25,na,2,10:30,1991,na,5,4,8,na,4,5,24,12,85,na,,
15,May-2017,2017-05-17,Westbeach,OP,3,R,20,3,na,2,10:30,2000,na,7,5,7,na,6,5,4,0,0,na,,
15,May-2017,2017-05-17,Westbeach,BMM,3,R,20,7,na,2,10:30,na,T,3,2,na,na,na,na,na,na,na,na,,
15,May-2017,2017-05-17,Westbeach,KH,3,R,20,7.8,na,2,10:00,na,na,2,2,4,na,na,na,na,na,na,na,,
15,May-2017,2017-05-17,Westbeach,KH,3,R,20,7.9,na,2,10:00,na,na,3,2,3.2,na,na,na,na,na,na,na,,
15,May-2017,2017-05-17,Westbeach,KH,3,R,20,8,na,2,10:00,na,na,12,10,4,na,na,na,na,na,na,na,,
15,May-2017,2017-05-17,Westbeach,KH,3,R,20,8.5,na,2,10:00,na,na,1,1,1,na,na,na,na,na,na,na,,
15,May-2017,2017-05-17,Westbeach,KH,3,R,20,10,na,2,10:00,na,na,6,5,11,na,na,na,na,na,na,na,,
15,May-2017,2017-05-17,Westbeach,KH,3,R,20,10.8,na,2,10:00,na,P,10,na,na,na,na,na,na,na,na,na,,
15,May-2017,2017-05-17,Westbeach,KH,3,R,20,11.4,na,2,10:00,na,P,3,na,na,na,na,na,na,na,na,na,,
15,May-2017,2017-05-17,Westbeach,KH,3,R,20,13,na,2,10:00,na,na,6,4,8,na,na,na,na,na,na,na,,
15,May-2017,2017-05-17,Westbeach,KH,3,R,20,13,na,2,10:00,na,na,5,4,6,na,na,na,na,na,na,na,,
15,May-2017,2017-05-17,Westbeach,KH,3,R,20,14,na,2,10:00,na,C,4,4,3,na,na,na,na,na,na,na,,
16,Jun-2017,2017-06-04,Triquet,OP,1,L,20,14.2,na,4,10:00,108,na,3,4,1.5,na,na,na,10,2,75,na,,
16,Jun-2017,2017-06-04,Triquet,OP,1,L,20,3.25,na,4,10:00,112,na,3,1,0,na,3,1,3,0,0,na,,
16,Jun-2017,2017-06-04,Triquet,TP,1,L,20,2.8,na,4,13:30,na,na,7,6,5,na,na,na,na,na,na,na,,
16,Jun-2017,2017-06-04,Triquet,TP,1,L,20,14,na,4,13:30,na,na,2,2,1.1,na,na,na,na,na,na,na,,
16,Jun-2017,2017-06-04,Triquet,TP,1,L,20,14,na,4,13:30,na,T,3,3,na,na,na,na,na,na,na,na,,
16,Jun-2017,2017-06-04,Triquet,OP,1,L,20,17.4,na,4,13:35,na,na,6,5,4,na,na,na,na,na,na,na,,
16,Jun-2017,2017-06-04,Triquet,OP,1,L,20,17.5,na,4,13:35,na,na,5,4,2,na,na,na,na,na,na,na,,
16,Jun-2017,2017-06-04,Triquet,OP,2,L,20,10,na,4,10:00,1978,T,7,5,na,na,7,3,11,0,0,na,used to be 1783,
16,Jun-2017,2017-06-04,Triquet,OP,2,L,20,20,na,4,10:00,1996,na,7,3,5.5,na,8,1,13,4,75,na,,
16,Jun-2017,2017-06-04,Triquet,OP,3,L,20,12,na,4,10:00,1951,na,3,3,2.5,na,4,1,8,0,0,na,,
16,Jun-2017,2017-06-04,Triquet,NAP,3,L,20,0.5,na,4,13:30,na,T,4,2,na,na,na,na,na,na,na,na,,
16,Jun-2017,2017-06-04,Triquet,NAP,3,L,20,0.5,na,4,13:30,na,T,5,na,na,na,na,na,na,na,na,na,,
16,Jun-2017,2017-06-04,Triquet,TP,3,L,20,20,na,4,13:30,na,na,5,4,5,na,na,na,na,na,na,na,,
16,Jun-2017,2017-06-04,Triquet,TP,3,L,20,20,na,4,13:30,na,na,2,1,1,na,na,na,na,na,na,na,,
16,Jun-2017,2017-06-04,Triquet,OP,1,R,20,15,na,4,10:00,111,na,8,6,5.5,na,na,na,8,0,0,na,,
16,Jun-2017,2017-06-04,Triquet,OP,1,R,20,0,na,4,10:00,118,na,8,5,6,na,8,3,25,11,20,na,,
16,Jun-2017,2017-06-04,Triquet,TP,1,R,20,7.5,na,4,13:30,na,na,2,2,5,na,na,na,na,na,na,na,,plant recorded as tangled but estimates of length given
16,Jun-2017,2017-06-04,Triquet,TP,1,R,20,10,na,4,13:30,na,na,4,3,4,na,na,na,na,na,na,na,,
16,Jun-2017,2017-06-04,Triquet,TP,1,R,20,10,na,4,13:30,na,T,6,5,na,na,na,na,na,na,na,na,,
16,Jun-2017,2017-06-04,Triquet,TP,1,R,20,11,na,4,13:30,na,na,2,1,1,na,na,na,na,na,na,na,,
16,Jun-2017,2017-06-04,Triquet,TP,1,R,20,11,na,4,13:30,na,na,1,1,3.5,na,na,na,na,na,na,na,,
16,Jun-2017,2017-06-04,Triquet,TP,1,R,20,11,na,4,13:30,na,na,2,1,4,na,na,na,na,na,na,na,,
16,Jun-2017,2017-06-04,Triquet,OP,1,R,20,18,na,4,13:35,na,na,15,10,6,na,na,na,na,na,na,na,,
16,Jun-2017,2017-06-04,Triquet,OP,1,R,20,8,na,4,11:20,1824,T,2,na,na,na,na,na,0,0,0,na,used to be 707,
16,Jun-2017,2017-06-04,Triquet,OP,2,R,20,17,na,4,10:00,2422,na,3,1,1,na,na,na,6,0,0,na,*Used to be 754,
16,Jun-2017,2017-06-04,Triquet,OP,2,R,20,1,na,4,10:00,1785,na,3,2,3,na,na,na,6,0,0,na,,plant recorded as tangled but estimates of length given
16,Jun-2017,2017-06-04,Triquet,OP,2,R,20,1.5,na,4,13:00,na,T,3,1,na,na,na,na,na,na,na,na,,
16,Jun-2017,2017-06-04,Triquet,OP,2,R,20,1.7,na,4,13:00,na,na,2,0,0,3,na,na,na,na,na,na,,
16,Jun-2017,2017-06-04,Triquet,OP,2,R,20,2,na,4,13:15,na,na,1,1,0,na,na,na,na,na,na,na,,
16,Jun-2017,2017-06-04,Triquet,OP,2,R,20,2,na,4,13:15,na,na,2,0,0,2,na,na,na,na,na,na,,
16,Jun-2017,2017-06-04,Triquet,OP,2,R,20,3,na,4,13:05,na,na,3,1,0.5,na,na,na,na,na,na,na,,
16,Jun-2017,2017-06-04,Triquet,OP,2,R,20,3,na,4,13:15,na,na,1,0,0,1.5,na,na,na,na,na,na,,
16,Jun-2017,2017-06-04,Triquet,OP,2,R,20,9,na,4,13:10,na,na,6,5,5,na,na,na,na,na,na,na,,
16,Jun-2017,2017-06-04,Triquet,OP,2,R,20,9.5,na,4,13:20,na,na,1,0,0,1.5,na,na,na,na,na,na,,
16,Jun-2017,2017-06-04,Triquet,OP,2,R,20,10,na,4,13:20,na,na,1,0,0,2.5,na,na,na,na,na,na,,
16,Jun-2017,2017-06-04,Triquet,OP,2,R,20,16.8,na,4,13:25,na,na,3,3,5.5,na,na,na,na,na,na,na,,
16,Jun-2017,2017-06-04,Triquet,OP,2,R,20,17,na,4,13:25,na,na,1,0,0,1.2,na,na,na,na,na,na,,
16,Jun-2017,2017-06-04,Triquet,OP,2,R,20,18,na,4,13:25,na,na,7,4,3,na,na,na,na,na,na,na,,
16,Jun-2017,2017-06-04,Triquet,OP,2,R,20,19.5,na,4,13:30,na,na,7,4,3.5,na,na,na,na,na,na,na,,
16,Jun-2017,2017-06-04,Triquet,OP,3,R,20,10.5,na,4,10:00,102,na,8,5,7,na,na,na,12,0,0,na,,
16,Jun-2017,2017-06-04,Triquet,OP,3,R,20,13.5,na,4,10:00,2014,na,3,3,2,na,3,1,12,0,0,na,used to be 104,
16,Jun-2017,2017-06-04,Triquet,OP,3,R,20,1,na,4,10:00,1766,T,27,15,na,na,na,na,54,19,90,na,,
16,Jun-2017,2017-06-04,Triquet,OP,3,R,20,13,na,4,13:45,na,na,4,2,2,na,na,na,na,na,na,na,,
16,Jun-2017,2017-06-04,Triquet,OP,3,R,20,13.5,na,4,13:45,na,T,7,4,na,na,na,na,na,na,na,na,,
16,Jun-2017,2017-06-04,Triquet,OP,3,R,20,13.7,na,4,14:00,na,T,7,4,na,na,na,na,na,na,na,na,,
16,Jun-2017,2017-06-04,Triquet,OP,3,R,20,19,na,4,14:00,na,T,14,10,na,na,na,na,na,na,na,na,,
16,Jun-2017,2017-06-04,Triquet,TP,3,R,20,20,na,4,13:30,na,na,3,1,2,na,na,na,na,na,na,na,,
16,Jun-2017,2017-06-05,Westbeach,OP,1,L,20,12,na,2,10:10,110,na,17,13,10,na,17,4,28,17,100,na,,
16,Jun-2017,2017-06-05,Westbeach,OP,1,L,20,15,na,2,10:45,117,na,3,3,5.5,na,na,na,7,0,0,na,,
16,Jun-2017,2017-06-05,Westbeach,NAP,1,L,20,4,na,2,14:05,na,na,6,4,3.25,na,na,na,na,na,na,na,,
16,Jun-2017,2017-06-05,Westbeach,NAP,1,L,20,5,na,2,14:05,na,na,3,3,5,na,na,na,na,na,na,na,,
16,Jun-2017,2017-06-05,Westbeach,NAP,1,L,20,5,na,2,14:05,na,na,2,1,3.75,na,na,na,na,na,na,na,,
16,Jun-2017,2017-06-05,Westbeach,OP,1,L,20,9.4,na,2,14:20,na,na,3,2,5,na,na,na,na,na,na,na,,
16,Jun-2017,2017-06-05,Westbeach,OP,1,L,20,9.4,na,2,14:20,na,na,5,5,8,na,na,na,na,na,na,na,,
16,Jun-2017,2017-06-05,Westbeach,OP,1,L,20,9.4,na,2,14:20,na,na,1,1,4.5,na,na,na,na,na,na,na,,
16,Jun-2017,2017-06-05,Westbeach,OP,1,L,20,9.5,na,2,14:20,na,na,3,3,5,na,na,na,na,na,na,na,,
16,Jun-2017,2017-06-05,Westbeach,NAP,1,L,20,11,na,2,14:05,na,na,2,1,1.5,na,na,na,na,na,na,na,,
16,Jun-2017,2017-06-05,Westbeach,TP,1,L,20,14,na,2,13:30,na,na,5,1,1.5,na,na,na,na,na,na,na,,
16,Jun-2017,2017-06-05,Westbeach,TP,1,L,20,14,na,2,13:30,na,na,7,5,6,na,na,na,na,na,na,na,,
16,Jun-2017,2017-06-05,Westbeach,TP,1,L,20,14,na,2,13:30,na,na,3,3,14.5,na,na,na,na,na,na,na,,
16,Jun-2017,2017-06-05,Westbeach,TP,1,L,20,14,na,2,13:30,na,T,5,3,na,na,na,na,na,na,na,na,,
16,Jun-2017,2017-06-05,Westbeach,TP,1,L,20,14,na,2,13:30,na,na,4,4,5,na,na,na,na,na,na,na,,
16,Jun-2017,2017-06-05,Westbeach,TP,1,L,20,16,na,2,13:30,na,na,4,1,6,na,na,na,na,na,na,na,,
16,Jun-2017,2017-06-05,Westbeach,TP,3,R,20,18,na,2,13:30,na,na,1,0,0,1,na,na,na,na,na,na,Fronds_SFC entered as 1,
16,Jun-2017,2017-06-05,Westbeach,OP,2,L,20,6,na,2,10:45,109,na,5,5,6,na,7,0,7,0,0,na,,
16,Jun-2017,2017-06-05,Westbeach,OP,2,L,20,12,na,2,11:00,119,na,3,2,4,na,na,na,7,0,0,na,,
16,Jun-2017,2017-06-05,Westbeach,OP,2,L,20,1,na,2,10:45,2000,na,10,7,8,na,10,2,7,0,0,na,,
16,Jun-2017,2017-06-05,Westbeach,NAP,2,L,20,1,na,2,14:05,na,na,2,0,0,1,na,na,na,na,na,na,,
16,Jun-2017,2017-06-05,Westbeach,NAP,2,L,20,2,na,2,14:05,na,na,3,3,3,na,na,na,na,na,na,na,,
16,Jun-2017,2017-06-05,Westbeach,NAP,2,L,20,2,na,2,14:05,na,na,3,2,4.2,na,na,na,na,na,na,na,,
16,Jun-2017,2017-06-05,Westbeach,NAP,2,L,20,7,na,2,13:57,na,na,3,2,4.25,na,na,na,na,na,na,na,,
16,Jun-2017,2017-06-05,Westbeach,NAP,2,L,20,7,na,2,13:57,na,T,3,2,na,na,na,na,na,na,na,na,,
16,Jun-2017,2017-06-05,Westbeach,NAP,2,L,20,7,na,2,14:05,na,na,3,3,7.5,na,na,na,na,na,na,na,,
16,Jun-2017,2017-06-05,Westbeach,NAP,2,L,20,13,na,2,13:25,na,na,5,5,7.5,na,na,na,na,na,na,na,,
16,Jun-2017,2017-06-05,Westbeach,NAP,2,L,20,13,na,2,13:25,na,na,5,3,7.5,na,na,na,na,na,na,na,,
16,Jun-2017,2017-06-05,Westbeach,NAP,2,L,20,13,na,2,13:25,na,na,3,3,6,na,na,na,na,na,na,na,,
16,Jun-2017,2017-06-05,Westbeach,NAP,2,L,20,13,na,2,13:25,na,na,6,5,7,na,na,na,na,na,na,na,,
16,Jun-2017,2017-06-05,Westbeach,NAP,2,L,20,13,na,2,13:25,na,T,6,6,na,na,na,na,na,na,na,na,,
16,Jun-2017,2017-06-05,Westbeach,NAP,2,L,20,13,na,2,13:25,na,na,8,7,7,na,na,na,na,na,na,na,,
16,Jun-2017,2017-06-05,Westbeach,NAP,2,L,20,13.5,na,2,13:25,na,na,2,1,1.5,na,na,na,na,na,na,na,,
16,Jun-2017,2017-06-05,Westbeach,NAP,2,L,20,13.5,na,2,13:25,na,na,8,6,7,na,na,na,na,na,na,na,,
16,Jun-2017,2017-06-05,Westbeach,NAP,2,L,20,13.5,na,2,13:25,na,na,4,3,9.2,na,na,na,na,na,na,na,,
16,Jun-2017,2017-06-05,Westbeach,NAP,2,L,20,14,na,2,13:25,na,na,2,2,2.1,na,na,na,na,na,na,na,,
16,Jun-2017,2017-06-05,Westbeach,NAP,2,L,20,14,na,2,13:25,na,na,4,2,7.2,na,na,na,na,na,na,na,,
16,Jun-2017,2017-06-05,Westbeach,NAP,2,L,20,14,na,2,13:25,na,na,2,1,3.5,na,na,na,na,na,na,na,,
16,Jun-2017,2017-06-05,Westbeach,NAP,2,L,20,14,na,2,13:25,na,na,4,2,6,na,na,na,na,na,na,na,,
16,Jun-2017,2017-06-05,Westbeach,TP,3,L,20,2.5,na,2,13:30,na,na,4,2,9,na,na,na,na,na,na,na,,
16,Jun-2017,2017-06-05,Westbeach,TP,3,L,20,2.5,na,2,13:30,na,na,4,4,7,na,na,na,na,na,na,na,,
16,Jun-2017,2017-06-05,Westbeach,TP,3,L,20,2.5,na,2,13:30,na,na,3,2,6,na,na,na,na,na,na,na,,
16,Jun-2017,2017-06-05,Westbeach,TP,3,L,20,3,na,2,10:30,na,na,7,6,11,na,na,na,na,na,na,na,,
16,Jun-2017,2017-06-05,Westbeach,TP,3,L,20,3,na,2,10:30,na,na,3,2,8,na,na,na,na,na,na,na,,
16,Jun-2017,2017-06-05,Westbeach,TP,3,L,20,3,na,2,10:30,na,na,1,1,7,na,na,na,na,na,na,na,,
16,Jun-2017,2017-06-05,Westbeach,TP,3,L,20,3.5,na,2,10:30,na,na,4,2,3,na,na,na,na,na,na,na,,
16,Jun-2017,2017-06-05,Westbeach,TP,3,L,20,3.5,na,2,10:30,na,na,2,2,3,na,na,na,na,na,na,na,,
16,Jun-2017,2017-06-05,Westbeach,TP,3,L,20,3.5,na,2,10:30,na,na,1,1,4.5,na,na,na,na,na,na,na,,
16,Jun-2017,2017-06-05,Westbeach,TP,3,L,20,3.5,na,2,10:30,na,na,4,3,9,na,na,na,na,na,na,na,,
16,Jun-2017,2017-06-05,Westbeach,TP,3,L,20,3.5,na,2,10:30,na,T,5,3,na,na,na,na,na,na,na,na,,
16,Jun-2017,2017-06-05,Westbeach,TP,3,L,20,4,na,2,10:30,na,T,7,7,na,na,na,na,na,na,na,na,,
16,Jun-2017,2017-06-05,Westbeach,TP,3,L,20,4,na,2,10:30,na,na,3,2,4.5,na,na,na,na,na,na,na,,
16,Jun-2017,2017-06-05,Westbeach,TP,3,L,20,4,na,2,10:30,na,na,2,1,1,na,na,na,na,na,na,na,,
16,Jun-2017,2017-06-05,Westbeach,TP,3,L,20,4,na,2,10:30,na,T,8,6,na,na,na,na,na,na,na,na,,
16,Jun-2017,2017-06-05,Westbeach,TP,3,L,20,5,na,2,10:30,na,na,4,4,11.5,na,na,na,na,na,na,na,,
16,Jun-2017,2017-06-05,Westbeach,TP,3,L,20,5,na,2,10:30,na,na,2,2,9.5,na,na,na,na,na,na,na,,
16,Jun-2017,2017-06-05,Westbeach,TP,3,L,20,5,na,2,10:30,na,na,2,2,8.5,na,na,na,na,na,na,na,,
16,Jun-2017,2017-06-05,Westbeach,TP,3,L,20,5,na,2,10:30,na,na,2,2,4,na,na,na,na,na,na,na,,
16,Jun-2017,2017-06-05,Westbeach,TP,3,L,20,5,na,2,10:30,na,na,3,3,5.5,na,na,na,na,na,na,na,,
16,Jun-2017,2017-06-05,Westbeach,TP,3,L,20,5,na,2,10:30,na,na,2,1,1,na,na,na,na,na,na,na,,
16,Jun-2017,2017-06-05,Westbeach,TP,3,L,20,8,na,2,10:30,na,na,1,0,0,1,na,na,na,na,na,na,,
16,Jun-2017,2017-06-05,Westbeach,TP,3,L,20,10,na,2,10:30,na,na,4,2,3,na,na,na,na,na,na,na,,
16,Jun-2017,2017-06-05,Westbeach,TP,3,L,20,10,na,2,10:30,na,na,4,2,4,na,na,na,na,na,na,na,,
16,Jun-2017,2017-06-05,Westbeach,TP,3,L,20,11,na,2,10:30,na,na,2,1,4.5,na,na,na,na,na,na,na,,
16,Jun-2017,2017-06-05,Westbeach,TP,3,L,20,11,na,2,10:30,na,na,4,3,6,na,na,na,na,na,na,na,,
16,Jun-2017,2017-06-05,Westbeach,TP,3,L,20,12,na,2,10:30,na,na,1,1,0.5,na,na,na,na,na,na,na,,
16,Jun-2017,2017-06-05,Westbeach,TP,3,L,20,12,na,2,10:30,na,na,1,1,7,na,na,na,na,na,na,na,,
16,Jun-2017,2017-06-05,Westbeach,TP,3,L,20,12,na,2,10:30,na,na,1,1,7,na,na,na,na,na,na,na,,
16,Jun-2017,2017-06-05,Westbeach,TP,3,L,20,12,na,2,10:30,na,na,4,4,10,na,na,na,na,na,na,na,,
16,Jun-2017,2017-06-05,Westbeach,TP,3,L,20,12,na,2,10:30,na,na,4,2,6.5,na,na,na,na,na,na,na,,
16,Jun-2017,2017-06-05,Westbeach,TP,3,L,20,12.5,na,2,10:30,na,na,5,5,11.5,na,na,na,na,na,na,na,,
16,Jun-2017,2017-06-05,Westbeach,TP,3,L,20,12.5,na,2,10:30,na,na,1,1,1,na,na,na,na,na,na,na,,
16,Jun-2017,2017-06-05,Westbeach,TP,3,L,20,14,na,2,10:30,na,na,4,3,11,na,na,na,na,na,na,na,,
16,Jun-2017,2017-06-05,Westbeach,TP,3,L,20,15,na,2,10:30,na,na,2,1,1.5,na,na,na,na,na,na,na,,
16,Jun-2017,2017-06-05,Westbeach,TP,3,L,20,15,na,2,10:30,na,na,2,2,6.5,na,na,na,na,na,na,na,,
16,Jun-2017,2017-06-05,Westbeach,TP,3,L,20,15,na,2,10:30,na,na,2,1,5,na,na,na,na,na,na,na,,
16,Jun-2017,2017-06-05,Westbeach,TP,3,L,20,18,na,2,10:30,na,na,5,3,7,na,na,na,na,na,na,na,,
16,Jun-2017,2017-06-05,Westbeach,TP,3,L,20,18,na,2,10:30,na,na,1,0,0,1,na,na,na,na,na,na,,
16,Jun-2017,2017-06-05,Westbeach,TP,3,L,20,18,na,2,10:30,na,T,4,4,na,na,na,na,na,na,na,na,,
16,Jun-2017,2017-06-05,Westbeach,TP,3,L,20,18,na,2,10:30,na,na,4,3,8,na,na,na,na,na,na,na,,
16,Jun-2017,2017-06-05,Westbeach,TP,3,L,20,18,na,2,10:30,na,T,5,4,na,na,na,na,na,na,na,na,,
16,Jun-2017,2017-06-05,Westbeach,TP,3,L,20,18,na,2,10:30,na,T,3,2,na,na,na,na,na,na,na,na,,
16,Jun-2017,2017-06-05,Westbeach,TP,3,L,20,18,na,2,10:30,na,na,2,1,2.5,na,na,na,na,na,na,na,,
16,Jun-2017,2017-06-05,Westbeach,TP,3,L,20,18,na,2,10:30,na,na,4,2,8,na,na,na,na,na,na,na,,
16,Jun-2017,2017-06-05,Westbeach,OP,1,R,20,13,na,2,10:30,114,na,28,27,9.5,na,28,3,48,33,100,na,,
16,Jun-2017,2017-06-05,Westbeach,OP,1,R,20,1.5,na,2,10:10,2537,na,2,2,2,na,na,na,1,0,0,na,*Used to be 1758,
16,Jun-2017,2017-06-05,Westbeach,OP,1,R,20,0,na,2,13:30,na,na,5,3,4,na,na,na,na,na,na,na,,
16,Jun-2017,2017-06-05,Westbeach,OP,1,R,20,0.1,na,2,13:30,na,na,1,0,0,1,na,na,na,na,na,na,,
16,Jun-2017,2017-06-05,Westbeach,OP,1,R,20,0.1,na,2,13:30,na,na,5,4,5.2,na,na,na,na,na,na,na,,
16,Jun-2017,2017-06-05,Westbeach,OP,1,R,20,0.1,na,2,13:30,na,na,7,6,9.8,na,na,na,na,na,na,na,,
16,Jun-2017,2017-06-05,Westbeach,OP,1,R,20,0.1,na,2,13:30,na,na,3,2,5.5,na,na,na,na,na,na,na,,
16,Jun-2017,2017-06-05,Westbeach,OP,1,R,20,2,na,2,13:30,na,na,7,5,7,na,na,na,na,na,na,na,,
16,Jun-2017,2017-06-05,Westbeach,OP,1,R,20,2.1,na,2,13:30,na,P,8,na,na,na,na,na,na,na,na,na,,
16,Jun-2017,2017-06-05,Westbeach,OP,1,R,20,3,na,2,13:30,na,P,4,na,na,na,na,na,na,na,na,na,,
16,Jun-2017,2017-06-05,Westbeach,OP,1,R,20,3.5,na,2,13:30,na,na,5,3,7.5,na,na,na,na,na,na,na,,
16,Jun-2017,2017-06-05,Westbeach,OP,1,R,20,3.6,na,2,13:30,na,P,8,na,na,na,na,na,na,na,na,na,,
16,Jun-2017,2017-06-05,Westbeach,OP,1,R,20,4,na,2,13:30,na,na,7,7,4,na,na,na,na,na,na,na,,
16,Jun-2017,2017-06-05,Westbeach,OP,1,R,20,4.1,na,2,13:50,na,na,6,6,6.5,na,na,na,na,na,na,na,,
16,Jun-2017,2017-06-05,Westbeach,OP,1,R,20,4.2,na,2,13:50,na,na,3,2,2.5,na,na,na,na,na,na,na,,
16,Jun-2017,2017-06-05,Westbeach,OP,1,R,20,4.5,na,2,13:50,na,na,1,0,0,2.5,na,na,na,na,na,na,,
16,Jun-2017,2017-06-05,Westbeach,OP,1,R,20,5.3,na,2,13:50,na,na,6,5,8,na,na,na,na,na,na,na,,
16,Jun-2017,2017-06-05,Westbeach,OP,1,R,20,5.3,na,2,13:50,na,na,7,6,6,na,na,na,na,na,na,na,,
16,Jun-2017,2017-06-05,Westbeach,OP,1,R,20,5.3,na,2,13:50,na,na,3,2,6.5,na,na,na,na,na,na,na,,
16,Jun-2017,2017-06-05,Westbeach,OP,1,R,20,5.4,na,2,13:50,na,na,2,1,1.5,na,na,na,na,na,na,na,,
16,Jun-2017,2017-06-05,Westbeach,OP,1,R,20,5.4,na,2,13:50,na,P,5,na,na,na,na,na,na,na,na,na,,
16,Jun-2017,2017-06-05,Westbeach,OP,1,R,20,11,na,2,14:00,na,P,6,na,na,na,na,na,na,na,na,na,,
16,Jun-2017,2017-06-05,Westbeach,OP,1,R,20,12.5,na,2,14:00,na,na,8,8,7,na,na,na,na,na,na,na,,
16,Jun-2017,2017-06-05,Westbeach,OP,1,R,20,13,na,2,14:00,na,na,6,6,7,na,na,na,na,na,na,na,,
16,Jun-2017,2017-06-05,Westbeach,OP,1,R,20,14,na,2,14:00,na,na,4,4,3,na,na,na,na,na,na,na,,
16,Jun-2017,2017-06-05,Westbeach,OP,1,R,20,14.5,na,2,14:20,na,P,3,na,na,na,na,na,na,na,na,na,,
16,Jun-2017,2017-06-05,Westbeach,OP,1,R,20,14.5,na,2,14:20,na,T,9,8,na,na,na,na,na,na,na,na,,
16,Jun-2017,2017-06-05,Westbeach,OP,1,R,20,14.5,na,2,14:20,na,na,6,3,7,na,na,na,na,na,na,na,,
16,Jun-2017,2017-06-05,Westbeach,OP,1,R,20,16,na,2,14:20,na,na,9,7,9.5,na,na,na,na,na,na,na,,
16,Jun-2017,2017-06-05,Westbeach,OP,2,R,20,8,na,2,11:00,2008,na,12,11,6.5,na,13,2,11,0,0,na,,
16,Jun-2017,2017-06-05,Westbeach,NAP,2,R,20,0.5,na,2,10:08,na,na,4,4,4,na,na,na,na,na,na,na,,
16,Jun-2017,2017-06-05,Westbeach,NAP,2,R,20,1,na,2,10:10,na,na,3,2,3.5,na,na,na,na,na,na,na,,
16,Jun-2017,2017-06-05,Westbeach,NAP,2,R,20,7,na,2,10:13,na,na,1,1,0.5,na,na,na,na,na,na,na,,
16,Jun-2017,2017-06-05,Westbeach,NAP,2,R,20,7,na,2,10:13,na,na,2,1,1.25,na,na,na,na,na,na,na,,
16,Jun-2017,2017-06-05,Westbeach,NAP,2,R,20,7.5,na,2,10:18,na,na,5,3,8,na,na,na,na,na,na,na,,
16,Jun-2017,2017-06-05,Westbeach,NAP,2,R,20,8,na,2,10:20,na,na,4,3,6.25,na,na,na,na,na,na,na,,
16,Jun-2017,2017-06-05,Westbeach,NAP,2,R,20,8.1,na,2,10:21,na,na,2,2,6,na,na,na,na,na,na,na,,
16,Jun-2017,2017-06-05,Westbeach,NAP,2,R,20,8.1,na,2,10:20,na,na,19,8,10.15,na,na,na,na,na,na,na,,
16,Jun-2017,2017-06-05,Westbeach,NAP,2,R,20,8.1,na,2,10:26,na,na,2,1,2,na,na,na,na,na,na,na,,
16,Jun-2017,2017-06-05,Westbeach,NAP,2,R,20,8.1,na,2,10:27,na,T,3,2,na,na,na,na,na,na,na,na,,
16,Jun-2017,2017-06-05,Westbeach,NAP,2,R,20,8.1,na,2,10:27,na,na,3,2,9,na,na,na,na,na,na,na,,
16,Jun-2017,2017-06-05,Westbeach,NAP,2,R,20,8.1,na,2,10:37,na,na,3,2,9,na,na,na,na,na,na,na,,
16,Jun-2017,2017-06-05,Westbeach,NAP,2,R,20,8.1,na,2,10:41,na,na,4,3,7.3,na,na,na,na,na,na,na,,
16,Jun-2017,2017-06-05,Westbeach,NAP,2,R,20,8.2,na,2,10:33,na,na,1,1,2,na,na,na,na,na,na,na,,
16,Jun-2017,2017-06-05,Westbeach,NAP,2,R,20,8.2,na,2,10:33,na,na,4,4,10,na,na,na,na,na,na,na,,
16,Jun-2017,2017-06-05,Westbeach,NAP,2,R,20,8.2,na,2,10:37,na,na,2,1,3.5,na,na,na,na,na,na,na,,
16,Jun-2017,2017-06-05,Westbeach,NAP,2,R,20,8.2,na,2,10:42,na,na,3,2,4.5,na,na,na,na,na,na,na,,
16,Jun-2017,2017-06-05,Westbeach,NAP,2,R,20,9.5,na,2,11:00,na,na,4,2,0.25,na,na,na,na,na,na,na,,
16,Jun-2017,2017-06-05,Westbeach,NAP,2,R,20,9.6,na,2,11:02,na,na,2,1,5.5,na,na,na,na,na,na,na,,
16,Jun-2017,2017-06-05,Westbeach,NAP,2,R,20,9.6,na,2,11:03,na,na,3,3,6.25,na,na,na,na,na,na,na,,
16,Jun-2017,2017-06-05,Westbeach,NAP,2,R,20,9.6,na,2,11:05,na,na,2,2,1.5,na,na,na,na,na,na,na,,
16,Jun-2017,2017-06-05,Westbeach,NAP,2,R,20,9.8,na,2,10:47,na,T,8,8,na,na,na,na,na,na,na,na,,
16,Jun-2017,2017-06-05,Westbeach,NAP,2,R,20,9.8,na,2,10:53,na,na,3,2,1.5,na,na,na,na,na,na,na,,
16,Jun-2017,2017-06-05,Westbeach,NAP,2,R,20,9.8,na,2,10:55,na,T,4,4,na,na,na,na,na,na,na,na,,
16,Jun-2017,2017-06-05,Westbeach,NAP,2,R,20,10,na,2,11:07,na,na,3,3,3.2,na,na,na,na,na,na,na,,
16,Jun-2017,2017-06-05,Westbeach,NAP,2,R,20,10,na,2,11:09,na,na,4,4,3.25,na,na,na,na,na,na,na,,
16,Jun-2017,2017-06-05,Westbeach,NAP,2,R,20,10,na,2,11:11,na,T,4,3,na,na,na,na,na,na,na,na,,
16,Jun-2017,2017-06-05,Westbeach,NAP,2,R,20,10.5,na,2,11:16,na,T,4,4,na,na,na,na,na,na,na,na,,
16,Jun-2017,2017-06-05,Westbeach,NAP,2,R,20,10.5,na,2,11:18,na,na,2,2,7,na,na,na,na,na,na,na,,
16,Jun-2017,2017-06-05,Westbeach,NAP,2,R,20,11,na,2,11:20,na,na,3,3,4.5,na,na,na,na,na,na,na,,
16,Jun-2017,2017-06-05,Westbeach,NAP,2,R,20,11.1,na,2,11:21,na,na,2,1,1.5,na,na,na,na,na,na,na,,
16,Jun-2017,2017-06-05,Westbeach,NAP,2,R,20,12,na,2,13:11,na,T,3,2,na,na,na,na,na,na,na,na,,
16,Jun-2017,2017-06-05,Westbeach,NAP,2,R,20,12,na,2,13:11,na,T,4,2,na,na,na,na,na,na,na,na,,
16,Jun-2017,2017-06-05,Westbeach,NAP,2,R,20,14,na,2,13:11,na,na,1,1,1.5,na,na,na,na,na,na,na,,
16,Jun-2017,2017-06-05,Westbeach,OP,3,R,20,7.5,na,2,13:20,101,na,4,2,5,na,na,na,16,0,0,na,,
16,Jun-2017,2017-06-05,Westbeach,OP,3,R,20,13,na,2,13:10,123,na,4,3,11,na,na,na,22,16,75,na,,
16,Jun-2017,2017-06-05,Westbeach,OP,3,R,20,4.25,na,2,11:10,1991,na,9,7,8,na,10,2,37,24,100,na,,
16,Jun-2017,2017-06-05,Westbeach,TP,3,R,20,3,na,2,13:30,na,na,6,4,9,na,na,na,na,na,na,na,,
16,Jun-2017,2017-06-05,Westbeach,TP,3,R,20,5,na,2,13:30,na,na,1,1,2,na,na,na,na,na,na,na,,
16,Jun-2017,2017-06-05,Westbeach,TP,3,R,20,7.5,na,2,13:30,na,na,2,2,6,na,na,na,na,na,na,na,,
16,Jun-2017,2017-06-05,Westbeach,TP,3,R,20,7.5,na,2,13:30,na,na,4,3,3,na,na,na,na,na,na,na,,
16,Jun-2017,2017-06-05,Westbeach,TP,3,R,20,8,na,2,13:30,na,T,7,5,na,na,na,na,na,na,na,na,,
16,Jun-2017,2017-06-05,Westbeach,TP,3,R,20,8,na,2,13:30,na,na,2,1,1.5,na,na,na,na,na,na,na,,
16,Jun-2017,2017-06-05,Westbeach,TP,3,R,20,10,na,2,13:30,na,na,2,2,1,na,na,na,na,na,na,na,,
16,Jun-2017,2017-06-05,Westbeach,TP,3,R,20,10,na,2,13:30,na,na,3,3,11,na,na,na,na,na,na,na,,
16,Jun-2017,2017-06-05,Westbeach,TP,3,R,20,10,na,2,13:30,na,na,4,4,3,na,na,na,na,na,na,na,,
16,Jun-2017,2017-06-05,Westbeach,TP,3,R,20,13,na,2,13:30,na,na,4,3,4,na,na,na,na,na,na,na,,
16,Jun-2017,2017-06-05,Westbeach,TP,3,R,20,13,na,2,13:30,na,na,6,6,9,na,na,na,na,na,na,na,,
16,Jun-2017,2017-06-06,Womanley,OP,1,L,20,7.5,na,5,10:20,1938,na,5,4,7,na,na,na,6,0,0,na,was 124,
16,Jun-2017,2017-06-06,Womanley,BMM,1,L,20,0,na,5,9:40,na,P,5,na,na,na,na,na,na,na,na,na,,
16,Jun-2017,2017-06-06,Womanley,BMM,1,L,20,0.5,na,5,9:40,na,na,4,1,7,na,na,na,na,na,na,na,,
16,Jun-2017,2017-06-06,Womanley,BMM,1,L,20,2.5,na,5,9:40,na,na,4,3,9,na,na,na,na,na,na,na,,
16,Jun-2017,2017-06-06,Womanley,BMM,1,L,20,7.5,na,5,9:53,na,T,6,na,na,na,na,na,na,na,na,na,,
16,Jun-2017,2017-06-06,Womanley,BMM,1,L,20,7.5,na,5,9:53,na,T,5,na,na,na,na,na,na,na,na,na,,
16,Jun-2017,2017-06-06,Womanley,BMM,1,L,20,7.5,na,5,9:53,na,T,3,na,na,na,na,na,na,na,na,na,,
16,Jun-2017,2017-06-06,Womanley,BMM,1,L,20,7.5,na,5,9:53,na,T,5,2,na,na,na,na,na,na,na,na,,
16,Jun-2017,2017-06-06,Womanley,BMM,1,L,20,7.5,na,5,9:53,na,T,7,na,na,na,na,na,na,na,na,na,,
16,Jun-2017,2017-06-06,Womanley,OP,2,L,20,16.5,na,5,10:25,120,na,3,0,0,3,0,5,4,0,0,na,,
16,Jun-2017,2017-06-06,Womanley,OP,2,L,20,10.7,na,5,10:30,122,na,4,0,0,2.5,na,na,15,0,0,na,,
16,Jun-2017,2017-06-06,Womanley,BMM,2,L,20,5,na,5,11:44,na,T,9,na,na,na,na,na,na,na,na,na,,
16,Jun-2017,2017-06-06,Womanley,BMM,2,L,20,10,na,5,11:44,na,na,1,0,0,2,na,na,na,na,na,na,,
16,Jun-2017,2017-06-06,Womanley,BMM,2,L,20,11,na,5,11:44,na,na,1,0,0,2.5,na,na,na,na,na,na,,
16,Jun-2017,2017-06-06,Womanley,BMM,2,L,20,11,na,5,11:44,na,na,2,0,0,2.5,na,na,na,na,na,na,,
16,Jun-2017,2017-06-06,Womanley,BMM,2,L,20,14,na,5,11:44,na,na,4,0,0,4,na,na,na,na,na,na,,
16,Jun-2017,2017-06-06,Womanley,BMM,2,L,20,15,na,5,11:44,na,na,1,0,0,4,na,na,na,na,na,na,,
16,Jun-2017,2017-06-06,Womanley,BMM,2,L,20,16.5,na,5,11:44,na,na,1,0,0,1.5,na,na,na,na,na,na,,
16,Jun-2017,2017-06-06,Womanley,OP,3,L,20,2,na,5,11:55,103,na,5,1,0,na,na,na,9,0,0,na,,
16,Jun-2017,2017-06-06,Womanley,OP,3,L,20,13,na,5,12:10,113,na,3,3,7.5,na,0,6,13,3,50,na,,
16,Jun-2017,2017-06-06,Womanley,BMM,3,L,20,2.5,na,5,11:44,na,na,2,0,0,1.5,na,na,na,na,na,na,,
16,Jun-2017,2017-06-06,Womanley,BMM,3,L,20,9,na,5,11:44,na,P,4,na,na,na,na,na,na,na,na,na,,
16,Jun-2017,2017-06-06,Womanley,BMM,3,L,20,12,na,5,11:44,na,T,8,na,na,na,na,na,na,na,na,na,,
16,Jun-2017,2017-06-06,Womanley,BMM,3,L,20,12,na,5,11:44,na,na,1,0,0,2,na,na,na,na,na,na,,
16,Jun-2017,2017-06-06,Womanley,BMM,3,L,20,12,na,5,11:44,na,T,4,na,na,na,na,na,na,na,na,na,,
16,Jun-2017,2017-06-06,Womanley,BMM,3,L,20,12,na,5,11:44,na,P,6,na,na,na,na,na,na,na,na,na,,
16,Jun-2017,2017-06-06,Womanley,BMM,3,L,20,12,na,5,11:44,na,T,4,na,na,na,na,na,na,na,na,na,,
16,Jun-2017,2017-06-06,Womanley,BMM,3,L,20,12.5,na,5,11:44,na,P,4,2,6,na,na,na,na,na,na,na,,
16,Jun-2017,2017-06-06,Womanley,BMM,3,L,20,13,na,5,11:44,na,P,1,1,5,na,na,na,na,na,na,na,,
16,Jun-2017,2017-06-06,Womanley,BMM,3,L,20,13.5,na,5,11:44,na,na,1,1,8,na,na,na,na,na,na,na,,
16,Jun-2017,2017-06-06,Womanley,OP,1,R,20,20,na,5,10:00,1842,na,8,3,6.2,na,na,na,13,0,0,na,could have been 104 or 105 at some point,
16,Jun-2017,2017-06-06,Womanley,OP,1,R,20,13.7,na,5,10:10,107,na,11,5,3,na,0,14,27,10,100,na,,
16,Jun-2017,2017-06-06,Womanley,OP,1,R,20,5.2,na,5,9:45,115,na,3,1,2.5,na,0,4,4,0,0,na,,
16,Jun-2017,2017-06-06,Womanley,BMM,1,R,20,0.5,na,5,9:40,na,T,9,9,na,na,na,na,na,na,na,na,,
16,Jun-2017,2017-06-06,Womanley,BMM,1,R,20,3.5,na,5,9:40,na,na,5,5,9,na,na,na,na,na,na,na,,
16,Jun-2017,2017-06-06,Womanley,BMM,1,R,20,3.5,na,5,9:40,na,T,5,na,na,na,na,na,na,na,na,na,,
16,Jun-2017,2017-06-06,Womanley,BMM,1,R,20,3.5,na,5,9:40,na,na,5,1,10,na,na,na,na,na,na,na,,
16,Jun-2017,2017-06-06,Womanley,BMM,1,R,20,3.5,na,5,9:40,na,T,5,3,na,na,na,na,na,na,na,na,,
16,Jun-2017,2017-06-06,Womanley,BMM,1,R,20,5,na,5,9:53,na,P,3,na,na,na,na,na,na,na,na,na,,
16,Jun-2017,2017-06-06,Womanley,BMM,1,R,20,9,na,5,9:53,na,T,7,4,na,na,na,na,na,na,na,na,,
16,Jun-2017,2017-06-06,Womanley,BMM,1,R,20,15,na,5,9:53,na,na,4,2,7,na,na,na,na,na,na,na,,
16,Jun-2017,2017-06-06,Womanley,BMM,1,R,20,15,na,5,9:53,na,na,3,1,9,na,na,na,na,na,na,na,,
16,Jun-2017,2017-06-06,Womanley,BMM,1,R,20,15,na,5,9:53,na,T,17,11,na,na,na,na,na,na,na,na,,
16,Jun-2017,2017-06-06,Womanley,BMM,1,R,20,15,na,5,9:53,na,na,4,3,4,na,na,na,na,na,na,na,,
16,Jun-2017,2017-06-06,Womanley,BMM,1,R,20,15,na,5,9:53,na,C,1,0,0,1,na,na,na,na,na,na,,
16,Jun-2017,2017-06-06,Womanley,BMM,1,R,20,15,na,5,9:53,na,na,3,3,12,na,na,na,na,na,na,na,,
16,Jun-2017,2017-06-06,Womanley,BMM,1,R,20,15,na,5,9:53,na,C,2,0,0,2,na,na,na,na,na,na,,
16,Jun-2017,2017-06-06,Womanley,BMM,1,R,20,15,na,5,9:53,na,na,2,1,5,na,na,na,na,na,na,na,,
16,Jun-2017,2017-06-06,Womanley,BMM,1,R,20,15,na,5,9:53,na,na,2,2,9,na,na,na,na,na,na,na,,
16,Jun-2017,2017-06-06,Womanley,BMM,1,R,20,15,na,5,9:53,na,na,2,1,12,na,na,na,na,na,na,na,,
16,Jun-2017,2017-06-06,Womanley,BMM,1,R,20,15,na,5,9:53,na,T,4,3,na,na,na,na,na,na,na,na,,
16,Jun-2017,2017-06-06,Womanley,BMM,1,R,20,15,na,5,9:53,na,na,4,2,10,na,na,na,na,na,na,na,,
16,Jun-2017,2017-06-06,Womanley,BMM,1,R,20,15,na,5,9:53,na,na,1,0,0,2,na,na,na,na,na,na,,
16,Jun-2017,2017-06-06,Womanley,BMM,1,R,20,15,na,5,9:53,na,C,1,0,0,1.5,na,na,na,na,na,na,,
16,Jun-2017,2017-06-06,Womanley,BMM,1,R,20,15,na,5,9:53,na,T,1,na,2,na,na,na,na,na,na,na,,
16,Jun-2017,2017-06-06,Womanley,BMM,1,R,20,15,na,5,9:53,na,T,2,2,na,na,na,na,na,na,na,na,,
16,Jun-2017,2017-06-06,Womanley,BMM,1,R,20,15,na,5,9:53,na,na,1,1,5,na,na,na,na,na,na,na,,
16,Jun-2017,2017-06-06,Womanley,BMM,1,R,20,15,na,5,9:53,na,na,2,0,0,1.5,na,na,na,na,na,na,,
16,Jun-2017,2017-06-06,Womanley,BMM,1,R,20,15,na,5,9:53,na,T,13,na,na,na,na,na,na,na,na,na,,
16,Jun-2017,2017-06-06,Womanley,BMM,1,R,20,20,na,5,10:37,na,na,3,2,9,na,na,na,na,na,na,na,,
16,Jun-2017,2017-06-06,Womanley,BMM,1,R,20,20,na,5,10:37,na,na,2,1,5,na,na,na,na,na,na,na,,
16,Jun-2017,2017-06-06,Womanley,BMM,1,R,20,20,na,5,10:37,na,na,5,4,9,na,na,na,na,na,na,na,,
16,Jun-2017,2017-06-06,Womanley,OP,2,R,20,8,na,5,11:45,106,na,4,0,0,3.5,na,na,4,0,0,na,,
16,Jun-2017,2017-06-06,Womanley,OP,2,R,20,10.6,na,5,11:40,121,na,8,4,7,na,0,10,30,9,50,na,,
16,Jun-2017,2017-06-06,Womanley,BMM,2,R,20,4.5,na,5,11:44,na,na,1,0,0,1.5,na,na,na,na,na,na,,
16,Jun-2017,2017-06-06,Womanley,BMM,2,R,20,8,na,5,11:44,na,na,1,0,0,2,na,na,na,na,na,na,,
16,Jun-2017,2017-06-06,Womanley,BMM,2,R,20,16.5,na,5,11:44,na,na,1,0,0,1.5,na,na,na,na,na,na,,
16,Jun-2017,2017-06-06,Womanley,BMM,2,R,20,20,na,5,11:44,na,T,13,13,na,na,na,na,na,na,na,na,,
16,Jun-2017,2017-06-06,Womanley,BMM,2,R,20,20,na,5,11:44,na,na,1,0,0,3,na,na,na,na,na,na,,
16,Jun-2017,2017-06-06,Womanley,OP,3,R,20,10.5,na,5,12:00,100,na,8,5,4.5,na,0,10,14,0,0,na,,
16,Jun-2017,2017-06-06,Womanley,BMM,3,R,20,10,na,5,11:44,na,na,4,3,3,na,na,na,na,na,na,na,,plant recorded as tangled but estimates of length given
16,Jun-2017,2017-06-06,Womanley,BMM,3,R,20,10,na,5,11:44,na,T,6,3,na,na,na,na,na,na,na,na,,
16,Jun-2017,2017-06-06,Womanley,BMM,3,R,20,10,na,5,11:44,na,na,3,2,10,na,na,na,na,na,na,na,,
16,Jun-2017,2017-06-06,Womanley,BMM,3,R,20,18,na,5,11:44,na,T,1,na,na,na,na,na,na,na,na,na,,
16,Jun-2017,2017-06-06,Womanley,BMM,3,R,20,18,na,5,11:44,na,C,1,0,0,1,na,na,na,na,na,na,,
16,Jun-2017,2017-06-06,Womanley,BMM,3,R,20,18,na,5,11:44,na,T,7,na,na,na,na,na,na,na,na,na,,
16,Jun-2017,2017-06-06,Womanley,BMM,3,R,20,18,na,5,11:44,na,T,6,na,na,na,na,na,na,na,na,na,,
16,Jun-2017,2017-06-06,Womanley,BMM,3,R,20,18,na,5,11:44,na,T,4,na,na,na,na,na,na,na,na,na,,
16,Jun-2017,2017-06-06,Womanley,BMM,3,R,20,18,na,5,11:44,na,T,3,na,na,na,na,na,na,na,na,na,,
16,Jun-2017,2017-06-06,Womanley,BMM,3,R,20,18,na,5,11:44,na,T,3,na,na,na,na,na,na,na,na,na,,
17,Jul-2017,2017-07-14,Triquet,OP,1,L,20,14.2,na,4,13:35,108,na,5,2,2.5,na,na,na,14,5,100,na,,
17,Jul-2017,2017-07-14,Triquet,OP,1,L,20,3.25,na,4,13:30,112,na,3,2,0.5,na,3,1,6,0,0,na,,
17,Jul-2017,2017-07-14,Triquet,NAP,1,L,20,0,na,4,11:35,na,na,2,1,1,na,na,na,na,na,na,na,,
17,Jul-2017,2017-07-14,Triquet,NAP,1,L,20,2,na,4,11:27,na,T,7,na,na,na,na,na,na,na,na,na,,
17,Jul-2017,2017-07-14,Triquet,NAP,1,L,20,3,na,4,11:29,na,na,3,1,1,na,na,na,na,na,na,na,,
17,Jul-2017,2017-07-14,Triquet,NAP,1,L,20,3,na,4,11:29,na,na,2,1,1,na,na,na,na,na,na,na,,
17,Jul-2017,2017-07-14,Triquet,NAP,1,L,20,14,na,4,13:18,na,na,3,2,2.25,na,na,na,na,na,na,na,,
17,Jul-2017,2017-07-14,Triquet,NAP,1,L,20,14,na,4,13:18,na,na,4,2,3,na,na,na,na,na,na,na,,
17,Jul-2017,2017-07-14,Triquet,NAP,2,L,20,17,na,4,11:10,na,na,6,6,3.5,na,na,na,na,na,na,na,,
17,Jul-2017,2017-07-14,Triquet,NAP,1,L,20,18,na,4,13:31,na,na,7,4,3,na,na,na,na,na,na,na,,
17,Jul-2017,2017-07-14,Triquet,NAP,1,L,20,18,na,4,13:31,na,na,6,4,2,na,na,na,na,na,na,na,,
17,Jul-2017,2017-07-14,Triquet,OP,2,L,20,10,na,4,13:15,1978,na,9,8,7,na,10,1,17,5,100,na,used to be 1783,
17,Jul-2017,2017-07-14,Triquet,OP,2,L,20,20,na,4,11:30,1996,na,6,5,5,na,6,1,24,21,75,na,,
17,Jul-2017,2017-07-14,Triquet,NAP,2,L,20,1.5,na,4,10:46,na,na,3,3,5,na,na,na,na,na,na,na,,
17,Jul-2017,2017-07-14,Triquet,NAP,2,L,20,10,na,4,11:03,na,T,4,na,na,na,na,na,na,na,na,na,,
17,Jul-2017,2017-07-14,Triquet,OP,3,L,20,12,na,4,10:55,1951,na,5,4,4,na,5,1,10,5,100,na,,
17,Jul-2017,2017-07-14,Triquet,NAP,3,L,20,1,na,4,13:45,na,T,6,3,na,na,na,na,na,na,na,na,,
17,Jul-2017,2017-07-14,Triquet,NAP,3,L,20,1,na,4,13:45,na,T,8,na,na,na,na,na,na,na,na,na,,
17,Jul-2017,2017-07-14,Triquet,NAP,3,L,20,20,na,4,13:59,na,T,7,4,na,na,na,na,na,na,na,na,,
17,Jul-2017,2017-07-14,Triquet,NAP,3,L,20,20,na,4,13:59,na,na,6,2,1,na,na,na,na,na,na,na,,
17,Jul-2017,2017-07-14,Triquet,OP,1,R,20,15,na,4,13:40,111,na,10,8,6.5,na,na,na,13,1,90,na,,
17,Jul-2017,2017-07-14,Triquet,OP,1,R,20,0,na,4,13:20,118,na,12,8,5.5,na,12,4,33,15,100,na,,
17,Jul-2017,2017-07-14,Triquet,OP,1,R,20,8,na,4,13:35,1824,na,3,1,0,na,na,na,3,0,0,na,used to be 707,
17,Jul-2017,2017-07-14,Triquet,NAP,1,R,20,10,na,4,11:34,na,T,6,na,na,na,na,na,na,na,na,na,,
17,Jul-2017,2017-07-14,Triquet,NAP,1,R,20,10,na,4,11:34,na,na,4,3,3,na,na,na,na,na,na,na,,
17,Jul-2017,2017-07-14,Triquet,NAP,1,R,20,12,na,4,11:38,na,na,2,1,1,na,na,na,na,na,na,na,,
17,Jul-2017,2017-07-14,Triquet,NAP,1,R,20,12,na,4,11:38,na,na,4,4,4,na,na,na,na,na,na,na,,
17,Jul-2017,2017-07-14,Triquet,NAP,1,R,20,15,na,4,13:21,na,T,4,2,na,na,na,na,na,na,na,na,,
17,Jul-2017,2017-07-14,Triquet,NAP,1,R,20,16,na,4,13:21,na,T,3,1,na,na,na,na,na,na,na,na,,
17,Jul-2017,2017-07-14,Triquet,NAP,1,R,20,16,na,4,13:21,na,T,3,2,na,na,na,na,na,na,na,na,,
17,Jul-2017,2017-07-14,Triquet,NAP,1,R,20,16,na,4,13:21,na,T,2,na,na,na,na,na,na,na,na,na,,
17,Jul-2017,2017-07-14,Triquet,NAP,1,R,20,16,na,4,13:21,na,na,4,3,1.5,na,na,na,na,na,na,na,,
17,Jul-2017,2017-07-14,Triquet,NAP,1,R,20,18,na,4,13:31,na,na,4,2,3,na,na,na,na,na,na,na,,plant recorded as tangled but estimates of length given
17,Jul-2017,2017-07-14,Triquet,NAP,1,R,20,18,na,4,13:31,na,T,5,na,na,na,na,na,na,na,na,na,,
17,Jul-2017,2017-07-14,Triquet,NAP,1,R,20,18,na,4,13:31,na,T,7,na,na,na,na,na,na,na,na,na,,
17,Jul-2017,2017-07-14,Triquet,NAP,1,R,20,19.5,na,4,13:40,na,na,7,5,5,na,na,na,na,na,na,na,,
17,Jul-2017,2017-07-14,Triquet,NAP,1,R,20,20,na,4,13:40,na,na,4,3,3,na,na,na,na,na,na,na,,
17,Jul-2017,2017-07-14,Triquet,NAP,1,R,20,20,na,4,13:40,na,T,6,4,na,na,na,na,na,na,na,na,,
17,Jul-2017,2017-07-14,Triquet,OP,2,R,20,17,na,4,11:30,2422,na,5,2,3.5,na,na,na,10,3,10,na,*Used to be 754,
17,Jul-2017,2017-07-14,Triquet,OP,2,R,20,1,na,4,11:25,1785,na,5,2,4,na,na,na,10,0,0,na,,
17,Jul-2017,2017-07-14,Triquet,NAP,2,R,20,1.5,na,4,10:46,na,na,1,0,0,1.5,na,na,na,na,na,na,,
17,Jul-2017,2017-07-14,Triquet,NAP,2,R,20,1.5,na,4,10:47,na,na,2,0,0,1.5,na,na,na,na,na,na,,
17,Jul-2017,2017-07-14,Triquet,NAP,2,R,20,1.5,na,4,10:47,na,na,1,0,0,2,na,na,na,na,na,na,,
17,Jul-2017,2017-07-14,Triquet,NAP,2,R,20,1.5,na,4,10:47,na,na,4,3,3,na,na,na,na,na,na,na,,
17,Jul-2017,2017-07-14,Triquet,NAP,2,R,20,1.5,na,4,10:47,na,na,1,0,0,3,na,na,na,na,na,na,,
17,Jul-2017,2017-07-14,Triquet,NAP,2,R,20,2,na,4,10:52,na,na,2,1,1,na,na,na,na,na,na,na,,
17,Jul-2017,2017-07-14,Triquet,NAP,2,R,20,2,na,4,10:52,na,na,3,1,1,na,na,na,na,na,na,na,,
17,Jul-2017,2017-07-14,Triquet,NAP,2,R,20,3,na,4,10:58,na,na,4,2,2,na,na,na,na,na,na,na,,
17,Jul-2017,2017-07-14,Triquet,NAP,2,R,20,3,na,4,10:58,na,na,1,1,1,na,na,na,na,na,na,na,,
17,Jul-2017,2017-07-14,Triquet,NAP,2,R,20,9,na,4,11:03,na,na,7,5,5,na,na,na,na,na,na,na,,
17,Jul-2017,2017-07-14,Triquet,NAP,2,R,20,9,na,4,11:03,na,na,3,1,1,na,na,na,na,na,na,na,,
17,Jul-2017,2017-07-14,Triquet,NAP,2,R,20,9.5,na,4,11:03,na,na,4,4,4,na,na,na,na,na,na,na,,
17,Jul-2017,2017-07-14,Triquet,NAP,2,R,20,17,na,4,11:10,na,na,1,0,0,2.5,na,na,na,na,na,na,,
17,Jul-2017,2017-07-14,Triquet,NAP,2,R,20,17,na,4,11:10,na,na,1,0,0,2,na,na,na,na,na,na,broke it,
17,Jul-2017,2017-07-14,Triquet,OP,3,R,20,10.5,na,4,11:10,102,na,10,8,8,na,na,na,19,2,75,na,,
17,Jul-2017,2017-07-14,Triquet,OP,3,R,20,13.5,na,4,11:00,2014,na,6,3,3,na,4,4,12,1,40,na,used to be 104,
17,Jul-2017,2017-07-14,Triquet,OP,3,R,20,1,na,4,10:50,1766,T,31,22,na,na,na,na,45,20,75,na,,
17,Jul-2017,2017-07-14,Triquet,NAP,3,R,20,11,na,4,13:45,na,T,4,na,na,na,na,na,na,na,na,na,,
17,Jul-2017,2017-07-14,Triquet,NAP,3,R,20,13,na,4,13:52,na,T,4,3,na,na,na,na,na,na,na,na,,
17,Jul-2017,2017-07-14,Triquet,NAP,3,R,20,13,na,4,13:52,na,na,6,4,4,na,na,na,na,na,na,na,,
17,Jul-2017,2017-07-14,Triquet,NAP,3,R,20,13,na,4,13:52,na,T,4,na,na,na,na,na,na,na,na,na,,
17,Jul-2017,2017-07-14,Triquet,NAP,3,R,20,13,na,4,13:52,na,na,5,4,2.5,na,na,na,na,na,na,na,,
17,Jul-2017,2017-07-14,Triquet,NAP,3,R,20,18,na,4,13:56,na,na,2,0,0,1.5,na,na,na,na,na,na,,
17,Jul-2017,2017-07-20,Westbeach,OP,1,L,20,12,na,2,10:05,110,na,20,19,8,na,19,6,59,34,80,na,,
17,Jul-2017,2017-07-20,Westbeach,OP,1,L,20,15,na,2,10:40,117,na,4,4,5,na,na,na,11,10,50,na,,
17,Jul-2017,2017-07-20,Westbeach,KH,1,L,20,4,na,2,10:14,na,na,5,4,4,na,na,na,na,na,na,na,,
17,Jul-2017,2017-07-20,Westbeach,KH,1,L,20,5,na,2,10:15,na,na,4,2,5,na,na,na,na,na,na,na,,
17,Jul-2017,2017-07-20,Westbeach,KH,1,L,20,9.5,na,2,10:16,na,na,5,4,6,na,na,na,na,na,na,na,,
17,Jul-2017,2017-07-20,Westbeach,KH,1,L,20,9.6,na,2,10:17,na,na,8,7,10,na,na,na,na,na,na,na,,
17,Jul-2017,2017-07-20,Westbeach,KH,1,L,20,9.7,na,2,10:20,na,na,1,1,7,na,na,na,na,na,na,na,,
17,Jul-2017,2017-07-20,Westbeach,KH,1,L,20,11,na,2,10:21,na,na,2,1,1.5,na,na,na,na,na,na,na,,
17,Jul-2017,2017-07-20,Westbeach,KH,1,L,20,12,na,2,10:22,na,T,18,16,na,na,na,na,na,na,na,na,,
17,Jul-2017,2017-07-20,Westbeach,KH,1,L,20,12.1,na,2,10:28,na,na,6,4,7,na,na,na,na,na,na,na,,
17,Jul-2017,2017-07-20,Westbeach,KH,1,L,20,15.5,na,2,10:30,na,na,4,3,8.5,na,na,na,na,na,na,na,,
17,Jul-2017,2017-07-20,Westbeach,KH,1,L,20,15.6,na,2,10:32,na,P,13,na,na,na,na,na,na,na,na,na,,
17,Jul-2017,2017-07-20,Westbeach,OP,2,L,20,6,na,2,11:10,109,na,9,6,7,na,7,2,12,4,75,na,,
17,Jul-2017,2017-07-20,Westbeach,OP,2,L,20,1,na,2,13:55,2526,na,3,2,4,na,na,na,5,0,0,na,used to be 144,
17,Jul-2017,2017-07-20,Westbeach,KH,2,L,20,0.8,na,2,10:38,na,na,5,4,6,na,na,na,na,na,na,na,,
17,Jul-2017,2017-07-20,Westbeach,KH,2,L,20,0.9,na,2,10:37,na,na,3,2,3.5,na,na,na,na,na,na,na,,
17,Jul-2017,2017-07-20,Westbeach,KH,2,L,20,5.8,na,2,10:40,na,na,4,3,8,na,na,na,na,na,na,na,,
17,Jul-2017,2017-07-20,Westbeach,KH,2,L,20,5.8,na,2,10:43,na,T,8,8,na,na,na,na,na,na,na,na,,
17,Jul-2017,2017-07-20,Westbeach,KH,2,L,20,6,na,2,10:46,na,na,2,1,2,na,na,na,na,na,na,na,,
17,Jul-2017,2017-07-20,Westbeach,KH,2,L,20,6.1,na,2,10:48,na,na,2,1,3,na,na,na,na,na,na,na,,
17,Jul-2017,2017-07-20,Westbeach,KH,2,L,20,11.4,na,2,10:49,na,T,9,9,na,na,na,na,na,na,na,na,,
17,Jul-2017,2017-07-20,Westbeach,KH,2,L,20,11.5,na,2,10:51,na,na,8,7,8.5,na,na,na,na,na,na,na,,
17,Jul-2017,2017-07-20,Westbeach,KH,2,L,20,11.51,na,2,10:53,na,na,22,2,5.5,na,na,na,na,na,na,na,,
17,Jul-2017,2017-07-20,Westbeach,KH,2,L,20,11.7,na,2,10:55,na,na,2,22,11,na,na,na,na,na,na,na,,
17,Jul-2017,2017-07-20,Westbeach,KH,3,L,20,2.2,na,2,13:31,na,na,4,3,7.5,na,na,na,na,na,na,na,,
17,Jul-2017,2017-07-20,Westbeach,KH,3,L,20,2.5,na,2,13:32,na,na,5,2,6,na,na,na,na,na,na,na,,
17,Jul-2017,2017-07-20,Westbeach,KH,3,L,20,2.6,na,2,13:34,na,na,4,3,4,na,na,na,na,na,na,na,,
17,Jul-2017,2017-07-20,Westbeach,KH,3,L,20,2.8,na,2,13:36,na,na,9,9,10,na,na,na,na,na,na,na,,
17,Jul-2017,2017-07-20,Westbeach,KH,3,L,20,3,na,2,13:38,na,na,4,4,8,na,na,na,na,na,na,na,,
17,Jul-2017,2017-07-20,Westbeach,KH,3,L,20,3.1,na,2,13:41,na,na,20,17,12,na,na,na,na,na,na,na,,
17,Jul-2017,2017-07-20,Westbeach,KH,3,L,20,3.2,na,2,13:43,na,P,12,10,9.5,na,na,na,na,na,na,na,,
17,Jul-2017,2017-07-20,Westbeach,KH,3,L,20,3.7,na,2,13:47,na,T,11,na,na,na,na,na,na,na,na,na,,
17,Jul-2017,2017-07-20,Westbeach,KH,3,L,20,3.75,na,2,13:49,na,na,3,2,7,na,na,na,na,na,na,na,,
17,Jul-2017,2017-07-20,Westbeach,KH,3,L,20,3.8,na,2,13:51,na,na,9,9,10,na,na,na,na,na,na,na,,
17,Jul-2017,2017-07-20,Westbeach,KH,3,L,20,3.9,na,2,13:53,na,na,8,5,8,na,na,na,na,na,na,na,,
17,Jul-2017,2017-07-20,Westbeach,KH,3,L,20,4,na,2,13:56,na,na,3,3,3,na,na,na,na,na,na,na,,
17,Jul-2017,2017-07-20,Westbeach,KH,3,L,20,4.1,na,2,13:55,na,na,10,9,7,na,na,na,na,na,na,na,,
17,Jul-2017,2017-07-20,Westbeach,KH,3,L,20,4.2,na,2,13:57,na,na,3,2,5,na,na,na,na,na,na,na,,
17,Jul-2017,2017-07-20,Westbeach,KH,3,L,20,4.4,na,2,14:00,na,na,6,6,12,na,na,na,na,na,na,na,,
17,Jul-2017,2017-07-20,Westbeach,KH,3,L,20,5.1,na,2,14:02,na,na,6,6,10,na,na,na,na,na,na,na,,
17,Jul-2017,2017-07-20,Westbeach,KH,3,L,20,7.5,na,2,14:03,na,na,1,1,1.5,na,na,na,na,na,na,na,,
17,Jul-2017,2017-07-20,Westbeach,KH,3,L,20,7.6,na,2,14:04,na,na,16,14,12,na,na,na,na,na,na,na,,
17,Jul-2017,2017-07-20,Westbeach,KH,3,L,20,9.9,na,2,14:09,na,na,5,4,3,na,na,na,na,na,na,na,,
17,Jul-2017,2017-07-20,Westbeach,KH,3,L,20,10,na,2,14:07,na,na,5,4,17,na,na,na,na,na,na,na,,
17,Jul-2017,2017-07-20,Westbeach,KH,3,L,20,11,na,2,14:12,na,na,6,5,14,na,na,na,na,na,na,na,,
17,Jul-2017,2017-07-20,Westbeach,KH,3,L,20,11.4,na,2,14:14,na,na,4,3,9,na,na,na,na,na,na,na,,
17,Jul-2017,2017-07-20,Westbeach,KH,3,L,20,11.8,na,2,14:15,na,na,5,3,7,na,na,na,na,na,na,na,,
17,Jul-2017,2017-07-20,Westbeach,KH,3,L,20,11.9,na,2,14:17,na,na,7,7,11,na,na,na,na,na,na,na,,
17,Jul-2017,2017-07-20,Westbeach,KH,3,L,20,12,na,2,14:20,na,na,3,3,5,na,na,na,na,na,na,na,,
17,Jul-2017,2017-07-20,Westbeach,KH,3,L,20,12.1,na,2,14:22,na,na,3,7,9,na,na,na,na,na,na,na,,
17,Jul-2017,2017-07-20,Westbeach,KH,3,L,20,12.5,na,2,14:22,na,na,7,7,12,na,na,na,na,na,na,na,,
17,Jul-2017,2017-07-20,Westbeach,KH,3,L,20,12.7,na,2,14:25,na,P,16,na,na,na,na,na,na,na,na,na,,
17,Jul-2017,2017-07-20,Westbeach,KH,3,L,20,14.8,na,2,14:27,na,na,14,13,12,na,na,na,na,na,na,na,,
17,Jul-2017,2017-07-20,Westbeach,KH,3,L,20,15,na,2,14:31,na,na,5,4,9,na,na,na,na,na,na,na,,
17,Jul-2017,2017-07-20,Westbeach,KH,3,L,20,15.1,na,2,14:32,na,P,13,na,na,na,na,na,na,na,na,na,,
17,Jul-2017,2017-07-20,Westbeach,KH,3,L,20,17.4,na,2,14:34,na,na,6,5,14,na,na,na,na,na,na,na,,
17,Jul-2017,2017-07-20,Westbeach,KH,3,L,20,17.5,na,2,14:36,na,na,42,36,13.5,na,na,na,na,na,na,na,,
17,Jul-2017,2017-07-20,Westbeach,OP,1,R,20,13,na,2,10:20,114,na,27,24,8,na,24,7,85,69,90,na,,
17,Jul-2017,2017-07-20,Westbeach,OP,1,R,20,1.5,na,2,9:57,2537,na,2,2,3,na,na,na,1,0,0,na,*Used to be 1758,
17,Jul-2017,2017-07-20,Westbeach,DVM,1,R,20,0,na,2,10:05,na,na,4,4,7,na,na,na,na,na,na,na,,
17,Jul-2017,2017-07-20,Westbeach,DVM,1,R,20,0,na,2,10:05,na,na,4,4,3.5,na,na,na,na,na,na,na,,
17,Jul-2017,2017-07-20,Westbeach,DVM,1,R,20,0.5,na,2,10:05,na,na,8,6,8,na,na,na,na,na,na,na,,
17,Jul-2017,2017-07-20,Westbeach,DVM,1,R,20,2.5,na,2,10:05,na,na,6,6,6,na,na,na,na,na,na,na,,
17,Jul-2017,2017-07-20,Westbeach,DVM,1,R,20,2.5,na,2,10:05,na,na,9,7,8,na,na,na,na,na,na,na,,
17,Jul-2017,2017-07-20,Westbeach,DVM,1,R,20,3,na,2,10:05,na,na,5,4,5.5,na,na,na,na,na,na,na,,
17,Jul-2017,2017-07-20,Westbeach,DVM,1,R,20,3.75,na,2,10:05,na,na,5,4,7.5,na,na,na,na,na,na,na,,
17,Jul-2017,2017-07-20,Westbeach,DVM,1,R,20,3.8,na,2,10:05,na,na,9,8,8.5,na,na,na,na,na,na,na,,
17,Jul-2017,2017-07-20,Westbeach,DVM,1,R,20,4,na,2,10:05,na,na,10,7,8,na,na,na,na,na,na,na,,
17,Jul-2017,2017-07-20,Westbeach,DVM,1,R,20,4.25,na,2,10:05,na,na,3,3,4,na,na,na,na,na,na,na,,
17,Jul-2017,2017-07-20,Westbeach,DVM,1,R,20,4.5,na,2,10:05,na,P,2,2,3,na,na,na,na,na,na,na,,
17,Jul-2017,2017-07-20,Westbeach,DVM,1,R,20,5,na,2,10:05,na,na,5,5,6,na,na,na,na,na,na,na,,
17,Jul-2017,2017-07-20,Westbeach,DVM,1,R,20,5.25,na,2,10:05,na,na,8,7,9,na,na,na,na,na,na,na,,
17,Jul-2017,2017-07-20,Westbeach,DVM,1,R,20,5.5,na,2,10:05,na,na,5,5,7,na,na,na,na,na,na,na,,
17,Jul-2017,2017-07-20,Westbeach,DVM,1,R,20,5.5,na,2,10:05,na,na,5,4,8,na,na,na,na,na,na,na,,
17,Jul-2017,2017-07-20,Westbeach,DVM,1,R,20,5.75,na,2,10:05,na,na,10,6,10,na,na,na,na,na,na,na,,
17,Jul-2017,2017-07-20,Westbeach,DVM,1,R,20,11.5,na,2,10:46,na,P,13,9,12,na,na,na,na,na,na,na,,
17,Jul-2017,2017-07-20,Westbeach,DVM,1,R,20,12.5,na,2,10:46,na,na,13,12,10,na,na,na,na,na,na,na,,
17,Jul-2017,2017-07-20,Westbeach,DVM,1,R,20,12.5,na,2,10:46,na,na,7,5,7,na,na,na,na,na,na,na,,
17,Jul-2017,2017-07-20,Westbeach,DVM,1,R,20,12.5,na,2,10:46,na,na,5,4,6.5,na,na,na,na,na,na,na,,
17,Jul-2017,2017-07-20,Westbeach,DVM,1,R,20,13.25,na,2,10:46,na,na,6,6,9,na,na,na,na,na,na,na,,
17,Jul-2017,2017-07-20,Westbeach,DVM,1,R,20,14.9,na,2,11:02,na,na,19,17,10,na,na,na,na,na,na,na,,
17,Jul-2017,2017-07-20,Westbeach,DVM,1,R,20,15.9,na,2,11:07,na,na,8,8,10.5,na,na,na,na,na,na,na,,
17,Jul-2017,2017-07-20,Westbeach,OP,2,L,20,12,na,2,11:20,119,na,4,4,6,na,na,na,7,0,0,na,changed to R side,
17,Jul-2017,2017-07-20,Westbeach,OP,2,R,20,8,na,2,11:00,2008,na,11,9,7,na,11,5,21,2,75,na,,
17,Jul-2017,2017-07-20,Westbeach,DVM,2,R,20,1.5,na,2,13:41,na,na,4,4,4,na,na,na,na,na,na,na,,
17,Jul-2017,2017-07-20,Westbeach,DVM,2,R,20,1.5,na,2,13:41,na,na,13,12,8.7,na,na,na,na,na,na,na,,
17,Jul-2017,2017-07-20,Westbeach,DVM,2,R,20,8.5,na,2,13:41,na,na,9,8,9,na,na,na,na,na,na,na,,
17,Jul-2017,2017-07-20,Westbeach,DVM,2,R,20,8.6,na,2,13:41,na,na,16,15,9,na,na,na,na,na,na,na,,
17,Jul-2017,2017-07-20,Westbeach,DVM,2,R,20,10.25,na,2,11:15,na,na,3,1,9.5,na,na,na,na,na,na,na,,
17,Jul-2017,2017-07-20,Westbeach,DVM,2,R,20,10.5,na,2,11:15,na,na,34,25,13,na,na,na,na,na,na,na,,
17,Jul-2017,2017-07-20,Westbeach,DVM,2,R,20,11.25,na,2,11:15,na,na,13,11,8,na,na,na,na,na,na,na,,
17,Jul-2017,2017-07-20,Westbeach,DVM,2,R,20,11.75,na,2,11:15,na,na,2,1,3,na,na,na,na,na,na,na,,
17,Jul-2017,2017-07-20,Westbeach,DVM,2,R,20,11.8,na,2,11:15,na,na,5,5,8,na,na,na,na,na,na,na,,
17,Jul-2017,2017-07-20,Westbeach,DVM,2,R,20,12,na,2,11:15,na,na,4,4,6,na,na,na,na,na,na,na,,
17,Jul-2017,2017-07-20,Westbeach,DVM,2,R,20,12.1,na,2,11:15,na,na,6,4,6.75,na,na,na,na,na,na,na,,
17,Jul-2017,2017-07-20,Westbeach,DVM,2,R,20,13,na,2,11:15,na,na,9,8,7,na,na,na,na,na,na,na,,
17,Jul-2017,2017-07-20,Westbeach,OP,3,R,20,7.5,na,2,10:50,101,na,4,4,7,na,na,na,11,0,0,na,,
17,Jul-2017,2017-07-20,Westbeach,OP,3,R,20,13,na,2,14:05,145,na,6,6,7,na,na,na,32,16,100,na,,
17,Jul-2017,2017-07-20,Westbeach,OP,3,R,20,4.25,na,2,11:30,1991,na,12,11,8,na,12,2,56,38,90,na,,
17,Jul-2017,2017-07-20,Westbeach,OP,3,R,20,3,na,2,14:15,2000,na,11,11,7.5,na,11,1,15,0,0,na,,
17,Jul-2017,2017-07-20,Westbeach,DVM,3,R,20,3,na,2,14:03,na,na,8,7,9,na,na,na,na,na,na,na,,
17,Jul-2017,2017-07-20,Westbeach,DVM,3,R,20,4.5,na,2,14:03,na,na,6,4,8,na,na,na,na,na,na,na,,
17,Jul-2017,2017-07-20,Westbeach,DVM,3,R,20,6.5,na,2,14:07,na,na,3,3,4.5,na,na,na,na,na,na,na,,
17,Jul-2017,2017-07-20,Westbeach,DVM,3,R,20,7,na,2,14:07,na,na,4,3,5,na,na,na,na,na,na,na,,
17,Jul-2017,2017-07-20,Westbeach,DVM,3,R,20,7.5,na,2,14:07,na,na,3,2,6,na,na,na,na,na,na,na,,
17,Jul-2017,2017-07-20,Westbeach,DVM,3,R,20,7.75,na,2,14:07,na,na,3,2,4.5,na,na,na,na,na,na,na,,
17,Jul-2017,2017-07-20,Westbeach,DVM,3,R,20,8,na,2,14:07,na,na,18,12,6,na,na,na,na,na,na,na,,
17,Jul-2017,2017-07-20,Westbeach,DVM,3,R,20,10,na,2,14:07,na,na,10,8,12,na,na,na,na,na,na,na,,
17,Jul-2017,2017-07-20,Westbeach,KH,3,R,20,11,na,2,14:45,na,P,14,na,na,na,na,na,na,na,na,na,,
17,Jul-2017,2017-07-20,Westbeach,DVM,3,R,20,12,na,2,14:07,na,na,6,6,9,na,na,na,na,na,na,na,,
17,Jul-2017,2017-07-20,Westbeach,DVM,3,R,20,12.5,na,2,14:07,na,na,3,2,2,na,na,na,na,na,na,na,,
17,Jul-2017,2017-07-20,Westbeach,DVM,3,R,20,12.75,na,2,14:07,na,na,8,7,8.5,na,na,na,na,na,na,na,,
17,Jul-2017,2017-07-20,Westbeach,DVM,3,R,20,13,na,2,14:07,123,na,4,3,6.5,na,na,na,na,na,na,na,no sproro count done,
17,Jul-2017,2017-07-20,Westbeach,DVM,3,R,20,14,na,2,14:07,na,na,4,3,5,na,na,na,na,na,na,na,,
17,Jul-2017,2017-07-20,Westbeach,KH,3,R,20,14.1,na,2,14:44,na,na,3,3,4.5,na,na,na,na,na,na,na,,
17,Jul-2017,2017-07-15,Womanley,BMM,1,L,20,7.5,na,5,11:15,1938,T,5,4,na,na,na,na,20,10,90,na,was 124,
17,Jul-2017,2017-07-15,Womanley,BMM,1,L,20,2.5,na,5,13:10,129,na,8,7,5,na,na,na,14,5,100,na,,
17,Jul-2017,2017-07-15,Womanley,BMM,1,L,20,12,na,5,10:15,na,T,13,na,na,na,na,na,na,na,na,na,,
17,Jul-2017,2017-07-15,Womanley,BMM,1,L,20,12,na,5,10:15,na,T,4,2,na,na,na,na,na,na,na,na,,
17,Jul-2017,2017-07-15,Womanley,BMM,1,L,20,12,na,5,10:15,na,T,2,2,na,na,na,na,na,na,na,na,,
17,Jul-2017,2017-07-15,Womanley,BMM,1,L,20,12,na,5,10:15,na,na,6,5,9,na,na,na,na,na,na,na,,
17,Jul-2017,2017-07-15,Womanley,BMM,1,L,20,12,na,5,10:15,na,na,5,2,3,na,na,na,na,na,na,na,,
17,Jul-2017,2017-07-15,Womanley,BMM,1,L,20,12,na,5,10:15,na,na,5,3,7,na,na,na,na,na,na,na,,
17,Jul-2017,2017-07-15,Womanley,BMM,2,L,20,16.5,na,5,10:50,120,na,5,1,0.5,na,5,1,10,0,0,na,,
17,Jul-2017,2017-07-15,Womanley,BMM,2,L,20,10.7,na,5,10:50,122,na,4,1,2.5,na,na,na,11,0,0,na,,
17,Jul-2017,2017-07-15,Womanley,BMM,2,L,20,8,na,5,10:15,na,na,2,0,0,1,na,na,na,na,na,na,,
17,Jul-2017,2017-07-15,Womanley,BMM,2,L,20,8,na,5,10:15,na,na,2,0,0,1,na,na,na,na,na,na,,
17,Jul-2017,2017-07-15,Womanley,BMM,2,L,20,12,na,5,10:15,na,na,4,0,0,2,na,na,na,na,na,na,,
17,Jul-2017,2017-07-15,Womanley,BMM,2,L,20,15,na,5,10:15,na,na,1,0,0,1.5,na,na,na,na,na,na,,
17,Jul-2017,2017-07-15,Womanley,BMM,2,L,20,15,na,5,10:15,na,na,4,1,0,na,na,na,na,na,na,na,,
17,Jul-2017,2017-07-15,Womanley,BMM,2,L,20,16,na,5,10:15,na,na,1,0,0,1.5,na,na,na,na,na,na,,
17,Jul-2017,2017-07-15,Womanley,BMM,3,L,20,13,na,5,10:44,113,na,5,4,9,na,6,1,39,27,80,na,,
17,Jul-2017,2017-07-15,Womanley,NAP,3,L,20,0,na,5,10:24,na,T,7,6,na,na,na,na,na,na,na,na,,
17,Jul-2017,2017-07-15,Womanley,NAP,3,L,20,0,na,5,10:24,na,T,2,2,na,na,na,na,na,na,na,na,,
17,Jul-2017,2017-07-15,Womanley,NAP,3,L,20,2,na,5,10:27,na,na,8,6,4.5,na,na,na,na,na,na,na,,
17,Jul-2017,2017-07-15,Womanley,NAP,3,L,20,7,na,5,10:33,na,na,4,4,3,na,na,na,na,na,na,na,,
17,Jul-2017,2017-07-15,Womanley,NAP,3,L,20,7.5,na,5,10:33,na,na,3,0,0,3.5,na,na,na,na,na,na,,
17,Jul-2017,2017-07-15,Womanley,NAP,3,L,20,7.5,na,5,10:33,na,na,3,1,5.5,na,na,na,na,na,na,na,,
17,Jul-2017,2017-07-15,Womanley,NAP,3,L,20,7.5,na,5,10:33,na,T,8,na,na,na,na,na,na,na,na,na,,
17,Jul-2017,2017-07-15,Womanley,NAP,3,L,20,10,na,5,10:33,na,na,2,0,0,2,na,na,na,na,na,na,,
17,Jul-2017,2017-07-15,Womanley,NAP,3,L,20,10,na,5,10:33,na,na,2,0,0,1.3,na,na,na,na,na,na,,
17,Jul-2017,2017-07-15,Womanley,BMM,1,R,20,20,na,5,12:50,1842,na,9,6,6.5,na,na,na,15,0,0,na,could have been 104 or 105 at some point,
17,Jul-2017,2017-07-15,Womanley,BMM,1,R,20,13.7,na,5,13:00,107,T,12,10,na,na,14,2,29,11,100,na,,
17,Jul-2017,2017-07-15,Womanley,BMM,1,R,20,5.2,na,5,11:10,115,na,3,2,5,na,4,0,5,0,0,na,,
17,Jul-2017,2017-07-15,Womanley,BMM,1,R,20,0,na,5,10:15,na,T,5,na,na,na,na,na,na,na,na,na,,
17,Jul-2017,2017-07-15,Womanley,BMM,1,R,20,2,na,5,10:15,na,na,2,0,0,2,na,na,na,na,na,na,,
17,Jul-2017,2017-07-15,Womanley,BMM,1,R,20,10,na,5,10:15,na,na,5,3,7,na,na,na,na,na,na,na,,
17,Jul-2017,2017-07-15,Womanley,BMM,1,R,20,10,na,5,10:15,na,na,7,5,7,na,na,na,na,na,na,na,,
17,Jul-2017,2017-07-15,Womanley,BMM,1,R,20,17,na,5,10:15,na,na,5,4,6,na,na,na,na,na,na,na,,
17,Jul-2017,2017-07-15,Womanley,BMM,1,R,20,17,na,5,10:15,na,na,5,3,6,na,na,na,na,na,na,na,,
17,Jul-2017,2017-07-15,Womanley,BMM,1,R,20,17,na,5,10:15,na,T,1,1,na,na,na,na,na,na,na,na,,
17,Jul-2017,2017-07-15,Womanley,BMM,1,R,20,17,na,5,10:15,na,T,4,1,na,na,na,na,na,na,na,na,,
17,Jul-2017,2017-07-15,Womanley,BMM,1,R,20,17,na,5,10:15,na,na,7,5,8,na,na,na,na,na,na,na,,
17,Jul-2017,2017-07-15,Womanley,BMM,1,R,20,17,na,5,10:15,na,T,5,3,na,na,na,na,na,na,na,na,,
17,Jul-2017,2017-07-15,Womanley,BMM,2,R,20,8,na,5,11:15,106,na,4,2,0.5,na,na,na,5,0,0,na,,
17,Jul-2017,2017-07-15,Womanley,BMM,2,R,20,10.6,na,5,11:00,121,na,9,5,7,na,10,1,29,20,90,na,,
17,Jul-2017,2017-07-15,Womanley,BMM,2,R,20,0,na,5,10:15,na,na,2,0,0,2,na,na,na,na,na,na,,
17,Jul-2017,2017-07-15,Womanley,BMM,2,R,20,8,na,5,10:15,na,na,1,0,0,3,na,na,na,na,na,na,,
17,Jul-2017,2017-07-15,Womanley,BMM,2,R,20,8,na,5,10:15,na,na,1,0,0,1,na,na,na,na,na,na,,
17,Jul-2017,2017-07-15,Womanley,BMM,2,R,20,8,na,5,10:15,na,na,1,0,0,2,na,na,na,na,na,na,,
17,Jul-2017,2017-07-15,Womanley,NAP,2,R,20,20,na,5,11:16,na,T,9,na,na,na,na,na,na,na,na,na,,
17,Jul-2017,2017-07-15,Womanley,NAP,2,R,20,20,na,5,11:16,na,na,5,4,5,na,na,na,na,na,na,na,,
17,Jul-2017,2017-07-15,Womanley,BMM,3,R,20,10.5,na,5,10:17,100,na,10,6,6,na,10,2,17,8,100,na,,
17,Jul-2017,2017-07-15,Womanley,NAP,3,R,20,4,na,5,10:33,na,na,12,11,8,na,na,na,na,na,na,na,,
17,Jul-2017,2017-07-15,Womanley,NAP,3,R,20,4,na,5,10:33,na,na,3,2,7,na,na,na,na,na,na,na,,
17,Jul-2017,2017-07-15,Womanley,NAP,3,R,20,5,na,5,10:33,na,na,1,0,0,3.2,na,na,na,na,na,na,,
17,Jul-2017,2017-07-15,Womanley,NAP,3,R,20,9,na,5,10:33,na,na,5,4,6,na,na,na,na,na,na,na,,
17,Jul-2017,2017-07-15,Womanley,NAP,3,R,20,9,na,5,10:33,na,na,2,0,0,3,na,na,na,na,na,na,,
17,Jul-2017,2017-07-15,Womanley,NAP,3,R,20,9,na,5,10:33,na,T,3,na,na,na,na,na,na,na,na,na,,
17,Jul-2017,2017-07-15,Womanley,NAP,3,R,20,13,na,5,10:33,na,T,6,6,na,na,na,na,na,na,na,na,,
17,Jul-2017,2017-07-15,Womanley,NAP,3,R,20,13,na,5,10:33,na,T,8,na,na,na,na,na,na,na,na,na,,
17,Jul-2017,2017-07-15,Womanley,NAP,3,R,20,13,na,5,10:33,na,na,5,5,6,na,na,na,na,na,na,na,,
17,Jul-2017,2017-07-15,Womanley,NAP,3,R,20,13,na,5,10:33,na,na,7,5,5,na,na,na,na,na,na,na,,
17,Jul-2017,2017-07-15,Womanley,NAP,3,R,20,20,na,5,10:33,na,na,9,6,8,na,na,na,na,na,na,na,,
18,Aug-2017,2017-08-27,Golden,KH/BMM,1,L,20,0_20,na,4,na,na,na,0,na,na,na,na,na,na,na,na,na,no macro (not even holdfast),
18,Aug-2017,2017-08-27,Golden,KH/BMM,2,L,20,0_20,na,4,na,na,na,0,na,na,na,na,na,na,na,na,na,no macro (not even holdfast),
18,Aug-2017,2017-08-27,Golden,KH/BMM,3,L,20,0_20,na,4,na,na,na,0,na,na,na,na,na,na,na,na,na,no macro (not even holdfast),
18,Aug-2017,2017-08-27,Golden,KH/BMM,1,R,20,0_20,na,4,na,na,na,0,na,na,na,na,na,na,na,na,na,no macro (not even holdfast),
18,Aug-2017,2017-08-27,Golden,KH/BMM,2,R,20,0_20,na,4,na,na,na,1,0,0,2,na,na,na,na,na,na,,
18,Aug-2017,2017-08-27,Golden,KH/BMM,2,R,20,0_20,na,4,na,na,na,1,0,0,1.5,na,na,na,na,na,na,,
18,Aug-2017,2017-08-27,Golden,KH/BMM,3,R,20,0_20,na,4,na,na,na,0,na,na,na,na,na,na,na,na,na,no macro (not even holdfast),
15,May-2017,2017-05-16,Meay,OP,1,L,20,0_20,na,2,na,na,na,0,na,na,na,na,na,na,na,na,na,no plants,
15,May-2017,2017-05-16,Meay,OP,2,L,20,0_20,na,2,na,na,na,0,na,na,na,na,na,na,na,na,na,no plants,
15,May-2017,2017-05-16,Meay,OP,3,L,20,0_20,na,2,na,na,na,0,na,na,na,na,na,na,na,na,na,no plants,
15,May-2017,2017-05-16,Meay,OP,1,R,20,0_20,na,2,na,na,na,0,na,na,na,na,na,na,na,na,na,no plants,
15,May-2017,2017-05-16,Meay,OP,2,R,20,0_20,na,2,na,na,na,0,na,na,na,na,na,na,na,na,na,no plants,
15,May-2017,2017-05-16,Meay,OP,3,R,20,0_20,na,2,na,na,na,0,na,na,na,na,na,na,na,na,na,no plants,
18,Aug-2017,2017-08-27,Simmonds,OP,1,L,20,18,na,5,15:00,na,na,18,11,6,na,0,21,31,22,100,na,tag 544,
18,Aug-2017,2017-08-27,Simmonds,OP,2,L,20,2,na,5,15:00,na,na,3,2,4,na,0,6,7,6,100,na,tag 147,
18,Aug-2017,2017-08-27,Simmonds,OP,2,L,20,8,na,5,15:00,na,na,16,16,6,na,na,na,7,7,100,na,tag 1686,
18,Aug-2017,2017-08-27,Simmonds,OP,2,L,20,15.4,na,5,15:00,na,na,4,3,6,na,0,4,7,7,100,na,tag 1916,
18,Aug-2017,2017-08-27,Simmonds,OP,2,R,20,15,na,5,15:00,na,na,7,2,5,na,na,na,31,25,100,na,tag 301,
18,Aug-2017,2017-08-27,Simmonds,OP,2,R,20,15.5,na,5,15:00,na,na,3,2,1,na,0,3,5,2,100,na,tag 2527,
18,Aug-2017,2017-08-27,Simmonds,OP,3,R,20,12,na,5,15:00,na,na,5,3,6.5,na,na,na,8,4,100,na,tag 2033,plant recorded as tangled but estimates of length given
18,Aug-2017,2017-08-27,Simmonds,OP,3,R,20,6.5,na,5,15:00,na,na,5,3,4,na,0,6,11,6,100,na,tag 2146,plant recorded as tangled but estimates of length given
18,Aug-2017,2017-08-27,Simmonds,OP,3,R,20,18,na,5,15:00,na,na,7,3,7,na,0,10,33,27,100,na,tag 2407,
18,Aug-2017,2017-08-27,Simmonds,KH,1,R,20,0.8,na,5,15:00,na,T,8,na,na,na,na,na,na,na,na,na,,
18,Aug-2017,2017-08-27,Simmonds,KH,1,R,20,0.9,na,5,15:00,na,T,14,na,na,na,na,na,na,na,na,na,,
18,Aug-2017,2017-08-27,Simmonds,KH,1,R,20,2,na,5,15:00,na,na,1,0,0,1.2,na,na,na,na,na,na,,
18,Aug-2017,2017-08-27,Simmonds,BMM,3,L,20,4,na,5,15:00,na,T,5,na,4.5,na,na,na,na,na,na,na,,plant recorded as tangled but estimates of length given
18,Aug-2017,2017-08-27,Simmonds,BMM,3,L,20,4,na,5,15:00,na,T,5,na,1,na,na,na,na,na,na,na,,plant recorded as tangled but estimates of length given
18,Aug-2017,2017-08-27,Simmonds,BMM,3,L,20,4,na,5,15:00,na,na,4,2,1.5,na,na,na,na,na,na,na,,
18,Aug-2017,2017-08-27,Simmonds,KH,1,R,20,5,na,5,15:00,na,C,6,4,4,na,na,na,na,na,na,na,,
18,Aug-2017,2017-08-27,Simmonds,BMM,3,L,20,6,na,5,15:00,na,T,5,na,3,na,na,na,na,na,na,na,,plant recorded as tangled but estimates of length given
18,Aug-2017,2017-08-27,Simmonds,BMM,3,L,20,6,na,5,15:00,na,T,7,na,na,na,na,na,na,na,na,na,,
18,Aug-2017,2017-08-27,Simmonds,BMM,3,L,20,6,na,5,15:00,na,na,2,0,0,4.5,na,na,na,na,na,na,,
18,Aug-2017,2017-08-27,Simmonds,BMM,3,L,20,6,na,5,15:00,na,C,2,0,0,3.5,na,na,na,na,na,na,,
18,Aug-2017,2017-08-27,Simmonds,BMM,3,L,20,6,na,5,15:00,na,na,2,0,0,1.5,na,na,na,na,na,na,,
18,Aug-2017,2017-08-27,Simmonds,KH,1,R,20,11,na,5,15:00,na,T,40,na,na,na,na,na,na,na,na,na,,
18,Aug-2017,2017-08-27,Simmonds,BMM,3,L,20,14,na,5,15:00,na,T,7,na,5,na,na,na,na,na,na,na,,plant recorded as tangled but estimates of length given
18,Aug-2017,2017-08-27,Simmonds,BMM,3,L,20,14,na,5,15:00,na,T,6,na,na,na,na,na,na,na,na,na,,
18,Aug-2017,2017-08-27,Simmonds,BMM,3,L,20,14,na,5,15:00,na,na,5,3,6.5,na,na,na,na,na,na,na,,
18,Aug-2017,2017-08-27,Simmonds,BMM,3,L,20,14,na,5,15:00,na,na,6,5,4,na,na,na,na,na,na,na,,
18,Aug-2017,2017-08-27,Simmonds,KH,1,R,20,15,na,5,15:00,na,T,23,na,na,na,na,na,na,na,na,na,,
18,Aug-2017,2017-08-27,Simmonds,BMM,2,L,20,4,na,5,15:00,na,T,5,na,3,na,na,na,na,na,na,na,,plant recorded as tangled but estimates of length given
18,Aug-2017,2017-08-27,Simmonds,KH,2,R,20,7,na,5,15:00,na,na,6,3,6,na,na,na,na,na,na,na,,
18,Aug-2017,2017-08-27,Simmonds,KH,2,R,20,7,na,5,15:00,na,T,2,na,na,na,na,na,na,na,na,na,,
18,Aug-2017,2017-08-27,Simmonds,KH,2,R,20,8,na,5,15:00,na,T,4,na,na,na,na,na,na,na,na,na,,
18,Aug-2017,2017-08-27,Simmonds,BMM,2,L,20,11,na,5,15:00,na,T,3,na,na,na,na,na,na,na,na,na,,
18,Aug-2017,2017-08-27,Simmonds,BMM,2,L,20,11,na,5,15:00,na,T,3,na,na,na,na,na,na,na,na,na,,
18,Aug-2017,2017-08-27,Simmonds,BMM,2,L,20,11,na,5,15:00,na,T,4,na,na,na,na,na,na,na,na,na,,
18,Aug-2017,2017-08-27,Simmonds,BMM,2,L,20,14,na,5,15:00,na,T,5,na,3,na,na,na,na,na,na,na,,plant recorded as tangled but estimates of length given
18,Aug-2017,2017-08-27,Simmonds,BMM,2,L,20,14,na,5,15:00,na,na,2,2,5.5,na,na,na,na,na,na,na,,
18,Aug-2017,2017-08-27,Simmonds,KH,2,R,20,15,na,5,15:00,na,na,1,0,0,4.5,na,na,na,na,na,na,,
18,Aug-2017,2017-08-27,Simmonds,BMM,2,L,20,16,na,5,15:00,na,T,7,na,3,na,na,na,na,na,na,na,,plant recorded as tangled but estimates of length given
18,Aug-2017,2017-08-27,Simmonds,BMM,2,L,20,16,na,5,15:00,na,T,7,na,3.5,na,na,na,na,na,na,na,,plant recorded as tangled but estimates of length given
18,Aug-2017,2017-08-27,Simmonds,BMM,2,L,20,16,na,5,15:00,na,na,2,1,4.5,na,na,na,na,na,na,na,,
18,Aug-2017,2017-08-27,Simmonds,BMM,2,L,20,16,na,5,15:00,na,na,3,3,3.5,na,na,na,na,na,na,na,,
18,Aug-2017,2017-08-27,Simmonds,KH,2,R,20,16.8,na,5,15:00,na,na,6,4,5,na,na,na,na,na,na,na,,
18,Aug-2017,2017-08-27,Simmonds,KH,2,R,20,17,na,5,15:00,na,na,8,5,8,na,na,na,na,na,na,na,,
18,Aug-2017,2017-08-27,Simmonds,KH,3,R,20,0.5,na,5,15:00,na,na,26,20,14,na,na,na,na,na,na,na,,
18,Aug-2017,2017-08-27,Simmonds,BMM,1,L,20,5,na,5,15:00,na,na,3,1,0,na,na,na,na,na,na,na,,
18,Aug-2017,2017-08-27,Simmonds,KH,3,R,20,9,na,5,15:00,na,na,3,1,2,na,na,na,na,na,na,na,,
18,Aug-2017,2017-08-27,Simmonds,KH,3,R,20,9.2,na,5,15:00,na,na,3,1,0,na,na,na,na,na,na,na,,
18,Aug-2017,2017-08-27,Simmonds,KH,3,R,20,9.5,na,5,15:00,na,na,6,1,0,na,na,na,na,na,na,na,,
18,Aug-2017,2017-08-27,Simmonds,BMM,1,L,20,10,na,5,15:00,na,na,2,0,0,2.5,na,na,na,na,na,na,,
18,Aug-2017,2017-08-27,Simmonds,KH,3,R,20,11,na,5,15:00,na,na,5,1,0,na,na,na,na,na,na,na,,
18,Aug-2017,2017-08-27,Simmonds,KH,3,R,20,11.2,na,5,15:00,na,na,7,7,5,na,na,na,na,na,na,na,,
18,Aug-2017,2017-08-27,Simmonds,KH,3,R,20,11.3,na,5,15:00,na,na,5,5,7.5,na,na,na,na,na,na,na,,
18,Aug-2017,2017-08-27,Simmonds,KH,3,R,20,12.5,na,5,15:00,na,na,9,7,7,na,na,na,na,na,na,na,,
18,Aug-2017,2017-08-27,Simmonds,KH,3,R,20,14,na,5,15:00,na,na,5,3,9,na,na,na,na,na,na,na,,
18,Aug-2017,2017-08-27,Simmonds,BMM,1,L,20,15,na,5,15:00,na,T,13,na,6,na,na,na,na,na,na,na,,plant recorded as tangled but estimates of length given
18,Aug-2017,2017-08-27,Simmonds,BMM,1,L,20,15,na,5,15:00,na,T,5,na,4.5,na,na,na,na,na,na,na,,plant recorded as tangled but estimates of length given
18,Aug-2017,2017-08-27,Simmonds,BMM,1,L,20,16,na,5,15:00,na,na,5,4,6,na,na,na,na,na,na,na,,
18,Aug-2017,2017-08-27,Simmonds,BMM,1,L,20,18,na,5,15:00,na,T,3,na,2.5,na,na,na,na,na,na,na,,plant recorded as tangled but estimates of length given
18,Aug-2017,2017-08-27,Stryker,OP,1,L,20,20,na,4,11:00,na,na,6,0,0,2,0,11,30,5,80,na,tag 135,
18,Aug-2017,2017-08-27,Stryker,OP,2,L,20,15,na,4,11:00,na,na,12,7,4,na,0,18,37,20,100,na,tag 337,
18,Aug-2017,2017-08-27,Stryker,OP,2,L,20,10.5,na,4,11:00,na,na,5,3,4,na,0,6,17,12,100,na,tag 2004,
18,Aug-2017,2017-08-27,Stryker,OP,3,L,20,7.5,na,4,11:00,na,na,5,2,6,na,0,7,11,9,100,na,tag 1757,
18,Aug-2017,2017-08-27,Stryker,OP,1,R,20,11.8,na,4,11:00,na,na,3,1,1,na,na,na,17,9,100,na,tag 125,
18,Aug-2017,2017-08-27,Stryker,OP,1,R,20,14.5,na,4,11:00,na,na,6,4,4,na,0,8,32,28,100,na,tag 148,
18,Aug-2017,2017-08-27,Stryker,OP,1,R,20,6,na,4,11:00,na,na,2,1,0,na,0,3,27,25,100,na,tag 841,
18,Aug-2017,2017-08-27,Stryker,OP,2,R,20,12,na,4,11:00,na,na,13,12,4,na,na,na,45,10,100,na,tag 1962,
18,Aug-2017,2017-08-27,Stryker,OP,3,R,20,10,na,4,11:00,na,na,2,1,0.5,na,na,na,15,10,100,na,tag 1942,
18,Aug-2017,2017-08-27,Stryker,OP,3,R,20,3,na,4,11:00,na,na,21,13,8,na,na,na,100,20,100,na,tag 2041,
18,Aug-2017,2017-08-27,Stryker,BMM,1,L,20,2,na,4,11:32,na,na,7,4,5.5,na,na,na,na,na,na,na,,
18,Aug-2017,2017-08-27,Stryker,BMM,1,L,20,4,na,4,11:32,na,T,18,na,16,na,na,na,na,na,na,na,,plant recorded as tangled but estimates of length given
18,Aug-2017,2017-08-27,Stryker,BMM,1,L,20,4,na,4,11:32,na,na,2,2,3,na,na,na,na,na,na,na,,
18,Aug-2017,2017-08-27,Stryker,BMM,1,L,20,4,na,4,11:32,na,na,6,4,2.5,na,na,na,na,na,na,na,,
18,Aug-2017,2017-08-27,Stryker,KH,1,R,20,7,na,4,11:06,na,na,2,0,0,2,na,na,na,na,na,na,,
18,Aug-2017,2017-08-27,Stryker,KH,1,R,20,7.1,na,4,11:06,na,na,2,1,0.5,na,na,na,na,na,na,na,,
18,Aug-2017,2017-08-27,Stryker,KH,1,R,20,11,na,4,11:06,na,na,3,1,1,na,na,na,na,na,na,na,row had not been entered,
18,Aug-2017,2017-08-27,Stryker,BMM,1,R,20,14,na,4,11:32,na,na,5,2,3,na,na,na,na,na,na,na,,
18,Aug-2017,2017-08-27,Stryker,KH,1,L,20,14,na,4,11:06,na,na,7,4,2,na,na,na,na,na,na,na,row had not been entered,
18,Aug-2017,2017-08-27,Stryker,BMM,1,L,20,17,na,4,11:32,na,na,5,0,0,2.5,na,na,na,na,na,na,,
18,Aug-2017,2017-08-27,Stryker,BMM,1,L,20,17,na,4,11:32,na,na,2,0,0,3,na,na,na,na,na,na,,
18,Aug-2017,2017-08-27,Stryker,BMM,1,L,20,17,na,4,11:32,na,na,6,0,0,3.5,na,na,na,na,na,na,,
18,Aug-2017,2017-08-27,Stryker,KH,1,L,20,18,na,4,11:06,na,P,2,na,na,na,na,na,na,na,na,na,,
18,Aug-2017,2017-08-27,Stryker,KH,1,R,20,18.9,na,4,11:06,na,P,4,na,na,na,na,na,na,na,na,na,,
18,Aug-2017,2017-08-27,Stryker,KH,1,R,20,19,na,4,11:06,na,na,7,4,2,na,na,na,na,na,na,na,,
18,Aug-2017,2017-08-27,Stryker,KH,1,L,20,19.5,na,4,11:06,na,P,2,na,na,na,na,na,na,na,na,na,,
18,Aug-2017,2017-08-27,Stryker,KH,2,R,20,0,na,4,10:39,na,na,4,4,6,na,na,na,na,na,na,na,row had not been entered,
18,Aug-2017,2017-08-27,Stryker,KH,2,R,20,0.2,na,4,10:39,na,na,2,1,2,na,na,na,na,na,na,na,,
18,Aug-2017,2017-08-27,Stryker,KH,2,R,20,0.3,na,4,10:39,na,na,5,6,5,na,na,na,na,na,na,na,,
18,Aug-2017,2017-08-27,Stryker,KH,2,R,20,2,na,4,10:39,na,na,14,17,8.5,na,na,na,na,na,na,na,,
18,Aug-2017,2017-08-27,Stryker,KH,2,R,20,2,na,4,10:39,na,na,13,12,4,na,na,na,na,na,na,na,,
18,Aug-2017,2017-08-27,Stryker,BMM,2,L,20,4,na,4,11:18,na,T,17,na,4.5,na,na,na,na,na,na,na,,plant recorded as tangled but estimates of length given
18,Aug-2017,2017-08-27,Stryker,BMM,2,L,20,4,na,4,11:18,na,T,5,na,na,na,na,na,na,na,na,na,,
18,Aug-2017,2017-08-27,Stryker,BMM,2,L,20,5,na,4,11:18,na,T,7,na,3.5,na,na,na,na,na,na,na,,plant recorded as tangled but estimates of length given
18,Aug-2017,2017-08-27,Stryker,BMM,2,L,20,5,na,4,11:18,na,na,3,3,4,na,na,na,na,na,na,na,,
18,Aug-2017,2017-08-27,Stryker,BMM,2,L,20,5,na,4,11:18,na,na,4,2,4.5,na,na,na,na,na,na,na,,
18,Aug-2017,2017-08-27,Stryker,BMM,2,L,20,10,na,4,11:18,na,C,1,1,3.5,na,na,na,na,na,na,na,,
18,Aug-2017,2017-08-27,Stryker,KH,2,R,20,13,na,4,10:39,na,na,21,12,2,na,na,na,na,na,na,na,,
18,Aug-2017,2017-08-27,Stryker,KH,2,R,20,12.5,na,4,10:39,na,na,2,0,0,1.5,na,na,na,na,na,na,,
18,Aug-2017,2017-08-27,Stryker,KH,2,R,20,12.6,na,4,11:39,na,na,13,8,2,na,na,na,na,na,na,na,row had not been entered,
18,Aug-2017,2017-08-27,Stryker,KH,3,R,20,1,na,4,11:06,na,na,2,0,0,2,na,na,na,na,na,na,row had not been entered,
18,Aug-2017,2017-08-27,Stryker,BMM,3,L,20,1.5,na,4,10:42,na,na,4,3,5,na,na,na,na,na,na,na,,
18,Aug-2017,2017-08-27,Stryker,KH,3,R,20,2.4,na,4,11:06,na,na,2,1,3,na,na,na,na,na,na,na,,
18,Aug-2017,2017-08-27,Stryker,KH,3,R,20,2.5,na,4,11:06,na,na,21,13,8,na,na,na,na,na,na,na,row had not been entered,
18,Aug-2017,2017-08-27,Stryker,BMM,3,L,20,3,na,4,10:42,na,na,6,4,4,na,na,na,na,na,na,na,,
18,Aug-2017,2017-08-27,Stryker,BMM,3,L,20,3,na,4,10:42,na,C,5,5,4,na,na,na,na,na,na,na,,
18,Aug-2017,2017-08-27,Stryker,BMM,3,L,20,3,na,4,10:42,na,T,3,3,na,na,na,na,na,na,na,na,,
18,Aug-2017,2017-08-27,Stryker,BMM,3,L,20,3,na,4,10:42,na,T,6,na,na,na,na,na,na,na,na,na,,
18,Aug-2017,2017-08-27,Stryker,BMM,3,L,20,7,na,4,10:42,na,C,3,2,2,na,na,na,na,na,na,na,,
18,Aug-2017,2017-08-27,Stryker,BMM,3,L,20,7,na,4,10:42,na,C,3,2,3.5,na,na,na,na,na,na,na,,
18,Aug-2017,2017-08-27,Stryker,BMM,3,L,20,7,na,4,10:42,na,na,4,2,2,na,na,na,na,na,na,na,,
18,Aug-2017,2017-08-27,Stryker,BMM,3,L,20,7,na,4,10:42,na,na,3,2,9,na,na,na,na,na,na,na,,
18,Aug-2017,2017-08-27,Stryker,BMM,3,L,20,7,na,4,10:42,na,na,7,6,3,na,na,na,na,na,na,na,,
18,Aug-2017,2017-08-27,Stryker,BMM,3,L,20,7,na,4,10:42,na,T,8,na,na,na,na,na,na,na,na,na,,
18,Aug-2017,2017-08-27,Stryker,BMM,3,L,20,8,na,4,10:42,na,na,6,6,4,na,na,na,na,na,na,na,,
18,Aug-2017,2017-08-27,Stryker,BMM,3,L,20,8,na,4,10:42,na,na,6,3,6.5,na,na,na,na,na,na,na,,
18,Aug-2017,2017-08-27,Stryker,BMM,3,L,20,8,na,4,10:42,na,T,6,6,na,na,na,na,na,na,na,na,,
18,Aug-2017,2017-08-27,Stryker,BMM,3,L,20,8,na,4,10:42,na,na,6,6,7,na,na,na,na,na,na,na,,
18,Aug-2017,2017-08-27,Stryker,BMM,3,L,20,10,na,4,10:42,na,na,12,11,4.5,na,na,na,na,na,na,na,,
18,Aug-2017,2017-08-27,Stryker,BMM,3,L,20,10,na,4,10:42,na,na,9,7,8.5,na,na,na,na,na,na,na,,
18,Aug-2017,2017-08-27,Stryker,KH,3,R,20,11,na,4,11:06,na,na,1,0,0,1,na,na,na,na,na,na,,
18,Aug-2017,2017-08-27,Stryker,KH,3,R,20,11.2,na,4,11:06,na,na,2,1,0.5,na,na,na,na,na,na,na,,
18,Aug-2017,2017-08-27,Stryker,BMM,3,L,20,14,na,4,10:42,na,C,2,1,5.5,na,na,na,na,na,na,na,,
18,Aug-2017,2017-08-27,Stryker,BMM,3,L,20,14,na,4,10:42,na,na,5,4,2,na,na,na,na,na,na,na,,
18,Aug-2017,2017-08-27,Stryker,BMM,3,L,20,14,na,4,10:42,na,C,4,2,3,na,na,na,na,na,na,na,,
18,Aug-2017,2017-08-27,Stryker,BMM,3,L,20,14,na,4,10:42,na,C,3,2,0.5,na,na,na,na,na,na,na,,
18,Aug-2017,2017-08-27,Stryker,BMM,3,L,20,14,na,4,10:42,na,C,4,3,4,na,na,na,na,na,na,na,,
18,Aug-2017,2017-08-27,Stryker,KH,3,R,20,20,na,4,11:06,na,na,11,5,2,na,na,na,na,na,na,na,,
18,Aug-2017,2017-08-25,Triquet,OP,1,L,20,14.2,na,4,10:10,108,na,4,1,0,na,na,na,5,0,0,na,,
18,Aug-2017,2017-08-25,Triquet,OP,1,L,20,3.25,na,4,10:00,112,na,3,2,0.5,na,3,1,5,0,0,na,,
18,Aug-2017,2017-08-25,Triquet,NAP,1,L,20,0.5,na,4,10:03,na,na,1,0,0,1.3,na,na,na,na,na,na,,
18,Aug-2017,2017-08-25,Triquet,NAP,1,L,20,2.5,na,4,10:06,na,na,4,3,2,na,na,na,na,na,na,na,,
18,Aug-2017,2017-08-25,Triquet,NAP,1,L,20,2.5,na,4,10:11,na,na,3,2,3,na,na,na,na,na,na,na,,
18,Aug-2017,2017-08-25,Triquet,NAP,1,L,20,2.5,na,4,10:15,na,na,6,5,5,na,na,na,na,na,na,na,,
18,Aug-2017,2017-08-25,Triquet,NAP,1,L,20,2.5,na,4,10:17,na,na,5,3,4,na,na,na,na,na,na,na,,
18,Aug-2017,2017-08-25,Triquet,NAP,1,L,20,14,na,4,10:20,na,na,3,3,4,na,na,na,na,na,na,na,,
18,Aug-2017,2017-08-25,Triquet,NAP,1,L,20,14,na,4,10:22,na,na,4,2,1,na,na,na,na,na,na,na,,
18,Aug-2017,2017-08-25,Triquet,NAP,1,L,20,16,na,4,10:23,na,na,2,0,0,1,na,na,na,na,na,na,,
18,Aug-2017,2017-08-25,Triquet,NAP,1,L,20,17,na,4,10:24,na,T,4,3,na,na,na,na,na,na,na,na,,
18,Aug-2017,2017-08-25,Triquet,NAP,1,L,20,17,na,4,10:27,na,na,4,3,3.5,na,na,na,na,na,na,na,,
18,Aug-2017,2017-08-25,Triquet,NAP,1,L,20,17.5,na,4,10:29,na,na,6,4,2,na,na,na,na,na,na,na,,
1,May-2014,2014-05-24,Golden,na,3,L,20,1,7.4,na,13:37-14:20,554,T,15,9,na,na,0,28,na,na,na,2.6,no sporo counts,
1,May-2014,2014-05-24,Golden,na,3,L,20,4.5,7.4,na,13:37-14:20,na,na,12,9,8,na,na,na,na,na,na,2.6,,
1,May-2014,2014-05-24,Golden,na,3,R,20,4.5,7.4,na,13:37-14:20,na,T,9,5,na,na,na,na,na,na,na,2.6,,
1,May-2014,2014-05-24,Golden,na,3,L,20,6,6.2,na,13:37-14:20,na,na,4,1,1,na,na,na,na,na,na,2.6,,
1,May-2014,2014-05-24,Golden,na,3,R,20,6.5,6.3,na,13:37-14:20,na,na,4,1,3,na,na,na,na,na,na,2.6,,
1,May-2014,2014-05-29,Meay,na,3,L,20,3,4.6,na,14:45-16:00,561,na,4,1,2,na,0,5,na,na,na,3.95,no sporo counts,plant recorded as tangled but estimates of length given
1,May-2014,2014-05-29,Meay,na,3,L,20,6.2,4.5,na,14:45-16:00,564,T,3,na,na,na,0,4,na,na,na,3.95,no sporo counts,
1,May-2014,2014-05-29,Meay,na,3,L,20,10.5,4.2,na,14:45-16:00,na,na,17,10,11,na,na,na,na,na,na,3.95,,
1,May-2014,2014-05-29,Meay,na,3,L,20,3,4.6,na,14:45-16:00,na,na,1,1,1,na,na,na,na,na,na,3.95,,
1,May-2014,2014-05-29,Meay,na,3,L,20,3,4.7,na,14:45-16:00,na,T,2,na,na,na,na,na,na,na,na,3.95,,
1,May-2014,2014-05-29,Meay,na,3,R,20,10.5,4.2,na,14:45-16:00,na,P,4,na,na,na,na,na,na,na,na,3.95,,
1,May-2014,2014-05-29,Meay,na,3,L,20,15.5,3.5,na,14:45-16:00,na,T,11,3,na,na,na,na,na,na,na,3.95,,
1,May-2014,2014-05-29,Meay,na,3,R,20,15.5,3.9,na,14:45-16:00,na,na,9,0,0,3.5,na,na,na,na,na,3.95,,
1,May-2014,2014-05-25,Simmonds,na,3,L,20,19,9.6,na,10:52-11:35,537,na,8,2,12,na,0,8,na,na,na,3.65,no sporo counts,
1,May-2014,2014-05-25,Simmonds,na,3,R,20,11.5,6,na,10:52-11:35,556,T,44,20,na,na,na,na,na,na,na,3.65,no sporo counts,
1,May-2014,2014-05-25,Simmonds,na,3,R,20,7,6.5,na,10:52-11:35,na,na,2,0,0,7.5,na,na,na,na,na,3.65,,
1,May-2014,2014-05-25,Simmonds,na,3,R,20,13.3,6.3,na,10:52-11:35,na,na,2,0,0,3,na,na,na,na,na,3.65,,
1,May-2014,2014-05-25,Simmonds,na,3,R,20,14.1,6.4,na,10:52-11:35,na,na,1,0,0,1,na,na,na,na,na,3.65,,
1,May-2014,2014-05-26,Stryker,na,3,R,20,7.5,7.8,na,10:44-11:52,548,na,6,5,5,na,na,na,na,na,na,3.8,no sporo counts,plant recorded as tangled but estimates of length given
1,May-2014,2014-05-26,Stryker,na,3,R,20,2.5,7.8,na,10:44-11:52,555,na,5,5,6.5,na,0,7,na,na,na,3.8,no sporo counts,
1,May-2014,2014-05-26,Stryker,na,3,L,20,4,7.9,na,10:44-11:52,559,na,11,3,8,na,0,11,na,na,na,3.8,no sporo counts,
1,May-2014,2014-05-26,Stryker,na,3,L,20,7.5,7.5,na,10:44-11:52,796,na,29,18,5.5,na,na,na,na,na,na,3.8,Was 563,plant recorded as tangled but estimates of length given
1,May-2014,2014-05-26,Stryker,na,3,L,20,2.5,8.1,na,10:44-11:52,na,na,4,1,8.25,na,na,na,na,na,na,3.8,,
1,May-2014,2014-05-26,Stryker,na,3,L,20,2.5,8.1,na,10:44-11:52,na,na,6,2,11.25,na,na,na,na,na,na,3.8,,
1,May-2014,2014-05-26,Stryker,na,3,L,20,2.5,8.1,na,10:44-11:52,na,na,10,8,7.5,na,na,na,na,na,na,3.8,,
1,May-2014,2014-05-26,Stryker,na,3,R,20,2.5,7.8,na,10:44-11:52,na,T,9,2,na,na,na,na,na,na,na,3.8,,
1,May-2014,2014-05-26,Stryker,na,3,R,20,5.6,7.9,na,10:44-11:52,na,na,6,2,4,na,na,na,na,na,na,3.8,,
1,May-2014,2014-05-26,Stryker,na,3,L,20,6,7.8,na,10:44-11:52,na,na,4,1,1.5,na,na,na,na,na,na,3.8,,
1,May-2014,2014-05-26,Stryker,na,3,L,20,6,7.8,na,10:44-11:52,na,na,4,3,2.5,na,na,na,na,na,na,3.8,,
1,May-2014,2014-05-26,Stryker,na,3,R,20,8,7.8,na,10:44-11:52,na,na,4,1,7.5,na,na,na,na,na,na,3.8,,
1,May-2014,2014-05-26,Stryker,na,3,L,20,10,7.7,na,10:44-11:52,na,na,14,7,9,na,na,na,na,na,na,3.8,,
1,May-2014,2014-05-26,Stryker,na,3,R,20,10,7.8,na,10:44-11:52,na,P,4,na,na,na,na,na,na,na,na,3.8,,
1,May-2014,2014-05-26,Stryker,na,3,L,20,14.4,7.2,na,10:44-11:52,na,P,4,na,na,na,na,na,na,na,na,3.8,,
1,May-2014,2014-05-26,Stryker,na,3,L,20,17,6.8,na,10:44-11:52,na,na,14,10,20,na,na,na,na,na,na,3.8,,
1,May-2014,2014-05-26,Stryker,na,3,R,20,17,6.8,na,10:44-11:52,na,P,1,na,na,na,na,na,na,na,na,3.8,,
1,May-2014,2014-05-26,Stryker,na,3,R,20,19.5,6.5,na,10:44-11:52,na,na,6,2,9,na,na,na,na,na,na,3.8,,
1,May-2014,2014-05-26,Stryker,na,3,R,20,20,6.5,na,10:44-11:52,na,P,13,na,na,na,na,na,na,na,na,3.8,,
1,May-2014,2014-05-31,Triquet,na,3,R,20,13.5,4.6,na,12:50-13:20,573,na,2,1,0.25,na,0,6,na,na,na,2.6,no sporo counts,
1,May-2014,2014-05-31,Triquet,na,3,R,20,13,5.1,na,12:50-13:20,574,na,3,1,1.5,na,na,na,na,na,na,2.6,no sporo counts,
1,May-2014,2014-05-31,Triquet,na,3,L,20,1.5,5.3,na,12:50-13:20,587,na,12,6,6,na,0,16,na,na,na,2.6,no sporo counts,
1,May-2014,2014-05-31,Triquet,na,3,L,20,2.5,5.7,na,12:50-13:20,923,na,3,1,1,na,na,na,na,na,na,2.6,Was 595,
1,May-2014,2014-05-31,Triquet,na,3,R,20,8.25,4,na,12:50-13:20,na,P,2,0,0,2,na,na,na,na,na,2.6,,
1,May-2014,2014-05-31,Triquet,na,3,R,20,13.1,5.1,na,12:50-13:20,na,na,2,0,0,3.5,na,na,na,na,na,2.6,,
2,Jun-2014,2014-06-28,Golden,na,3,L,20,1,7.8,na,15:45-16:08,554,T,17,na,na,na,24,2,na,na,na,3.8,no sporo counts,
2,Jun-2014,2014-06-28,Golden,na,3,R,20,4.5,7.9,na,15:45-16:08,864,na,11,6,3,na,na,na,na,na,na,3.8,no sporo counts,plant recorded as tangled but estimates of length given
2,Jun-2014,2014-06-28,Golden,na,3,L,20,6,7.6,na,15:45-16:08,919,na,5,1,2,na,na,na,6,0,0,3.8,Was 844,
2,Jun-2014,2014-06-28,Golden,na,3,L,20,4.25,7.8,na,15:45-16:08,na,T,1,na,na,na,na,na,na,na,na,3.8,,
2,Jun-2014,2014-06-28,Golden,na,3,L,20,4.25,7.8,na,15:45-16:08,na,T,8,7,na,na,na,na,na,na,na,3.8,,
2,Jun-2014,2014-06-28,Golden,na,3,L,20,4.4,7.8,na,15:45-16:08,na,na,1,1,3,na,na,na,na,na,na,3.8,,
2,Jun-2014,2014-06-28,Golden,na,3,L,20,4.4,7.8,na,15:45-16:08,na,T,4,2,na,na,na,na,na,na,na,3.8,,
2,Jun-2014,2014-06-28,Golden,na,3,R,20,5.5,7.5,na,15:45-16:08,na,na,5,2,4,na,na,na,na,na,na,3.8,,plant recorded as tangled but estimates of length given
2,Jun-2014,2014-06-28,Golden,na,3,R,20,6.5,7.4,na,15:45-16:08,na,na,4,0,0,6,na,na,na,na,na,3.8,,
2,Jun-2014,2014-06-28,Golden,na,3,R,20,6.5,7.4,na,15:45-16:08,na,P,11,na,na,na,na,na,na,na,na,3.8,,
2,Jun-2014,2014-06-28,Golden,na,3,R,20,7,7.4,na,15:45-16:08,na,T,11,na,3,na,na,na,na,na,na,3.8,,plant recorded as tangled but estimates of length given
2,Jul-2014,2014-07-03,Meay,na,3,L,20,3,3.2,na,8:49-10:00,561,na,4,3,10,na,3,2,11,10,90,1.85,,plant recorded as tangled but estimates of length given
2,Jul-2014,2014-07-03,Meay,na,3,L,20,6.2,2.7,na,8:49-10:00,564,na,4,3,4.5,na,4,2,8,10,60,1.85,,plant recorded as tangled but estimates of length given
2,Jul-2014,2014-07-03,Meay,na,3,R,20,10.5,2.3,na,8:49-10:00,802,na,19,12,9,na,0,28,32,18,30,1.85,,plant recorded as tangled but estimates of length given
2,Jul-2014,2014-07-03,Meay,na,3,L,20,3,3.2,na,8:49-10:00,na,na,2,0,0,2,na,na,na,na,na,1.85,,
2,Jul-2014,2014-07-03,Meay,na,3,R,20,10,2.4,na,8:49-10:00,na,na,1,0,0,3,na,na,na,na,na,1.85,,plant recorded as tangled but estimates of length given
2,Jul-2014,2014-07-03,Meay,na,3,R,20,10.5,2.6,na,8:49-10:00,na,na,2,1,1,na,na,na,na,na,na,1.85,,
2,Jul-2014,2014-07-03,Meay,na,3,R,20,10.5,2.6,na,8:49-10:00,na,na,4,2,2,na,na,na,na,na,na,1.85,,
2,Jul-2014,2014-07-03,Meay,na,3,L,20,11,2.5,na,8:49-10:00,na,na,15,9,7.5,na,na,na,na,na,na,1.85,,plant recorded as tangled but estimates of length given
2,Jul-2014,2014-07-03,Meay,na,3,L,20,15.5,1.7,na,8:49-10:00,na,T,14,14,na,na,na,na,na,na,na,1.85,,
2,Jun-2014,2014-06-27,Simmonds,na,3,L,20,19,6.9,na,12:35-13:37,537,na,9,4,7.5,na,8,4,na,na,na,3.3,no sporo counts,plant recorded as tangled but estimates of length given
2,Jun-2014,2014-06-27,Simmonds,na,3,R,20,11.5,3.7,na,12:35-13:37,556,na,43,29,8,na,na,na,42,0,0,3.3,,
2,Jun-2014,2014-06-27,Simmonds,na,3,R,20,13,3.7,na,10:33-11:00,822,na,2,1,1,na,0,5,na,na,na,1.15,"no sporo counts, used to be 2146 but 2 tags existed with this number",
2,Jun-2014,2014-06-27,Simmonds,na,3,L,20,11,6.2,na,12:35-13:37,837,na,14,9,6.5,na,na,na,38,0,0,3.3,,plant recorded as tangled but estimates of length given
2,Jun-2014,2014-06-27,Simmonds,na,3,R,20,6.5,4.1,na,10:33-11:00,na,na,1,0,0,1,na,na,na,na,na,1.15,,
2,Jun-2014,2014-06-27,Simmonds,na,3,R,20,6.75,4.1,na,10:33-11:00,na,na,4,2,2,na,na,na,na,na,na,1.15,,
2,Jun-2014,2014-06-27,Simmonds,na,3,R,20,11.25,3.9,na,10:33-11:00,na,na,1,1,2,na,na,na,na,na,na,1.15,,
2,Jun-2014,2014-06-27,Simmonds,na,3,R,20,11.5,3.9,na,10:33-11:00,na,na,6,4,4.5,na,na,na,na,na,na,1.15,,
2,Jun-2014,2014-06-27,Simmonds,na,3,R,20,11.5,3.9,na,10:33-11:00,na,na,10,3,4,na,na,na,na,na,na,1.15,,
2,Jun-2014,2014-06-27,Simmonds,na,3,R,20,14,4.2,na,10:33-11:00,na,na,3,0,0,3,na,na,na,na,na,1.15,,
2,Jun-2014,2014-06-27,Simmonds,na,3,L,20,14.5,4.2,na,10:33-11:00,na,na,1,0,0,1.5,na,na,na,na,na,1.15,,
2,Jun-2014,2014-06-26,Stryker,na,3,R,20,7.5,7.7,na,11:50-13:01,548,na,7,4,11,na,na,na,27,23,90,3.6,,
2,Jun-2014,2014-06-26,Stryker,na,3,R,20,2.5,7.8,na,11:50-13:01,555,na,6,3,7.5,na,6,7,na,na,na,3.6,no sporo counts,
2,Jun-2014,2014-06-26,Stryker,na,3,L,20,4,7.8,na,11:50-13:01,559,na,10,5,8.5,na,9,5,na,na,na,3.6,no sporo counts,plant recorded as tangled but estimates of length given
2,Jun-2014,2014-06-26,Stryker,na,3,L,20,7.5,7.5,na,11:50-13:01,796,na,27,22,14.5,na,na,na,50,17,50,3.6,Was 563,plant recorded as tangled but estimates of length given
2,Jun-2014,2014-06-26,Stryker,na,3,L,20,2,7.8,na,11:50-13:01,na,na,2,1,2.5,na,na,na,na,na,na,3.6,,
2,Jun-2014,2014-06-26,Stryker,na,3,L,20,2,7.8,na,9:23-10:52,na,na,22,13,8,na,na,na,na,na,na,3.6,,plant recorded as tangled but estimates of length given
2,Jun-2014,2014-06-26,Stryker,na,3,R,20,2.5,7.8,na,11:50-13:01,na,T,6,2,na,na,na,na,na,na,na,3.6,,
2,Jun-2014,2014-06-26,Stryker,na,3,R,20,2.5,7.8,na,11:50-13:01,na,P,9,na,na,na,na,na,na,na,na,3.6,,
2,Jun-2014,2014-06-26,Stryker,na,3,R,20,2.5,7.8,na,11:50-13:01,na,na,11,3,4,na,na,na,na,na,na,3.6,,
2,Jun-2014,2014-06-26,Stryker,na,3,L,20,5.5,7.6,na,11:50-13:01,na,na,5,2,10.5,na,na,na,na,na,na,3.6,,
2,Jun-2014,2014-06-26,Stryker,na,3,R,20,5.75,7.8,na,11:50-13:01,na,na,11,3,8,na,na,na,na,na,na,3.6,,
2,Jun-2014,2014-06-26,Stryker,na,3,L,20,7,7.5,na,11:50-13:01,na,na,7,5,7.5,na,na,na,na,na,na,3.6,,plant recorded as tangled but estimates of length given
2,Jun-2014,2014-06-26,Stryker,na,3,R,20,8,7.7,na,11:50-13:01,na,T,6,1,na,na,na,na,na,na,na,3.6,,
2,Jun-2014,2014-06-26,Stryker,na,3,L,20,10,7.5,na,11:50-13:01,na,na,17,13,15.5,na,na,na,na,na,na,3.6,,plant recorded as tangled but estimates of length given
2,Jun-2014,2014-06-26,Stryker,na,3,R,20,10,7.7,na,11:50-13:01,na,P,6,na,na,na,na,na,na,na,na,3.6,,
2,Jun-2014,2014-06-26,Stryker,na,3,R,20,10,7.7,na,11:50-13:01,na,na,8,6,5,na,na,na,na,na,na,3.6,,plant recorded as tangled but estimates of length given
2,Jun-2014,2014-06-26,Stryker,na,3,L,20,14.5,7,na,11:50-13:01,na,T,12,na,18,na,na,na,na,na,na,3.6,,plant recorded as tangled but estimates of length given
2,Jun-2014,2014-06-26,Stryker,na,3,L,20,17,6.5,na,11:50-13:01,na,na,6,4,8.5,na,na,na,na,na,na,3.6,,
2,Jun-2014,2014-06-26,Stryker,na,3,L,20,17,6.5,na,11:50-13:01,na,na,15,10,16,na,na,na,na,na,na,3.6,,plant recorded as tangled but estimates of length given
2,Jun-2014,2014-06-26,Stryker,na,3,R,20,17,6.7,na,11:50-13:01,na,na,5,3,5,na,na,na,na,na,na,3.6,,
2,Jun-2014,2014-06-26,Stryker,na,3,R,20,19.75,6.5,na,11:50-13:01,na,T,7,2,na,na,na,na,na,na,na,3.6,,
2,Jun-2014,2014-06-26,Stryker,na,3,R,20,19.75,6.5,na,11:50-13:01,na,T,8,na,na,na,na,na,na,na,na,3.6,,
2,Jul-2014,2014-07-01,Triquet,na,3,R,20,13.5,4.2,na,11:43-12:56,573,na,3,1,1.25,na,5,0,na,na,na,1.75,no sporo counts,
2,Jul-2014,2014-07-01,Triquet,na,3,R,20,13,4.2,na,11:43-12:56,574,na,4,3,5,na,na,na,17,4,90,1.75,,
2,Jul-2014,2014-07-01,Triquet,na,3,L,20,1.5,4.4,na,11:43-12:56,587,na,16,11,9.5,na,16,7,na,na,na,1.75,no sporo counts,
2,Jul-2014,2014-07-01,Triquet,na,3,L,20,2.5,4.7,na,11:43-12:56,923,na,5,2,3.5,na,na,na,11,0,0,1.75,Was 595,
2,Jul-2014,2014-07-01,Triquet,na,3,L,20,0.5,4.7,na,11:43-12:56,na,na,3,2,1.5,na,na,na,na,na,na,1.75,,
2,Jul-2014,2014-07-01,Triquet,na,3,R,20,0.5,5.1,na,11:43-12:56,na,na,1,0,0,1.5,na,na,na,na,na,1.75,,
2,Jul-2014,2014-07-01,Triquet,na,3,R,20,8,3.7,na,11:43-12:56,na,na,5,2,1.5,na,na,na,na,na,na,1.75,,
2,Jul-2014,2014-07-01,Triquet,na,3,R,20,13,4.2,na,11:43-12:56,na,na,2,1,1,na,na,na,na,na,na,1.75,,
2,Jul-2014,2014-07-01,Triquet,na,3,R,20,13.25,4.2,na,11:43-12:56,na,na,2,0,0,2.5,na,na,na,na,na,1.75,,
2,Jul-2014,2014-07-01,Triquet,na,3,R,20,13.75,4.2,na,11:43-12:56,na,na,1,0,0,2,na,na,na,na,na,1.75,,
3,Sep-2014,2014-09-06,Golden,na,3,L,20,1,6.1,na,15:30,554,na,13,8,5,na,12,4,na,na,na,na,no sporo counts,
3,Sep-2014,2014-09-06,Golden,na,3,R,20,4.75,6.1,na,15:26,864,na,11,5,3.5,na,12,3,na,na,na,na,no sporo counts,
3,Sep-2014,2014-09-06,Golden,na,3,L,20,6,6,na,15:24,919,na,5,2,2,na,na,na,10,9,40,na,Was 844,
3,Sep-2014,2014-09-06,Golden,na,3,L,20,4.5,5,na,15:27,na,na,2,1,0.25,na,na,na,na,na,na,na,,
3,Sep-2014,2014-09-06,Golden,na,3,L,20,4.5,5.8,na,15:27,na,na,5,3,3,na,na,na,na,na,na,na,,
3,Sep-2014,2014-09-06,Golden,na,3,R,20,8,5.9,na,15:24,na,T,14,na,na,na,na,na,na,na,na,na,,
3,Sep-2014,2014-09-06,Golden,na,3,L,20,11,5.7,na,15:22,na,P,4,na,na,na,na,na,na,na,na,na,,
3,Sep-2014,2014-09-10,Meay,na,3,L,20,3,5.9,na,15:09,561,na,7,3,5,na,5,3,na,na,na,na,no sporo counts,
3,Sep-2014,2014-09-10,Meay,na,3,L,20,6.2,5.6,na,15:06,564,na,5,2,3.5,na,4,2,na,na,na,na,no sporo counts,
3,Sep-2014,2014-09-10,Meay,na,3,R,20,11,5.2,na,15:03,802,na,17,5,2,na,17,4,na,na,na,na,no sporo counts,
3,Sep-2014,2014-09-10,Meay,na,3,L,20,10.5,5.7,na,15:03,933,na,11,5,14,na,na,na,24,24,60,na,Was 803,plant recorded as tangled but estimates of length given
3,Sep-2014,2014-09-10,Meay,na,3,R,20,10.75,4.9,na,15:04,na,T,20,na,na,na,na,na,na,na,na,na,,
3,Sep-2014,2014-09-10,Meay,na,3,R,20,15.5,4.6,na,14:59,na,T,11,na,na,na,na,na,na,na,na,na,,
3,Sep-2014,2014-09-10,Meay,na,3,L,20,16,5.4,na,14:58,na,na,20,8,7,na,na,na,na,na,na,na,,
3,Sep-2014,2014-09-06,Simmonds,na,3,L,20,19,9.5,na,10:56,537,na,10,6,18,na,7,4,na,na,na,na,no sporo counts,plant recorded as tangled but estimates of length given
3,Sep-2014,2014-09-06,Simmonds,na,3,R,20,11.5,5.3,na,11:13,556,na,30,16,7,na,na,na,12,2,30,na,,
3,Sep-2014,2014-09-06,Simmonds,na,3,R,20,13,6.2,na,11:05,822,na,4,2,3.5,na,4,2,na,na,na,na,"no sporo counts, used to be 2146 but 2 tags existed with this number",
3,Sep-2014,2014-09-06,Simmonds,na,3,L,20,11,6.3,na,11:07,837,na,19,9,5.5,na,na,na,45,33,80,na,,
3,Sep-2014,2014-09-06,Simmonds,na,3,R,20,6.5,6.6,na,11:18,na,na,4,2,2,na,na,na,na,na,na,na,,
3,Sep-2014,2014-09-06,Simmonds,na,3,R,20,8,6.7,na,11:18,na,na,6,2,2.5,na,na,na,na,na,na,na,,
3,Sep-2014,2014-09-06,Simmonds,na,3,L,20,13,6,na,11:05,na,na,1,0,0,1.5,na,na,na,na,na,na,,
3,Sep-2014,2014-09-06,Simmonds,na,3,R,20,14.25,6.9,na,11:02,na,na,3,0,0,6,na,na,na,na,na,na,,
3,Sep-2014,2014-09-13,Stryker,na,3,R,20,7.5,5.5,na,11:08,548,T,11,na,na,na,na,na,8,1,50,na,,
3,Sep-2014,2014-09-13,Stryker,na,3,R,20,2.5,5.9,na,10:58,555,T,7,na,na,na,8,3,na,na,na,na,no sporo counts,
3,Sep-2014,2014-09-13,Stryker,na,3,L,20,4,5.9,na,10:59,559,na,11,6,6,na,9,8,na,na,na,na,no sporo counts,
3,Sep-2014,2014-09-13,Stryker,na,3,L,20,7.5,5.6,na,11:08,796,T,24,8,na,na,na,na,32,31,100,na,Was 563,
3,Sep-2014,2014-09-13,Stryker,na,3,R,20,2.5,5.7,na,11:02,na,T,31,na,na,na,na,na,na,na,na,na,,
3,Sep-2014,2014-09-13,Stryker,na,3,R,20,2.75,5.8,na,11:03,na,T,12,na,na,na,na,na,na,na,na,na,,
3,Sep-2014,2014-09-13,Stryker,na,3,L,20,3.5,5.9,na,10:56,na,na,22,11,7,na,na,na,na,na,na,na,,
3,Sep-2014,2014-09-13,Stryker,na,3,R,20,5.5,5.6,na,11:06,na,na,16,12,5.5,na,na,na,na,na,na,na,,
3,Sep-2014,2014-09-13,Stryker,na,3,L,20,6,5.6,na,11:04,na,na,6,4,5,na,na,na,na,na,na,na,,
3,Sep-2014,2014-09-13,Stryker,na,3,L,20,7.5,5.6,na,11:08,na,T,11,5,na,na,na,na,na,na,na,na,,
3,Sep-2014,2014-09-13,Stryker,na,3,R,20,7.75,5.4,na,11:10,na,T,3,na,na,na,na,na,na,na,na,na,,
3,Sep-2014,2014-09-13,Stryker,na,3,R,20,9.75,5.2,na,11:14,na,na,17,13,4,na,na,na,na,na,na,na,,
3,Sep-2014,2014-09-13,Stryker,na,3,L,20,10,5.3,na,11:13,na,na,12,7,6,na,na,na,na,na,na,na,,
3,Sep-2014,2014-09-13,Stryker,na,3,R,20,14.5,5.1,na,11:58,na,na,7,5,6,na,na,na,na,na,na,na,,
3,Sep-2014,2014-09-13,Stryker,na,3,L,20,15,4.9,na,11:58,na,P,11,na,na,na,na,na,na,na,na,na,,
3,Sep-2014,2014-09-13,Stryker,na,3,L,20,16.75,5,na,11:59,na,na,6,3,4,na,na,na,na,na,na,na,,
3,Sep-2014,2014-09-13,Stryker,na,3,L,20,16.75,5,na,11:59,na,na,6,3,5,na,na,na,na,na,na,na,,
3,Sep-2014,2014-09-13,Stryker,na,3,R,20,17,5,na,12:01,na,na,8,0,0,4,na,na,na,na,na,na,,
3,Sep-2014,2014-09-13,Stryker,na,3,R,20,19.5,4.6,na,12:03,na,na,6,3,3,na,na,na,na,na,na,na,,
3,Sep-2014,2014-09-13,Stryker,na,3,R,20,19.5,4.6,na,12:04,na,na,8,4,5.5,na,na,na,na,na,na,na,,
3,Sep-2014,2014-09-05,Triquet,na,3,R,20,12,5,na,13:08,573,na,4,0,0,4,3,2,na,na,na,na,no sporo counts,
3,Sep-2014,2014-09-05,Triquet,na,3,R,20,11,5.6,na,13:02,574,na,5,2,1.5,na,na,na,14,8,75,na,,
3,Sep-2014,2014-09-05,Triquet,na,3,L,20,2,6.1,na,13:02,587,na,22,13,5,na,15,11,na,na,na,na,no sporo counts,
3,Sep-2014,2014-09-05,Triquet,na,3,L,20,2.5,6,na,12:58,923,na,6,3,4.5,na,na,na,16,11,40,na,Was 595,
3,Sep-2014,2014-09-05,Triquet,na,3,L,20,0.5,6.3,na,13:13,na,na,3,0,0,4,na,na,na,na,na,na,,
3,Sep-2014,2014-09-05,Triquet,na,3,R,20,0.5,6.4,na,13:13,na,na,2,0,0,2.5,na,na,na,na,na,na,,
3,Sep-2014,2014-09-05,Triquet,na,3,R,20,9,5.1,na,13:26,na,na,6,0,0,4.5,na,na,na,na,na,na,,
3,Sep-2014,2014-09-05,Triquet,na,3,R,20,11.25,5.3,na,13:05,na,na,2,0,0,3.5,na,na,na,na,na,na,,
3,Sep-2014,2014-09-05,Triquet,na,3,L,20,19.5,6.7,na,12:54,na,na,1,0,0,2,na,na,na,na,na,na,,
3,Sep-2014,2014-09-05,Triquet,na,3,L,20,19.75,6.7,na,12:53,na,na,2,0,0,3,na,na,na,na,na,na,,
4,Apr-2015,2015-04-29,Golden,na,3,R,20,4.75,7.3,na,10:10,864,na,0,0,0,0.5,0,3,na,na,na,na,no sporo counts,
4,Apr-2015,2015-04-29,Golden,na,3,L,20,6,7.4,na,10:15,919,na,2,0,0,4,0,6,na,na,na,na,"Was 844, no sporo counts",
4,Apr-2015,2015-04-29,Golden,na,3,L,20,15,7.3,na,10:25,929,na,1,0,0,3,na,na,3,0,0,na,,
4,Apr-2015,2015-04-29,Golden,na,3,R,20,4,7.4,na,10:14,na,na,6,0,0,5,na,na,na,na,na,na,,
4,Apr-2015,2015-04-29,Golden,na,3,L,20,4.5,7.4,na,10:11,na,na,2,0,0,3,na,na,na,na,na,na,,
4,Apr-2015,2015-04-29,Golden,na,3,L,20,4.75,7.4,na,10:11,na,na,1,0,0,3,na,na,na,na,na,na,,
4,Apr-2015,2015-04-29,Golden,na,3,R,20,5.1,7.3,na,10:16,na,na,0,0,0,0.5,na,na,na,na,na,na,,
4,Apr-2015,2015-04-29,Golden,na,3,R,20,7,7.1,na,10:17,na,P,4,na,na,na,na,na,na,na,na,na,,
4,Apr-2015,2015-04-29,Golden,na,3,R,20,7.1,7.1,na,10:19,na,na,1,0,0,4.5,na,na,na,na,na,na,,
4,Apr-2015,2015-04-29,Golden,na,3,L,20,11.5,7.1,na,10:22,na,na,3,2,1,na,na,na,na,na,na,na,,plant recorded as tangled but estimates of length given
4,Apr-2015,2015-04-29,Golden,na,3,L,20,15.25,7.3,na,10:15,na,na,0,0,0,0.25,na,na,na,na,na,na,,
4,Apr-2015,2015-04-29,Golden,na,3,L,20,16,7.3,na,10:15,na,na,2,0,0,2,na,na,na,na,na,na,,
4,Apr-2015,2015-04-23,Meay,na,3,L,20,3,4.6,na,16:15,561,na,1,0,0,1.5,0,4,na,na,na,na,no sporo counts,
4,Apr-2015,2015-04-23,Meay,na,3,L,20,6.2,4.4,na,16:43,564,na,2,0,0,2,1,2,na,na,na,na,no sporo counts,
4,Apr-2015,2015-04-23,Meay,na,3,L,20,15.5,3.7,na,16:04,750,na,12,2,1,na,na,na,0,0,0,na,,
4,Apr-2015,2015-04-23,Meay,na,3,R,20,11,4.1,na,16:03,928,na,9,2,5.5,na,na,na,9,0,0,na,,
4,Apr-2015,2015-04-23,Meay,na,3,L,20,10.5,4.1,na,16:08,933,na,6,2,4,na,na,na,3,4,50,na,Was 803,
4,Apr-2015,2015-04-23,Meay,na,3,L,20,10.5,4.1,na,16:08,na,na,3,0,0,2.75,na,na,na,na,na,na,,
4,Apr-2015,2015-04-24,Simmonds,na,3,L,20,19,5,na,na,537,na,na,na,na,na,na,na,na,na,na,na,tag not found at this interval,
4,Apr-2015,2015-04-24,Simmonds,na,3,R,20,13,4.1,na,14:41,822,na,2,0,0,2.5,0,4,6,0,0,na,used to be 2146 but 2 tags existed with this number,
4,Apr-2015,2015-04-24,Simmonds,na,3,L,20,11,4.8,na,14:42,837,na,0,0,0,0.5,0,2,na,na,na,na,no sporo counts,
4,Apr-2015,2015-04-24,Simmonds,na,3,R,20,7,4.6,na,14:38,2146,na,4,0,0,3.5,0,6,7,0,0,na,,
4,Apr-2015,2015-04-24,Simmonds,na,3,L,20,8,4.8,na,14:40,2161,na,0,0,0,0.75,na,na,0,0,0,na,,
4,Apr-2015,2015-04-24,Stryker,na,3,R,20,7.5,5.7,na,11:01,548,na,3,2,3,na,na,na,6,11,30,na,,
4,Apr-2015,2015-04-24,Stryker,na,3,R,20,2.5,5.8,na,10:45,555,na,6,4,16,na,0,10,12,3,100,na,,plant recorded as tangled but estimates of length given
4,Apr-2015,2015-04-24,Stryker,na,3,L,20,4,6.1,na,10:52,559,na,2,2,3.5,na,1,4,na,na,na,na,no sporo counts,
4,Apr-2015,2015-04-24,Stryker,na,3,R,20,15,5.1,na,11:10,793,na,6,2,8.5,na,na,na,6,0,0,na,,plant recorded as tangled but estimates of length given
4,Apr-2015,2015-04-24,Stryker,na,3,L,20,7.5,5.7,na,11:01,796,na,0,0,0,0.75,na,na,0,0,0,na,Was 563,
4,Apr-2015,2015-04-24,Stryker,na,3,R,20,3,5.7,na,11:01,2158,na,1,0,0,1,na,na,5,0,0,na,,
4,Apr-2015,2015-04-24,Stryker,na,3,L,20,3.5,6.1,na,10:52,na,na,12,9,4.5,na,na,na,na,na,na,na,,
4,Apr-2015,2015-04-24,Stryker,na,3,L,20,6,5.8,na,10:59,na,na,2,0,0,3.75,na,na,na,na,na,na,,
4,Apr-2015,2015-04-24,Stryker,na,3,R,20,6,5.5,na,11:06,na,na,13,6,9,na,na,na,na,na,na,na,,plant recorded as tangled but estimates of length given
4,Apr-2015,2015-04-24,Stryker,na,3,L,20,7.5,5.7,na,11:01,na,na,3,2,3,na,na,na,na,na,na,na,,
4,Apr-2015,2015-04-24,Stryker,na,3,L,20,7.5,5.7,na,11:01,na,na,14,5,7,na,na,na,na,na,na,na,,plant recorded as tangled but estimates of length given
4,Apr-2015,2015-04-24,Stryker,na,3,R,20,9.5,5.3,na,11:08,na,na,4,1,6.5,na,na,na,na,na,na,na,,
4,Apr-2015,2015-04-24,Stryker,na,3,L,20,9.75,5.2,na,11:11,na,na,3,2,2,na,na,na,na,na,na,na,,plant recorded as tangled but estimates of length given
4,Apr-2015,2015-04-24,Stryker,na,3,L,20,9.75,5.2,na,11:11,na,na,17,9,6,na,na,na,na,na,na,na,,plant recorded as tangled but estimates of length given
4,Apr-2015,2015-04-24,Stryker,na,3,L,20,15,4.7,na,11:16,na,na,4,3,6,na,na,na,na,na,na,na,,
4,Apr-2015,2015-04-24,Stryker,na,3,L,20,17,4.7,na,11:18,na,na,4,0,0,3,na,na,na,na,na,na,,
4,Apr-2015,2015-04-24,Stryker,na,3,L,20,17,4.7,na,11:18,na,na,4,2,5,na,na,na,na,na,na,na,,
4,Apr-2015,2015-04-24,Stryker,na,3,R,20,19,4.1,na,11:15,na,na,1,0,0,1,na,na,na,na,na,na,,
4,Apr-2015,2015-04-23,Triquet,na,3,L,20,2,3.8,na,10:44,587,na,15,11,7.5,na,3,12,0,0,0,na,,
8,Sep-2015,2015-09-12,Triquet,na,3,L,20,14,6,na,10:32,794,na,2,0,0,5,6,0,9,2,30,na,was 1951,
4,Apr-2015,2015-04-23,Triquet,na,3,L,20,2.5,4.6,na,12:54,923,na,3,0,0,1,0,3,0,0,0,na,Was 595,
4,Apr-2015,2015-04-23,Triquet,na,3,R,20,15.75,4.4,na,12:56,2183,na,1,0,0,1,1,1,0,0,0,na,Was 483,
4,Apr-2015,2015-04-23,Triquet,na,3,R,20,0.5,4.6,na,10:44,na,na,1,0,0,1.25,na,na,na,na,na,na,,
4,Apr-2015,2015-04-23,Triquet,na,3,R,20,12,3.9,na,10:47,na,na,1,0,0,2.5,na,na,na,na,na,na,,
4,Apr-2015,2015-04-23,Triquet,na,3,R,20,13.5,3.9,na,10:49,na,P,1,na,na,na,na,na,na,na,na,na,,
4,Apr-2015,2015-04-23,Triquet,na,3,R,20,15.5,3.9,na,10:53,na,na,4,0,0,3,na,na,na,na,na,na,,
4,Apr-2015,2015-04-23,Triquet,na,3,R,20,15.75,4.4,na,12:56,na,na,1,0,0,1.5,na,na,na,na,na,na,,
4,Apr-2015,2015-04-23,Triquet,na,3,R,20,16,4.4,na,12:56,na,na,0,0,0,0.75,na,na,na,na,na,na,,
5,May-2015,2015-05-21,Golden,na,3,R,20,4.75,4.4,na,10:34,864,na,1,0,0,1,3,2,na,na,na,na,no sporo counts,
5,May-2015,2015-05-21,Golden,na,3,L,20,6,4.4,na,10:37,919,na,3,0,0,3,5,0,na,na,na,na,"Was 844, no sporo counts",
5,May-2015,2015-05-21,Golden,na,3,L,20,15,4.3,na,10:41,929,na,2,1,1,na,na,na,7,0,0,na,,
5,May-2015,2015-05-21,Golden,na,3,L,20,4,4.3,na,10:35,na,na,2,1,1,na,na,na,na,na,na,na,,
5,May-2015,2015-05-21,Golden,na,3,L,20,5,4.3,na,10:39,na,na,2,0,0,2.5,na,na,na,na,na,na,,
5,May-2015,2015-05-21,Golden,na,3,R,20,5.5,4.4,na,10:36,na,na,1,0,0,1.5,na,na,na,na,na,na,,
5,May-2015,2015-05-21,Golden,na,3,R,20,7,4.2,na,10:31,na,na,3,0,0,3,na,na,na,na,na,na,,plant recorded as tangled but estimates of length given
5,May-2015,2015-05-21,Golden,na,3,R,20,7.2,4.2,na,10:32,na,na,4,4,1,na,na,na,na,na,na,na,,
5,May-2015,2015-05-21,Golden,na,3,L,20,13.5,4.3,na,10:43,na,na,1,1,1,na,na,na,na,na,na,na,,
5,May-2015,2015-05-21,Golden,na,3,L,20,15,4.3,na,10:41,na,na,2,0,0,1,na,na,na,na,na,na,,
5,May-2015,2015-05-22,Meay,na,3,L,20,3,3.1,na,9:11,561,na,1,0,0,1,1,1,na,na,na,na,no sporo counts,
5,May-2015,2015-05-22,Meay,na,3,L,20,6.2,2.6,na,9:14,564,na,1,1,2,na,1,2,na,na,na,na,no sporo counts,
5,May-2015,2015-05-22,Meay,na,3,L,20,15.5,1.8,na,9:25,750,na,14,10,4.5,na,na,na,9,3,100,na,,
5,May-2015,2015-05-22,Meay,na,3,R,20,10,2.5,na,10:00,888,na,4,1,0.5,na,2,8,na,na,na,na,no sporo counts,
5,May-2015,2015-05-22,Meay,na,3,R,20,10,2.5,na,10:11,928,na,10,5,5,na,2,11,17,0,0,na,,
5,May-2015,2015-05-22,Meay,na,3,L,20,10.5,2.3,na,9:18,933,na,3,3,8,na,na,na,5,5,90,na,Was 803,
5,May-2015,2015-05-22,Meay,na,3,L,20,3,3.1,na,9:11,na,na,2,0,0,2,na,na,na,na,na,na,,
5,May-2015,2015-05-22,Meay,na,3,L,20,10.5,2.3,na,9:18,na,na,2,1,3.5,na,na,na,na,na,na,na,,
5,May-2015,2015-05-20,Simmonds,na,3,L,20,19,9.9,na,15:20,537,na,0,0,0,0.25,na,na,1,0,0,na,,
5,May-2015,2015-05-20,Simmonds,na,3,R,20,13,6.3,na,15:15,822,T,2,na,na,na,4,2,9,0,0,na,,
5,May-2015,2015-05-20,Simmonds,na,3,L,20,11,6.6,na,15:06,837,na,2,0,0,2,2,2,na,na,na,na,no sporo counts,
5,May-2015,2015-05-20,Simmonds,na,3,R,20,7,6.8,na,15:03,2146,na,6,0,0,6,4,11,10,0,0,na,,
5,May-2015,2015-05-20,Simmonds,na,3,L,20,8,6.8,na,15:04,2161,na,2,0,0,2.5,na,na,6,0,0,na,,
5,May-2015,2015-05-20,Simmonds,na,3,R,20,9.8,6.8,na,15:08,na,P,4,0,0,1.5,na,na,na,na,na,na,,
5,May-2015,2015-05-20,Simmonds,na,3,R,20,11.5,6.5,na,15:13,na,na,0,0,0,0.25,na,na,na,na,na,na,,
5,May-2015,2015-05-20,Stryker,na,3,R,20,7.5,5.8,na,11:55,548,T,5,2,na,na,na,na,11,4,90,na,,
5,May-2015,2015-05-20,Stryker,na,3,R,20,2.5,5.7,na,11:53,555,na,18,8,12.5,na,8,3,0,0,0,na,,plant recorded as tangled but estimates of length given
5,May-2015,2015-05-20,Stryker,na,3,L,20,4,5.9,na,11:48,559,na,3,1,1,na,5,1,na,na,na,na,no sporo counts,plant recorded as tangled but estimates of length given
5,May-2015,2015-05-20,Stryker,na,3,R,20,15,5.8,na,12:54,793,na,4,2,12,na,0,5,6,0,0,na,,plant recorded as tangled but estimates of length given
5,May-2015,2015-05-20,Stryker,na,3,L,20,7.5,5.8,na,11:55,796,T,15,na,na,na,na,na,na,na,na,na,"Was 563, no sporo counts",
5,May-2015,2015-05-20,Stryker,na,3,R,20,3,5.8,na,12:10,2158,na,1,0,0,1,0,2,0,0,0,na,,
5,May-2015,2015-05-20,Stryker,na,3,R,20,2.5,5.7,na,12:10,na,na,5,4,11,na,na,na,na,na,na,na,,plant recorded as tangled but estimates of length given
5,May-2015,2015-05-20,Stryker,na,3,L,20,3.5,6.1,na,11:52,na,T,4,na,na,na,na,na,na,na,na,na,,
5,May-2015,2015-05-20,Stryker,na,3,L,20,3.5,6,na,11:56,na,T,19,na,na,na,na,na,na,na,na,na,,
5,May-2015,2015-05-20,Stryker,na,3,L,20,5.5,5,na,11:59,na,T,5,na,na,na,na,na,na,na,na,na,,
5,May-2015,2015-05-20,Stryker,na,3,L,20,6,5,na,12:16,na,T,5,na,na,na,na,na,na,na,na,na,,
5,May-2015,2015-05-20,Stryker,na,3,R,20,6,5.8,na,12:10,na,na,11,9,10,na,na,na,na,na,na,na,,plant recorded as tangled but estimates of length given
5,May-2015,2015-05-20,Stryker,na,3,L,20,7.5,5.7,na,12:06,na,na,5,2,1.5,na,na,na,na,na,na,na,,
5,May-2015,2015-05-20,Stryker,na,3,L,20,7.5,5.1,na,12:12,na,T,6,na,na,na,na,na,na,na,na,na,,
5,May-2015,2015-05-20,Stryker,na,3,R,20,9,6.2,na,12:48,na,C,2,0,0,1,na,na,na,na,na,na,,
5,May-2015,2015-05-20,Stryker,na,3,L,20,10,5.4,na,12:14,na,T,2,na,na,na,na,na,na,na,na,na,,
5,May-2015,2015-05-20,Stryker,na,3,L,20,10,5.2,na,12:05,na,na,4,2,2,na,na,na,na,na,na,na,,plant recorded as tangled but estimates of length given
5,May-2015,2015-05-20,Stryker,na,3,R,20,10,6.2,na,12:50,na,na,3,2,7,na,na,na,na,na,na,na,,plant recorded as tangled but estimates of length given
5,May-2015,2015-05-20,Stryker,na,3,R,20,10.1,6.2,na,12:50,na,na,3,3,10,na,na,na,na,na,na,na,,plant recorded as tangled but estimates of length given
5,May-2015,2015-05-20,Stryker,na,3,R,20,10.1,6.2,na,12:50,na,P,3,3,11.5,na,na,na,na,na,na,na,,
5,May-2015,2015-05-20,Stryker,na,3,L,20,15,5.2,na,12:10,na,T,5,3,na,na,na,na,na,na,na,na,,
5,May-2015,2015-05-20,Stryker,na,3,L,20,17,4.8,na,12:12,na,na,6,4,4,na,na,na,na,na,na,na,,plant recorded as tangled but estimates of length given
5,May-2015,2015-05-20,Stryker,na,3,R,20,19,6.2,na,12:56,na,na,2,0,0,1.3,na,na,na,na,na,na,,
5,May-2015,2015-05-20,Stryker,na,3,L,20,20,5.6,na,13:03,na,na,5,0,0,4,na,na,na,na,na,na,,
9,May-2016,2016-05-22,Triquet,AM,3,L,20,14,na,4,10:30,794,na,2,0,0,1.75,na,na,2,0,0,na,"was 1951, plant changed side from R to L",
5,May-2015,2015-05-22,Triquet,na,3,L,20,2.5,3.6,na,10:54,923,na,1,0,0,3,na,na,4,0,0,na,Was 595,
5,May-2015,2015-05-22,Triquet,na,3,L,20,2,3.8,na,10:39,927,T,13,na,na,na,10,3,na,na,na,na,no sporo counts,
5,May-2015,2015-05-22,Triquet,na,3,R,20,15.75,3.9,na,10:57,2183,na,3,0,0,1.5,na,na,8,0,0,na,Was 483,
5,May-2015,2015-05-22,Triquet,na,3,R,20,13,3.6,na,10:38,na,na,2,0,0,2,na,na,na,na,na,na,,
5,May-2015,2015-05-22,Triquet,na,3,R,20,13,3.6,na,10:38,na,na,3,1,2,na,na,na,na,na,na,na,,
5,May-2015,2015-05-22,Triquet,na,3,R,20,13,3.25,na,10:38,na,na,3,1,3.25,na,na,na,na,na,na,na,,plant recorded as tangled but estimates of length given
5,May-2015,2015-05-22,Triquet,na,3,R,20,13,3.6,na,10:38,na,na,4,4,3.5,na,na,na,na,na,na,na,,plant recorded as tangled but estimates of length given
5,May-2015,2015-05-22,Triquet,na,3,R,20,15.25,3.8,na,10:50,na,na,5,2,2.25,na,na,na,na,na,na,na,,
5,May-2015,2015-05-22,Triquet,na,3,R,20,15.5,3.8,na,10:50,na,na,4,3,3,na,na,na,na,na,na,na,,plant recorded as tangled but estimates of length given
5,May-2015,2015-05-22,Triquet,na,3,R,20,15.5,3.8,na,10:50,na,na,4,3,3,na,na,na,na,na,na,na,,plant recorded as tangled but estimates of length given
5,May-2015,2015-05-22,Triquet,na,3,R,20,15.5,3.8,na,10:50,na,P,4,na,na,na,na,na,na,na,na,na,,
5,May-2015,2015-05-22,Triquet,na,3,R,20,15.75,3.8,na,10:50,na,na,1,0,0,1.5,na,na,na,na,na,na,,
5,May-2015,2015-05-22,Triquet,na,3,R,20,15.75,3.8,na,10:50,na,na,3,0,0,3,na,na,na,na,na,na,,
6,Jun-2015,2015-06-27,Golden,na,3,L,20,6,5.2,na,14:57,919,na,2,2,3,na,0,3,0,0,0,na,,
6,Jun-2015,2015-06-27,Golden,na,3,R,20,4.75,6.1,na,14:46,864,na,1,0,0,1,5,0,na,na,na,na,no sporo counts,
6,Jun-2015,2015-06-27,Golden,na,3,L,20,15,5.6,na,15:05,929,C,0,0,0,0.75,1,4,5,0,0,na,,
6,Jun-2015,2015-06-27,Golden,na,3,L,20,4,6,na,14:49,na,na,2,0,0,3.5,na,na,na,na,na,na,,
6,Jun-2015,2015-06-27,Golden,na,3,L,20,4.5,6,na,14:51,na,na,0,0,0,0.25,na,na,na,na,na,na,,
6,Jun-2015,2015-06-27,Golden,na,3,L,20,5,6,na,14:52,na,na,1,0,0,5,na,na,na,na,na,na,,
6,Jun-2015,2015-06-27,Golden,na,3,R,20,6,6.1,na,14:48,na,na,1,0,0,4,na,na,na,na,na,na,,
6,Jun-2015,2015-06-27,Golden,na,3,R,20,6,6.1,na,14:48,na,na,2,0,0,2,na,na,na,na,na,na,,
6,Jun-2015,2015-06-27,Golden,na,3,R,20,7,6,na,14:50,na,T,6,na,na,na,na,na,na,na,na,na,,
6,Jun-2015,2015-06-27,Golden,na,3,R,20,7.1,6,na,14:50,na,na,2,1,1,na,na,na,na,na,na,na,,
6,Jun-2015,2015-06-27,Golden,na,3,L,20,9,5.5,na,15:02,na,P,3,na,na,na,na,na,na,na,na,na,,
6,Jun-2015,2015-06-27,Golden,na,3,L,20,15,5.7,na,15:07,na,na,2,0,0,3.5,na,na,na,na,na,na,,
6,Jun-2015,2015-06-29,Meay,na,3,L,20,3,4.3,na,14:47,561,na,1,0,0,3,1,1,na,na,na,na,no sporo counts,
6,Jun-2015,2015-06-29,Meay,na,3,L,20,6.2,3.7,na,14:55,564,na,3,0,0,1.5,3,1,10,0,0,na,,
6,Jun-2015,2015-06-29,Meay,na,3,L,20,15.5,3,na,15:02,750,T,16,na,na,na,na,na,13,4,50,na,,
6,Jun-2015,2015-06-29,Meay,na,3,R,20,10,3.6,na,14:40,888,C,0,0,0,0.75,2,0,1,0,0,na,,
6,Jun-2015,2015-06-29,Meay,na,3,R,20,10,3.6,na,14:48,928,na,9,2,3,na,6,2,na,na,na,na,no sporo counts,
6,Jun-2015,2015-06-29,Meay,na,3,L,20,10.5,3.6,na,14:58,933,T,4,na,na,na,na,na,7,5,100,na,Was 803,
6,Jun-2015,2015-06-29,Meay,na,3,R,20,8,3.8,na,14:32,na,na,3,1,1,na,na,na,na,na,na,na,,
6,Jun-2015,2015-06-29,Meay,na,3,R,20,8,3.8,na,14:33,na,na,4,1,2,na,na,na,na,na,na,na,,
6,Jun-2015,2015-06-29,Meay,na,3,R,20,8,3.8,na,14:31,na,na,10,5,3,na,na,na,na,na,na,na,,
6,Jun-2015,2015-06-29,Meay,na,3,L,20,11,3.6,na,14:38,na,na,3,2,1.5,na,na,na,na,na,na,na,,
6,Jun-2015,2015-06-29,Meay,na,3,R,20,15,3.5,na,15:05,na,na,1,0,0,1.5,na,na,na,na,na,na,,
6,Jun-2015,2015-06-29,Meay,na,3,L,20,17,3.4,na,15:04,na,na,2,0,0,1.5,na,na,na,na,na,na,,
6,Jun-2015,2015-06-29,Meay,na,3,R,20,19,3.5,na,15:08,na,na,2,0,0,2,na,na,na,na,na,na,,
6,Jun-2015,2015-06-27,Simmonds,na,3,R,20,13,5.4,na,10:29,822,T,5,na,na,na,5,2,na,na,na,na,no sporo counts,
6,Jun-2015,2015-06-27,Simmonds,na,3,L,20,11,5.9,na,10:09,837,na,3,2,1,na,3,4,na,na,na,na,no sporo counts,
6,Jun-2015,2015-06-27,Simmonds,na,3,L,20,18.25,5.5,na,10:14,920,na,2,0,0,1.5,0,4,4,0,0,na,,
6,Jun-2015,2015-06-27,Simmonds,na,3,R,20,7,5.9,na,10:17,2146,T,7,na,na,na,10,3,14,12,80,na,,
6,Jun-2015,2015-06-27,Simmonds,na,3,L,20,8,6,na,10:04,2161,na,5,2,2.5,na,na,na,6,3,40,na,,plant recorded as tangled but estimates of length given
6,Jun-2015,2015-06-27,Simmonds,na,3,R,20,0,7.8,na,11:04,na,na,0,0,0,0.25,na,na,na,na,na,na,,
6,Jun-2015,2015-06-27,Simmonds,na,3,R,20,0.25,7.2,na,10:36,na,na,0,0,0,1,na,na,na,na,na,na,,
6,Jun-2015,2015-06-27,Simmonds,na,3,R,20,3,6.4,na,10:38,na,na,2,0,0,4,na,na,na,na,na,na,,
6,Jun-2015,2015-06-27,Simmonds,na,3,R,20,3.5,6.2,na,10:39,na,P,5,na,na,na,na,na,na,na,na,na,,
6,Jun-2015,2015-06-27,Simmonds,na,3,R,20,4,6.2,na,10:39,na,na,0,0,0,0.25,na,na,na,na,na,na,,
6,Jun-2015,2015-06-27,Simmonds,na,3,R,20,5,7.2,na,11:05,na,na,0,0,0,0.75,na,na,na,na,na,na,,
6,Jun-2015,2015-06-27,Simmonds,na,3,R,20,5,7.2,na,11:05,na,na,0,0,0,0.75,na,na,na,na,na,na,,
6,Jun-2015,2015-06-27,Simmonds,na,3,R,20,5,7.2,na,11:05,na,na,0,0,0,0.75,na,na,na,na,na,na,,
6,Jun-2015,2015-06-27,Simmonds,na,3,R,20,5,7.2,na,11:05,na,na,0,0,0,0.75,na,na,na,na,na,na,,
6,Jun-2015,2015-06-27,Simmonds,na,3,R,20,5,7.2,na,11:05,na,na,0,0,0,1.5,na,na,na,na,na,na,,
6,Jun-2015,2015-06-27,Simmonds,na,3,R,20,5,7.2,na,11:07,na,na,2,0,0,3.5,na,na,na,na,na,na,,
6,Jun-2015,2015-06-27,Simmonds,na,3,L,20,5.5,6.5,na,10:03,na,na,2,0,0,1,na,na,na,na,na,na,,
6,Jun-2015,2015-06-27,Simmonds,na,3,R,20,5.5,7.2,na,11:10,na,na,2,0,0,2,na,na,na,na,na,na,,
6,Jun-2015,2015-06-27,Simmonds,na,3,R,20,6,5.8,na,10:11,na,na,0,0,0,0.75,na,na,na,na,na,na,,
6,Jun-2015,2015-06-27,Simmonds,na,3,R,20,7.5,5.8,na,10:18,na,na,1,0,0,4.5,na,na,na,na,na,na,,
6,Jun-2015,2015-06-27,Simmonds,na,3,L,20,8.25,6.2,na,10:08,na,na,2,0,0,1.5,na,na,na,na,na,na,,
6,Jun-2015,2015-06-27,Simmonds,na,3,R,20,9,6,na,10:19,na,na,0,0,0,0.75,na,na,na,na,na,na,,
6,Jun-2015,2015-06-27,Simmonds,na,3,R,20,9.5,6.1,na,10:47,na,T,14,na,6,na,na,na,na,na,na,na,,plant recorded as tangled but estimates of length given
6,Jun-2015,2015-06-27,Simmonds,na,3,R,20,10,6.2,na,10:22,na,na,4,0,0,5,na,na,na,na,na,na,,
6,Jun-2015,2015-06-27,Simmonds,na,3,R,20,10,6.9,na,11:24,na,na,4,0,0,3.5,na,na,na,na,na,na,,
6,Jun-2015,2015-06-27,Simmonds,na,3,R,20,11,5.3,na,10:25,na,na,4,0,0,3,na,na,na,na,na,na,,
6,Jun-2015,2015-06-27,Simmonds,na,3,R,20,12,6.8,na,10:50,na,na,8,6,1,na,na,na,na,na,na,na,,
6,Jun-2015,2015-06-27,Simmonds,na,3,R,20,13,6,na,10:52,na,na,4,0,0,4,na,na,na,na,na,na,,
6,Jun-2015,2015-06-27,Simmonds,na,3,R,20,13,5.4,na,10:31,na,T,11,na,na,na,na,na,na,na,na,na,,
6,Jun-2015,2015-06-27,Simmonds,na,3,R,20,15,6,na,10:52,na,na,0,0,0,0.5,na,na,na,na,na,na,,
6,Jun-2015,2015-06-27,Simmonds,na,3,R,20,15,6,na,10:52,na,na,2,0,0,3,na,na,na,na,na,na,,
6,Jun-2015,2015-06-27,Simmonds,na,3,R,20,16,7.2,na,11:02,na,na,1,0,0,2,na,na,na,na,na,na,,
6,Jun-2015,2015-06-27,Simmonds,na,3,R,20,16,7.2,na,11:02,na,na,2,0,0,3.5,na,na,na,na,na,na,,
6,Jun-2015,2015-06-27,Simmonds,na,3,L,20,17.75,5.7,na,10:13,na,na,0,0,0,0.75,na,na,na,na,na,na,,
6,Jun-2015,2015-06-27,Simmonds,na,3,L,20,18,5.5,na,10:14,na,na,0,0,0,0.15,na,na,na,na,na,na,,
6,Jun-2015,2015-06-27,Simmonds,na,3,R,20,20,9.1,na,10:33,na,na,0,0,0,1.5,na,na,na,na,na,na,,
6,Jun-2015,2015-06-23,Stryker,na,3,R,20,7.5,6.1,na,14:39,548,na,5,3,12.5,na,na,na,24,23,80,na,,
6,Jun-2015,2015-06-23,Stryker,na,3,R,20,2.5,6.4,na,14:27,555,T,16,na,na,na,10,7,na,na,na,na,no sporo counts,
6,Jun-2015,2015-06-23,Stryker,na,3,L,20,4,6.1,na,14:31,559,na,6,3,8.5,na,4,0,na,na,na,na,no sporo counts,
6,Jun-2015,2015-06-23,Stryker,na,3,R,20,15,5.1,na,14:56,793,na,4,3,4,na,5,2,7,0,0,na,,
6,Jun-2015,2015-06-23,Stryker,na,3,L,20,7.5,6.1,na,14:39,796,na,16,12,11,na,na,na,32,28,90,na,Was 563,
6,Jun-2015,2015-06-23,Stryker,na,3,R,20,3,6.4,na,14:22,2158,na,2,0,0,3.25,2,2,10,0,0,na,,
6,Jun-2015,2015-06-23,Stryker,na,3,R,20,1,6.4,na,14:37,na,T,14,na,na,na,na,na,na,na,na,na,,
6,Jun-2015,2015-06-23,Stryker,na,3,L,20,3.5,6.3,na,14:24,na,na,4,2,1.5,na,na,na,na,na,na,na,,
6,Jun-2015,2015-06-23,Stryker,na,3,L,20,3.5,6.3,na,14:24,na,na,7,4,6,na,na,na,na,na,na,na,,plant recorded as tangled but estimates of length given
6,Jun-2015,2015-06-23,Stryker,na,3,L,20,3.5,6.3,na,14:24,na,na,7,5,8,na,na,na,na,na,na,na,,
6,Jun-2015,2015-06-23,Stryker,na,3,R,20,4.5,6.4,na,14:41,na,P,7,na,na,na,na,na,na,na,na,na,,
6,Jun-2015,2015-06-23,Stryker,na,3,R,20,5.5,6.3,na,14:42,na,na,12,4,2.5,na,na,na,na,na,na,na,,
6,Jun-2015,2015-06-23,Stryker,na,3,L,20,6,6.3,na,14:37,na,na,5,1,3,na,na,na,na,na,na,na,,
6,Jun-2015,2015-06-23,Stryker,na,3,L,20,7.5,6.1,na,14:39,na,na,5,3,6,na,na,na,na,na,na,na,,
6,Jun-2015,2015-06-23,Stryker,na,3,L,20,7.5,6.1,na,14:39,na,na,6,4,3.5,na,na,na,na,na,na,na,,
6,Jun-2015,2015-06-23,Stryker,na,3,R,20,8,5.5,na,14:48,na,na,3,0,0,3,na,na,na,na,na,na,,
6,Jun-2015,2015-06-23,Stryker,na,3,R,20,8,5.5,na,14:48,na,na,4,1,2.25,na,na,na,na,na,na,na,,
6,Jun-2015,2015-06-23,Stryker,na,3,R,20,8,5.5,na,14:48,na,na,5,3,1,na,na,na,na,na,na,na,,plant recorded as tangled but estimates of length given
6,Jun-2015,2015-06-23,Stryker,na,3,L,20,10,6,na,14:51,na,na,4,1,5,na,na,na,na,na,na,na,,
6,Jun-2015,2015-06-23,Stryker,na,3,L,20,10,6,na,14:51,na,T,21,na,na,na,na,na,na,na,na,na,,
6,Jun-2015,2015-06-23,Stryker,na,3,R,20,14,5.1,na,15:02,na,P,24,na,na,na,na,na,na,na,na,na,,
6,Jun-2015,2015-06-23,Stryker,na,3,L,20,15,5.3,na,14:36,na,T,6,na,na,na,na,na,na,na,na,na,,
6,Jun-2015,2015-06-23,Stryker,na,3,R,20,16,5.1,na,15:05,na,na,1,1,0.5,na,na,na,na,na,na,na,,
6,Jun-2015,2015-06-23,Stryker,na,3,L,20,16.5,5.3,na,14:57,na,na,7,7,4,na,na,na,na,na,na,na,,plant recorded as tangled but estimates of length given
6,Jun-2015,2015-06-23,Stryker,na,3,R,20,19.5,5,na,15:07,na,na,3,1,2.5,na,na,na,na,na,na,na,,
6,Jun-2015,2015-06-23,Stryker,na,3,R,20,19.5,5,na,15:08,na,na,7,1,0.5,na,na,na,na,na,na,na,,
10,Jun-2016,2016-06-11,Triquet,NR,3,L,20,14,na,4,12:36,794,na,2,2,4.5,na,na,na,2,0,0,na,was 1951,
6,Jun-2015,2015-06-28,Triquet,na,3,L,20,2.5,6,na,9:46,923,na,2,0,0,3,na,na,4,0,0,na,Was 595,
6,Jun-2015,2015-06-28,Triquet,na,3,L,20,2,6,na,9:46,927,T,17,na,na,na,9,8,na,na,na,na,no sporo counts,
6,Jun-2015,2015-06-28,Triquet,na,3,R,20,15.75,6.1,na,10:05,2183,na,3,0,0,4,na,na,1,0,0,na,Was 483,
6,Jun-2015,2015-06-28,Triquet,na,3,R,20,0,6.4,na,9:43,na,na,2,0,0,3,na,na,na,na,na,na,,
6,Jun-2015,2015-06-28,Triquet,na,3,L,20,2,6,na,9:46,na,T,4,na,na,na,na,na,na,na,na,na,,
6,Jun-2015,2015-06-28,Triquet,na,3,L,20,2.5,6,na,9:46,na,T,4,na,na,na,na,na,na,na,na,na,,
6,Jun-2015,2015-06-28,Triquet,na,3,R,20,10.5,5.1,na,9:50,na,na,4,1,1,na,na,na,na,na,na,na,,
6,Jun-2015,2015-06-28,Triquet,na,3,R,20,11,6,na,9:53,na,na,4,2,1,na,na,na,na,na,na,na,,
6,Jun-2015,2015-06-28,Triquet,na,3,R,20,11,6,na,9:51,na,na,4,2,3.3,na,na,na,na,na,na,na,,
6,Jun-2015,2015-06-28,Triquet,na,3,R,20,12,6,na,9:53,na,na,4,1,2,na,na,na,na,na,na,na,,
6,Jun-2015,2015-06-28,Triquet,na,3,R,20,12,6,na,9:53,na,na,7,0,0,6,na,na,na,na,na,na,,
6,Jun-2015,2015-06-28,Triquet,na,3,R,20,15,6,na,10:01,na,na,39,25,4,na,na,na,na,na,na,na,,plant recorded as tangled but estimates of length given
6,Jun-2015,2015-06-28,Triquet,na,3,R,20,16,6.1,na,10:03,na,na,0,0,0,0.5,na,na,na,na,na,na,,
7,Aug-2015,2015-08-07,Golden,na,3,L,20,4,6,na,11:12,755,na,2,1,1,na,0,2,0,0,0,na,,
7,Aug-2015,2015-08-07,Golden,na,3,R,20,5.25,5.3,na,11:34,na,P,2,na,na,na,na,na,na,na,na,na,,
7,Aug-2015,2015-08-07,Golden,na,3,R,20,12,5.8,na,11:38,na,na,2,2,0.5,na,na,na,na,na,na,na,,
7,Aug-2015,2015-08-07,Golden,na,3,R,20,12,5.8,na,11:38,na,na,4,2,2,na,na,na,na,na,na,na,,
7,Aug-2015,2015-08-07,Golden,na,3,R,20,12,5.8,na,11:38,na,T,6,na,na,na,na,na,na,na,na,na,,
7,Aug-2015,2015-08-07,Golden,na,3,L,20,15.5,5.9,na,11:09,na,na,2,1,2.5,na,na,na,na,na,na,na,,
11,Aug-2016,2016-08-15,Meay,AM,3,L,20,10.5,na,2,10:30,716,na,4,4,3,na,na,na,11,7,100,na,,
7,Aug-2015,2015-08-08,Meay,na,3,L,20,15.5,3.3,na,10:30,750,na,7,2,1,na,na,na,na,na,na,na,no sporo counts,
7,Aug-2015,2015-08-08,Meay,na,3,R,20,10,3.6,na,9:40,928,na,1,0,0,1.5,1,0,0,0,0,na,,
7,Aug-2015,2015-08-08,Meay,na,3,L,20,10.5,3.8,na,10:25,933,na,3,1,9,na,na,na,10,8,70,na,Was 803,
7,Aug-2015,2015-08-08,Meay,na,3,L,20,6.2,4.2,na,10:12,2156,na,20,16,14.5,na,0,22,29,26,90,na,,
7,Aug-2015,2015-08-08,Meay,na,3,L,20,3,4.4,na,10:09,na,na,1,0,0,1,na,na,na,na,na,na,,
7,Aug-2015,2015-08-08,Meay,na,3,R,20,7.75,3.9,na,9:35,na,na,0,0,0,0.75,na,na,na,na,na,na,,
7,Aug-2015,2015-08-08,Meay,na,3,R,20,7.75,3.9,na,9:37,na,P,3,na,na,na,na,na,na,na,na,na,,
7,Aug-2015,2015-08-08,Meay,na,3,R,20,9.5,3.8,na,9:42,na,na,2,0,0,2,na,na,na,na,na,na,,
7,Aug-2015,2015-08-08,Meay,na,3,R,20,17,3.6,na,9:45,na,na,5,2,5,na,na,na,na,na,na,na,,
7,Aug-2015,2015-08-09,Simmonds,na,3,R,20,13,5.6,na,11:07,822,na,4,3,2,na,7,5,19,8,90,na,,
7,Aug-2015,2015-08-09,Simmonds,na,3,L,20,18.25,5.6,na,11:00,920,na,4,0,0,6,4,1,9,0,0,na,,
7,Aug-2015,2015-08-09,Simmonds,na,3,R,20,7,7,na,10:05,2146,na,11,3,7,na,12,3,21,17,90,na,,
7,Aug-2015,2015-08-09,Simmonds,na,3,L,20,8,6.1,na,11:04,2161,na,8,1,0.5,na,0,8,12,8,100,na,,
7,Aug-2015,2015-08-09,Simmonds,na,3,L,20,18,5.6,na,11:01,2187,na,2,0,0,5,0,3,4,0,0,na,,
7,Aug-2015,2015-08-09,Simmonds,na,3,R,20,0.5,7.6,na,10:49,na,na,0,0,0,1,na,na,na,na,na,na,,
7,Aug-2015,2015-08-09,Simmonds,na,3,R,20,0.5,7.6,na,10:49,na,na,0,0,0,1.25,na,na,na,na,na,na,,
7,Aug-2015,2015-08-09,Simmonds,na,3,L,20,5.5,6.6,na,10:01,na,na,4,0,0,4,na,na,na,na,na,na,,
7,Aug-2015,2015-08-09,Simmonds,na,3,L,20,6,6.1,na,11:13,na,na,0,0,0,0.25,na,na,na,na,na,na,,
7,Aug-2015,2015-08-09,Simmonds,na,3,L,20,6,6.1,na,11:13,na,na,2,0,0,2,na,na,na,na,na,na,,
7,Aug-2015,2015-08-09,Simmonds,na,3,L,20,6,6.6,na,10:01,na,na,2,0,0,2,na,na,na,na,na,na,,
7,Aug-2015,2015-08-09,Simmonds,na,3,R,20,6,6.5,na,10:49,na,na,1,0,0,2.5,na,na,na,na,na,na,,
7,Aug-2015,2015-08-09,Simmonds,na,3,R,20,7,5.9,na,11:04,na,C,1,0,0,1.25,na,na,na,na,na,na,,
7,Aug-2015,2015-08-09,Simmonds,na,3,R,20,9,6.2,na,11:04,na,na,3,0,0,2.25,na,na,na,na,na,na,,
7,Aug-2015,2015-08-09,Simmonds,na,3,R,20,10,6.2,na,11:05,na,na,6,0,0,4.5,na,na,na,na,na,na,,
7,Aug-2015,2015-08-09,Simmonds,na,3,R,20,11,5.8,na,11:05,na,na,7,0,0,4.5,na,na,na,na,na,na,,
7,Aug-2015,2015-08-09,Simmonds,na,3,R,20,11.5,5,na,12:23,na,na,0,0,0,1,na,na,na,na,na,na,,
7,Aug-2015,2015-08-09,Simmonds,na,3,R,20,14,5,na,12:23,na,na,1,0,0,1.5,na,na,na,na,na,na,,
7,Aug-2015,2015-08-09,Simmonds,na,3,R,20,14,5.3,na,12:25,na,na,1,0,0,3,na,na,na,na,na,na,,
7,Aug-2015,2015-08-09,Simmonds,na,3,R,20,14,5.3,na,12:23,na,na,21,12,1.5,na,na,na,na,na,na,na,,plant recorded as tangled but estimates of length given
7,Aug-2015,2015-08-09,Simmonds,na,3,R,20,15,6.7,na,12:25,na,na,0,0,0,0.25,na,na,na,na,na,na,,
7,Aug-2015,2015-08-09,Simmonds,na,3,R,20,15,6.7,na,12:25,na,na,0,0,0,1.5,na,na,na,na,na,na,,
7,Aug-2015,2015-08-09,Simmonds,na,3,R,20,17,8,na,12:25,na,na,1,0,0,1.25,na,na,na,na,na,na,,
7,Aug-2015,2015-08-09,Simmonds,na,3,L,20,18,5.6,na,11:01,na,T,2,na,na,na,na,na,na,na,na,na,,
7,Aug-2015,2015-08-09,Simmonds,na,3,L,20,19,7,na,11:01,na,na,0,0,0,0.25,na,na,na,na,na,na,,
7,Aug-2015,2015-08-05,Stryker,na,3,R,20,7.5,5.3,na,11:05,548,na,7,3,7,na,na,na,25,24,95,na,,
7,Aug-2015,2015-08-05,Stryker,na,3,R,20,2.5,5.3,na,10:46,555,na,17,12,8.5,na,10,6,38,35,80,na,,plant recorded as tangled but estimates of length given
7,Aug-2015,2015-08-05,Stryker,na,3,L,20,4,5.7,na,10:57,559,na,4,4,3.5,na,4,1,8,10,100,na,,
7,Aug-2015,2015-08-05,Stryker,na,3,R,20,15,4.3,na,11:26,793,na,5,4,10,na,na,na,na,na,na,na,no sporo counts,
7,Aug-2015,2015-08-05,Stryker,na,3,L,20,7.5,5.3,na,11:05,796,na,19,15,7,na,na,na,58,55,95,na,Was 563,plant recorded as tangled but estimates of length given
7,Aug-2015,2015-08-05,Stryker,na,3,R,20,3,5.3,na,11:08,2158,na,1,0,0,2,2,0,1,0,0,na,,
7,Aug-2015,2015-08-05,Stryker,na,3,L,20,3.5,5.7,na,10:50,na,na,4,1,2.5,na,na,na,na,na,na,na,,
7,Aug-2015,2015-08-05,Stryker,na,3,L,20,3.5,5.7,na,10:50,na,na,6,5,8,na,na,na,na,na,na,na,,
7,Aug-2015,2015-08-05,Stryker,na,3,L,20,3.75,5.7,na,10:50,na,na,6,2,3,na,na,na,na,na,na,na,,
7,Aug-2015,2015-08-05,Stryker,na,3,L,20,3.75,5.5,na,10:50,na,T,8,6,na,na,na,na,na,na,na,na,,
7,Aug-2015,2015-08-05,Stryker,na,3,R,20,5.5,5.2,na,11:16,na,na,16,14,10,na,na,na,na,na,na,na,,plant recorded as tangled but estimates of length given
7,Aug-2015,2015-08-05,Stryker,na,3,L,20,6,5.5,na,11:03,na,na,3,2,4,na,na,na,na,na,na,na,,plant recorded as tangled but estimates of length given
7,Aug-2015,2015-08-05,Stryker,na,3,L,20,7.5,5.2,na,11:19,na,na,6,5,5.5,na,na,na,na,na,na,na,,plant recorded as tangled but estimates of length given
7,Aug-2015,2015-08-05,Stryker,na,3,L,20,7.5,5.3,na,11:05,na,na,8,4,4,na,na,na,na,na,na,na,,plant recorded as tangled but estimates of length given
7,Aug-2015,2015-08-05,Stryker,na,3,R,20,9.5,4.8,na,11:18,na,na,1,0,0,2.5,na,na,na,na,na,na,,
7,Aug-2015,2015-08-05,Stryker,na,3,L,20,10,5,na,11:26,na,T,24,13,na,na,na,na,na,na,na,na,,
7,Aug-2015,2015-08-05,Stryker,na,3,R,20,10,4.8,na,11:20,na,na,6,3,7.5,na,na,na,na,na,na,na,,
7,Aug-2015,2015-08-05,Stryker,na,3,L,20,12,4.6,na,11:27,na,na,1,0,0,1,na,na,na,na,na,na,,
7,Aug-2015,2015-08-05,Stryker,na,3,L,20,15,4.5,na,11:28,na,na,5,1,0.5,na,na,na,na,na,na,na,,
7,Aug-2015,2015-08-05,Stryker,na,3,L,20,15,4.5,na,11:28,na,T,8,na,na,na,na,na,na,na,na,na,,
7,Aug-2015,2015-08-05,Stryker,na,3,R,20,16,4.3,na,11:26,na,P,1,na,na,na,na,na,na,na,na,na,,
7,Aug-2015,2015-08-05,Stryker,na,3,L,20,16.5,4.4,na,11:31,na,na,3,2,2.5,na,na,na,na,na,na,na,,
7,Aug-2015,2015-08-05,Stryker,na,3,L,20,16.5,4.4,na,11:31,na,T,8,na,na,na,na,na,na,na,na,na,,
7,Aug-2015,2015-08-05,Stryker,na,3,R,20,19,3.7,na,11:30,na,na,4,3,6,na,na,na,na,na,na,na,,plant recorded as tangled but estimates of length given
11,Aug-2016,2016-08-12,Triquet,AM,3,L,20,14,na,4,10:15,794,na,2,1,3,na,3,0,6,0,0,na,was 1951,
7,Aug-2015,2015-08-06,Triquet,na,3,L,20,2.5,5.2,na,10:12,923,C,3,0,0,3,na,na,4,0,0,na,Was 595,
7,Aug-2015,2015-08-06,Triquet,na,3,L,20,2,5.2,na,10:12,927,na,17,2,1,na,16,4,30,10,20,na,,
7,Aug-2015,2015-08-06,Triquet,na,3,R,20,0,5.6,na,10:09,na,C,0,0,0,0.5,na,na,na,na,na,na,,
7,Aug-2015,2015-08-06,Triquet,na,3,R,20,1,5.6,na,10:09,na,na,0,0,0,0.5,na,na,na,na,na,na,,
7,Aug-2015,2015-08-06,Triquet,na,3,L,20,2,4.7,na,10:21,na,C,6,0,0,3,na,na,na,na,na,na,,
7,Aug-2015,2015-08-06,Triquet,na,3,L,20,6,5.2,na,10:24,na,na,0,0,0,0.25,na,na,na,na,na,na,,
7,Aug-2015,2015-08-06,Triquet,na,3,L,20,6,5.2,na,10:24,na,na,0,0,0,0.25,na,na,na,na,na,na,,
7,Aug-2015,2015-08-06,Triquet,na,3,R,20,12,4.8,na,10:15,na,na,5,1,5.5,na,na,na,na,na,na,na,,
7,Aug-2015,2015-08-06,Triquet,na,3,R,20,13,4.9,na,10:17,na,na,4,2,5.5,na,na,na,na,na,na,na,,
7,Aug-2015,2015-08-06,Triquet,na,3,R,20,15,4.7,na,10:27,na,na,4,3,9.5,na,na,na,na,na,na,na,,plant recorded as tangled but estimates of length given
7,Aug-2015,2015-08-06,Triquet,na,3,R,20,15,4.7,na,10:25,na,na,4,4,9.5,na,na,na,na,na,na,na,,
7,Aug-2015,2015-08-06,Triquet,na,3,R,20,15,4.7,na,10:29,na,na,7,5,9.5,na,na,na,na,na,na,na,,plant recorded as tangled but estimates of length given
7,Aug-2015,2015-08-06,Triquet,na,3,R,20,15.5,4.7,na,10:35,na,na,3,1,5.5,na,na,na,na,na,na,na,,
8,Sep-2015,2015-09-11,Golden,na,3,L,20,4,7.1,na,10:38,755,C,2,0,0,6,2,0,11,11,90,na,,
8,Sep-2015,2015-09-11,Golden,na,3,L,20,12,6.8,na,10:44,788,C,2,0,0,2,0,2,na,na,na,na,no sporo counts,
8,Sep-2015,2015-09-11,Golden,na,3,R,20,5,7,na,10:40,na,na,2,0,0,3,na,na,na,na,na,na,,plant recorded as tangled but estimates of length given
8,Sep-2015,2015-09-11,Golden,na,3,R,20,7,7,na,10:41,na,P,6,na,na,na,na,na,na,na,na,na,,
8,Sep-2015,2015-09-11,Golden,na,3,L,20,16,7,na,10:45,na,na,2,1,14,na,na,na,na,na,na,na,,plant recorded as tangled but estimates of length given
12,Sep-2016,2016-09-07,Meay,OP,3,L,20,10.5,na,2,9:45,716,na,3,3,3,na,na,na,7,0,0,na,,
8,Sep-2015,2015-09-13,Meay,na,3,R,20,10,2.3,na,9:59,928,na,2,1,2.5,na,1,0,2,0,0,na,,
8,Sep-2015,2015-09-13,Meay,na,3,L,20,10.5,2.3,na,10:03,933,na,3,3,16,na,0,3,3,3,50,na,Was 803,
8,Sep-2015,2015-09-13,Meay,na,3,L,20,6.2,2.4,na,9:50,2156,na,19,18,6,na,15,4,26,18,70,na,,plant recorded as tangled but estimates of length given
8,Sep-2015,2015-09-13,Meay,na,3,L,20,15.5,2,na,10:10,2178,na,1,1,0,na,0,1,3,1,50,na,,
8,Sep-2015,2015-09-13,Meay,na,3,R,20,8,2.3,na,10:00,na,na,2,0,0,1.5,na,na,na,na,na,na,,
8,Sep-2015,2015-09-13,Meay,na,3,R,20,15,1.9,na,10:09,na,na,1,0,0,1.5,na,na,na,na,na,na,,
8,Sep-2015,2015-09-13,Meay,na,3,L,20,16,2.4,na,10:12,na,na,2,2,2.5,na,na,na,na,na,na,na,,
8,Sep-2015,2015-09-10,Simmonds,na,3,R,20,13,6.6,na,12:58,822,na,9,5,11,na,12,3,na,na,na,na,no sporo counts,plant recorded as tangled but estimates of length given
8,Sep-2015,2015-09-10,Simmonds,na,3,L,20,16,6.2,na,13:05,920,na,5,2,13,na,4,2,15,4,60,na,,plant recorded as tangled but estimates of length given
8,Sep-2015,2015-09-10,Simmonds,na,3,R,20,7,7,na,11:51,2146,na,15,8,13,na,12,4,40,32,80,na,,plant recorded as tangled but estimates of length given
8,Sep-2015,2015-09-10,Simmonds,na,3,L,20,8,7,na,12:47,2161,na,10,5,14,na,0,11,21,11,70,na,,plant recorded as tangled but estimates of length given
8,Sep-2015,2015-09-10,Simmonds,na,3,L,20,14,6.1,na,13:14,2187,T,3,na,na,na,3,1,8,2,70,na,,
8,Sep-2015,2015-09-10,Simmonds,na,3,R,20,1,9,na,11:47,na,na,4,0,0,3,na,na,na,na,na,na,,
8,Sep-2015,2015-09-10,Simmonds,na,3,L,20,6,7,na,11:51,na,na,1,0,0,1,na,na,na,na,na,na,,
8,Sep-2015,2015-09-10,Simmonds,na,3,L,20,6,7,na,11:48,na,na,2,0,0,5,na,na,na,na,na,na,,
8,Sep-2015,2015-09-10,Simmonds,na,3,L,20,6,7,na,11:50,na,na,4,2,9,na,na,na,na,na,na,na,,
8,Sep-2015,2015-09-10,Simmonds,na,3,R,20,12,6.6,na,12:55,na,na,16,6,10,na,na,na,na,na,na,na,,plant recorded as tangled but estimates of length given
8,Sep-2015,2015-09-10,Simmonds,na,3,R,20,15,7.1,na,13:08,na,na,3,0,0,6,na,na,na,na,na,na,,plant recorded as tangled but estimates of length given
8,Sep-2015,2015-09-10,Simmonds,na,3,R,20,16,8.2,na,13:08,na,na,1,1,10,na,na,na,na,na,na,na,,
8,Sep-2015,2015-09-10,Simmonds,na,3,R,20,17,9.1,na,13:11,na,na,2,0,0,4,na,na,na,na,na,na,,
8,Sep-2015,2015-09-09,Stryker,na,3,R,20,7.5,8,na,12:50,548,na,7,1,11,na,na,na,11,7,30,na,Frond loss data messed up for this interval,
8,Sep-2015,2015-09-09,Stryker,na,3,R,20,2.5,8.3,na,12:36,555,na,12,6,13,na,11,5,26,7,80,na,Frond loss data messed up for this interval,
8,Sep-2015,2015-09-09,Stryker,na,3,R,20,15,7.3,na,12:54,793,na,7,3,13,na,4,3,11,5,70,na,Frond loss data messed up for this interval,
8,Sep-2015,2015-09-09,Stryker,na,3,L,20,7.5,8,na,12:55,796,na,28,19,12,na,na,na,37,25,50,na,Was 563,
8,Sep-2015,2015-09-09,Stryker,na,3,R,20,3,8.2,na,12:43,2158,na,5,3,19,na,2,2,7,3,60,na,Frond loss data messed up for this interval,
8,Sep-2015,2015-09-09,Stryker,na,3,L,20,5.5,8,na,12:47,na,na,5,1,10,na,na,na,na,na,na,na,,
8,Sep-2015,2015-09-09,Stryker,na,3,L,20,10,8,na,13:01,na,T,31,na,na,na,na,na,na,na,na,na,,
8,Sep-2015,2015-09-09,Stryker,na,3,R,20,10,8,na,12:52,na,na,7,3,10,na,na,na,na,na,na,na,,
8,Sep-2015,2015-09-09,Stryker,na,3,L,20,15,6,na,13:05,na,na,16,9,11,na,na,na,na,na,na,na,,
8,Sep-2015,2015-09-09,Stryker,na,3,L,20,16,7,na,13:06,na,na,5,2,9,na,na,na,na,na,na,na,,
12,Sep-2016,2016-09-07,Triquet,KH,3,L,20,14,na,4,14:30,794,na,2,0,0,4,2,0,6,0,0,na,was 1951,
8,Sep-2015,2015-09-12,Triquet,na,3,L,20,2.5,6,na,10:19,923,na,3,0,0,3,na,na,5,2,30,na,Was 595,
8,Sep-2015,2015-09-12,Triquet,na,3,L,20,2,6,na,10:10,927,na,18,0,0,5,17,2,53,11,60,na,,
8,Sep-2015,2015-09-12,Triquet,na,3,R,20,5,6,na,10:27,1949.1,na,9,0,0,5.5,0,10,37,8,40,na,,plant recorded as tangled but estimates of length given
18,Aug-2017,2017-08-25,Triquet,OP,2,L,20,10,na,4,10:20,1978,na,12,9,6,na,12,5,26,13,100,na,used to be 1783,
18,Aug-2017,2017-08-25,Triquet,OP,2,L,20,20,na,4,10:15,1996,na,7,4,3,na,7,2,16,13,75,na,,
18,Aug-2017,2017-08-25,Triquet,NAP,2,L,20,10,na,4,10:48,na,T,12,10,na,na,na,na,na,na,na,na,,
18,Aug-2017,2017-08-25,Triquet,NAP,2,L,20,18,na,4,10:41,na,na,8,7,2,na,na,na,na,na,na,na,,
18,Aug-2017,2017-08-25,Triquet,NAP,2,L,20,18,na,4,10:42,na,na,4,1,0.25,na,na,na,na,na,na,na,,
18,Aug-2017,2017-08-25,Triquet,OP,3,L,20,12,na,4,10:40,1951,na,4,4,3,na,5,1,18,14,75,na,,
18,Aug-2017,2017-08-25,Triquet,KH,3,L,20,1.5,na,4,10:53,na,na,6,1,0.5,na,na,na,na,na,na,na,,
18,Aug-2017,2017-08-25,Triquet,KH,3,L,20,1.6,na,4,10:52,na,T,6,1,na,na,na,na,na,na,na,na,,
18,Aug-2017,2017-08-25,Triquet,KH,3,L,20,20,na,4,10:46,na,na,6,6,4,na,na,na,na,na,na,na,,
18,Aug-2017,2017-08-25,Triquet,OP,1,R,20,15,na,4,10:05,111,na,13,7,4,na,na,na,24,6,50,na,,
18,Aug-2017,2017-08-25,Triquet,OP,1,R,20,0,na,4,9:52,118,na,14,7,4,na,16,6,42,37,75,na,,
18,Aug-2017,2017-08-25,Triquet,OP,1,R,20,8,na,4,10:30,1824,na,3,2,2,na,na,na,5,1,100,na,used to be 707,
18,Aug-2017,2017-08-25,Triquet,KH,1,R,20,10,na,4,10:02,na,na,14,12,5,na,na,na,na,na,na,na,,
18,Aug-2017,2017-08-25,Triquet,KH,1,R,20,13,na,4,10:07,na,na,5,2,1,na,na,na,na,na,na,na,,
18,Aug-2017,2017-08-25,Triquet,KH,1,R,20,18,na,4,10:10,na,na,15,6,3,na,na,na,na,na,na,na,,
18,Aug-2017,2017-08-25,Triquet,OP,2,R,20,17,na,4,10:15,2422,na,4,1,1,na,na,na,12,2,50,na,*Used to be 754,
18,Aug-2017,2017-08-25,Triquet,OP,2,R,20,1,na,4,10:25,1785,na,4,3,2,na,na,na,9,2,25,na,,
18,Aug-2017,2017-08-25,Triquet,KH,2,R,20,1.5,na,4,10:35,na,na,3,0,0,3,na,na,na,na,na,na,,
18,Aug-2017,2017-08-25,Triquet,KH,2,R,20,1.9,na,4,10:34,na,na,6,2,2,na,na,na,na,na,na,na,,
18,Aug-2017,2017-08-25,Triquet,KH,2,R,20,2,na,4,10:33,na,na,2,0,0,2,na,na,na,na,na,na,,
18,Aug-2017,2017-08-25,Triquet,KH,2,R,20,2.1,na,4,10:32,na,na,4,0,0,2,na,na,na,na,na,na,,
18,Aug-2017,2017-08-25,Triquet,KH,2,R,20,3,na,4,10:31,na,na,6,2,0.5,na,na,na,na,na,na,na,,
18,Aug-2017,2017-08-25,Triquet,KH,2,R,20,3.2,na,4,10:30,na,na,4,0,0,2,na,na,na,na,na,na,,
18,Aug-2017,2017-08-25,Triquet,KH,2,R,20,9,na,4,10:29,na,na,10,3,3,na,na,na,na,na,na,na,,
18,Aug-2017,2017-08-25,Triquet,KH,2,R,20,9.1,na,4,10:25,na,T,5,1,na,na,na,na,na,na,na,na,,
18,Aug-2017,2017-08-25,Triquet,KH,2,R,20,9.9,na,4,10:23,na,na,5,4,6,na,na,na,na,na,na,na,,
18,Aug-2017,2017-08-25,Triquet,KH,2,R,20,16.2,na,4,10:22,na,na,1,0,0,2,na,na,na,na,na,na,,
18,Aug-2017,2017-08-25,Triquet,KH,2,R,20,17,na,4,10:21,na,na,1,0,0,2,na,na,na,na,na,na,,
18,Aug-2017,2017-08-25,Triquet,KH,2,R,20,17.2,na,4,10:20,na,na,1,0,0,2,na,na,na,na,na,na,,
18,Aug-2017,2017-08-25,Triquet,KH,2,R,20,19.5,na,4,10:17,na,na,10,3,2,na,na,na,na,na,na,na,,
18,Aug-2017,2017-08-25,Triquet,OP,3,R,20,10.5,na,4,11:00,102,na,8,5,5.5,na,na,na,25,10,100,na,,
18,Aug-2017,2017-08-25,Triquet,OP,3,R,20,13.5,na,4,10:50,2014,na,7,5,3.5,na,8,1,10,0,0,na,used to be 104,
18,Aug-2017,2017-08-25,Triquet,OP,3,R,20,1,na,4,10:35,1766,T,37,na,na,na,na,na,50,30,75,na,,
18,Aug-2017,2017-08-25,Triquet,KH,3,R,20,13.9,na,4,10:39,na,na,16,13,5.5,na,na,na,na,na,na,na,,
18,Aug-2017,2017-08-25,Triquet,KH,3,R,20,18.9,na,4,10:44,na,na,1,0,0,1.5,na,na,na,na,na,na,,
18,Aug-2017,2017-08-26,Westbeach,OP,1,L,20,12,na,2,10:00,110,na,13,13,6.5,na,13,3,42,26,100,na,,
18,Aug-2017,2017-08-26,Westbeach,OP,1,L,20,15,na,2,10:00,117,na,3,3,6,na,na,na,15,5,75,na,,
18,Aug-2017,2017-08-26,Westbeach,KH,1,L,20,4.2,na,2,10:00,na,na,2,2,3,na,na,na,na,na,na,na,rounded up times and depths,
18,Aug-2017,2017-08-26,Westbeach,KH,1,L,20,5.5,na,2,10:00,na,na,3,2,3,na,na,na,na,na,na,na,rounded up times and depths,
18,Aug-2017,2017-08-26,Westbeach,KH,1,L,20,5.6,na,2,10:00,na,na,4,3,5,na,na,na,na,na,na,na,rounded up times and depths,
18,Aug-2017,2017-08-26,Westbeach,KH,1,L,20,9.8,na,2,10:00,na,na,6,5,6,na,na,na,na,na,na,na,rounded up times and depths,
18,Aug-2017,2017-08-26,Westbeach,KH,1,L,20,9.9,na,2,10:00,na,na,5,5,6,na,na,na,na,na,na,na,rounded up times and depths,
18,Aug-2017,2017-08-26,Westbeach,KH,1,L,20,11.5,na,2,10:00,na,na,1,1,2,na,na,na,na,na,na,na,rounded up times and depths,
18,Aug-2017,2017-08-26,Westbeach,KH,1,L,20,12.1,na,2,10:00,na,na,7,6,8,na,na,na,na,na,na,na,rounded up times and depths,
18,Aug-2017,2017-08-26,Westbeach,KH,1,L,20,12.2,na,2,10:00,na,na,2,2,8.5,na,na,na,na,na,na,na,rounded up times and depths,
18,Aug-2017,2017-08-26,Westbeach,KH,1,L,20,12.3,na,2,10:00,na,na,5,4,9,na,na,na,na,na,na,na,rounded up times and depths,
18,Aug-2017,2017-08-26,Westbeach,KH,1,L,20,15.5,na,2,10:00,na,na,7,4,4,na,na,na,na,na,na,na,rounded up times and depths,
18,Aug-2017,2017-08-26,Westbeach,KH,1,L,20,15.7,na,2,10:00,na,na,2,2,3.5,na,na,na,na,na,na,na,rounded up times and depths,
18,Aug-2017,2017-08-26,Westbeach,OP,2,L,20,6,na,2,10:00,109,na,4,4,4,na,4,3,13,1,100,na,,
18,Aug-2017,2017-08-26,Westbeach,OP,2,L,20,1,na,2,10:00,2526,na,2,1,2,na,na,na,6,0,0,na,used to be 144,
18,Aug-2017,2017-08-26,Westbeach,OP,2,L,20,1,na,2,10:00,na,na,6,6,4.5,na,na,na,na,na,na,na,rounded up times and depths,
18,Aug-2017,2017-08-26,Westbeach,OP,2,L,20,5,na,2,10:00,na,na,3,1,6,na,na,na,na,na,na,na,rounded up times and depths,
18,Aug-2017,2017-08-26,Westbeach,OP,2,L,20,5,na,2,10:00,na,na,5,5,5,na,na,na,na,na,na,na,rounded up times and depths,
18,Aug-2017,2017-08-26,Westbeach,OP,2,L,20,5,na,2,10:00,na,na,4,1,0,na,na,na,na,na,na,na,rounded up times and depths,
18,Aug-2017,2017-08-26,Westbeach,OP,2,L,20,5,na,2,10:00,na,na,2,2,4,na,na,na,na,na,na,na,rounded up times and depths,
18,Aug-2017,2017-08-26,Westbeach,OP,2,L,20,11,na,2,10:00,na,na,3,2,6.5,na,na,na,na,na,na,na,rounded up times and depths,
18,Aug-2017,2017-08-26,Westbeach,OP,2,L,20,11,na,2,10:00,na,na,1,2,2,na,na,na,na,na,na,na,rounded up times and depths,
18,Aug-2017,2017-08-26,Westbeach,OP,2,L,20,11,na,2,10:00,na,na,9,7,5.5,na,na,na,na,na,na,na,rounded up times and depths,
18,Aug-2017,2017-08-26,Westbeach,KH,2,L,20,11.8,na,2,10:00,na,na,7,5,6,na,na,na,na,na,na,na,rounded up times and depths,
18,Aug-2017,2017-08-26,Westbeach,KH,2,L,20,11.9,na,2,10:00,na,na,7,5,6,na,na,na,na,na,na,na,rounded up times and depths,
18,Aug-2017,2017-08-26,Westbeach,KH,2,L,20,12,na,2,10:00,na,na,15,14,7,na,na,na,na,na,na,na,rounded up times and depths,
18,Aug-2017,2017-08-26,Westbeach,KH,2,L,20,12.1,na,2,10:00,na,na,4,3,5,na,na,na,na,na,na,na,rounded up times and depths,
18,Aug-2017,2017-08-26,Westbeach,KH,2,L,20,12.2,na,2,10:00,na,na,4,3,6,na,na,na,na,na,na,na,rounded up times and depths,
18,Aug-2017,2017-08-26,Westbeach,KH,2,L,20,12.3,na,2,10:00,na,na,10,8,5,na,na,na,na,na,na,na,rounded up times and depths,
18,Aug-2017,2017-08-26,Westbeach,KH,2,L,20,12.8,na,2,10:00,na,na,16,15,5,na,na,na,na,na,na,na,rounded up times and depths,
18,Aug-2017,2017-08-26,Westbeach,KH,3,L,20,2.1,na,2,10:00,na,na,8,6,4,na,na,na,na,na,na,na,rounded up times and depths,
18,Aug-2017,2017-08-26,Westbeach,KH,3,L,20,2.5,na,2,10:00,na,na,5,5,9,na,na,na,na,na,na,na,rounded up times and depths,
18,Aug-2017,2017-08-26,Westbeach,KH,3,L,20,2.6,na,2,10:00,na,na,19,17,6,na,na,na,na,na,na,na,rounded up times and depths,
18,Aug-2017,2017-08-26,Westbeach,KH,3,L,20,3,na,2,10:00,na,na,7,6,8,na,na,na,na,na,na,na,rounded up times and depths,
18,Aug-2017,2017-08-26,Westbeach,KH,3,L,20,3.1,na,2,10:00,na,na,5,4,6,na,na,na,na,na,na,na,rounded up times and depths,
18,Aug-2017,2017-08-26,Westbeach,KH,3,L,20,3.9,na,2,10:00,na,na,15,12,6,na,na,na,na,na,na,na,rounded up times and depths,
18,Aug-2017,2017-08-26,Westbeach,KH,3,L,20,4,na,2,10:00,na,na,12,8,6,na,na,na,na,na,na,na,rounded up times and depths,
18,Aug-2017,2017-08-26,Westbeach,KH,3,L,20,4.1,na,2,10:00,na,na,8,7,7,na,na,na,na,na,na,na,rounded up times and depths,
18,Aug-2017,2017-08-26,Westbeach,KH,3,L,20,4.2,na,2,10:00,na,na,2,1,1,na,na,na,na,na,na,na,rounded up times and depths,
18,Aug-2017,2017-08-26,Westbeach,KH,3,L,20,4.6,na,2,10:00,na,na,18,13,6,na,na,na,na,na,na,na,rounded up times and depths,
18,Aug-2017,2017-08-26,Westbeach,KH,3,L,20,5,na,2,10:00,na,na,4,4,8.5,na,na,na,na,na,na,na,rounded up times and depths,
18,Aug-2017,2017-08-26,Westbeach,KH,3,L,20,7.5,na,2,10:00,na,na,1,1,2,na,na,na,na,na,na,na,rounded up times and depths,
18,Aug-2017,2017-08-26,Westbeach,KH,3,L,20,7.6,na,2,10:00,na,na,11,10,6,na,na,na,na,na,na,na,rounded up times and depths,
18,Aug-2017,2017-08-26,Westbeach,KH,3,L,20,10.4,na,2,10:00,na,na,3,2,3,na,na,na,na,na,na,na,rounded up times and depths,
18,Aug-2017,2017-08-26,Westbeach,KH,3,L,20,10.5,na,2,10:00,na,na,2,2,3,na,na,na,na,na,na,na,rounded up times and depths,
18,Aug-2017,2017-08-26,Westbeach,KH,3,L,20,11,na,2,10:00,na,na,4,3,5,na,na,na,na,na,na,na,rounded up times and depths,
18,Aug-2017,2017-08-26,Westbeach,KH,3,L,20,11.5,na,2,10:00,na,na,3,3,6,na,na,na,na,na,na,na,rounded up times and depths,
18,Aug-2017,2017-08-26,Westbeach,KH,3,L,20,11.7,na,2,10:00,na,na,3,3,5,na,na,na,na,na,na,na,rounded up times and depths,
18,Aug-2017,2017-08-26,Westbeach,KH,3,L,20,11.8,na,2,10:00,na,na,5,5,9,na,na,na,na,na,na,na,rounded up times and depths,
18,Aug-2017,2017-08-26,Westbeach,KH,3,L,20,12,na,2,10:00,na,na,2,2,5,na,na,na,na,na,na,na,rounded up times and depths,
18,Aug-2017,2017-08-26,Westbeach,KH,3,L,20,12.2,na,2,10:00,na,na,8,7,8,na,na,na,na,na,na,na,rounded up times and depths,
18,Aug-2017,2017-08-26,Westbeach,KH,3,L,20,13,na,2,10:00,na,P,14,na,na,na,na,na,na,na,na,na,rounded up times and depths,
18,Aug-2017,2017-08-26,Westbeach,KH,3,L,20,15,na,2,10:00,na,na,16,15,8,na,na,na,na,na,na,na,rounded up times and depths,
18,Aug-2017,2017-08-26,Westbeach,KH,3,L,20,15.1,na,2,10:00,na,na,10,8,9.5,na,na,na,na,na,na,na,rounded up times and depths,
18,Aug-2017,2017-08-26,Westbeach,KH,3,L,20,17.2,na,2,10:00,na,na,6,4,8,na,na,na,na,na,na,na,rounded up times and depths,
18,Aug-2017,2017-08-26,Westbeach,KH,3,L,20,17.3,na,2,10:00,na,na,4,2,3,na,na,na,na,na,na,na,rounded up times and depths,
18,Aug-2017,2017-08-26,Westbeach,KH,3,L,20,17.9,na,2,10:00,na,na,32,31,8,na,na,na,na,na,na,na,rounded up times and depths,
18,Aug-2017,2017-08-26,Westbeach,OP,1,R,20,12.5,na,2,10:00,114,na,18,14,6,na,18,2,28,20,75,na,,
18,Aug-2017,2017-08-26,Westbeach,OP,1,R,20,1.5,na,2,10:00,2537,na,1,1,3,na,na,na,0,0,0,na,*Used to be 1758,
18,Aug-2017,2017-08-26,Westbeach,BMM,1,R,20,3,na,2,10:00,na,na,5,4,4.5,na,na,na,na,na,na,na,rounded up times and depths,
18,Aug-2017,2017-08-26,Westbeach,BMM,1,R,20,4,na,2,10:00,na,na,2,2,1,na,na,na,na,na,na,na,rounded up times and depths,
18,Aug-2017,2017-08-26,Westbeach,BMM,1,R,20,4,na,2,10:00,na,na,5,4,5,na,na,na,na,na,na,na,rounded up times and depths,
18,Aug-2017,2017-08-26,Westbeach,BMM,1,R,20,4,na,2,10:00,na,na,2,1,3.5,na,na,na,na,na,na,na,rounded up times and depths,
18,Aug-2017,2017-08-26,Westbeach,BMM,1,R,20,4,na,2,10:00,na,na,2,0,0,1.5,na,na,na,na,na,na,rounded up times and depths,
18,Aug-2017,2017-08-26,Westbeach,BMM,1,R,20,4,na,2,10:00,na,na,1,1,0,na,na,na,na,na,na,na,rounded up times and depths,
18,Aug-2017,2017-08-26,Westbeach,BMM,1,R,20,4,na,2,10:00,na,na,3,2,2.5,na,na,na,na,na,na,na,rounded up times and depths,
18,Aug-2017,2017-08-26,Westbeach,BMM,1,R,20,4,na,2,10:00,na,na,2,2,2.5,na,na,na,na,na,na,na,rounded up times and depths,
18,Aug-2017,2017-08-26,Westbeach,BMM,1,R,20,4,na,2,10:00,na,na,3,3,4.5,na,na,na,na,na,na,na,rounded up times and depths,
18,Aug-2017,2017-08-26,Westbeach,BMM,1,R,20,5,na,2,10:00,na,na,5,4,2,na,na,na,na,na,na,na,rounded up times and depths,
18,Aug-2017,2017-08-26,Westbeach,BMM,1,R,20,5,na,2,10:00,na,na,1,1,4,na,na,na,na,na,na,na,rounded up times and depths,
18,Aug-2017,2017-08-26,Westbeach,BMM,1,R,20,6,na,2,10:00,na,na,5,4,7,na,na,na,na,na,na,na,rounded up times and depths,
18,Aug-2017,2017-08-26,Westbeach,BMM,1,R,20,6,na,2,10:00,na,na,2,1,0.5,na,na,na,na,na,na,na,rounded up times and depths,
18,Aug-2017,2017-08-26,Westbeach,BMM,1,R,20,6,na,2,10:00,na,na,3,3,4.5,na,na,na,na,na,na,na,rounded up times and depths,
18,Aug-2017,2017-08-26,Westbeach,BMM,1,R,20,13,na,2,10:00,na,na,4,3,3,na,na,na,na,na,na,na,rounded up times and depths,
18,Aug-2017,2017-08-26,Westbeach,BMM,1,R,20,13,na,2,10:00,na,na,1,1,3.5,na,na,na,na,na,na,na,rounded up times and depths,
18,Aug-2017,2017-08-26,Westbeach,BMM,1,R,20,13,na,2,10:00,na,na,5,3,5.5,na,na,na,na,na,na,na,rounded up times and depths,
18,Aug-2017,2017-08-26,Westbeach,BMM,1,R,20,13,na,2,10:00,na,na,5,4,4,na,na,na,na,na,na,na,rounded up times and depths,
18,Aug-2017,2017-08-26,Westbeach,BMM,1,R,20,15,na,2,10:00,na,na,3,2,6.5,na,na,na,na,na,na,na,rounded up times and depths,
18,Aug-2017,2017-08-26,Westbeach,BMM,1,R,20,16,na,2,10:00,na,na,8,6,5.5,na,na,na,na,na,na,na,rounded up times and depths,
18,Aug-2017,2017-08-26,Westbeach,BMM,1,R,20,16,na,2,10:00,na,na,2,2,4,na,na,na,na,na,na,na,rounded up times and depths,
18,Aug-2017,2017-08-26,Westbeach,BMM,1,R,20,17,na,2,10:00,na,na,8,7,5,na,na,na,na,na,na,na,rounded up times and depths,
18,Aug-2017,2017-08-26,Westbeach,BMM,1,R,20,17,na,2,10:00,na,na,3,3,4.5,na,na,na,na,na,na,na,rounded up times and depths,
18,Aug-2017,2017-08-26,Westbeach,BMM,1,R,20,17,na,2,10:00,na,na,1,1,4,na,na,na,na,na,na,na,rounded up times and depths,
18,Aug-2017,2017-08-26,Westbeach,BMM,1,R,20,17,na,2,10:00,na,na,4,3,6,na,na,na,na,na,na,na,rounded up times and depths,
18,Aug-2017,2017-08-26,Westbeach,OP,2,R,20,2,na,2,10:00,2531,na,5,3,6,na,na,na,20,5,25,na,used to be 116,
18,Aug-2017,2017-08-26,Westbeach,OP,2,L,20,12,na,2,10:00,119,na,5,3,2.5,na,na,na,12,0,0,na,changed to R side,
18,Aug-2017,2017-08-26,Westbeach,OP,2,R,20,8,na,2,10:00,2008,na,13,7,6,na,13,5,28,12,90,na,,
18,Aug-2017,2017-08-26,Westbeach,BMM,2,R,20,2,na,2,10:00,na,na,3,3,4.5,na,na,na,na,na,na,na,rounded up times and depths,
18,Aug-2017,2017-08-26,Westbeach,BMM,2,R,20,2,na,2,10:00,na,na,2,1,2.5,na,na,na,na,na,na,na,rounded up times and depths,
18,Aug-2017,2017-08-26,Westbeach,BMM,2,R,20,9,na,2,10:00,na,na,2,2,5.5,na,na,na,na,na,na,na,rounded up times and depths,
18,Aug-2017,2017-08-26,Westbeach,BMM,2,R,20,9,na,2,10:00,na,na,2,1,3,na,na,na,na,na,na,na,rounded up times and depths,
18,Aug-2017,2017-08-26,Westbeach,BMM,2,R,20,9,na,2,10:00,na,na,6,4,7,na,na,na,na,na,na,na,rounded up times and depths,
18,Aug-2017,2017-08-26,Westbeach,BMM,2,R,20,9,na,2,10:00,na,na,7,6,5.5,na,na,na,na,na,na,na,rounded up times and depths,
18,Aug-2017,2017-08-26,Westbeach,BMM,2,R,20,9,na,2,10:00,na,na,8,4,4,na,na,na,na,na,na,na,rounded up times and depths,
18,Aug-2017,2017-08-26,Westbeach,BMM,2,R,20,11,na,2,10:00,na,na,10,8,7,na,na,na,na,na,na,na,rounded up times and depths,
18,Aug-2017,2017-08-26,Westbeach,BMM,2,R,20,11,na,2,10:00,na,na,4,3,3.5,na,na,na,na,na,na,na,rounded up times and depths,
18,Aug-2017,2017-08-26,Westbeach,BMM,2,R,20,11,na,2,10:00,na,na,10,8,6,na,na,na,na,na,na,na,rounded up times and depths,
18,Aug-2017,2017-08-26,Westbeach,BMM,2,R,20,11,na,2,10:00,na,na,5,4,7,na,na,na,na,na,na,na,rounded up times and depths,
18,Aug-2017,2017-08-26,Westbeach,BMM,2,R,20,11,na,2,10:00,na,na,3,1,1.5,na,na,na,na,na,na,na,rounded up times and depths,
18,Aug-2017,2017-08-26,Westbeach,BMM,2,R,20,11,na,2,10:00,na,na,5,5,5.5,na,na,na,na,na,na,na,rounded up times and depths,
18,Aug-2017,2017-08-26,Westbeach,BMM,2,R,20,12,na,2,10:00,na,na,4,3,4,na,na,na,na,na,na,na,rounded up times and depths,
18,Aug-2017,2017-08-26,Westbeach,BMM,2,R,20,12,na,2,10:00,na,na,3,3,6.5,na,na,na,na,na,na,na,rounded up times and depths,
18,Aug-2017,2017-08-26,Westbeach,BMM,2,R,20,12,na,2,10:00,na,na,2,2,5.5,na,na,na,na,na,na,na,rounded up times and depths,
18,Aug-2017,2017-08-26,Westbeach,BMM,2,R,20,13,na,2,10:00,na,na,6,4,4,na,na,na,na,na,na,na,rounded up times and depths,
18,Aug-2017,2017-08-26,Westbeach,BMM,2,R,20,13,na,2,10:00,na,na,5,4,4,na,na,na,na,na,na,na,rounded up times and depths,
18,Aug-2017,2017-08-26,Westbeach,OP,3,R,20,7.5,na,2,10:00,101,na,5,3,4,na,na,na,17,0,0,na,,
18,Aug-2017,2017-08-26,Westbeach,OP,3,R,20,13,na,2,10:00,123,na,4,4,6,na,na,na,19,15,90,na,,
18,Aug-2017,2017-08-26,Westbeach,OP,3,R,20,13,na,2,10:00,145,na,3,2,4.5,na,na,na,11,3,90,na,,
18,Aug-2017,2017-08-26,Westbeach,OP,3,R,20,4,na,2,10:00,191,na,10,8,5,na,10,4,46,24,100,na,,
18,Aug-2017,2017-08-26,Westbeach,OP,3,R,20,3,na,2,10:00,2000,na,9,8,6,na,9,4,21,17,90,na,,
18,Aug-2017,2017-08-26,Westbeach,BMM,3,R,20,7,na,2,10:00,na,na,2,2,0.5,na,na,na,na,na,na,na,rounded up times and depths,
18,Aug-2017,2017-08-26,Westbeach,BMM,3,R,20,7,na,2,10:00,na,na,2,2,3.5,na,na,na,na,na,na,na,rounded up times and depths,
18,Aug-2017,2017-08-26,Westbeach,BMM,3,R,20,8,na,2,10:00,na,na,1,1,6,na,na,na,na,na,na,na,rounded up times and depths,
18,Aug-2017,2017-08-26,Westbeach,BMM,3,R,20,8,na,2,10:00,na,na,5,4,5,na,na,na,na,na,na,na,rounded up times and depths,
18,Aug-2017,2017-08-26,Westbeach,BMM,3,R,20,8,na,2,10:00,na,na,2,1,4.5,na,na,na,na,na,na,na,rounded up times and depths,
18,Aug-2017,2017-08-26,Westbeach,BMM,3,R,20,8,na,2,10:00,na,na,3,3,5.5,na,na,na,na,na,na,na,rounded up times and depths,
18,Aug-2017,2017-08-26,Westbeach,BMM,3,R,20,8,na,2,10:00,na,na,2,2,6.5,na,na,na,na,na,na,na,rounded up times and depths,
18,Aug-2017,2017-08-26,Westbeach,BMM,3,R,20,13,na,2,10:00,na,na,2,1,3.5,na,na,na,na,na,na,na,rounded up times and depths,
18,Aug-2017,2017-08-26,Westbeach,BMM,3,R,20,13,na,2,10:00,na,na,2,1,4,na,na,na,na,na,na,na,rounded up times and depths,
18,Aug-2017,2017-08-26,Westbeach,BMM,3,R,20,13,na,2,10:00,na,na,3,3,4.5,na,na,na,na,na,na,na,rounded up times and depths,
18,Aug-2017,2017-08-25,Womanley,OP,1,L,20,7.5,na,5,13:30,1938,T,4,3,na,na,na,na,13,10,100,na,was 124,
18,Aug-2017,2017-08-25,Womanley,OP,1,L,20,2.5,na,5,13:30,129,T,8,na,na,na,na,na,11,3,90,na,,
18,Aug-2017,2017-08-25,Womanley,NAP,1,L,20,0.5,na,5,13:54,na,na,3,1,1,na,na,na,na,na,na,na,,
18,Aug-2017,2017-08-25,Womanley,NAP,1,L,20,0.5,na,5,13:55,na,T,9,6,na,na,na,na,na,na,na,na,,
18,Aug-2017,2017-08-25,Womanley,NAP,1,L,20,3,na,5,13:58,na,na,4,2,3,na,na,na,na,na,na,na,,
18,Aug-2017,2017-08-25,Womanley,NAP,1,L,20,7,na,5,14:02,na,na,6,4,6,na,na,na,na,na,na,na,,
18,Aug-2017,2017-08-25,Womanley,NAP,1,L,20,7,na,5,14:03,na,T,2,1,na,na,na,na,na,na,na,na,,
18,Aug-2017,2017-08-25,Womanley,NAP,1,L,20,7.5,na,5,14:05,na,na,6,5,1.5,na,na,na,na,na,na,na,,
18,Aug-2017,2017-08-25,Womanley,NAP,1,L,20,7.5,na,5,14:08,na,na,3,2,6,na,na,na,na,na,na,na,,
18,Aug-2017,2017-08-25,Womanley,NAP,1,L,20,7.5,na,5,14:09,na,na,2,0,0,3.25,na,na,na,na,na,na,,
18,Aug-2017,2017-08-25,Womanley,NAP,1,L,20,11,na,5,14:10,na,na,1,0,0,1.5,na,na,na,na,na,na,,
18,Aug-2017,2017-08-25,Womanley,OP,2,L,20,16.5,na,5,13:30,120,na,6,0,0,4,6,2,10,0,0,na,,
18,Aug-2017,2017-08-25,Womanley,OP,2,L,20,14,na,5,13:30,149,na,4,0,0,3,na,na,10,0,0,na,,
18,Aug-2017,2017-08-25,Womanley,NAP,2,L,20,8.5,na,5,13:49,na,na,2,0,0,1.5,na,na,na,na,na,na,,
18,Aug-2017,2017-08-25,Womanley,NAP,2,L,20,10,na,5,13:47,na,na,3,0,0,3,na,na,na,na,na,na,,
18,Aug-2017,2017-08-25,Womanley,NAP,2,L,20,10,na,5,13:48,na,na,1,0,0,1.75,na,na,na,na,na,na,,
18,Aug-2017,2017-08-25,Womanley,NAP,2,L,20,10,na,5,13:48,na,na,1,0,0,1,na,na,na,na,na,na,,
18,Aug-2017,2017-08-25,Womanley,NAP,2,L,20,10,na,5,13:48,na,na,1,0,0,2,na,na,na,na,na,na,,
18,Aug-2017,2017-08-25,Womanley,NAP,2,L,20,11,na,5,13:44,na,na,4,0,0,1.75,na,na,na,na,na,na,,
18,Aug-2017,2017-08-25,Womanley,NAP,2,L,20,11,na,5,13:45,na,na,4,0,0,2.25,na,na,na,na,na,na,,
18,Aug-2017,2017-08-25,Womanley,NAP,2,L,20,11,na,5,13:46,na,na,3,0,0,2,na,na,na,na,na,na,,
18,Aug-2017,2017-08-25,Womanley,NAP,2,L,20,12.5,na,5,13:43,na,na,2,0,0,1.25,na,na,na,na,na,na,,
18,Aug-2017,2017-08-25,Womanley,NAP,2,L,20,14,na,5,13:41,na,na,4,0,0,3.5,na,na,na,na,na,na,,
18,Aug-2017,2017-08-25,Womanley,NAP,2,L,20,14,na,5,13:41,na,na,1,0,0,1.25,na,na,na,na,na,na,,
18,Aug-2017,2017-08-25,Womanley,NAP,2,L,20,15,na,5,13:40,na,na,5,1,0,na,na,na,na,na,na,na,,
18,Aug-2017,2017-08-25,Womanley,NAP,2,L,20,15,na,5,13:40,na,na,1,0,0,1,na,na,na,na,na,na,,
18,Aug-2017,2017-08-25,Womanley,NAP,2,L,20,16,na,5,13:38,na,na,2,0,0,1.75,na,na,na,na,na,na,,
18,Aug-2017,2017-08-25,Womanley,NAP,2,L,20,17.5,na,5,13:38,na,na,2,0,0,1,na,na,na,na,na,na,,
18,Aug-2017,2017-08-25,Womanley,OP,3,L,20,13,na,5,13:30,113,na,6,4,5.5,na,7,3,42,33,100,na,,
18,Aug-2017,2017-08-25,Womanley,NAP,3,L,20,2,na,5,13:07,na,na,1,0,0,2,na,na,na,na,na,na,,
18,Aug-2017,2017-08-25,Womanley,NAP,3,L,20,8,na,5,13:10,na,na,3,1,2,na,na,na,na,na,na,na,,
18,Aug-2017,2017-08-25,Womanley,NAP,3,L,20,8,na,5,13:17,na,na,4,2,4.5,na,na,na,na,na,na,na,,
18,Aug-2017,2017-08-25,Womanley,NAP,3,L,20,11.5,na,5,13:23,na,na,4,4,6,na,na,na,na,na,na,na,,
18,Aug-2017,2017-08-25,Womanley,NAP,3,L,20,11.5,na,5,13:24,na,na,5,1,1,na,na,na,na,na,na,na,,
18,Aug-2017,2017-08-25,Womanley,NAP,3,L,20,11.5,na,5,13:27,na,na,2,2,5,na,na,na,na,na,na,na,,
18,Aug-2017,2017-08-25,Womanley,NAP,3,L,20,12,na,5,13:29,na,na,4,2,5,na,na,na,na,na,na,na,,
18,Aug-2017,2017-08-25,Womanley,NAP,3,L,20,12,na,5,13:31,na,na,4,3,3.5,na,na,na,na,na,na,na,,
18,Aug-2017,2017-08-25,Womanley,NAP,3,L,20,12,na,5,13:35,na,T,6,4,na,na,na,na,na,na,na,na,,
18,Aug-2017,2017-08-25,Womanley,NAP,3,L,20,12,na,5,13:35,na,na,5,3,3,na,na,na,na,na,na,na,,
18,Aug-2017,2017-08-25,Womanley,OP,1,R,20,20,na,5,13:30,1842,na,8,5,3,na,na,na,17,0,0,na,could have been 104 or 105 at some point,
18,Aug-2017,2017-08-25,Womanley,OP,1,R,20,13.7,na,5,13:30,107,na,13,7,4,na,13,4,30,16,90,na,,
18,Aug-2017,2017-08-25,Womanley,OP,1,R,20,5.2,na,5,13:30,115,na,4,2,2,na,4,1,6,0,0,na,,
18,Aug-2017,2017-08-25,Womanley,KH,1,R,20,3.2,na,5,13:40,na,na,15,10,5,na,na,na,na,na,na,na,,
18,Aug-2017,2017-08-25,Womanley,KH,1,R,20,4,na,5,13:43,na,na,7,4,6.5,na,na,na,na,na,na,na,,
18,Aug-2017,2017-08-25,Womanley,KH,1,R,20,9,na,5,13:45,na,P,9,na,na,na,na,na,na,na,na,na,,
18,Aug-2017,2017-08-25,Womanley,KH,1,R,20,12.9,na,5,13:51,na,na,15,9,4,na,na,na,na,na,na,na,,
18,Aug-2017,2017-08-25,Womanley,KH,1,R,20,13,na,5,13:53,na,na,10,8,7,na,na,na,na,na,na,na,,
18,Aug-2017,2017-08-25,Womanley,KH,1,R,20,14,na,5,13:56,na,na,23,11,6.5,na,na,na,na,na,na,na,,
18,Aug-2017,2017-08-25,Womanley,KH,1,R,20,15,na,5,13:59,na,na,7,5,3,na,na,na,na,na,na,na,,
18,Aug-2017,2017-08-25,Womanley,KH,1,R,20,19,na,5,13:48,na,na,11,6,3,na,na,na,na,na,na,na,,
18,Aug-2017,2017-08-25,Womanley,OP,2,R,20,8,na,5,13:30,106,na,5,2,0.5,na,na,na,6,0,0,na,,
18,Aug-2017,2017-08-25,Womanley,OP,2,R,20,10.6,na,5,13:30,121,na,9,5,4,na,9,1,23,17,100,na,,
18,Aug-2017,2017-08-25,Womanley,KH,2,R,20,0.5,na,5,13:38,na,na,2,0,0,1.75,na,na,na,na,na,na,,
18,Aug-2017,2017-08-25,Womanley,KH,2,R,20,3,na,5,13:37,na,na,2,0,0,1.2,na,na,na,na,na,na,,
18,Aug-2017,2017-08-25,Womanley,KH,2,R,20,4,na,5,13:36,na,na,1,0,0,1,na,na,na,na,na,na,,
18,Aug-2017,2017-08-25,Womanley,KH,2,R,20,7.5,na,5,13:35,na,na,1,0,0,2,na,na,na,na,na,na,,
18,Aug-2017,2017-08-25,Womanley,KH,2,R,20,15,na,5,13:31,na,P,4,na,na,na,na,na,na,na,na,na,,
18,Aug-2017,2017-08-25,Womanley,KH,2,R,20,16.5,na,5,13:31,na,na,1,0,0,1.5,na,na,na,na,na,na,,
18,Aug-2017,2017-08-25,Womanley,KH,2,R,20,20,na,5,13:28,na,na,17,10,6,na,na,na,na,na,na,na,,
18,Aug-2017,2017-08-25,Womanley,OP,3,R,20,10.5,na,5,13:30,100,na,10,5,5.5,na,10,2,13,0,0,na,,
18,Aug-2017,2017-08-25,Womanley,KH,3,R,20,0.5,na,5,13:05,na,T,11,na,na,na,na,na,na,na,na,na,,
18,Aug-2017,2017-08-25,Womanley,KH,3,R,20,0.6,na,5,13:10,na,T,17,na,na,na,na,na,na,na,na,na,,
18,Aug-2017,2017-08-25,Womanley,KH,3,R,20,2.1,na,5,13:15,na,na,2,0,0,1.5,na,na,na,na,na,na,,
18,Aug-2017,2017-08-25,Womanley,KH,3,R,20,9.9,na,5,13:17,na,na,5,3,5,na,na,na,na,na,na,na,,
18,Aug-2017,2017-08-25,Womanley,KH,3,R,20,10,na,5,13:19,na,na,5,5,7,na,na,na,na,na,na,na,,
18,Aug-2017,2017-08-25,Womanley,KH,3,R,20,16.8,na,5,13:20,na,na,5,2,3,na,na,na,na,na,na,na,,
18,Aug-2017,2017-08-25,Womanley,KH,3,R,20,16.9,na,5,13:22,na,na,5,3,4,na,na,na,na,na,na,na,,
18,Aug-2017,2017-08-25,Womanley,KH,3,R,20,16.9,na,5,13:21,na,P,25,na,na,na,na,na,na,na,na,na,,
18,Aug-2017,2017-08-25,Womanley,KH,3,R,20,17,na,5,13:23,na,na,5,0,0,2,na,na,na,na,na,na,,
18,Aug-2017,2017-08-25,Womanley,KH,3,R,20,17.1,na,5,13:24,na,na,3,2,4.7,na,na,na,na,na,na,na,,
18,Aug-2017,2017-08-25,Womanley,KH,3,R,20,17.2,na,5,13:25,na,na,2,0,0,1,na,na,na,na,na,na,,
19,Nov-2017,2017-11-19,Triquet,DVM,1,L,20,14.2,na,4,11:49,108,na,3,2,1,na,na,na,3,0,0,na,,
19,Nov-2017,2017-11-19,Triquet,DVM,1,L,20,3.25,na,4,11:41,112,C,4,0,0,3.5,2,4,3,0,0,na,,
19,Nov-2017,2017-11-19,Triquet,BMM,1,L,20,0,na,4,11:02,na,na,6,1,0.5,na,na,na,na,na,na,na,,
19,Nov-2017,2017-11-19,Triquet,BMM,1,L,20,15,na,4,11:06,na,na,1,0,0,4,na,na,na,na,na,na,,
19,Nov-2017,2017-11-19,Triquet,BMM,1,L,20,15,na,4,11:07,na,na,7,1,0.5,na,na,na,na,na,na,na,,
19,Nov-2017,2017-11-19,Triquet,BMM,1,L,20,18,na,4,11:09,na,na,1,0,0,2,na,na,na,na,na,na,,
19,Nov-2017,2017-11-19,Triquet,BMM,1,L,20,18,na,4,11:10,na,na,3,0,0,2,na,na,na,na,na,na,,
19,Nov-2017,2017-11-19,Triquet,BMM,1,L,20,18,na,4,11:11,na,na,6,1,0.5,na,na,na,na,na,na,na,,
19,Nov-2017,2017-11-19,Triquet,DVM,2,L,20,10,na,4,11:27,1978,na,27,8,5,na,11,22,38,0,0,na,used to be 1783,
19,Nov-2017,2017-11-19,Triquet,DVM,2,L,20,20,na,4,11:19,1996,na,8,5,4,na,7,2,14,0,0,na,,
19,Nov-2017,2017-11-19,Triquet,BMM,2,L,20,2,na,4,11:29,na,na,5,2,1,na,na,na,na,na,na,na,,
19,Nov-2017,2017-11-19,Triquet,BMM,2,L,20,3,na,4,11:27,na,na,2,0,0,2.5,na,na,na,na,na,na,,
19,Nov-2017,2017-11-19,Triquet,BMM,2,L,20,3,na,4,11:28,na,na,2,0,0,3,na,na,na,na,na,na,,
19,Nov-2017,2017-11-19,Triquet,BMM,2,L,20,10,na,4,11:22,na,na,3,2,1.5,na,na,na,na,na,na,na,,
19,Nov-2017,2017-11-19,Triquet,BMM,2,L,20,10,na,4,11:24,na,na,4,2,1,na,na,na,na,na,na,na,,
19,Nov-2017,2017-11-19,Triquet,BMM,2,L,20,10,na,4,11:25,na,na,3,1,1,na,na,na,na,na,na,na,,
19,Nov-2017,2017-11-19,Triquet,BMM,2,L,20,10,na,4,11:26,na,na,2,0,0,3.5,na,na,na,na,na,na,,
19,Nov-2017,2017-11-19,Triquet,BMM,2,L,20,16,na,4,11:21,na,na,1,0,0,1.5,na,na,na,na,na,na,,
19,Nov-2017,2017-11-19,Triquet,BMM,2,L,20,17,na,4,11:20,na,na,8,1,0,na,na,na,na,na,na,na,,
19,Nov-2017,2017-11-19,Triquet,ZM,2,L,20,19,na,4,11:38,na,na,10,2,2,na,na,na,na,na,na,na,,
19,Nov-2017,2017-11-19,Triquet,BMM,2,L,20,20,na,4,11:19,na,na,8,0,0,4.5,na,na,na,na,na,na,,
19,Nov-2017,2017-11-19,Triquet,DVM,3,L,20,12,na,4,11:06,1951,na,4,1,1,na,4,3,10,0,0,na,,
19,Nov-2017,2017-11-19,Triquet,ZM,3,L,20,1.5,na,4,11:18,na,na,3,0,0,3,na,na,na,na,na,na,,
19,Nov-2017,2017-11-19,Triquet,ZM,3,L,20,1.5,na,4,11:20,na,na,5,0,0,2,na,na,na,na,na,na,,
19,Nov-2017,2017-11-19,Triquet,ZM,3,L,20,20,na,4,11:34,na,na,4,1,3,na,na,na,na,na,na,na,,
19,Nov-2017,2017-11-19,Triquet,DVM,1,R,20,15,na,4,11:50,111,na,15,5,3,na,na,na,22,0,0,na,,
19,Nov-2017,2017-11-19,Triquet,DVM,1,R,20,0,na,4,11:53,118,na,12,7,3,na,2,4,3,0,0,na,,
19,Nov-2017,2017-11-19,Triquet,DVM,1,R,20,8,na,4,11:45,1824,C,3,0,0,3,na,na,9,0,0,na,used to be 707,
19,Nov-2017,2017-11-19,Triquet,BMM,1,R,20,10,na,4,11:04,na,na,7,0,0,3,na,na,na,na,na,na,,
19,Nov-2017,2017-11-19,Triquet,BMM,1,R,20,10,na,4,11:05,na,na,5,1,1,na,na,na,na,na,na,na,,
19,Nov-2017,2017-11-19,Triquet,BMM,1,R,20,15,na,4,11:08,na,na,6,2,1,na,na,na,na,na,na,na,,
19,Nov-2017,2017-11-19,Triquet,BMM,1,R,20,18,na,4,11:17,na,na,6,1,0.5,na,na,na,na,na,na,na,,
19,Nov-2017,2017-11-19,Triquet,BMM,1,R,20,18,na,4,11:19,na,na,8,4,3,na,na,na,na,na,na,na,,
19,Nov-2017,2017-11-19,Triquet,DVM,2,R,20,1,na,4,11:30,1785,na,5,4,4,na,na,na,14,0,0,na,,
19,Nov-2017,2017-11-19,Triquet,DVM,2,R,20,17,na,4,11:24,2422,na,4,2,2,na,na,na,13,0,0,na,*Used to be 754,
19,Nov-2017,2017-11-19,Triquet,DVM,3,R,20,13.5,na,4,11:15,2014,na,5,4,4.5,na,6,3,11,0,0,na,used to be 104,
19,Nov-2017,2017-11-19,Triquet,DVM,3,R,20,1,na,4,11:03,1766,na,21,16,6,na,na,na,17,0,0,na,,
19,Nov-2017,2017-11-19,Triquet,ZM,3,R,20,1.5,na,4,11:22,na,na,4,2,2,na,na,na,na,na,na,na,,
19,Nov-2017,2017-11-19,Triquet,ZM,3,R,20,13.5,na,4,11:26,na,na,14,12,6,na,na,na,na,na,na,na,,
19,Nov-2017,2017-11-19,Triquet,ZM,3,R,20,13.5,na,4,11:27,na,na,8,6,5,na,na,na,na,na,na,na,,
19,Nov-2017,2017-11-19,Triquet,BMM,1,R,20,18,na,4,11:18,na,na,7,4,1,na,na,na,na,na,na,na,,
19,Nov-2017,2017-11-19,Triquet,DVM,3,R,20,10.5,na,4,11:10,102,na,10,8,4,na,na,na,22,0,0,na,,
19,Nov-2017,2017-11-17,Westbeach,DVM,1,L,20,12,na,2,10:46,110,na,18,11,5,na,18,7,28,0,0,na,,
19,Nov-2017,2017-11-17,Westbeach,DVM,1,L,20,15,na,2,11:10,117,na,7,6,4,na,na,na,22,0,0,na,,
19,Nov-2017,2017-11-17,Westbeach,ZM,1,L,20,5.5,na,2,11:21,na,na,4,1,3.3,na,na,na,na,na,na,na,,
19,Nov-2017,2017-11-17,Westbeach,ZM,1,L,20,10,na,2,11:05,na,na,5,3,1,na,na,na,na,na,na,na,,
19,Nov-2017,2017-11-17,Westbeach,ZM,1,L,20,10,na,2,11:05,na,na,5,2,3.2,na,na,na,na,na,na,na,,
19,Nov-2017,2017-11-17,Westbeach,ZM,1,L,20,10,na,2,11:05,na,na,1,1,0.8,na,na,na,na,na,na,na,,
19,Nov-2017,2017-11-17,Westbeach,ZM,1,L,20,10,na,2,11:05,na,na,2,2,1.3,na,na,na,na,na,na,na,,
19,Nov-2017,2017-11-17,Westbeach,DVM,2,L,20,6,na,2,11:26,109,na,9,6,4.5,na,4,8,18,0,0,na,,
19,Nov-2017,2017-11-17,Westbeach,DVM,2,L,20,1,na,2,11:20,2526,na,7,6,2.5,na,na,na,29,0,0,na,used to be 144,
19,Nov-2017,2017-11-17,Westbeach,BMM,2,L,20,1,na,2,11:30,na,na,5,2,1,na,na,na,na,na,na,na,,
19,Nov-2017,2017-11-17,Westbeach,DVM,3,L,20,12,na,2,11:40,2532,na,4,3,1.5,na,na,na,13,0,0,na,used to be 1990,
19,Nov-2017,2017-11-17,Westbeach,BMM,3,L,20,2,na,2,11:30,na,na,2,1,0.5,na,na,na,na,na,na,na,,
19,Nov-2017,2017-11-17,Westbeach,BMM,3,L,20,2,na,2,11:30,na,na,4,1,3,na,na,na,na,na,na,na,,
19,Nov-2017,2017-11-17,Westbeach,BMM,3,L,20,3,na,2,11:30,na,na,9,2,1,na,na,na,na,na,na,na,,
19,Nov-2017,2017-11-17,Westbeach,BMM,3,L,20,3,na,2,11:30,na,na,3,1,2.5,na,na,na,na,na,na,na,,
19,Nov-2017,2017-11-17,Westbeach,BMM,3,L,20,4,na,2,11:30,na,na,4,1,2.5,na,na,na,na,na,na,na,,
19,Nov-2017,2017-11-17,Westbeach,BMM,3,L,20,4,na,2,11:30,na,na,5,3,3,na,na,na,na,na,na,na,,
19,Nov-2017,2017-11-17,Westbeach,BMM,3,L,20,4,na,2,11:30,na,na,3,1,1,na,na,na,na,na,na,na,,
19,Nov-2017,2017-11-17,Westbeach,BMM,3,L,20,5,na,2,11:30,na,na,3,1,1,na,na,na,na,na,na,na,,
19,Nov-2017,2017-11-17,Westbeach,BMM,3,L,20,5,na,2,11:30,na,na,6,3,3,na,na,na,na,na,na,na,,
19,Nov-2017,2017-11-17,Westbeach,BMM,3,L,20,5,na,2,11:30,na,na,3,1,3.5,na,na,na,na,na,na,na,,
19,Nov-2017,2017-11-17,Westbeach,BMM,3,L,20,5,na,2,11:30,na,na,2,2,1.5,na,na,na,na,na,na,na,,
19,Nov-2017,2017-11-17,Westbeach,BMM,3,L,20,5,na,2,11:30,na,na,2,1,1,na,na,na,na,na,na,na,,
19,Nov-2017,2017-11-17,Westbeach,BMM,3,L,20,10,na,2,11:30,na,na,2,1,1,na,na,na,na,na,na,na,,
19,Nov-2017,2017-11-17,Westbeach,BMM,3,L,20,10,na,2,11:30,na,na,2,2,1,na,na,na,na,na,na,na,,
19,Nov-2017,2017-11-17,Westbeach,BMM,3,L,20,10,na,2,11:30,na,na,2,0,0,2,na,na,na,na,na,na,,
19,Nov-2017,2017-11-17,Westbeach,BMM,3,L,20,11,na,2,11:30,na,na,3,2,2,na,na,na,na,na,na,na,,
19,Nov-2017,2017-11-17,Westbeach,BMM,3,L,20,12,na,2,11:30,na,na,5,3,2,na,na,na,na,na,na,na,,
19,Nov-2017,2017-11-17,Westbeach,BMM,3,L,20,12,na,2,11:30,na,na,2,2,2.5,na,na,na,na,na,na,na,,
19,Nov-2017,2017-11-17,Westbeach,BMM,3,L,20,12,na,2,11:30,na,na,6,2,2.5,na,na,na,na,na,na,na,,
19,Nov-2017,2017-11-17,Westbeach,BMM,3,L,20,12,na,2,11:30,na,na,3,1,3,na,na,na,na,na,na,na,,
19,Nov-2017,2017-11-17,Westbeach,BMM,3,L,20,15,na,2,11:30,na,na,1,1,2.5,na,na,na,na,na,na,na,,
19,Nov-2017,2017-11-17,Westbeach,BMM,3,L,20,15,na,2,11:30,na,na,4,7,6,na,na,na,na,na,na,na,,
19,Nov-2017,2017-11-17,Westbeach,DVM,1,R,20,12.5,na,2,10:56,2487,na,16,5,4,na,18,7,31,0,0,na,used to be 1894,
19,Nov-2017,2017-11-17,Westbeach,DVM,1,R,20,1.5,na,2,11:45,2537,na,8,6,3,na,na,na,32,0,0,na,*Used to be 1758,
19,Nov-2017,2017-11-17,Westbeach,ZM,1,R,20,2.5,na,2,11:35,na,na,5,3,0.4,na,na,na,na,na,na,na,,
19,Nov-2017,2017-11-17,Westbeach,ZM,1,R,20,4,na,2,11:29,na,na,2,1,1,na,na,na,na,na,na,na,,
19,Nov-2017,2017-11-17,Westbeach,ZM,1,R,20,4,na,2,11:29,na,na,1,1,1.5,na,na,na,na,na,na,na,,
19,Nov-2017,2017-11-17,Westbeach,ZM,1,R,20,4,na,2,11:29,na,na,1,1,1.2,na,na,na,na,na,na,na,,
19,Nov-2017,2017-11-17,Westbeach,ZM,1,R,20,4,na,2,11:29,na,na,3,3,3.6,na,na,na,na,na,na,na,,
19,Nov-2017,2017-11-17,Westbeach,ZM,1,R,20,4.5,na,2,11:24,na,na,4,2,2.3,na,na,na,na,na,na,na,,
19,Nov-2017,2017-11-17,Westbeach,ZM,1,R,20,4.5,na,2,11:24,na,na,1,0,0,1.8,na,na,na,na,na,na,,
19,Nov-2017,2017-11-17,Westbeach,ZM,1,R,20,4.5,na,2,11:24,na,na,1,1,2.5,na,na,na,na,na,na,na,,
19,Nov-2017,2017-11-17,Westbeach,ZM,1,R,20,4.5,na,2,11:24,na,na,2,2,1.6,na,na,na,na,na,na,na,,
19,Nov-2017,2017-11-17,Westbeach,ZM,1,R,20,5,na,2,11:17,na,na,3,3,1.6,na,na,na,na,na,na,na,,
19,Nov-2017,2017-11-17,Westbeach,ZM,1,R,20,5,na,2,11:17,na,na,4,3,4.4,na,na,na,na,na,na,na,,
19,Nov-2017,2017-11-17,Westbeach,ZM,1,R,20,5.5,na,2,11:21,na,na,1,1,3,na,na,na,na,na,na,na,,
19,Nov-2017,2017-11-17,Westbeach,ZM,1,R,20,6,na,2,11:12,na,na,4,3,3,na,na,na,na,na,na,na,,
19,Nov-2017,2017-11-17,Westbeach,ZM,1,R,20,6,na,2,11:12,na,na,4,3,4.4,na,na,na,na,na,na,na,,
19,Nov-2017,2017-11-17,Westbeach,ZM,1,R,20,6,na,2,11:12,na,na,3,3,1.8,na,na,na,na,na,na,na,,
19,Nov-2017,2017-11-17,Westbeach,ZM,1,R,20,6,na,2,11:12,na,na,2,2,2.5,na,na,na,na,na,na,na,,
19,Nov-2017,2017-11-17,Westbeach,ZM,1,R,20,13,na,2,11:02,na,na,8,3,4,na,na,na,na,na,na,na,,
19,Nov-2017,2017-11-17,Westbeach,ZM,1,R,20,13,na,2,11:02,na,na,3,0,0,1.6,na,na,na,na,na,na,,
19,Nov-2017,2017-11-17,Westbeach,ZM,1,R,20,15,na,2,10:52,na,na,5,3,6,na,na,na,na,na,na,na,,
19,Nov-2017,2017-11-17,Westbeach,ZM,1,R,20,15,na,2,10:52,na,na,6,5,4.5,na,na,na,na,na,na,na,,
19,Nov-2017,2017-11-17,Westbeach,ZM,1,R,20,15,na,2,10:52,na,na,3,2,1.2,na,na,na,na,na,na,na,,
19,Nov-2017,2017-11-17,Westbeach,ZM,1,R,20,15,na,2,10:52,na,na,4,4,6,na,na,na,na,na,na,na,,
19,Nov-2017,2017-11-17,Westbeach,ZM,1,R,20,15,na,2,10:52,na,na,5,4,4.5,na,na,na,na,na,na,na,,
19,Nov-2017,2017-11-17,Westbeach,ZM,1,R,20,16,na,2,10:46,na,na,7,4,4,na,na,na,na,na,na,na,,
19,Nov-2017,2017-11-17,Westbeach,DVM,2,R,20,2,na,2,11:24,2531,na,12,8,4,na,na,na,22,0,0,na,used to be 116,
19,Nov-2017,2017-11-17,Westbeach,DVM,2,R,20,12,na,2,11:42,1995,na,5,4,4,na,na,na,15,0,0,na,,
19,Nov-2017,2017-11-17,Westbeach,DVM,2,R,20,8,na,2,11:32,2008,na,10,6,3.5,na,9,8,21,0,0,na,,
19,Nov-2017,2017-11-17,Westbeach,ZM,2,R,20,2,na,2,11:39,na,na,5,3,2.5,na,na,na,na,na,na,na,,
19,Nov-2017,2017-11-17,Westbeach,ZM,2,R,20,9,na,2,11:41,na,C,2,1,4,na,na,na,na,na,na,na,,
19,Nov-2017,2017-11-17,Westbeach,ZM,2,R,20,9,na,2,11:41,na,C,5,3,4.6,na,na,na,na,na,na,na,,
19,Nov-2017,2017-11-17,Westbeach,ZM,2,R,20,9,na,2,11:41,na,na,6,6,5.8,na,na,na,na,na,na,na,,
19,Nov-2017,2017-11-17,Westbeach,ZM,2,R,20,9,na,2,11:41,na,na,2,1,4.8,na,na,na,na,na,na,na,,
19,Nov-2017,2017-11-17,Westbeach,ZM,2,R,20,9,na,2,11:41,na,na,4,3,3.5,na,na,na,na,na,na,na,,
19,Nov-2017,2017-11-17,Westbeach,ZM,2,R,20,11,na,2,11:50,na,C,5,3,1,na,na,na,na,na,na,na,,
19,Nov-2017,2017-11-17,Westbeach,ZM,2,R,20,11,na,2,11:50,na,C,5,3,2,na,na,na,na,na,na,na,,
19,Nov-2017,2017-11-17,Westbeach,ZM,2,R,20,11,na,2,11:50,na,C,1,1,2,na,na,na,na,na,na,na,,
19,Nov-2017,2017-11-17,Westbeach,ZM,2,R,20,11,na,2,11:50,na,C,7,3,6,na,na,na,na,na,na,na,,
19,Nov-2017,2017-11-17,Westbeach,ZM,2,R,20,11,na,2,11:50,na,na,7,6,5.8,na,na,na,na,na,na,na,,
19,Nov-2017,2017-11-17,Westbeach,ZM,2,R,20,13,na,2,12:56,na,C,4,2,4,na,na,na,na,na,na,na,,
19,Nov-2017,2017-11-17,Westbeach,ZM,2,R,20,13,na,2,12:56,na,C,4,3,4,na,na,na,na,na,na,na,,
19,Nov-2017,2017-11-17,Westbeach,DVM,3,R,20,4,na,2,12:20,191,na,8,5,4,na,8,7,14,0,0,na,,
19,Nov-2017,2017-11-17,Westbeach,DVM,3,R,20,7.5,na,2,11:45,1796,na,7,4,4,na,na,na,19,0,0,na,,
19,Nov-2017,2017-11-17,Westbeach,DVM,3,R,20,13,na,2,11:45,1856,na,3,2,1.5,na,na,na,0,0,0,na,,
19,Nov-2017,2017-11-17,Westbeach,DVM,3,R,20,13,na,2,11:40,1858,na,3,2,1.5,na,na,na,0,0,0,na,,
19,Nov-2017,2017-11-17,Westbeach,DVM,3,R,20,3,na,2,11:45,2000,na,14,11,4,na,10,9,27,0,0,na,,
19,Nov-2017,2017-11-17,Westbeach,BMM,3,R,20,3,na,2,11:30,na,na,4,2,3.5,na,na,na,na,na,na,na,,
19,Nov-2017,2017-11-17,Westbeach,BMM,3,R,20,3,na,2,11:30,na,na,3,2,2.5,na,na,na,na,na,na,na,,
19,Nov-2017,2017-11-17,Westbeach,BMM,3,R,20,7,na,2,11:30,na,na,2,1,1.5,na,na,na,na,na,na,na,,
19,Nov-2017,2017-11-17,Westbeach,BMM,3,R,20,7,na,2,11:30,na,na,1,0,0,1.5,na,na,na,na,na,na,,
19,Nov-2017,2017-11-17,Westbeach,BMM,3,R,20,7,na,2,11:30,na,na,3,1,2,na,na,na,na,na,na,na,,
19,Nov-2017,2017-11-17,Westbeach,BMM,3,R,20,8,na,2,11:30,na,na,2,1,3,na,na,na,na,na,na,na,,
19,Nov-2017,2017-11-17,Westbeach,BMM,3,R,20,8,na,2,11:30,na,na,3,1,1,na,na,na,na,na,na,na,,
19,Nov-2017,2017-11-17,Westbeach,BMM,3,R,20,8,na,2,11:30,na,na,3,1,1.5,na,na,na,na,na,na,na,,
19,Nov-2017,2017-11-17,Westbeach,BMM,3,R,20,13,na,2,11:30,na,na,4,2,3,na,na,na,na,na,na,na,,
19,Nov-2017,2017-11-17,Westbeach,BMM,2,L,20,6,na,2,11:30,na,na,4,2,3,na,na,na,na,na,na,na,,
19,Nov-2017,2017-11-17,Westbeach,BMM,2,L,20,6,na,2,11:30,na,na,4,1,2,na,na,na,na,na,na,na,,
19,Nov-2017,2017-11-17,Westbeach,BMM,2,L,20,6,na,2,11:30,na,na,4,1,3,na,na,na,na,na,na,na,,
19,Nov-2017,2017-11-17,Westbeach,BMM,2,L,20,6,na,2,11:30,na,na,3,2,1,na,na,na,na,na,na,na,,
19,Nov-2017,2017-11-17,Westbeach,BMM,2,L,20,11,na,2,11:30,na,na,5,2,3,na,na,na,na,na,na,na,,
19,Nov-2017,2017-11-17,Westbeach,BMM,2,L,20,11,na,2,11:30,na,na,2,1,0,na,na,na,na,na,na,na,,
19,Nov-2017,2017-11-17,Westbeach,BMM,2,L,20,11,na,2,11:30,na,na,4,3,3,na,na,na,na,na,na,na,,
19,Nov-2017,2017-11-17,Westbeach,BMM,2,L,20,11,na,2,11:30,na,na,6,2,3,na,na,na,na,na,na,na,,
19,Nov-2017,2017-11-20,Womanley,DVM,1,L,20,2.5,na,5,10:20,129,na,9,5,6,na,na,na,12,0,0,na,,
19,Nov-2017,2017-11-20,Womanley,DVM,1,L,20,7.5,na,5,10:26,1938,na,6,4,7,na,na,na,4,0,0,na,was 124,
19,Nov-2017,2017-11-20,Womanley,ZM,1,L,20,0.5,na,5,9:58,na,na,1,0,0,3.5,na,na,na,na,na,na,,
19,Nov-2017,2017-11-20,Womanley,ZM,1,L,20,0.5,na,5,9:58,na,na,9,6,7,na,na,na,na,na,na,na,,
19,Nov-2017,2017-11-20,Womanley,ZM,1,L,20,7.5,na,5,10:02,na,na,5,2,6,na,na,na,na,na,na,na,,
19,Nov-2017,2017-11-20,Womanley,ZM,1,L,20,7.5,na,5,10:02,na,na,4,2,8,na,na,na,na,na,na,na,,
19,Nov-2017,2017-11-20,Womanley,ZM,1,L,20,8,na,5,10:02,na,na,3,2,5,na,na,na,na,na,na,na,,
19,Nov-2017,2017-11-20,Womanley,ZM,1,L,20,11.5,na,5,10:25,na,na,2,0,0,2,na,na,na,na,na,na,,
19,Nov-2017,2017-11-20,Womanley,DVM,2,L,20,16.5,na,5,10:15,120,na,6,4,3.5,na,7,3,8,0,0,na,,
19,Nov-2017,2017-11-20,Womanley,DVM,2,L,20,14,na,5,10:13,149,na,3,0,0,1.5,na,na,9,0,0,na,,
19,Nov-2017,2017-11-20,Womanley,BMM,2,L,20,8,na,5,10:07,na,na,1,0,0,2,na,na,na,na,na,na,,
19,Nov-2017,2017-11-20,Womanley,BMM,2,L,20,8,na,5,10:07,na,na,1,0,0,2,na,na,na,na,na,na,,
19,Nov-2017,2017-11-20,Womanley,BMM,2,L,20,8,na,5,10:07,na,na,1,0,0,2,na,na,na,na,na,na,,
19,Nov-2017,2017-11-20,Womanley,BMM,2,L,20,12,na,5,10:07,na,na,1,0,0,1.5,na,na,na,na,na,na,,
19,Nov-2017,2017-11-20,Womanley,BMM,2,L,20,15,na,5,10:07,na,na,5,0,0,4,na,na,na,na,na,na,,
19,Nov-2017,2017-11-20,Womanley,DVM,3,L,20,13,na,5,10:03,113,na,6,3,1,na,8,1,8,0,0,na,,
19,Nov-2017,2017-11-20,Womanley,BMM,3,L,20,9,na,5,9:57,na,na,7,4,6,na,na,na,na,na,na,na,,
19,Nov-2017,2017-11-20,Womanley,BMM,3,L,20,12,na,5,9:57,na,na,4,0,0,4,na,na,na,na,na,na,,
19,Nov-2017,2017-11-20,Womanley,BMM,3,L,20,12,na,5,9:57,na,na,1,0,0,1.5,na,na,na,na,na,na,,
19,Nov-2017,2017-11-20,Womanley,BMM,3,L,20,12,na,5,9:57,na,na,2,1,0.5,na,na,na,na,na,na,na,,
19,Nov-2017,2017-11-20,Womanley,BMM,3,L,20,12,na,5,9:57,na,na,9,5,3,na,na,na,na,na,na,na,,
19,Nov-2017,2017-11-20,Womanley,BMM,3,L,20,12,na,5,9:57,na,na,6,1,1,na,na,na,na,na,na,na,,
19,Nov-2017,2017-11-20,Womanley,DVM,1,R,20,20,na,5,10:29,1842,na,12,7,4.5,na,na,na,18,0,0,na,could have been 104 or 105 at some point,
19,Nov-2017,2017-11-20,Womanley,DVM,1,R,20,5.2,na,5,10:22,115,na,3,1,3,na,4,0,5,0,0,na,,
19,Nov-2017,2017-11-20,Womanley,ZM,1,R,20,0,na,5,9:58,na,na,1,0,0,1.5,na,na,na,na,na,na,,
19,Nov-2017,2017-11-20,Womanley,ZM,1,R,20,3.5,na,5,9:58,na,na,7,4,9,na,na,na,na,na,na,na,,
19,Nov-2017,2017-11-20,Womanley,ZM,1,R,20,3.5,na,5,9:58,na,na,9,4,7.5,na,na,na,na,na,na,na,,
19,Nov-2017,2017-11-20,Womanley,ZM,1,R,20,9,na,5,10:25,na,na,10,8,6,na,na,na,na,na,na,na,,
19,Nov-2017,2017-11-20,Womanley,ZM,1,R,20,12,na,5,10:27,na,na,8,4,5.5,na,na,na,na,na,na,na,,
19,Nov-2017,2017-11-20,Womanley,ZM,1,R,20,12,na,5,10:27,na,na,3,0,0,4.5,na,na,na,na,na,na,,
19,Nov-2017,2017-11-20,Womanley,ZM,1,R,20,12,na,5,10:27,na,na,14,4,6.5,na,na,na,na,na,na,na,,
19,Nov-2017,2017-11-20,Womanley,ZM,1,R,20,12.5,na,5,10:36,na,na,22,12,0,na,na,na,na,na,na,na,,plant recorded as tangled but estimates of length given
19,Nov-2017,2017-11-20,Womanley,ZM,1,R,20,12.5,na,5,10:36,na,na,7,4,7.5,na,na,na,na,na,na,na,,
19,Nov-2017,2017-11-20,Womanley,BMM,1,R,20,20,na,5,10:37,na,na,6,6,3,na,na,na,na,na,na,na,,
19,Nov-2017,2017-11-20,Womanley,DVM,2,R,20,8,na,5,10:06,106,na,4,1,0.5,na,na,na,7,0,0,na,,
19,Nov-2017,2017-11-20,Womanley,DVM,2,R,20,10.6,na,5,10:08,121,na,6,4,6.5,na,5,5,8,0,0,na,,
19,Nov-2017,2017-11-20,Womanley,BMM,2,R,20,1,na,5,10:31,na,na,1,0,0,1.5,na,na,na,na,na,na,,
19,Nov-2017,2017-11-20,Womanley,BMM,2,R,20,5,na,5,10:31,na,na,1,0,0,1.5,na,na,na,na,na,na,,
19,Nov-2017,2017-11-20,Womanley,BMM,2,R,20,17,na,5,10:31,na,na,3,0,0,2,na,na,na,na,na,na,,
19,Nov-2017,2017-11-20,Womanley,BMM,2,R,20,17,na,5,10:31,na,na,1,0,0,1.5,na,na,na,na,na,na,,
19,Nov-2017,2017-11-20,Womanley,BMM,2,R,20,20,na,5,10:23,na,na,7,2,5,na,na,na,na,na,na,na,,
19,Nov-2017,2017-11-20,Womanley,BMM,2,R,20,20,na,5,10:23,na,na,7,3,5,na,na,na,na,na,na,na,,
19,Nov-2017,2017-11-20,Womanley,BMM,2,R,20,20,na,5,10:23,na,na,2,1,5,na,na,na,na,na,na,na,,
19,Nov-2017,2017-11-20,Womanley,BMM,2,R,20,20,na,5,10:23,na,na,2,1,0.5,na,na,na,na,na,na,na,,
19,Nov-2017,2017-11-20,Womanley,DVM,3,R,20,10.5,na,5,9:58,100,na,7,5,6.5,na,8,4,15,0,0,na,,
19,Nov-2017,2017-11-20,Womanley,BMM,3,R,20,17,na,5,10:02,na,na,1,0,0,1.5,na,na,na,na,na,na,,
19,Nov-2017,2017-11-20,Womanley,BMM,3,R,20,17,na,5,10:02,na,na,1,1,1,na,na,na,na,na,na,na,,
19,Nov-2017,2017-11-20,Womanley,BMM,3,R,20,17,na,5,10:02,na,na,1,0,0,2.5,na,na,na,na,na,na,,
19,Nov-2017,2017-11-20,Womanley,BMM,3,R,20,17,na,5,10:02,na,P,1,0,0,3,na,na,na,na,na,na,,
19,Nov-2017,2017-11-20,Womanley,DVM,1,R,20,13.7,na,5,10:35,107,na,13,5,4,na,10,6,22,0,0,na,,
19,Nov-2017,2017-11-20,Womanley,ZM,1,R,20,0.5,na,5,9:58,na,na,1,0,0,1,na,na,na,na,na,na,,
20,Feb-2018,2018-02-16,Triquet,DVM,1,L,20,3.25,na,4,11:20,112,na,3,1,2.5,na,1,4,7,0,0,na,,
20,Feb-2018,2018-02-16,Triquet,DVM,1,L,20,14.5,na,4,11:30,1914,na,2,1,0.5,na,na,na,10,0,0,na,,
20,Feb-2018,2018-02-16,Triquet,BMM,1,L,20,0,na,4,10:55,na,na,3,0,0,1.5,na,na,na,na,na,na,,
20,Feb-2018,2018-02-16,Triquet,BMM,1,L,20,3,na,4,10:55,na,na,1,0,0,2,na,na,na,na,na,na,,
20,Feb-2018,2018-02-16,Triquet,BMM,1,L,20,15,na,4,11:02,na,na,2,1,0.5,na,na,na,na,na,na,na,,
20,Feb-2018,2018-02-16,Triquet,BMM,1,L,20,18,na,4,11:02,na,T,2,na,3,na,na,na,na,na,na,na,,
20,Feb-2018,2018-02-16,Triquet,DVM,2,L,20,10,na,4,11:05,1978,na,6,0,0,3,8,7,12,0,0,na,used to be 1783,
20,Feb-2018,2018-02-16,Triquet,DVM,2,L,20,20,na,4,11:13,1996,na,3,0,0,2,5,2,10,0,0,na,,
20,Feb-2018,2018-02-16,Triquet,DVM,3,L,20,12,na,4,10:56,1951,na,5,0,0,2,4,1,6,0,0,na,,
20,Feb-2018,2018-02-16,Triquet,DVM,1,R,20,15.5,na,4,11:35,1935.1,na,10,2,3,na,na,na,13,0,0,na,,
20,Feb-2018,2018-02-16,Triquet,BMM,1,R,20,11,na,4,10:55,na,na,2,0,0,1.5,na,na,na,na,na,na,,
20,Feb-2018,2018-02-16,Triquet,BMM,1,R,20,11,na,4,10:55,na,na,2,2,1,na,na,na,na,na,na,na,,
20,Feb-2018,2018-02-16,Triquet,BMM,1,R,20,15.5,na,4,11:02,na,na,3,1,0,na,na,na,na,na,na,na,,
20,Feb-2018,2018-02-16,Triquet,BMM,1,R,20,15.5,na,4,11:02,na,na,1,0,0,1,na,na,na,na,na,na,,
20,Feb-2018,2018-02-16,Triquet,BMM,1,R,20,15.5,na,4,11:02,na,na,4,0,0,2.5,na,na,na,na,na,na,,
20,Feb-2018,2018-02-16,Triquet,BMM,1,R,20,15.5,na,4,11:02,na,na,1,1,5,na,na,na,na,na,na,na,,
20,Feb-2018,2018-02-16,Triquet,BMM,1,R,20,18,na,4,11:02,na,na,3,2,2,na,na,na,na,na,na,na,,
20,Feb-2018,2018-02-16,Triquet,BMM,1,R,20,18,na,4,11:02,na,na,3,3,4,na,na,na,na,na,na,na,,
20,Feb-2018,2018-02-16,Triquet,BMM,1,R,20,18,na,4,11:02,na,na,6,4,3.5,na,na,na,na,na,na,na,,
20,Feb-2018,2018-02-16,Triquet,DVM,2,R,20,17,na,4,11:11,2422,na,4,0,0,4,na,na,13,0,0,na,*Used to be 754,
20,Feb-2018,2018-02-16,Triquet,BMM,2,R,20,2,na,4,10:55,na,na,1,0,0,1,na,na,na,na,na,na,,
20,Feb-2018,2018-02-16,Triquet,BMM,2,R,20,2,na,4,10:55,na,na,1,0,0,1.5,na,na,na,na,na,na,,
20,Feb-2018,2018-02-16,Triquet,BMM,2,R,20,2,na,4,10:55,na,na,3,0,0,2.5,na,na,na,na,na,na,,
20,Feb-2018,2018-02-16,Triquet,BMM,2,R,20,9,na,4,10:52,na,na,3,1,1,na,na,na,na,na,na,na,,
20,Feb-2018,2018-02-16,Triquet,BMM,2,R,20,9,na,4,10:52,na,na,1,0,0,1.5,na,na,na,na,na,na,,
20,Feb-2018,2018-02-16,Triquet,BMM,2,R,20,10,na,4,10:52,na,na,2,1,1.5,na,na,na,na,na,na,na,,
20,Feb-2018,2018-02-16,Triquet,BMM,2,R,20,20,na,4,10:50,na,na,5,0,0,2,na,na,na,na,na,na,,
20,Feb-2018,2018-02-16,Triquet,DVM,3,R,20,13.5,na,4,10:58,2014,na,1,1,2,na,3,1,8,0,0,na,used to be 104,
20,Feb-2018,2018-02-16,Triquet,DVM,3,R,20,1,na,4,10:46,1766,na,14,1,3,na,na,na,21,0,0,na,,
20,Feb-2018,2018-02-16,Triquet,BMM,3,R,20,14,na,4,10:48,na,na,2,1,3,na,na,na,na,na,na,na,,
20,Feb-2018,2018-02-16,Triquet,BMM,3,R,20,14,na,4,10:48,na,na,6,2,2.5,na,na,na,na,na,na,na,,
20,Feb-2018,2018-02-16,Triquet,BMM,3,R,20,14,na,4,10:48,na,na,3,1,3,na,na,na,na,na,na,na,,
20,Feb-2018,2018-02-16,Triquet,BMM,3,R,20,14,na,4,10:48,na,na,2,0,0,1.5,na,na,na,na,na,na,,
20,Feb-2018,2018-02-16,Triquet,DVM,1,R,20,0,na,4,11:17,118,na,10,1,3,na,9,4,18,0,0,na,,
20,Feb-2018,2018-02-16,Triquet,DVM,1,R,20,8,na,4,11:25,1824,na,1,0,0,1.5,na,na,3,0,0,na,used to be 707,
20,Feb-2018,2018-02-16,Triquet,BMM,1,R,20,11,na,4,10:55,na,na,2,0,0,2,na,na,na,na,na,na,,
20,Feb-2018,2018-02-16,Triquet,DVM,2,R,20,1,na,4,11:02,1785,na,2,1,5,na,na,na,11,0,0,na,,
20,Feb-2018,2018-02-16,Triquet,DVM,3,R,20,10.5,na,4,10:59,102,na,6,3,4.5,na,na,na,11,0,0,na,,
20,Feb-2018,2018-02-15,Westbeach,DVM,1,L,20,12,na,2,10:33,110,na,6,2,2,na,6,7,13,0,0,na,,
20,Feb-2018,2018-02-15,Westbeach,DVM,1,L,20,15,na,2,10:28,117,na,8,6,3.5,na,na,na,15,0,0,na,,
20,Feb-2018,2018-02-15,Westbeach,BMM,1,L,20,10,na,2,11:12,na,C,2,1,0,na,na,na,na,na,na,na,,
20,Feb-2018,2018-02-15,Westbeach,BMM,1,L,20,10,na,2,11:12,na,na,2,1,3,na,na,na,na,na,na,na,,
20,Feb-2018,2018-02-15,Westbeach,BMM,1,L,20,10,na,2,11:12,na,na,4,2,2,na,na,na,na,na,na,na,,
20,Feb-2018,2018-02-15,Westbeach,BMM,1,L,20,10,na,2,11:12,na,C,2,1,0.5,na,na,na,na,na,na,na,,
20,Feb-2018,2018-02-15,Westbeach,BMM,1,L,20,10,na,2,11:12,na,C,1,0,0,1.5,na,na,na,na,na,na,,
20,Feb-2018,2018-02-15,Westbeach,BMM,1,L,20,17,na,2,11:02,na,na,5,4,3,na,na,na,na,na,na,na,,
20,Feb-2018,2018-02-15,Westbeach,BMM,1,L,20,17,na,2,11:02,na,na,2,2,1,na,na,na,na,na,na,na,,
20,Feb-2018,2018-02-15,Westbeach,DVM,2,L,20,6,na,2,11:04,109,na,8,7,6,na,4,13,10,0,0,na,,
20,Feb-2018,2018-02-15,Westbeach,DVM,2,L,20,1,na,2,10:55,2526,na,4,3,4.5,na,na,na,13,0,0,na,,
20,Feb-2018,2018-02-15,Westbeach,BMM,2,L,20,1,na,2,10:37,na,na,2,1,3.5,na,na,na,na,na,na,na,,
20,Feb-2018,2018-02-15,Westbeach,BMM,2,L,20,1,na,2,10:37,na,na,2,2,0.5,na,na,na,na,na,na,na,,
20,Feb-2018,2018-02-15,Westbeach,BMM,2,L,20,1,na,2,10:37,na,C,1,1,0,na,na,na,na,na,na,na,,
20,Feb-2018,2018-02-15,Westbeach,BMM,2,L,20,6,na,2,10:34,na,na,3,2,5,na,na,na,na,na,na,na,,
20,Feb-2018,2018-02-15,Westbeach,BMM,2,L,20,6,na,2,10:34,na,na,3,3,4.5,na,na,na,na,na,na,na,,
20,Feb-2018,2018-02-15,Westbeach,BMM,2,L,20,6,na,2,10:34,na,C,2,1,0.5,na,na,na,na,na,na,na,,
20,Feb-2018,2018-02-15,Westbeach,BMM,2,L,20,12,na,2,10:27,na,na,2,2,5,na,na,na,na,na,na,na,,
20,Feb-2018,2018-02-15,Westbeach,BMM,2,L,20,12,na,2,10:27,na,na,3,2,5.5,na,na,na,na,na,na,na,,
20,Feb-2018,2018-02-15,Westbeach,BMM,2,L,20,12,na,2,10:27,na,na,3,2,4,na,na,na,na,na,na,na,,
20,Feb-2018,2018-02-15,Westbeach,BMM,2,L,20,12,na,2,10:27,na,na,3,2,4.5,na,na,na,na,na,na,na,,
20,Feb-2018,2018-02-15,Westbeach,BMM,2,L,20,12.5,na,2,10:27,na,na,4,3,4,na,na,na,na,na,na,na,,
20,Feb-2018,2018-02-15,Westbeach,BMM,2,L,20,12.5,na,2,10:27,na,na,2,1,1,na,na,na,na,na,na,na,,
20,Feb-2018,2018-02-15,Westbeach,BMM,2,L,20,12.5,na,2,10:27,na,na,4,1,5,na,na,na,na,na,na,na,,
20,Feb-2018,2018-02-15,Westbeach,DVM,3,L,20,16,na,2,11:43,2535,na,3,2,4,na,na,na,8,0,0,na,,
20,Feb-2018,2018-02-15,Westbeach,DVM,3,L,20,12,na,2,11:35,2532,na,2,2,6,na,na,na,4,0,0,na,,
20,Feb-2018,2018-02-15,Westbeach,BMM,3,L,20,2,na,2,10:41,na,C,1,0,0,1.5,na,na,na,na,na,na,,
20,Feb-2018,2018-02-15,Westbeach,BMM,3,L,20,3,na,2,10:41,na,na,1,1,2,na,na,na,na,na,na,na,,
20,Feb-2018,2018-02-15,Westbeach,BMM,3,L,20,3,na,2,10:41,na,na,2,2,3,na,na,na,na,na,na,na,,
20,Feb-2018,2018-02-15,Westbeach,BMM,3,L,20,3,na,2,10:41,na,C,1,0,0,1.5,na,na,na,na,na,na,,
20,Feb-2018,2018-02-15,Westbeach,BMM,3,L,20,3,na,2,10:41,na,na,1,1,1.5,na,na,na,na,na,na,na,,
20,Feb-2018,2018-02-15,Westbeach,BMM,3,L,20,3,na,2,10:41,na,C,1,1,2.5,na,na,na,na,na,na,na,,
20,Feb-2018,2018-02-15,Westbeach,BMM,3,L,20,3,na,2,10:41,na,C,3,1,1.5,na,na,na,na,na,na,na,,
20,Feb-2018,2018-02-15,Westbeach,BMM,3,L,20,3,na,2,10:41,na,C,3,2,4,na,na,na,na,na,na,na,,
20,Feb-2018,2018-02-15,Westbeach,BMM,3,L,20,4,na,2,10:45,na,na,4,2,4,na,na,na,na,na,na,na,,
20,Feb-2018,2018-02-15,Westbeach,BMM,3,L,20,4,na,2,10:45,na,na,1,1,3.5,na,na,na,na,na,na,na,,
20,Feb-2018,2018-02-15,Westbeach,BMM,3,L,20,4,na,2,10:45,na,na,1,1,4,na,na,na,na,na,na,na,,
20,Feb-2018,2018-02-15,Westbeach,BMM,3,L,20,4,na,2,10:45,na,na,3,2,5,na,na,na,na,na,na,na,,
20,Feb-2018,2018-02-15,Westbeach,BMM,3,L,20,4,na,2,10:45,na,na,2,2,2,na,na,na,na,na,na,na,,
20,Feb-2018,2018-02-15,Westbeach,BMM,3,L,20,4.5,na,2,10:48,na,na,3,2,4.5,na,na,na,na,na,na,na,,
20,Feb-2018,2018-02-15,Westbeach,BMM,3,L,20,4.5,na,2,10:48,na,C,1,0,0,1.5,na,na,na,na,na,na,,
20,Feb-2018,2018-02-15,Westbeach,BMM,3,L,20,4.5,na,2,10:48,na,C,3,1,0.5,na,na,na,na,na,na,na,,
20,Feb-2018,2018-02-15,Westbeach,BMM,3,L,20,4.5,na,2,10:48,na,C,2,1,2.5,na,na,na,na,na,na,na,,
20,Feb-2018,2018-02-15,Westbeach,BMM,3,L,20,11,na,2,10:53,na,na,3,2,3,na,na,na,na,na,na,na,,
20,Feb-2018,2018-02-15,Westbeach,BMM,3,L,20,11,na,2,10:53,na,na,3,2,5,na,na,na,na,na,na,na,,
20,Feb-2018,2018-02-15,Westbeach,BMM,3,L,20,11,na,2,10:53,na,C,3,2,2,na,na,na,na,na,na,na,,
20,Feb-2018,2018-02-15,Westbeach,BMM,3,L,20,11,na,2,10:53,na,C,1,1,0.5,na,na,na,na,na,na,na,,
20,Feb-2018,2018-02-15,Westbeach,BMM,3,L,20,17.5,na,2,10:58,na,na,3,2,4.5,na,na,na,na,na,na,na,,
20,Feb-2018,2018-02-15,Westbeach,BMM,3,L,20,17.5,na,2,10:58,na,na,2,1,1.5,na,na,na,na,na,na,na,,
20,Feb-2018,2018-02-15,Westbeach,BMM,3,L,20,17.5,na,2,10:58,na,na,4,3,4,na,na,na,na,na,na,na,,
20,Feb-2018,2018-02-15,Westbeach,BMM,3,L,20,17.5,na,2,10:58,na,na,4,2,3,na,na,na,na,na,na,na,,
20,Feb-2018,2018-02-15,Westbeach,BMM,3,L,20,17.5,na,2,10:58,na,na,5,2,5,na,na,na,na,na,na,na,,
20,Feb-2018,2018-02-15,Westbeach,BMM,1,R,20,0,na,2,11:19,na,C,2,1,0,na,na,na,na,na,na,na,,
20,Feb-2018,2018-02-15,Westbeach,BMM,1,R,20,5.5,na,2,11:15,na,na,2,2,2.5,na,na,na,na,na,na,na,,
20,Feb-2018,2018-02-15,Westbeach,BMM,1,R,20,5.5,na,2,11:15,na,na,1,1,2,na,na,na,na,na,na,na,,
20,Feb-2018,2018-02-15,Westbeach,BMM,1,R,20,5.5,na,2,11:15,na,na,1,1,1.5,na,na,na,na,na,na,na,,
20,Feb-2018,2018-02-15,Westbeach,BMM,1,R,20,5.5,na,2,11:15,na,C,1,1,1,na,na,na,na,na,na,na,,
20,Feb-2018,2018-02-15,Westbeach,BMM,1,R,20,14,na,2,11:08,na,na,1,0,0,1.5,na,na,na,na,na,na,,
20,Feb-2018,2018-02-15,Westbeach,BMM,1,R,20,15,na,2,11:02,na,na,1,1,0.5,na,na,na,na,na,na,na,,
20,Feb-2018,2018-02-15,Westbeach,BMM,1,R,20,15,na,2,11:02,na,na,3,3,3,na,na,na,na,na,na,na,,
20,Feb-2018,2018-02-15,Westbeach,BMM,1,R,20,15,na,2,11:02,na,C,1,0,0,1.5,na,na,na,na,na,na,,
20,Feb-2018,2018-02-15,Westbeach,BMM,1,R,20,15,na,2,11:02,na,na,4,3,7,na,na,na,na,na,na,na,,
20,Feb-2018,2018-02-15,Westbeach,BMM,1,R,20,15,na,2,11:02,na,na,4,4,6.5,na,na,na,na,na,na,na,,
20,Feb-2018,2018-02-15,Westbeach,BMM,1,R,20,18,na,2,11:02,na,C,1,2,0,na,na,na,na,na,na,na,,
20,Feb-2018,2018-02-15,Westbeach,BMM,1,R,20,18,na,2,11:02,na,C,3,0,0,1.5,na,na,na,na,na,na,,
20,Feb-2018,2018-02-15,Westbeach,BMM,2,R,20,1,na,2,10:37,na,na,2,2,2.5,na,na,na,na,na,na,na,,
20,Feb-2018,2018-02-15,Westbeach,BMM,3,R,20,4.5,na,2,10:48,na,na,3,3,3.5,na,na,na,na,na,na,na,,
20,Feb-2018,2018-02-15,Westbeach,BMM,3,R,20,7.5,na,2,10:51,na,na,3,2,2.5,na,na,na,na,na,na,na,,
20,Feb-2018,2018-02-15,Westbeach,BMM,3,R,20,7.5,na,2,10:51,na,na,1,1,2,na,na,na,na,na,na,na,,
20,Feb-2018,2018-02-15,Westbeach,BMM,3,R,20,7.5,na,2,10:51,na,na,3,2,2,na,na,na,na,na,na,na,,
20,Feb-2018,2018-02-15,Westbeach,BMM,3,R,20,8,na,2,10:51,na,C,1,0,0,1.5,na,na,na,na,na,na,,
20,Feb-2018,2018-02-15,Westbeach,BMM,3,R,20,11,na,2,10:53,na,C,1,0,0,1.5,na,na,na,na,na,na,,
20,Feb-2018,2018-02-15,Westbeach,DVM,1,R,20,2,na,2,10:43,1869,na,3,3,2,na,na,na,9,0,0,na,,
20,Feb-2018,2018-02-15,Westbeach,DVM,1,R,20,12.5,na,2,10:47,2487,na,3,3,1.5,na,3,2,6,0,0,na,,
20,Feb-2018,2018-02-15,Westbeach,BMM,1,R,20,4,na,2,11:17,na,na,1,1,0.5,na,na,na,na,na,na,na,,
20,Feb-2018,2018-02-15,Westbeach,BMM,1,R,20,4,na,2,11:17,na,na,1,0,0,1.5,na,na,na,na,na,na,,
20,Feb-2018,2018-02-15,Westbeach,BMM,1,R,20,4,na,2,11:17,na,na,1,1,3,na,na,na,na,na,na,na,,
20,Feb-2018,2018-02-15,Westbeach,BMM,1,R,20,12.5,na,2,11:10,na,C,1,1,0,na,na,na,na,na,na,na,,
20,Feb-2018,2018-02-15,Westbeach,BMM,1,R,20,12.5,na,2,11:10,na,na,1,1,1,na,na,na,na,na,na,na,,
20,Feb-2018,2018-02-15,Westbeach,BMM,1,R,20,12.5,na,2,11:10,na,na,1,1,2,na,na,na,na,na,na,na,,
20,Feb-2018,2018-02-15,Westbeach,BMM,1,R,20,12.5,na,2,11:10,na,C,1,0,0,1.5,na,na,na,na,na,na,,
20,Feb-2018,2018-02-15,Westbeach,BMM,1,R,20,12.5,na,2,11:10,na,C,2,1,1,na,na,na,na,na,na,na,,
20,Feb-2018,2018-02-15,Westbeach,BMM,1,R,20,12.5,na,2,11:10,na,na,1,0,0,1.5,na,na,na,na,na,na,,
20,Feb-2018,2018-02-15,Westbeach,DVM,2,R,20,12,na,2,11:22,1995,na,3,2,4.5,na,na,na,8,0,0,na,,
20,Feb-2018,2018-02-15,Westbeach,DVM,2,R,20,8,na,2,11:12,2008,na,9,4,5,na,8,8,15,0,0,na,,
20,Feb-2018,2018-02-15,Westbeach,DVM,2,R,20,2,na,2,11:00,2531,na,7,3,4,na,na,na,14,0,0,na,,
20,Feb-2018,2018-02-15,Westbeach,DVM,3,R,20,4,na,2,11:28,191,na,5,3,3.5,na,6,3,7,0,0,na,,
20,Feb-2018,2018-02-15,Westbeach,DVM,3,R,20,7.5,na,2,11:23,1796,C,3,1,0,na,na,na,4,0,0,na,,
20,Feb-2018,2018-02-15,Westbeach,DVM,3,R,20,13,na,2,11:40,1856,C,2,1,0,na,na,na,7,0,0,na,,
20,Feb-2018,2018-02-15,Westbeach,DVM,3,R,20,13,na,2,11:20,1858,na,na,na,na,na,na,na,na,0,0,na,not found at this interval,
20,Feb-2018,2018-02-15,Westbeach,DVM,3,R,20,3,na,2,11:23,2000,C,5,5,0,na,10,5,21,0,0,na,,
20,Feb-2018,2018-02-16,Womanley,BMM,1,L,20,0,na,5,13:02,na,na,4,1,5,na,na,na,na,na,na,na,,
20,Feb-2018,2018-02-16,Womanley,BMM,1,L,20,0,na,5,13:02,na,na,7,5,6,na,na,na,na,na,na,na,,
20,Feb-2018,2018-02-16,Womanley,BMM,1,L,20,5,na,5,13:02,na,na,1,1,5,na,na,na,na,na,na,na,,
20,Feb-2018,2018-02-16,Womanley,BMM,1,L,20,7,na,5,13:02,na,na,4,2,6,na,na,na,na,na,na,na,,
20,Feb-2018,2018-02-16,Womanley,BMM,1,L,20,11,na,5,13:09,na,T,2,na,na,na,na,na,na,na,na,na,,
20,Feb-2018,2018-02-16,Womanley,BMM,2,L,20,10,na,5,13:24,na,na,1,0,0,2,na,na,na,na,na,na,,
20,Feb-2018,2018-02-16,Womanley,BMM,1,R,20,3,na,5,13:02,na,na,3,1,3,na,na,na,na,na,na,na,,
20,Feb-2018,2018-02-16,Womanley,BMM,1,R,20,3,na,5,13:02,na,na,2,1,2,na,na,na,na,na,na,na,,
20,Feb-2018,2018-02-16,Womanley,BMM,1,R,20,3,na,5,13:02,na,na,2,1,6,na,na,na,na,na,na,na,,
20,Feb-2018,2018-02-16,Womanley,BMM,1,R,20,13,na,5,13:10,na,na,4,3,4,na,na,na,na,na,na,na,,
20,Feb-2018,2018-02-16,Womanley,BMM,1,R,20,13,na,5,13:10,na,na,2,1,4,na,na,na,na,na,na,na,,
20,Feb-2018,2018-02-16,Womanley,BMM,1,R,20,13,na,5,13:10,na,na,2,1,5,na,na,na,na,na,na,na,,
20,Feb-2018,2018-02-16,Womanley,BMM,1,R,20,13,na,5,13:10,na,na,1,1,6,na,na,na,na,na,na,na,,
20,Feb-2018,2018-02-16,Womanley,BMM,1,R,20,13,na,5,13:10,na,na,3,2,3,na,na,na,na,na,na,na,,
20,Feb-2018,2018-02-16,Womanley,BMM,1,R,20,13,na,5,13:10,na,na,2,1,1,na,na,na,na,na,na,na,,
20,Feb-2018,2018-02-16,Womanley,BMM,1,R,20,14,na,5,13:10,na,na,3,2,3,na,na,na,na,na,na,na,,
20,Feb-2018,2018-02-16,Womanley,BMM,1,R,20,14,na,5,13:10,na,na,6,5,4,na,na,na,na,na,na,na,,
20,Feb-2018,2018-02-16,Womanley,BMM,1,R,20,14,na,5,13:10,na,na,2,1,0,na,na,na,na,na,na,na,,
20,Feb-2018,2018-02-16,Womanley,BMM,1,R,20,14,na,5,13:10,na,na,2,1,1,na,na,na,na,na,na,na,,
20,Feb-2018,2018-02-16,Womanley,BMM,1,R,20,14,na,5,13:10,na,na,2,1,6,na,na,na,na,na,na,na,,
20,Feb-2018,2018-02-16,Womanley,BMM,2,R,20,4,na,5,13:24,na,na,1,0,0,1.5,na,na,na,na,na,na,,
20,Feb-2018,2018-02-16,Womanley,BMM,2,R,20,16,na,5,13:24,na,na,3,0,0,2,na,na,na,na,na,na,,
20,Feb-2018,2018-02-16,Womanley,BMM,2,R,20,16,na,5,13:24,na,na,2,0,0,2,na,na,na,na,na,na,,
20,Feb-2018,2018-02-16,Womanley,BMM,2,R,20,20,na,5,13:21,na,na,3,1,5,na,na,na,na,na,na,na,,
20,Feb-2018,2018-02-16,Womanley,BMM,2,R,20,20,na,5,13:21,na,T,6,na,na,na,na,na,na,na,na,na,,
20,Feb-2018,2018-02-16,Womanley,BMM,2,R,20,20,na,5,13:21,na,T,4,na,na,na,na,na,na,na,na,na,,
20,Feb-2018,2018-02-16,Womanley,BMM,2,R,20,20,na,5,13:21,na,T,7,na,na,na,na,na,na,na,na,na,,
20,Feb-2018,2018-02-16,Womanley,BMM,3,R,20,10,na,5,13:29,na,na,6,4,5,na,na,na,na,na,na,na,,
20,Feb-2018,2018-02-16,Womanley,BMM,3,R,20,10,na,5,13:29,na,na,10,5,4,na,na,na,na,na,na,na,,
20,Feb-2018,2018-02-16,Womanley,BMM,3,R,20,12,na,5,13:33,na,na,6,3,4,na,na,na,na,na,na,na,,
20,Feb-2018,2018-02-16,Womanley,BMM,3,R,20,12,na,5,13:33,na,na,4,1,0,na,na,na,na,na,na,na,,
20,Feb-2018,2018-02-16,Womanley,BMM,3,R,20,12,na,5,13:33,na,na,4,1,1,na,na,na,na,na,na,na,,
20,Feb-2018,2018-02-16,Womanley,DVM,1,L,20,2.5,na,5,13:10,129,na,10,5,7,na,na,na,10,0,0,na,,
20,Feb-2018,2018-02-16,Womanley,DVM,1,L,20,7.5,na,5,13:10,1938,na,5,3,8.5,na,na,na,12,0,0,na,,
20,Feb-2018,2018-02-16,Womanley,DVM,2,L,20,16.5,na,5,13:10,120,na,5,2,3.5,na,7,4,10,0,0,na,,
20,Feb-2018,2018-02-16,Womanley,DVM,2,L,20,14.5,na,5,13:10,1791,na,5,1,0,na,1,1,9,0,0,na,,
20,Feb-2018,2018-02-16,Womanley,DVM,3,L,20,13,na,5,13:10,113,na,3,3,0,na,3,0,4,0,0,na,,
20,Feb-2018,2018-02-16,Womanley,DVM,1,R,20,13.5,na,5,13:10,107,na,10,5,5,na,9,4,16,0,0,na,,
20,Feb-2018,2018-02-16,Womanley,DVM,1,R,20,5.2,na,5,13:10,115,na,4,3,2.5,na,3,3,7,0,0,na,,
20,Feb-2018,2018-02-16,Womanley,DVM,1,R,20,20,na,5,13:10,1842,na,12,7,5,na,na,na,20,0,0,na,,
20,Feb-2018,2018-02-16,Womanley,DVM,2,R,20,8,na,5,13:10,106,na,5,1,1,na,na,na,6,0,0,na,,
20,Feb-2018,2018-02-16,Womanley,DVM,2,R,20,10.6,na,5,13:10,121,na,3,2,4,na,4,2,8,0,0,na,,
20,Feb-2018,2018-02-16,Womanley,DVM,3,R,20,10,na,5,13:10,2490,na,5,3,5.5,na,0,9,17,0,0,na,,
21,Apr-2018,2018-04-28,Triquet,OP,1,L,20,3.25,na,4,10:30,112,na,3,3,6.5,na,3,2,16,10,10,na,,
21,Apr-2018,2018-04-28,Triquet,OP,1,L,20,14.5,na,4,10:30,1914,na,4,2,0,na,na,na,8,0,0,na,,
21,Apr-2018,2018-04-28,Triquet,NAP,1,L,20,0,na,4,10:12,na,na,2,1,0,na,na,na,na,na,na,na,,
21,Apr-2018,2018-04-28,Triquet,NAP,1,L,20,3,na,4,10:12,na,C,2,0,0,2.5,na,na,na,na,na,na,,
21,Apr-2018,2018-04-28,Triquet,NAP,1,L,20,3,na,4,10:12,na,na,3,1,0.1,na,na,na,na,na,na,na,,
21,Apr-2018,2018-04-28,Triquet,NAP,1,L,20,3,na,4,10:12,na,na,4,2,1.5,na,na,na,na,na,na,na,,
21,Apr-2018,2018-04-28,Triquet,NAP,1,L,20,11.5,na,4,10:12,na,na,3,0,0,3,na,na,na,na,na,na,,
21,Apr-2018,2018-04-28,Triquet,NAP,1,L,20,18,na,4,10:12,na,na,3,0,0,1.5,na,na,na,na,na,na,,
21,Apr-2018,2018-04-28,Triquet,OP,2,L,20,10,na,4,10:30,1978,na,6,4,5.5,na,4,2,12,6,40,na,,
21,Apr-2018,2018-04-28,Triquet,OP,2,L,20,20,na,4,10:30,1996,na,2,2,0.5,na,2,0,2,0,0,na,,
21,Apr-2018,2018-04-28,Triquet,NAP,2,L,20,18,na,4,10:12,na,na,3,1,0.5,na,na,na,na,na,na,na,,
21,Apr-2018,2018-04-28,Triquet,OP,3,L,20,12,na,4,10:30,1951,na,1,0,0,3.2,1,1,2,0,0,na,,
21,Apr-2018,2018-04-28,Triquet,OP,1,R,20,15.5,na,4,10:30,1935.1,na,12,6,4,na,na,na,11,0,0,na,,
21,Apr-2018,2018-04-28,Triquet,NAP,1,R,20,10,na,4,10:12,na,na,3,3,3,na,na,na,na,na,na,na,,
21,Apr-2018,2018-04-28,Triquet,NAP,1,R,20,10,na,4,10:12,na,T,4,3,na,na,na,na,na,na,na,na,,
21,Apr-2018,2018-04-28,Triquet,NAP,1,R,20,13.5,na,4,10:12,na,na,4,3,5,na,na,na,na,na,na,na,,
21,Apr-2018,2018-04-28,Triquet,NAP,1,R,20,18,na,4,10:12,na,na,1,1,0,na,na,na,na,na,na,na,,
21,Apr-2018,2018-04-28,Triquet,NAP,1,R,20,18,na,4,10:12,na,T,3,3,na,na,na,na,na,na,na,na,,
21,Apr-2018,2018-04-28,Triquet,NAP,1,R,20,18,na,4,10:12,na,na,5,3,7,na,na,na,na,na,na,na,,
21,Apr-2018,2018-04-28,Triquet,NAP,1,R,20,19.5,na,4,10:12,na,na,4,1,0.2,na,na,na,na,na,na,na,,
21,Apr-2018,2018-04-28,Triquet,OP,2,R,20,17,na,4,10:30,2422,na,2,1,1,na,na,na,13,0,0,na,,
21,Apr-2018,2018-04-28,Triquet,OP,2,R,20,1.5,na,4,10:30,1843,na,3,2,1,na,na,na,4,0,0,na,,
21,Apr-2018,2018-04-28,Triquet,KH,2,R,20,1.8,na,4,10:12,na,na,5,3,4,na,na,na,na,na,na,na,,
21,Apr-2018,2018-04-28,Triquet,KH,2,R,20,1.9,na,4,10:12,na,na,4,4,4.5,na,na,na,na,na,na,na,,
21,Apr-2018,2018-04-28,Triquet,KH,2,R,20,2.5,na,4,10:12,na,na,1,0,0,1.5,na,na,na,na,na,na,,
21,Apr-2018,2018-04-28,Triquet,KH,2,R,20,8,na,4,10:12,na,C,1,0,0,1.5,na,na,na,na,na,na,*Could be tagged plant 1824,
21,Apr-2018,2018-04-28,Triquet,KH,2,R,20,8.9,na,4,10:12,na,na,5,4,6.5,na,na,na,na,na,na,na,,
21,Apr-2018,2018-04-28,Triquet,KH,2,R,20,17,na,4,10:12,na,na,1,0,0,2,na,na,na,na,na,na,,
21,Apr-2018,2018-04-28,Triquet,KH,2,R,20,19.5,na,4,10:12,na,na,1,0,0,2,na,na,na,na,na,na,,
21,Apr-2018,2018-04-28,Triquet,OP,3,R,20,10.5,na,4,10:30,102,na,3,2,1.8,na,na,na,2,0,0,na,,
21,Apr-2018,2018-04-28,Triquet,OP,3,R,20,13.5,na,4,10:30,2014,na,3,2,2.5,na,3,2,5,0,0,na,,
21,Apr-2018,2018-04-28,Triquet,OP,3,R,20,1,na,4,10:30,299,na,3,1,0.5,na,na,na,15,0,0,na,,
21,Apr-2018,2018-04-28,Triquet,KH,3,R,20,1,na,4,10:12,na,C,3,3,2,na,na,na,na,na,na,na,,
21,Apr-2018,2018-04-28,Triquet,KH,3,R,20,1.1,na,4,10:12,na,na,4,1,0.5,na,na,na,na,na,na,na,,
21,Apr-2018,2018-04-28,Triquet,KH,3,R,20,1.2,na,4,10:12,na,C,3,1,0.5,na,na,na,na,na,na,na,,
21,Apr-2018,2018-04-28,Triquet,KH,3,R,20,10.5,na,4,10:12,na,na,1,0,0,2.4,na,na,na,na,na,na,,
21,Apr-2018,2018-04-28,Triquet,KH,3,R,20,10.7,na,4,10:12,na,na,4,2,5,na,na,na,na,na,na,na,,
21,Apr-2018,2018-04-28,Triquet,KH,3,R,20,11,na,4,10:12,na,P,8,na,na,na,na,na,na,na,na,na,,
21,Apr-2018,2018-04-28,Triquet,KH,3,R,20,13.4,na,4,10:12,na,na,1,0,0,1.5,na,na,na,na,na,na,,
21,Apr-2018,2018-04-28,Triquet,KH,3,R,20,13.5,na,4,10:12,na,na,7,5,13,na,na,na,na,na,na,na,,plant recorded as tangled but estimates of length given
21,Apr-2018,2018-04-28,Triquet,KH,3,R,20,13.6,na,4,10:12,na,na,5,4,9,na,na,na,na,na,na,na,,
21,Apr-2018,2018-04-28,Triquet,OP,1,R,20,0,na,4,10:30,118,na,12,6,3.5,na,11,6,23,0,0,na,,
21,Apr-2018,2018-04-30,Westbeach,DVM,2,L,20,0.5,na,2,13:28,na,na,5,5,7.75,na,na,na,na,na,na,na,"plant is growing on the line, chose left side arbritrarily",
21,Apr-2018,2018-04-30,Westbeach,DVM,2,L,20,6,na,2,13:28,na,na,9,5,10,na,na,na,na,na,na,na,"plant is growing on the line, chose left side arbritrarily",
21,Apr-2018,2018-04-30,Westbeach,DVM,2,L,20,12,na,2,13:28,na,T,13,11,na,na,na,na,na,na,na,na,"plant is growing on the line, chose left side arbritrarily",
21,Apr-2018,2018-04-30,Westbeach,NAP,1,L,20,5.5,na,2,13:28,na,na,2,2,3.5,na,na,na,na,na,na,na,,
21,Apr-2018,2018-04-30,Westbeach,NAP,1,L,20,5.5,na,2,13:28,na,na,8,7,6,na,na,na,na,na,na,na,,
21,Apr-2018,2018-04-30,Westbeach,NAP,1,L,20,9,na,2,13:28,na,na,1,1,2,na,na,na,na,na,na,na,,
21,Apr-2018,2018-04-30,Westbeach,NAP,1,L,20,9,na,2,13:28,na,na,5,5,7,na,na,na,na,na,na,na,,
21,Apr-2018,2018-04-30,Westbeach,NAP,1,L,20,9,na,2,13:28,na,na,2,2,0.5,na,na,na,na,na,na,na,,
21,Apr-2018,2018-04-30,Westbeach,NAP,1,L,20,9.5,na,2,13:28,na,na,6,4,6.5,na,na,na,na,na,na,na,,
21,Apr-2018,2018-04-30,Westbeach,NAP,1,L,20,15,na,2,13:28,na,na,5,5,2,na,na,na,na,na,na,na,,
21,Apr-2018,2018-04-30,Westbeach,OP,1,L,20,12,na,2,13:52,110,na,3,1,0.5,na,2,3,12,7,80,na,finished surveying 2018-05-02,
21,Apr-2018,2018-04-30,Westbeach,OP,1,L,20,15,na,2,13:52,117,na,9,7,9,na,na,na,29,3,75,na,finished surveying 2018-05-03,
21,Apr-2018,2018-04-30,Westbeach,OP,1,L,20,12,na,2,13:52,na,na,5,4,7.2,na,na,na,na,na,na,na,finished surveying 2018-05-04,
21,Apr-2018,2018-04-30,Westbeach,DVM,2,L,20,6,na,2,13:28,na,na,6,6,10.25,na,na,na,na,na,na,na,,
21,Apr-2018,2018-04-30,Westbeach,DVM,2,L,20,11.5,na,2,13:28,na,na,4,3,4,na,na,na,na,na,na,na,,
21,Apr-2018,2018-04-30,Westbeach,DVM,2,L,20,12,na,2,13:28,na,na,2,1,7,na,na,na,na,na,na,na,,
21,Apr-2018,2018-04-30,Westbeach,DVM,2,L,20,12.5,na,2,13:28,na,na,25,18,10.5,na,na,na,na,na,na,na,,
21,Apr-2018,2018-04-30,Westbeach,OP,2,L,20,6,na,2,13:52,2524,na,6,5,6.5,na,2,4,17,10,90,na,finished surveying 2018-05-05,
21,Apr-2018,2018-04-30,Westbeach,OP,2,L,20,1,na,2,13:52,2526,na,8,5,4.5,na,na,na,19,0,0,na,finished surveying 2018-05-06,
21,Apr-2018,2018-04-30,Westbeach,DVM,3,L,20,3,na,2,13:28,na,na,6,3,7,na,na,na,na,na,na,na,,
21,Apr-2018,2018-04-30,Westbeach,DVM,3,L,20,3,na,2,13:28,na,na,3,1,7,na,na,na,na,na,na,na,,
21,Apr-2018,2018-04-30,Westbeach,DVM,3,L,20,3.5,na,2,13:28,na,na,2,1,3,na,na,na,na,na,na,na,,
21,Apr-2018,2018-04-30,Westbeach,DVM,3,L,20,3.5,na,2,13:28,na,na,5,3,10,na,na,na,na,na,na,na,,
21,Apr-2018,2018-04-30,Westbeach,DVM,3,L,20,4,na,2,13:28,na,na,6,4,9.5,na,na,na,na,na,na,na,,
21,Apr-2018,2018-04-30,Westbeach,DVM,3,L,20,4.25,na,2,13:28,na,T,9,6,na,na,na,na,na,na,na,na,SFC_Long greater than 7m,
21,Apr-2018,2018-04-30,Westbeach,DVM,3,L,20,4.5,na,2,13:28,na,na,1,1,7,na,na,na,na,na,na,na,,
21,Apr-2018,2018-04-30,Westbeach,DVM,3,L,20,4.75,na,2,13:28,na,na,5,2,6.5,na,na,na,na,na,na,na,,
21,Apr-2018,2018-04-30,Westbeach,DVM,3,L,20,10,na,2,13:28,na,na,2,2,3.25,na,na,na,na,na,na,na,,
21,Apr-2018,2018-04-30,Westbeach,DVM,3,L,20,10.25,na,2,13:28,na,na,3,2,5.5,na,na,na,na,na,na,na,,
21,Apr-2018,2018-04-30,Westbeach,DVM,3,L,20,11.25,na,2,13:28,na,na,5,4,8,na,na,na,na,na,na,na,,
21,Apr-2018,2018-04-30,Westbeach,DVM,3,L,20,12,na,2,13:28,na,na,3,1,3,na,na,na,na,na,na,na,,
21,Apr-2018,2018-04-30,Westbeach,DVM,3,L,20,15,na,2,13:28,na,na,7,6,11.5,na,na,na,na,na,na,na,,
21,Apr-2018,2018-04-30,Westbeach,DVM,3,L,20,15,na,2,13:28,na,na,1,0,0,1.75,na,na,na,na,na,na,,
21,Apr-2018,2018-04-30,Westbeach,DVM,3,L,20,17.9,na,2,13:28,na,na,8,7,14,na,na,na,na,na,na,na,,
21,Apr-2018,2018-04-30,Westbeach,DVM,3,L,20,18.25,na,2,13:28,na,na,7,7,10.5,na,na,na,na,na,na,na,,
21,Apr-2018,2018-04-30,Westbeach,OP,3,L,20,12,na,2,13:52,2532,na,3,3,14,na,na,na,16,8,75,na,finished surveying 2018-05-07,
21,Apr-2018,2018-04-30,Westbeach,NAP,1,R,20,0.3,na,2,13:28,na,na,3,2,2.5,na,na,na,na,na,na,na,,
21,Apr-2018,2018-04-30,Westbeach,NAP,1,R,20,2.5,na,2,13:28,na,na,3,3,3.2,na,na,na,na,na,na,na,,
21,Apr-2018,2018-04-30,Westbeach,NAP,1,R,20,3,na,2,13:28,na,na,3,2,3.8,na,na,na,na,na,na,na,,
21,Apr-2018,2018-04-30,Westbeach,NAP,1,R,20,3,na,2,13:28,na,na,3,2,3.5,na,na,na,na,na,na,na,,
21,Apr-2018,2018-04-30,Westbeach,NAP,1,R,20,3.5,na,2,13:28,na,na,4,4,5.3,na,na,na,na,na,na,na,,
21,Apr-2018,2018-04-30,Westbeach,NAP,1,R,20,3.8,na,2,13:28,na,na,3,3,2.8,na,na,na,na,na,na,na,,
21,Apr-2018,2018-04-30,Westbeach,NAP,1,R,20,3.8,na,2,13:28,na,na,4,4,5,na,na,na,na,na,na,na,,
21,Apr-2018,2018-04-30,Westbeach,NAP,1,R,20,4.2,na,2,13:28,na,na,5,3,4.8,na,na,na,na,na,na,na,,
21,Apr-2018,2018-04-30,Westbeach,NAP,1,R,20,4.2,na,2,13:28,na,na,2,1,4.2,na,na,na,na,na,na,na,,
21,Apr-2018,2018-04-30,Westbeach,NAP,1,R,20,5,na,2,13:28,na,na,2,2,4,na,na,na,na,na,na,na,,
21,Apr-2018,2018-04-30,Westbeach,NAP,1,R,20,5,na,2,13:28,na,na,5,3,4.3,na,na,na,na,na,na,na,,
21,Apr-2018,2018-04-30,Westbeach,NAP,1,R,20,5,na,2,13:28,na,na,4,3,5.5,na,na,na,na,na,na,na,,
21,Apr-2018,2018-04-30,Westbeach,NAP,1,R,20,5.5,na,2,13:28,na,na,3,2,7,na,na,na,na,na,na,na,,
21,Apr-2018,2018-04-30,Westbeach,NAP,1,R,20,12,na,2,13:28,na,P,4,3,6,na,na,na,na,na,na,na,,
21,Apr-2018,2018-04-30,Westbeach,NAP,1,R,20,12.5,na,2,13:28,na,na,2,1,5.5,na,na,na,na,na,na,na,,
21,Apr-2018,2018-04-30,Westbeach,NAP,1,R,20,12.5,na,2,13:28,na,na,2,1,4,na,na,na,na,na,na,na,,
21,Apr-2018,2018-04-30,Westbeach,NAP,1,R,20,12.5,na,2,13:28,na,na,2,2,3.5,na,na,na,na,na,na,na,,
21,Apr-2018,2018-04-30,Westbeach,NAP,1,R,20,13,na,2,13:28,na,na,5,3,6.5,na,na,na,na,na,na,na,,
21,Apr-2018,2018-04-30,Westbeach,NAP,1,R,20,13.8,na,2,13:28,na,na,1,1,0.3,na,na,na,na,na,na,na,,
21,Apr-2018,2018-04-30,Westbeach,NAP,1,R,20,14.3,na,2,13:28,na,C,4,2,0,na,na,na,na,na,na,na,,
21,Apr-2018,2018-04-30,Westbeach,NAP,1,R,20,14.5,na,2,13:28,na,na,5,4,12,na,na,na,na,na,na,na,,
21,Apr-2018,2018-04-30,Westbeach,NAP,1,R,20,15,na,2,13:28,na,na,4,3,9.2,na,na,na,na,na,na,na,,
21,Apr-2018,2018-04-30,Westbeach,NAP,1,R,20,16,na,2,13:28,na,na,1,1,0.2,na,na,na,na,na,na,na,,
21,Apr-2018,2018-04-30,Westbeach,NAP,1,R,20,16,na,2,13:28,na,C,1,0,0,1.5,na,na,na,na,na,na,,
21,Apr-2018,2018-04-30,Westbeach,OP,1,R,20,2.5,na,2,13:52,1869,na,6,6,5.8,na,na,na,7,0,0,na,finished surveying 2018-05-08,
21,Apr-2018,2018-04-30,Westbeach,OP,1,R,20,12.5,na,2,13:52,2487,na,1,1,6,na,1,0,8,8,90,na,finished surveying 2018-05-09,
21,Apr-2018,2018-04-30,Westbeach,NAP,2,R,20,13,na,2,13:28,na,na,2,2,1.5,na,na,na,na,na,na,na,,
21,Apr-2018,2018-04-30,Westbeach,NAP,2,R,20,12.5,na,2,13:28,na,na,2,2,2,na,na,na,na,na,na,na,,
21,Apr-2018,2018-04-30,Westbeach,NAP,2,R,20,12,na,2,13:28,na,na,3,2,1.8,na,na,na,na,na,na,na,,
21,Apr-2018,2018-04-30,Westbeach,NAP,2,R,20,12,na,2,13:28,na,na,5,5,6,na,na,na,na,na,na,na,,
21,Apr-2018,2018-04-30,Westbeach,NAP,2,R,20,11.5,na,2,13:28,na,na,5,4,5.5,na,na,na,na,na,na,na,,
21,Apr-2018,2018-04-30,Westbeach,NAP,2,R,20,11.5,na,2,13:28,na,na,5,5,6.2,na,na,na,na,na,na,na,,
21,Apr-2018,2018-04-30,Westbeach,NAP,2,R,20,11.5,na,2,13:28,na,na,3,2,4.5,na,na,na,na,na,na,na,,
21,Apr-2018,2018-04-30,Westbeach,NAP,2,R,20,10.5,na,2,13:28,na,na,5,4,4,na,na,na,na,na,na,na,,
21,Apr-2018,2018-04-30,Westbeach,NAP,2,R,20,9.2,na,2,13:28,na,na,5,4,5.5,na,na,na,na,na,na,na,,
21,Apr-2018,2018-04-30,Westbeach,NAP,2,R,20,9,na,2,13:28,na,na,5,4,4,na,na,na,na,na,na,na,,
21,Apr-2018,2018-04-30,Westbeach,NAP,2,R,20,9,na,2,13:28,na,na,5,3,3,na,na,na,na,na,na,na,,
21,Apr-2018,2018-04-30,Westbeach,NAP,2,R,20,9,na,2,13:28,na,na,4,3,3.5,na,na,na,na,na,na,na,,
21,Apr-2018,2018-04-30,Westbeach,NAP,2,R,20,2,na,2,13:28,na,na,4,1,2.5,na,na,na,na,na,na,na,,
21,Apr-2018,2018-04-30,Westbeach,NAP,2,R,20,1.5,na,2,13:28,na,na,2,1,0.8,na,na,na,na,na,na,na,,
21,Apr-2018,2018-04-30,Westbeach,NAP,2,R,20,1,na,2,13:28,na,na,5,4,4.5,na,na,na,na,na,na,na,,
21,Apr-2018,2018-04-30,Westbeach,OP,2,R,20,2,na,2,13:52,2531,na,14,8,8,na,na,na,22,3,75,na,finished surveying 2018-05-10,
21,Apr-2018,2018-04-30,Westbeach,OP,2,R,20,12,na,2,13:52,1995,na,6,6,9,na,na,na,18,6,75,na,finished surveying 2018-05-11,
21,Apr-2018,2018-04-30,Westbeach,OP,2,R,20,8.5,na,2,13:52,1819,na,8,5,9.2,na,4,5,25,8,75,na,finished surveying 2018-05-12,
21,Apr-2018,2018-04-30,Westbeach,OP,2,R,20,9,na,2,13:52,1858.1,na,8,6,9,na,3,6,12,0,0,na,finished surveying 2018-05-13,
21,Apr-2018,2018-04-30,Westbeach,DVM,3,R,20,4.5,na,2,13:28,na,na,10,10,11,na,na,na,na,na,na,na,,
21,Apr-2018,2018-04-30,Westbeach,DVM,3,R,20,7,na,2,13:28,na,na,6,4,6,na,na,na,na,na,na,na,,
21,Apr-2018,2018-04-30,Westbeach,DVM,3,R,20,7.25,na,2,13:28,na,na,6,6,6.5,na,na,na,na,na,na,na,,
21,Apr-2018,2018-04-30,Westbeach,DVM,3,R,20,7.5,na,2,13:28,na,na,3,3,7,na,na,na,na,na,na,na,,
21,Apr-2018,2018-04-30,Westbeach,DVM,3,R,20,8.25,na,2,13:28,na,na,1,0,0,1.5,na,na,na,na,na,na,,
21,Apr-2018,2018-04-30,Westbeach,DVM,3,R,20,10.5,na,2,13:28,na,na,3,2,7,na,na,na,na,na,na,na,,
21,Apr-2018,2018-04-30,Westbeach,OP,3,R,20,3,na,2,13:52,2000,na,13,10,8.75,na,9,6,38,30,90,na,finished surveying 2018-05-14,
21,Apr-2018,2018-04-30,Westbeach,OP,3,R,20,4,na,2,13:52,191,na,4,4,1.5,na,3,4,9,0,0,na,finished surveying 2018-05-15,
21,Apr-2018,2018-04-30,Westbeach,OP,3,R,20,7.5,na,2,13:52,2522,na,4,3,8,na,na,na,17,0,0,na,finished surveying 2018-05-16,
21,Apr-2018,2018-04-30,Westbeach,OP,3,R,20,13,na,2,13:52,1856,na,2,1,1.5,na,na,na,13,0,0,na,finished surveying 2018-05-17,
21,Apr-2018,2018-04-28,Womanley,OP,1,L,20,7.5,na,5,14:00,1938,na,1,1,2,na,na,na,2,0,0,na,,
21,Apr-2018,2018-04-28,Womanley,OP,2,L,20,16.5,na,5,14:00,120,na,10,5,6,na,8,3,13,0,0,na,,
21,Apr-2018,2018-04-28,Womanley,OP,2,L,20,14.5,na,5,14:00,1791,na,10,6,5,na,na,na,14,0,0,na,,
21,Apr-2018,2018-04-28,Womanley,OP,3,L,20,13,na,5,14:00,113,na,2,0,0,2,2,0,10,0,0,na,,
21,Apr-2018,2018-04-28,Womanley,OP,3,L,20,9,na,5,14:00,272,na,7,5,6,na,na,na,25,10,100,na,,
21,Apr-2018,2018-04-28,Womanley,OP,1,R,20,13.5,na,5,14:00,107,na,15,11,9,na,11,5,19,0,0,na,,
21,Apr-2018,2018-04-28,Womanley,OP,1,R,20,20,na,5,14:00,1842,na,5,3,9.5,na,na,na,7,0,0,na,,
21,Apr-2018,2018-04-28,Womanley,OP,2,R,20,8,na,5,14:00,289,na,6,2,1.5,na,na,na,9,0,0,na,,
21,Apr-2018,2018-04-28,Womanley,OP,3,R,20,17,na,5,14:00,2533,na,4,0,0,2.5,na,na,16,0,0,na,,
21,Apr-2018,2018-04-28,Womanley,OP,1,R,20,5.2,na,5,14:00,115,na,5,4,6.5,na,5,1,10,0,0,na,,
21,Apr-2018,2018-04-28,Womanley,OP,2,R,20,10.6,na,5,14:00,121,na,2,0,0,3.5,2,2,11,2,100,na,,
21,Apr-2018,2018-04-28,Womanley,OP,3,R,20,10,na,5,14:00,2490,na,7,6,6.5,na,7,4,34,25,100,na,,
21,Apr-2018,2018-04-28,Womanley,NAP,1,L,20,0.5,na,5,13:39,na,na,5,3,5,na,na,na,na,na,na,na,,
21,Apr-2018,2018-04-28,Womanley,NAP,1,L,20,0.5,na,5,13:39,na,na,2,2,7.5,na,na,na,na,na,na,na,,
21,Apr-2018,2018-04-28,Womanley,NAP,1,L,20,0.5,na,5,13:39,na,na,2,1,2.5,na,na,na,na,na,na,na,,
21,Apr-2018,2018-04-28,Womanley,NAP,1,L,20,2.5,na,5,13:39,na,na,3,3,6,na,na,na,na,na,na,na,,
21,Apr-2018,2018-04-28,Womanley,NAP,1,L,20,2.5,na,5,13:39,na,na,7,6,8,na,na,na,na,na,na,na,,
21,Apr-2018,2018-04-28,Womanley,NAP,1,L,20,3.5,na,5,13:39,na,na,2,0,0,1,na,na,na,na,na,na,,
21,Apr-2018,2018-04-28,Womanley,NAP,1,L,20,11.5,na,5,13:39,na,na,3,0,0,2,na,na,na,na,na,na,,
21,Apr-2018,2018-04-28,Womanley,NAP,1,L,20,7.5,na,5,14:39,na,na,5,5,9,na,na,na,na,na,na,na,,
21,Apr-2018,2018-04-28,Womanley,NAP,2,L,20,0,na,5,13:39,na,na,15,12,8,na,na,na,na,na,na,na,,
21,Apr-2018,2018-04-28,Womanley,NAP,2,L,20,0,na,5,13:39,na,na,2,0,0,1.2,na,na,na,na,na,na,,
21,Apr-2018,2018-04-28,Womanley,NAP,2,L,20,3,na,5,13:39,na,T,3,3,na,na,na,na,na,na,na,na,,
21,Apr-2018,2018-04-28,Womanley,NAP,2,L,20,3,na,5,13:39,na,T,6,4,na,na,na,na,na,na,na,na,,
21,Apr-2018,2018-04-28,Womanley,NAP,2,L,20,3,na,5,13:39,na,T,4,4,na,na,na,na,na,na,na,na,,
21,Apr-2018,2018-04-28,Womanley,NAP,2,L,20,3,na,5,13:39,na,na,4,3,7,na,na,na,na,na,na,na,,
21,Apr-2018,2018-04-28,Womanley,NAP,2,L,20,8,na,5,13:39,na,na,1,0,0,2.5,na,na,na,na,na,na,,
21,Apr-2018,2018-04-28,Womanley,NAP,2,L,20,10,na,5,13:39,na,na,6,1,8,na,na,na,na,na,na,na,,
21,Apr-2018,2018-04-28,Womanley,NAP,2,L,20,10,na,5,13:39,na,na,1,0,0,1.2,na,na,na,na,na,na,,
21,Apr-2018,2018-04-28,Womanley,NAP,2,L,20,11,na,5,13:39,na,na,2,1,2,na,na,na,na,na,na,na,,
21,Apr-2018,2018-04-28,Womanley,NAP,2,L,20,12,na,5,13:39,na,na,2,2,3,na,na,na,na,na,na,na,,
21,Apr-2018,2018-04-28,Womanley,KH,3,L,20,12,na,5,13:39,na,na,7,5,5.5,na,na,na,na,na,na,na,,
21,Apr-2018,2018-04-28,Womanley,KH,3,L,20,12.4,na,5,13:39,na,na,4,1,3,na,na,na,na,na,na,na,,
21,Apr-2018,2018-04-28,Womanley,KH,3,L,20,12.1,na,5,13:39,na,na,1,1,4,na,na,na,na,na,na,na,,
21,Apr-2018,2018-04-28,Womanley,KH,3,L,20,12.1,na,5,13:39,na,na,4,2,5,na,na,na,na,na,na,na,,
21,Apr-2018,2018-04-28,Womanley,NAP,1,R,20,3,na,5,13:39,na,na,6,3,8.5,na,na,na,na,na,na,na,,
21,Apr-2018,2018-04-28,Womanley,NAP,1,R,20,3,na,5,13:39,na,na,4,2,7,na,na,na,na,na,na,na,,
21,Apr-2018,2018-04-28,Womanley,NAP,1,R,20,4,na,5,13:39,na,T,4,2,na,na,na,na,na,na,na,na,,
21,Apr-2018,2018-04-28,Womanley,NAP,1,R,20,4,na,5,13:39,na,na,7,5,9,na,na,na,na,na,na,na,,
21,Apr-2018,2018-04-28,Womanley,NAP,1,R,20,9,na,5,13:39,na,T,9,7,na,na,na,na,na,na,na,na,,
21,Apr-2018,2018-04-28,Womanley,NAP,1,R,20,13,na,5,13:39,na,T,4,3,na,na,na,na,na,na,na,na,,
21,Apr-2018,2018-04-28,Womanley,NAP,1,R,20,13,na,5,13:39,na,na,7,5,6,na,na,na,na,na,na,na,,
21,Apr-2018,2018-04-28,Womanley,NAP,1,R,20,13,na,5,13:39,na,na,3,3,9,na,na,na,na,na,na,na,,
21,Apr-2018,2018-04-28,Womanley,NAP,1,R,20,13,na,5,13:39,na,T,3,3,na,na,na,na,na,na,na,na,,
21,Apr-2018,2018-04-28,Womanley,NAP,1,R,20,14,na,5,13:39,na,na,13,12,6,na,na,na,na,na,na,na,,
21,Apr-2018,2018-04-28,Womanley,NAP,1,R,20,14,na,5,13:39,na,T,7,3,na,na,na,na,na,na,na,na,,
21,Apr-2018,2018-04-28,Womanley,NAP,1,R,20,14,na,5,13:39,na,na,8,4,7,na,na,na,na,na,na,na,,
21,Apr-2018,2018-04-28,Womanley,NAP,1,R,20,14,na,5,13:39,na,na,7,4,3,na,na,na,na,na,na,na,,
21,Apr-2018,2018-04-28,Womanley,NAP,1,R,20,20,na,5,13:39,na,na,4,1,0,na,na,na,na,na,na,na,,
21,Apr-2018,2018-04-28,Womanley,NAP,1,R,20,20,na,5,13:39,na,na,14,6,8,na,na,na,na,na,na,na,,
21,Apr-2018,2018-04-28,Womanley,KH,2,R,20,4,na,5,13:39,na,na,1,0,0,1.1,na,na,na,na,na,na,,
21,Apr-2018,2018-04-28,Womanley,KH,2,R,20,8.1,na,5,13:39,na,na,2,1,1,na,na,na,na,na,na,na,,
21,Apr-2018,2018-04-28,Womanley,KH,2,R,20,13.9,na,5,13:39,na,na,4,1,0,na,na,na,na,na,na,na,,
21,Apr-2018,2018-04-28,Womanley,KH,2,R,20,15,na,5,13:39,na,P,4,na,na,na,na,na,na,na,na,na,,
21,Apr-2018,2018-04-28,Womanley,KH,2,R,20,16.5,na,5,13:39,na,na,3,3,6.5,na,na,na,na,na,na,na,,
21,Apr-2018,2018-04-28,Womanley,KH,2,R,20,20,na,5,13:39,na,na,32,15,15,na,na,na,na,na,na,na,,
21,Apr-2018,2018-04-28,Womanley,KH,3,R,20,7,na,5,15:39,na,na,9,5,10,na,na,na,na,na,na,na,,
21,Apr-2018,2018-04-28,Womanley,KH,3,R,20,1.1,na,5,13:39,na,P,40,na,na,na,na,na,na,na,na,na,approximately 5 fronds insite transect,
21,Apr-2018,2018-04-28,Womanley,KH,3,R,20,10,na,5,13:39,na,na,3,1,3,na,na,na,na,na,na,na,,
21,Apr-2018,2018-04-28,Womanley,KH,3,R,20,17,na,5,13:39,na,na,8,7,14,na,na,na,na,na,na,na,,
21,Apr-2018,2018-04-28,Womanley,KH,3,R,20,16.9,na,5,13:39,na,na,8,5,6,na,na,na,na,na,na,na,,
21,Apr-2018,2018-04-28,Womanley,NAP,1,R,20,0,na,5,13:39,na,na,2,0,0,0.8,na,na,na,na,na,na,,
22,Jul-2018,2018-07-14,Triquet,OP,1,L,20,3.25,na,4,12:00,112,na,6,5,3,na,4,5,22,13,75,na,,
22,Jul-2018,2018-07-14,Triquet,OP,1,L,20,14.5,na,4,12:00,1914,na,7,2,1,na,na,na,9,0,0,na,,
22,Jul-2018,2018-07-14,Triquet,OP,2,L,20,10,na,4,12:00,1978,na,9,6,4.5,na,3,3,9,0,0,na,,
22,Jul-2018,2018-07-14,Triquet,OP,2,R,20,17,na,4,12:00,2422,na,5,3,4,na,na,na,15,5,25,na,,
22,Jul-2018,2018-07-14,Triquet,OP,2,R,20,1.5,na,4,12:00,1843,na,8,6,6,na,na,na,14,4,100,na,,plant recorded as tangled but estimates of length given
22,Jul-2018,2018-07-14,Triquet,OP,3,R,20,10.5,na,4,12:00,102,na,5,4,2,na,na,na,na,na,na,na,,plant recorded as tangled but estimates of length given
22,Jul-2018,2018-07-14,Triquet,OP,3,R,20,13.5,na,4,12:00,2014,na,6,4,3,na,4,3,9,7,90,na,,plant recorded as tangled but estimates of length given
22,Jul-2018,2018-07-14,Triquet,OP,3,R,20,1,na,4,12:00,299,na,6,4,6,na,na,na,7,1,100,na,,plant recorded as tangled but estimates of length given
22,Jul-2018,2018-07-14,Triquet,OP,1,R,20,0,na,4,12:00,118,na,20,12,5.5,na,15,8,50,34,100,na,,
22,Jul-2018,2018-07-14,Triquet,OP,1,R,20,15.5,na,4,12:00,140,na,16,7,3.5,na,na,na,46,42,100,na,,
22,Jul-2018,2018-07-14,Triquet,OP,2,L,20,1.5,na,4,12:00,182,na,5,4,3,na,0,9,14,2,75,na,,
22,Jul-2018,2018-07-14,Triquet,OP,3,R,20,13.75,na,4,12:00,142,na,8,5,2,na,0,9,22,20,100,na,,plant recorded as tangled but estimates of length given
22,Jul-2018,2018-07-14,Triquet,DV,2,R,20,1.9,na,4,12:00,na,na,8,5,3,na,na,na,na,na,na,na,,
22,Jul-2018,2018-07-14,Triquet,DV,2,L,20,13,na,4,12:00,na,na,1,0,0,0.5,na,na,na,na,na,na,,
22,Jul-2018,2018-07-14,Triquet,DV,2,R,20,16,na,4,12:00,na,na,3,1,1,na,na,na,na,na,na,na,,
22,Jul-2018,2018-07-14,Triquet,DV,2,R,20,17,na,4,12:00,na,T,3,1,na,na,na,na,na,na,na,na,,
22,Jul-2018,2018-07-14,Triquet,DV,3,R,20,11,na,4,12:00,na,T,9,4,na,na,na,na,na,na,na,na,,
22,Jul-2018,2018-07-14,Triquet,DV,3,R,20,13.5,na,4,12:00,na,T,7,5,na,na,na,na,na,na,na,na,,
22,Jul-2018,2018-07-14,Triquet,DV,3,R,20,13.75,na,4,12:00,na,T,12,na,na,na,na,na,na,na,na,na,,
22,Jul-2018,2018-07-14,Triquet,DV,3,R,20,13.75,na,4,12:00,na,P,12,na,na,na,na,na,na,na,na,na,,
22,Jul-2018,2018-07-14,Triquet,DV,1,L,20,0,na,4,12:00,na,na,3,2,1,na,na,na,na,na,na,na,,
22,Jul-2018,2018-07-14,Triquet,DV,1,R,20,10,na,4,12:00,na,na,20,17,5,na,na,na,na,na,na,na,,
22,Jul-2018,2018-07-14,Triquet,DV,1,R,20,18,na,4,12:00,na,na,10,7,1,na,na,na,na,na,na,na,,
22,Jul-2018,2018-07-14,Triquet,DV,1,R,20,18,na,4,12:00,na,na,9,5,2,na,na,na,na,na,na,na,,
22,Jul-2018,2018-07-14,Triquet,DV,1,R,20,18,na,4,12:00,na,na,7,5,1.5,na,na,na,na,na,na,na,,
22,Jul-2018,2018-07-14,Triquet,DV,1,R,20,18,na,4,12:00,na,na,1,1,0.5,na,na,na,na,na,na,na,,
22,Jul-2018,2018-07-14,Triquet,DV,1,L,20,2.9,na,4,12:00,na,T,15,12,na,na,na,na,na,na,na,na,,
22,Jul-2018,2018-07-14,Triquet,DV,2.5,na,20,2,na,4,14:00,na,na,6,3,1,na,na,na,na,na,na,na,,
22,Jul-2018,2018-07-14,Triquet,DV,2.5,na,20,9.5,na,4,14:00,na,na,5,3,3.5,na,na,na,na,na,na,na,,
22,Jul-2018,2018-07-14,Triquet,DV,2.5,na,20,11,na,4,14:00,na,na,12,10,5,na,na,na,na,na,na,na,,
22,Jul-2018,2018-07-14,Triquet,DV,2.5,na,20,11.5,na,4,14:00,na,na,15,14,5,na,na,na,na,na,na,na,,
22,Jul-2018,2018-07-14,Triquet,DV,2.5,na,20,14,na,4,14:00,na,na,38,26,4,na,na,na,na,na,na,na,,
22,Jul-2018,2018-07-14,Triquet,DV,2.5,na,20,16,na,4,14:00,na,na,1,1,0.5,na,na,na,na,na,na,na,,
22,Jul-2018,2018-07-14,Triquet,DV,2.5,na,20,16.5,na,4,14:00,na,na,2,0,0,1.5,na,na,na,na,na,na,,
22,Jul-2018,2018-07-14,Triquet,DV,2.5,na,20,16.5,na,4,14:00,na,na,3,0,0,1.5,na,na,na,na,na,na,,
22,Jul-2018,2018-07-14,Triquet,DV,1.5,na,20,20,na,4,14:00,na,na,10,7,4.5,na,na,na,na,na,na,na,,
22,Jul-2018,2018-07-14,Triquet,DV,1.5,na,20,19,na,4,14:00,na,na,5,2,1.5,na,na,na,na,na,na,na,,
22,Jul-2018,2018-07-14,Triquet,OP,1.5,na,20,0.5,na,4,14:00,na,na,10,8,5,na,na,na,na,na,na,na,,
22,Jul-2018,2018-07-14,Triquet,OP,1.5,na,20,1,na,4,14:00,na,T,7,6,na,na,na,na,na,na,na,na,,
22,Jul-2018,2018-07-14,Triquet,OP,1.5,na,20,0.75,na,4,14:00,na,T,4,na,na,na,na,na,na,na,na,na,,
22,Jul-2018,2018-07-14,Triquet,OP,1.5,na,20,1.25,na,4,14:00,na,na,4,4,3,na,na,na,na,na,na,na,,
22,Jul-2018,2018-07-14,Triquet,OP,1.5,na,20,0.75,na,4,14:00,na,T,4,4,na,na,na,na,na,na,na,na,,
22,Jul-2018,2018-07-14,Triquet,OP,1.5,na,20,3.5,na,4,14:00,na,T,15,na,na,na,na,na,na,na,na,na,,
22,Jul-2018,2018-07-14,Triquet,OP,1.5,na,20,3,na,4,14:00,na,na,6,6,2,na,na,na,na,na,na,na,,
22,Jul-2018,2018-07-14,Triquet,OP,1.5,na,20,3.25,na,4,14:00,na,na,3,2,2,na,na,na,na,na,na,na,,
22,Jul-2018,2018-07-14,Triquet,OP,1.5,na,20,8,na,4,14:00,na,na,9,9,6,na,na,na,na,na,na,na,,
22,Jul-2018,2018-07-14,Triquet,OP,1.5,na,20,14,na,4,14:00,na,na,5,5,3,na,na,na,na,na,na,na,,
22,Jul-2018,2018-07-14,Triquet,OP,1.5,na,20,14.25,na,4,14:00,na,T,5,3,na,na,na,na,na,na,na,na,,
22,Jul-2018,2018-07-14,Triquet,OP,1.5,na,20,15,na,4,14:00,na,na,4,4,2.5,na,na,na,na,na,na,na,,
22,Jul-2018,2018-07-14,Triquet,OP,1.5,na,20,15.1,na,4,14:00,na,na,5,3,1,na,na,na,na,na,na,na,,
22,Jul-2018,2018-07-14,Triquet,OP,1.5,na,20,16,na,4,14:00,na,na,5,2,2.5,na,na,na,na,na,na,na,,
22,Jul-2018,2018-07-14,Triquet,OP,1.5,na,20,16.1,na,4,14:00,na,na,2,0,0,1.5,na,na,na,na,na,na,,
22,Jul-2018,2018-07-14,Triquet,OP,1.5,na,20,17,na,4,14:00,na,T,6,3,na,na,na,na,na,na,na,na,,
22,Jul-2018,2018-07-14,Triquet,OP,1.5,na,20,17.1,na,4,14:00,na,na,4,0,0,3,na,na,na,na,na,na,,
22,Jul-2018,2018-07-14,Triquet,OP,1.5,na,20,20,na,4,14:00,na,na,5,1,0,na,na,na,na,na,na,na,,
22,Jul-2018,2018-07-21,Womanley,KH,1,L,20,7.5,na,5,9:43,1938,na,9,6,9,na,na,na,105,84,95,na,,
22,Jul-2018,2018-07-21,Womanley,KH,2,L,20,16.5,na,5,9:43,120,na,12,7,8.5,na,8,7,35,17,75,na,,
22,Jul-2018,2018-07-21,Womanley,KH,2,L,20,14.5,na,5,9:43,1791,na,16,11,8,na,na,na,23,12,100,na,,
22,Jul-2018,2018-07-21,Womanley,KH,3,L,20,9,na,5,9:43,272,na,9,7,13.5,na,na,na,39,14,80,na,,
22,Jul-2018,2018-07-21,Womanley,KH,1,R,20,13.5,na,5,9:43,107,na,12,8,10.5,na,9,5,27,2,80,na,,
22,Jul-2018,2018-07-21,Womanley,KH,1,R,20,20,na,5,9:43,1842,na,5,3,2,na,na,na,19,2,90,na,,
22,Jul-2018,2018-07-21,Womanley,KH,2,R,20,8,na,5,9:43,289,na,8,6,7,na,na,na,15,0,0,na,,
22,Jul-2018,2018-07-21,Womanley,KH,3,R,20,17,na,5,9:43,163,na,2,1,3.5,na,na,na,11,4,30,na,,
22,Jul-2018,2018-07-21,Womanley,KH,1,R,20,5.2,na,5,9:43,115,na,5,4,4,na,2,4,18,8,75,na,,plant recorded as tangled but estimates of length given
22,Jul-2018,2018-07-21,Womanley,KH,2,R,20,10.6,na,5,9:43,121,na,3,2,5,na,3,1,13,6,100,na,,
22,Jul-2018,2018-07-21,Womanley,KH,3,R,20,10,na,5,9:43,2490,na,12,6,9,na,8,7,70,0,0,na,,
22,Jul-2018,2018-07-21,Womanley,KH,3,L,20,12,na,5,9:43,127,na,2,1,1.5,na,0,2,5,1,90,na,,
22,Jul-2018,2018-07-21,Womanley,NAP,1,L,20,0.5,na,5,9:43,na,na,11,4,4.5,na,na,na,na,na,na,na,,
22,Jul-2018,2018-07-21,Womanley,NAP,1,L,20,2.5,na,5,9:43,na,na,7,3,4.25,na,na,na,na,na,na,na,,
22,Jul-2018,2018-07-21,Womanley,NAP,1,L,20,2.75,na,5,9:43,na,na,9,7,5.75,na,na,na,na,na,na,na,,
22,Jul-2018,2018-07-21,Womanley,NAP,1,R,20,2.75,na,5,9:43,na,na,4,3,1.25,na,na,na,na,na,na,na,,
22,Jul-2018,2018-07-21,Womanley,NAP,1,R,20,3.2,na,5,9:43,na,na,4,1,2.5,na,na,na,na,na,na,na,,
22,Jul-2018,2018-07-21,Womanley,NAP,1,R,20,4,na,5,9:43,na,T,14,9,na,na,na,na,na,na,na,na,,
22,Jul-2018,2018-07-21,Womanley,NAP,1,L,20,7.5,na,5,9:43,na,na,7,4,5,na,na,na,na,na,na,na,,
22,Jul-2018,2018-07-21,Womanley,NAP,1,R,20,8.5,na,5,9:43,na,T,4,na,na,na,na,na,na,na,na,na,,
22,Jul-2018,2018-07-21,Womanley,NAP,1,R,20,15.5,na,5,9:43,na,na,6,3,3,na,na,na,na,na,na,na,,
22,Jul-2018,2018-07-21,Womanley,NAP,1,R,20,15.5,na,5,9:43,na,na,6,3,5.5,na,na,na,na,na,na,na,,
22,Jul-2018,2018-07-21,Womanley,NAP,1,R,20,15.5,na,5,9:43,na,na,5,3,4,na,na,na,na,na,na,na,,
22,Jul-2018,2018-07-21,Womanley,NAP,1,R,20,15.2,na,5,9:43,na,na,7,4,5.25,na,na,na,na,na,na,na,,
22,Jul-2018,2018-07-21,Womanley,NAP,1,R,20,15,na,5,9:43,na,na,8,5,5.5,na,na,na,na,na,na,na,,
22,Jul-2018,2018-07-21,Womanley,NAP,1,R,20,15,na,5,9:43,na,na,3,0,0,4,na,na,na,na,na,na,,
22,Jul-2018,2018-07-21,Womanley,NAP,1,R,20,15,na,5,9:43,na,na,2,1,3.25,na,na,na,na,na,na,na,,
22,Jul-2018,2018-07-21,Womanley,LL,1,L,20,13.5,na,5,9:43,na,na,5,3,9.5,na,na,na,na,na,na,na,,
22,Jul-2018,2018-07-21,Womanley,LL,1,L,20,13.5,na,5,9:43,na,T,12,11,na,na,na,na,na,na,na,na,,
22,Jul-2018,2018-07-21,Womanley,LL,1,L,20,13.5,na,5,9:43,na,na,5,2,4,na,na,na,na,na,na,na,,
22,Jul-2018,2018-07-21,Womanley,DVM,1,R,20,20,na,5,9:43,na,na,9,6,4,na,na,na,na,na,na,na,,
22,Jul-2018,2018-07-21,Womanley,DVM,1,R,20,12.5,na,5,9:43,na,na,7,6,7,na,na,na,na,na,na,na,,
22,Jul-2018,2018-07-21,Womanley,DVM,1,R,20,12.6,na,5,9:43,na,na,6,4,4.5,na,na,na,na,na,na,na,,
22,Jul-2018,2018-07-21,Womanley,DVM,1,R,20,13.2,na,5,9:43,na,na,5,3,4,na,na,na,na,na,na,na,,
22,Jul-2018,2018-07-21,Womanley,DVM,1,R,20,13.25,na,5,9:43,na,na,6,4,7,na,na,na,na,na,na,na,,
22,Jul-2018,2018-07-21,Womanley,LL,2,L,20,5,na,5,9:43,na,na,10,11,8.2,na,na,na,na,na,na,na,,
22,Jul-2018,2018-07-21,Womanley,LL,2,L,20,8,na,5,9:43,na,na,2,1,1.3,na,na,na,na,na,na,na,,
22,Jul-2018,2018-07-21,Womanley,LL,2,R,20,8.1,na,5,9:43,na,C,3,1,1.5,na,na,na,na,na,na,na,,
22,Jul-2018,2018-07-21,Womanley,LL,2,L,20,9.5,na,5,9:43,na,na,6,4,4.25,na,na,na,na,na,na,na,,
22,Jul-2018,2018-07-21,Womanley,LL,2,R,20,10,na,5,9:43,na,P,2,1,3,na,na,na,na,na,na,na,,
22,Jul-2018,2018-07-21,Womanley,LL,2,L,20,13.5,na,5,9:43,na,T,5,1,na,na,na,na,na,na,na,na,,
22,Jul-2018,2018-07-21,Womanley,DVM,2,R,20,19.9,na,5,9:43,na,na,27,16,5,na,na,na,na,na,na,na,,plant recorded as tangled but estimates of length given
22,Jul-2018,2018-07-21,Womanley,DVM,2,R,20,16.5,na,5,9:43,na,na,2,2,6,na,na,na,na,na,na,na,,
22,Jul-2018,2018-07-21,Womanley,DVM,3,R,20,7,na,5,9:43,na,na,9,7,10,na,na,na,na,na,na,na,,
22,Jul-2018,2018-07-21,Womanley,DVM,3,L,20,9,na,5,9:43,na,na,14,10,4.5,na,na,na,na,na,na,na,,
22,Jul-2018,2018-07-21,Womanley,DVM,3,L,20,12,na,5,9:43,na,C,4,3,3,na,na,na,na,na,na,na,,
22,Jul-2018,2018-07-21,Womanley,DVM,3,L,20,12.1,na,5,9:43,na,C,4,2,4,na,na,na,na,na,na,na,,
22,Jul-2018,2018-07-21,Womanley,DVM,3,R,20,17,na,5,9:43,na,na,17,15,3,na,na,na,na,na,na,na,,plant recorded as tangled but estimates of length given
22,Jul-2018,2018-07-21,Womanley,NAP,1.5,na,20,15,na,5,12:15,na,T,5,1,na,na,na,na,na,na,na,na,,
22,Jul-2018,2018-07-21,Womanley,NAP,1.5,na,20,14,na,5,12:15,na,na,5,2,2,na,na,na,na,na,na,na,,
22,Jul-2018,2018-07-21,Womanley,NAP,1.5,na,20,13.5,na,5,12:15,na,na,1,0,0,2.5,na,na,na,na,na,na,,
22,Jul-2018,2018-07-21,Womanley,NAP,1.5,na,20,13.5,na,5,12:15,na,na,5,3,3.25,na,na,na,na,na,na,na,,
22,Jul-2018,2018-07-21,Womanley,NAP,1.5,na,20,13,na,5,12:15,na,na,5,3,4.5,na,na,na,na,na,na,na,,
22,Jul-2018,2018-07-21,Womanley,NAP,1.5,na,20,13,na,5,12:15,na,na,5,3,1.5,na,na,na,na,na,na,na,,
22,Jul-2018,2018-07-21,Womanley,NAP,1.5,na,20,13,na,5,12:15,na,T,1,na,na,na,na,na,na,na,na,na,,
22,Jul-2018,2018-07-21,Womanley,NAP,1.5,na,20,12,na,5,12:15,na,na,11,7,7,na,na,na,na,na,na,na,,
22,Jul-2018,2018-07-21,Womanley,NAP,1.5,na,20,12,na,5,12:15,na,na,3,1,2.5,na,na,na,na,na,na,na,,
22,Jul-2018,2018-07-21,Womanley,NAP,1.5,na,20,11.5,na,5,12:15,na,na,2,2,4,na,na,na,na,na,na,na,,
22,Jul-2018,2018-07-21,Womanley,NAP,1.5,na,20,11.5,na,5,12:15,na,na,6,3,8.25,na,na,na,na,na,na,na,,
22,Jul-2018,2018-07-21,Womanley,NAP,1.5,na,20,10.5,na,5,12:15,na,na,1,0,0,1.5,na,na,na,na,na,na,,
22,Jul-2018,2018-07-21,Womanley,NAP,1.5,na,20,10,na,5,12:15,na,na,5,5,0,na,na,na,na,na,na,na,,
22,Jul-2018,2018-07-21,Womanley,NAP,2.5,na,20,16.5,na,5,12:15,na,na,4,2,1.25,na,na,na,na,na,na,na,,
22,Jul-2018,2018-07-21,Womanley,NAP,2.5,na,20,16.5,na,5,12:15,na,na,4,1,3,na,na,na,na,na,na,na,,
22,Jul-2018,2018-07-21,Womanley,DVM,2.5,na,20,3,na,5,12:15,na,na,53,37,5,na,na,na,na,na,na,na,,
22,Jul-2018,2018-07-21,Womanley,DVM,2.5,na,20,1,na,5,12:15,na,na,4,1,5,na,na,na,na,na,na,na,,
22,Jul-2018,2018-07-21,Womanley,DVM,2.5,na,20,0.5,na,5,12:15,na,na,6,6,3.5,na,na,na,na,na,na,na,,
22,Jul-2018,2018-07-21,Womanley,DVM,2.5,na,20,0,na,5,12:15,na,na,17,12,8.75,na,na,na,na,na,na,na,,
22,Jul-2018,2018-07-21,Womanley,DVM,2.5,na,20,1,na,5,12:15,na,na,11,5,6,na,na,na,na,na,na,na,,
22,Jul-2018,2018-07-21,Womanley,DVM,2.5,na,20,1,na,5,12:15,na,na,23,14,7,na,na,na,na,na,na,na,,
22,Jul-2018,2018-07-21,Womanley,DVM,2.5,na,20,1.25,na,5,12:15,na,na,13,6,5.5,na,na,na,na,na,na,na,,
22,Jul-2018,2018-07-21,Womanley,DVM,2.5,na,20,3.75,na,5,12:15,na,na,11,6,7,na,na,na,na,na,na,na,,
22,Jul-2018,2018-07-21,Womanley,DVM,2.5,na,20,5.25,na,5,12:15,na,na,34,29,5.5,na,na,na,na,na,na,na,,
22,Jul-2018,2018-07-21,Womanley,DVM,2.5,na,20,8.25,na,5,12:15,na,na,4,1,3,na,na,na,na,na,na,na,,
22,Jul-2018,2018-07-21,Womanley,DVM,2.5,na,20,8.5,na,5,12:15,na,na,5,2,5,na,na,na,na,na,na,na,,
22,Jul-2018,2018-07-21,Womanley,DVM,2.5,na,20,10,na,5,12:15,na,na,20,14,11.25,na,na,na,na,na,na,na,,
22,Jul-2018,2018-07-21,Womanley,DVM,2.5,na,20,12.5,na,5,12:15,na,na,25,15,5.5,na,na,na,na,na,na,na,,
22,Jul-2018,2018-07-21,Womanley,DVM,2.5,na,20,12,na,5,12:15,na,na,15,12,4.7,na,na,na,na,na,na,na,,
22,Jul-2018,2018-07-21,Womanley,DVM,2.5,na,20,12.25,na,5,12:15,na,na,5,2,6,na,na,na,na,na,na,na,,
22,Jul-2018,2018-07-21,Womanley,DVM,2.5,na,20,12.3,na,5,12:15,na,na,16,8,6,na,na,na,na,na,na,na,,
22,Jul-2018,2018-07-21,Womanley,DVM,2.5,na,20,14.25,na,5,12:15,na,na,6,3,4.25,na,na,na,na,na,na,na,,
22,Jul-2018,2018-07-21,Womanley,DVM,2.5,na,20,17.5,na,5,12:15,na,na,7,5,6.75,na,na,na,na,na,na,na,,
22,Jul-2018,2018-07-21,Womanley,LL,2.5,na,20,20,na,5,12:15,na,C,7,6,4,na,na,na,na,na,na,na,,
22,Jul-2018,2018-07-21,Womanley,KH,2.5,na,20,18.6,na,5,12:15,na,na,2,1,0.5,na,na,na,na,na,na,na,,
22,Jul-2018,2018-07-21,Womanley,KH,2.5,na,20,18.5,na,5,12:15,na,na,11,9,6,na,na,na,na,na,na,na,,
22,Jul-2018,2018-07-21,Womanley,LL,1.5,na,20,0,na,5,12:15,na,na,6,5,6,na,na,na,na,na,na,na,,
22,Jul-2018,2018-07-21,Womanley,LL,1.5,na,20,0,na,5,12:15,na,na,2,1,4,na,na,na,na,na,na,na,,
22,Jul-2018,2018-07-21,Womanley,LL,1.5,na,20,0,na,5,12:15,na,na,5,4,4.75,na,na,na,na,na,na,na,,
22,Jul-2018,2018-07-21,Womanley,LL,1.5,na,20,0,na,5,12:15,na,T,6,5,na,na,na,na,na,na,na,na,,
22,Jul-2018,2018-07-21,Womanley,LL,1.5,na,20,0,na,5,12:15,na,T,7,7,na,na,na,na,na,na,na,na,,
22,Jul-2018,2018-07-21,Womanley,LL,1.5,na,20,1,na,5,12:15,na,na,3,3,7,na,na,na,na,na,na,na,,
22,Jul-2018,2018-07-21,Womanley,LL,1.5,na,20,1,na,5,12:15,na,na,12,12,7.5,na,na,na,na,na,na,na,,
22,Jul-2018,2018-07-21,Womanley,LL,1.5,na,20,9,na,5,12:15,na,na,3,2,5,na,na,na,na,na,na,na,,
22,Jul-2018,2018-07-21,Womanley,LL,1.5,na,20,9,na,5,12:15,na,na,8,7,3.5,na,na,na,na,na,na,na,,
22,Jul-2018,2018-07-22,Westbeach,KH,1,L,20,12,na,2,9:14,110,na,2,1,6,na,1,1,4,0,0,na,,
22,Jul-2018,2018-07-22,Westbeach,KH,1,L,20,15,na,2,10:00,117,na,20,13,9,na,na,na,86,35,95,na,,
22,Jul-2018,2018-07-22,Westbeach,KH,2,L,20,6,na,2,10:00,178,na,12,10,13.5,na,4,8,37,21,80,na,,
22,Jul-2018,2018-07-22,Westbeach,KH,2,L,20,1,na,2,10:00,2526,na,11,11,9,na,na,na,33,6,100,na,,
22,Jul-2018,2018-07-22,Westbeach,KH,3,L,20,12,na,2,10:00,2532,na,6,5,8.25,na,na,na,76,26,100,na,,
22,Jul-2018,2018-07-22,Westbeach,KH,1,R,20,2.5,na,2,10:00,1869,na,7,7,7,na,na,na,16,5,25,na,,
22,Jul-2018,2018-07-22,Westbeach,KH,1,R,20,12.5,na,2,10:00,181,na,1,0,0,1.25,1,1,16,16,100,na,,
22,Jul-2018,2018-07-22,Westbeach,KH,2,R,20,2,na,2,10:00,2531,na,4,3,6,na,na,na,9,0,0,na,,
22,Jul-2018,2018-07-22,Westbeach,KH,2,R,20,12,na,2,10:00,1995,na,14,11,12,na,na,na,59,30,95,na,,
22,Jul-2018,2018-07-22,Westbeach,KH,2,R,20,8.5,na,2,10:00,1819,na,3,3,5,na,1,4,14,7,100,na,,
22,Jul-2018,2018-07-22,Westbeach,KH,2,R,20,9,na,2,10:00,1858.1,na,17,13,13.5,na,8,10,13,5,75,na,,
22,Jul-2018,2018-07-22,Westbeach,KH,3,R,20,3,na,2,10:00,2000,na,20,15,13,na,10,21,60,43,70,na,,
22,Jul-2018,2018-07-22,Westbeach,KH,3,R,20,4,na,2,10:00,126,na,5,2,4,na,3,5,17,3,10,na,,
22,Jul-2018,2018-07-22,Westbeach,KH,3,R,20,7.5,na,2,10:00,2522,na,7,5,8,na,na,na,31,9,50,na,,
22,Jul-2018,2018-07-22,Westbeach,KH,3,R,20,13,na,2,10:00,193,na,3,2,7.25,na,na,na,30,18,80,na,,
22,Jul-2018,2018-07-22,Westbeach,LL,1,R,20,15,na,2,10:00,na,na,2,1,2.5,na,na,na,na,na,na,na,,
22,Jul-2018,2018-07-22,Westbeach,LL,1,R,20,15,na,2,10:00,na,C,2,1,0,na,na,na,na,na,na,na,,
22,Jul-2018,2018-07-22,Westbeach,LL,1,R,20,14.5,na,2,10:00,na,na,5,3,7,na,na,na,na,na,na,na,,
22,Jul-2018,2018-07-22,Westbeach,LL,1,R,20,14.5,na,2,10:00,na,T,4,3,na,na,na,na,na,na,na,na,,
22,Jul-2018,2018-07-22,Westbeach,LL,1,R,20,12,na,2,10:00,na,na,7,7,7,na,na,na,na,na,na,na,,
22,Jul-2018,2018-07-22,Westbeach,LL,1,R,20,12,na,2,10:00,na,na,4,3,4.5,na,na,na,na,na,na,na,,
22,Jul-2018,2018-07-22,Westbeach,LL,1,R,20,12,na,2,10:00,na,na,3,2,8.5,na,na,na,na,na,na,na,,
22,Jul-2018,2018-07-22,Westbeach,LL,1,R,20,11.5,na,2,10:00,na,P,4,4,8.2,na,na,na,na,na,na,na,,
22,Jul-2018,2018-07-22,Westbeach,LL,1,L,20,11.5,na,2,10:00,na,T,3,3,na,na,na,na,na,na,na,na,,
22,Jul-2018,2018-07-22,Westbeach,LL,1,R,20,11,na,2,10:00,na,na,7,6,13,na,na,na,na,na,na,na,,
22,Jul-2018,2018-07-22,Westbeach,LL,1,L,20,10,na,2,10:00,na,C,7,4,4,na,na,na,na,na,na,na,,
22,Jul-2018,2018-07-22,Westbeach,LL,1,L,20,10,na,2,10:00,na,na,7,2,3.5,na,na,na,na,na,na,na,,
22,Jul-2018,2018-07-22,Westbeach,LL,1,L,20,9.5,na,2,10:00,na,T,3,3,na,na,na,na,na,na,na,na,,
22,Jul-2018,2018-07-22,Westbeach,LL,1,L,20,9.5,na,2,10:00,na,T,3,3,na,na,na,na,na,na,na,na,,
22,Jul-2018,2018-07-22,Westbeach,LL,1,R,20,5.5,na,2,10:00,na,na,9,8,9,na,na,na,na,na,na,na,,
22,Jul-2018,2018-07-22,Westbeach,LL,1,R,20,5.5,na,2,10:00,na,na,4,2,12,na,na,na,na,na,na,na,,
22,Jul-2018,2018-07-22,Westbeach,LL,1,R,20,5,na,2,10:00,na,na,4,4,6,na,na,na,na,na,na,na,,
22,Jul-2018,2018-07-22,Westbeach,LL,1,R,20,5,na,2,10:00,na,C,3,2,0,na,na,na,na,na,na,na,,
22,Jul-2018,2018-07-22,Westbeach,LL,1,R,20,5,na,2,10:00,na,na,2,2,4.5,na,na,na,na,na,na,na,,
22,Jul-2018,2018-07-22,Westbeach,LL,1,R,20,5,na,2,10:00,na,na,4,4,6,na,na,na,na,na,na,na,,
22,Jul-2018,2018-07-22,Westbeach,LL,1,L,20,5.5,na,2,10:00,na,na,6,6,7,na,na,na,na,na,na,na,,
22,Jul-2018,2018-07-22,Westbeach,LL,1,L,20,5.5,na,2,10:00,na,na,4,4,5,na,na,na,na,na,na,na,,
22,Jul-2018,2018-07-22,Westbeach,LL,1,R,20,4,na,2,10:00,na,na,6,4,8.5,na,na,na,na,na,na,na,,
22,Jul-2018,2018-07-22,Westbeach,LL,1,R,20,3.9,na,2,10:00,na,T,3,2,na,na,na,na,na,na,na,na,,
22,Jul-2018,2018-07-22,Westbeach,LL,1,R,20,3.1,na,2,10:00,na,na,3,3,3,na,na,na,na,na,na,na,,
22,Jul-2018,2018-07-22,Westbeach,LL,1,R,20,3,na,2,10:00,na,na,5,4,7,na,na,na,na,na,na,na,,
22,Jul-2018,2018-07-22,Westbeach,LL,1,R,20,3,na,2,10:00,na,na,4,2,1.5,na,na,na,na,na,na,na,,
22,Jul-2018,2018-07-22,Westbeach,LL,1,R,20,0,na,2,10:00,na,na,3,2,2.5,na,na,na,na,na,na,na,,
22,Jul-2018,2018-07-22,Westbeach,LL,1,R,20,0,na,2,10:00,na,na,8,7,8,na,na,na,na,na,na,na,,
22,Jul-2018,2018-07-22,Westbeach,LL,1,R,20,0,na,2,10:00,na,na,7,6,4.7,na,na,na,na,na,na,na,,
22,Jul-2018,2018-07-22,Westbeach,LL,1,R,20,0,na,2,10:00,na,na,4,4,4,na,na,na,na,na,na,na,,
22,Jul-2018,2018-07-22,Westbeach,LL,1,R,20,0,na,2,10:00,na,T,5,4,na,na,na,na,na,na,na,na,,
22,Jul-2018,2018-07-22,Westbeach,NAP,2,R,20,12.5,na,2,9:19,na,na,4,3,6.5,na,na,na,na,na,na,na,,
22,Jul-2018,2018-07-22,Westbeach,NAP,2,L,20,12.5,na,2,9:19,na,na,7,7,4.5,na,na,na,na,na,na,na,,
22,Jul-2018,2018-07-22,Westbeach,NAP,2,L,20,12.5,na,2,9:19,na,na,6,6,9.2,na,na,na,na,na,na,na,,
22,Jul-2018,2018-07-22,Westbeach,NAP,2,L,20,12.5,na,2,9:19,na,na,6,6,8.5,na,na,na,na,na,na,na,,
22,Jul-2018,2018-07-22,Westbeach,NAP,2,L,20,12.5,na,2,9:19,na,na,3,3,6,na,na,na,na,na,na,na,,
22,Jul-2018,2018-07-22,Westbeach,NAP,2,L,20,12.5,na,2,9:19,na,na,4,3,3.25,na,na,na,na,na,na,na,,
22,Jul-2018,2018-07-22,Westbeach,NAP,2,L,20,12.5,na,2,9:19,na,na,5,4,4.5,na,na,na,na,na,na,na,,
22,Jul-2018,2018-07-22,Westbeach,NAP,2,R,20,12.2,na,2,9:19,na,na,3,3,5.75,na,na,na,na,na,na,na,,
22,Jul-2018,2018-07-22,Westbeach,NAP,2,R,20,12,na,2,9:19,na,na,5,5,3.2,na,na,na,na,na,na,na,,
22,Jul-2018,2018-07-22,Westbeach,NAP,2,R,20,11.9,na,2,9:19,na,na,3,3,7,na,na,na,na,na,na,na,,
22,Jul-2018,2018-07-22,Westbeach,NAP,2,R,20,11.9,na,2,9:19,na,na,7,5,6.5,na,na,na,na,na,na,na,,
22,Jul-2018,2018-07-22,Westbeach,NAP,2,L,20,11.8,na,2,9:19,na,na,4,4,8,na,na,na,na,na,na,na,,
22,Jul-2018,2018-07-22,Westbeach,NAP,2,L,20,11.5,na,2,9:19,na,na,3,2,5,na,na,na,na,na,na,na,,
22,Jul-2018,2018-07-22,Westbeach,NAP,2,L,20,11.5,na,2,9:19,na,na,7,6,8.5,na,na,na,na,na,na,na,,
22,Jul-2018,2018-07-22,Westbeach,NAP,2,R,20,11.5,na,2,9:19,na,na,6,6,5,na,na,na,na,na,na,na,,
22,Jul-2018,2018-07-22,Westbeach,NAP,2,R,20,9,na,2,9:19,na,na,7,7,7,na,na,na,na,na,na,na,,
22,Jul-2018,2018-07-22,Westbeach,NAP,2,R,20,9,na,2,9:19,na,na,2,2,3.5,na,na,na,na,na,na,na,,
22,Jul-2018,2018-07-22,Westbeach,NAP,2,R,20,9,na,2,9:19,na,na,6,3,3.2,na,na,na,na,na,na,na,,
22,Jul-2018,2018-07-22,Westbeach,NAP,2,R,20,9,na,2,9:19,na,na,5,4,6.2,na,na,na,na,na,na,na,,
22,Jul-2018,2018-07-22,Westbeach,NAP,2,R,20,8.5,na,2,9:19,na,na,4,2,1.5,na,na,na,na,na,na,na,,
22,Jul-2018,2018-07-22,Westbeach,NAP,2,R,20,8.5,na,2,9:19,na,na,2,1,2,na,na,na,na,na,na,na,,
22,Jul-2018,2018-07-22,Westbeach,NAP,2,R,20,8.5,na,2,9:19,na,na,3,2,2.5,na,na,na,na,na,na,na,,
22,Jul-2018,2018-07-22,Westbeach,NAP,2,R,20,8,na,2,9:19,na,na,4,2,1.5,na,na,na,na,na,na,na,,
22,Jul-2018,2018-07-22,Westbeach,NAP,2,R,20,8,na,2,9:19,na,na,5,4,8,na,na,na,na,na,na,na,,
22,Jul-2018,2018-07-22,Westbeach,NAP,2,R,20,8,na,2,9:19,na,na,2,2,4.3,na,na,na,na,na,na,na,,
22,Jul-2018,2018-07-22,Westbeach,NAP,2,R,20,2.5,na,2,9:19,na,na,6,4,5.5,na,na,na,na,na,na,na,,
22,Jul-2018,2018-07-22,Westbeach,NAP,2,R,20,2.5,na,2,9:19,na,na,6,6,6,na,na,na,na,na,na,na,,
22,Jul-2018,2018-07-22,Westbeach,NAP,2,R,20,2.5,na,2,9:19,na,na,5,4,5.2,na,na,na,na,na,na,na,,
22,Jul-2018,2018-07-22,Westbeach,NAP,2,R,20,2,na,2,9:19,na,na,2,1,3,na,na,na,na,na,na,na,,
22,Jul-2018,2018-07-22,Westbeach,NAP,2,R,20,1.8,na,2,9:19,na,na,1,1,3.2,na,na,na,na,na,na,na,,
22,Jul-2018,2018-07-22,Westbeach,NAP,2,R,20,1.8,na,2,9:19,na,na,8,6,6,na,na,na,na,na,na,na,,
22,Jul-2018,2018-07-22,Westbeach,NAP,2,R,20,1.8,na,2,9:19,na,na,2,1,6,na,na,na,na,na,na,na,,
22,Jul-2018,2018-07-22,Westbeach,NAP,2,L,20,1.8,na,2,9:19,na,na,2,2,3.5,na,na,na,na,na,na,na,,
22,Jul-2018,2018-07-22,Westbeach,NAP,2,L,20,0.5,na,2,9:19,na,na,4,3,4.5,na,na,na,na,na,na,na,,
22,Jul-2018,2018-07-22,Westbeach,NAP,2,L,20,0.5,na,2,9:19,na,na,7,6,7,na,na,na,na,na,na,na,,
22,Jul-2018,2018-07-22,Westbeach,NAP,2,R,20,7,na,2,9:19,na,na,6,5,5,na,na,na,na,na,na,na,,
22,Jul-2018,2018-07-22,Westbeach,NAP,2,R,20,7.2,na,2,9:19,na,na,4,3,2,na,na,na,na,na,na,na,,
22,Jul-2018,2018-07-22,Westbeach,NAP,2,L,20,7.5,na,2,9:19,na,na,1,2,6,na,na,na,na,na,na,na,,
22,Jul-2018,2018-07-22,Westbeach,DVM,3,L,20,3.5,na,2,9:22,na,na,16,14,16.5,na,na,na,na,na,na,na,,
22,Jul-2018,2018-07-22,Westbeach,DVM,3,L,20,3.6,na,2,9:22,na,na,10,10,12.25,na,na,na,na,na,na,na,,
22,Jul-2018,2018-07-22,Westbeach,DVM,3,L,20,3.75,na,2,9:22,na,C,15,14,5,na,na,na,na,na,na,na,,
22,Jul-2018,2018-07-22,Westbeach,DVM,3,L,20,4.25,na,2,9:22,na,na,17,11,10,na,na,na,na,na,na,na,,plant recorded as tangled but estimates of length given
22,Jul-2018,2018-07-22,Westbeach,DVM,3,L,20,4.25,na,2,9:22,na,na,6,4,9,na,na,na,na,na,na,na,,
22,Jul-2018,2018-07-22,Westbeach,DVM,3,R,20,4.3,na,2,9:22,na,na,11,10,12,na,na,na,na,na,na,na,,plant recorded as tangled but estimates of length given
22,Jul-2018,2018-07-22,Westbeach,DVM,3,R,20,4.4,na,2,9:22,na,na,13,10,10,na,na,na,na,na,na,na,,
22,Jul-2018,2018-07-22,Westbeach,DVM,3,L,20,4.9,na,2,9:22,na,na,10,8,12,na,na,na,na,na,na,na,,
22,Jul-2018,2018-07-22,Westbeach,DVM,3,L,20,5,na,2,9:22,na,P,9,7,9.2,na,na,na,na,na,na,na,,
22,Jul-2018,2018-07-22,Westbeach,DVM,3,R,20,7,na,2,9:22,na,na,9,7,12.5,na,na,na,na,na,na,na,,
22,Jul-2018,2018-07-22,Westbeach,DVM,3,R,20,7.2,na,2,9:22,na,na,6,5,5,na,na,na,na,na,na,na,,plant recorded as tangled but estimates of length given
22,Jul-2018,2018-07-22,Westbeach,DVM,3,L,20,7.5,na,2,9:22,na,P,12,12,7.8,na,na,na,na,na,na,na,,
22,Jul-2018,2018-07-22,Westbeach,DVM,3,R,20,8.2,na,2,9:22,na,na,4,4,5,na,na,na,na,na,na,na,,
22,Jul-2018,2018-07-22,Westbeach,DVM,3,L,20,10.1,na,2,9:22,na,C,1,1,3,na,na,na,na,na,na,na,,
22,Jul-2018,2018-07-22,Westbeach,DVM,3,L,20,10.25,na,2,9:22,na,na,5,1,11,na,na,na,na,na,na,na,,
22,Jul-2018,2018-07-22,Westbeach,DVM,3,L,20,11.5,na,2,9:22,na,na,2,1,11.2,na,na,na,na,na,na,na,,
22,Jul-2018,2018-07-22,Westbeach,DVM,3,L,20,14.5,na,2,9:22,na,P,15,13,8,na,na,na,na,na,na,na,,
22,Jul-2018,2018-07-22,Westbeach,DVM,3,L,20,15,na,2,9:22,na,na,4,3,7.2,na,na,na,na,na,na,na,,
22,Jul-2018,2018-07-22,Westbeach,DVM,3,L,20,18,na,2,9:22,na,na,29,23,7,na,na,na,na,na,na,na,,plant recorded as tangled but estimates of length given
22,Jul-2018,2018-07-22,Westbeach,LL,1.5,na,20,16,na,2,12:10,na,T,3,na,na,na,na,na,na,na,na,na,,
22,Jul-2018,2018-07-22,Westbeach,LL,1.5,na,20,16.1,na,2,12:10,na,T,3,na,na,na,na,na,na,na,na,na,,
22,Jul-2018,2018-07-22,Westbeach,LL,1.5,na,20,14,na,2,12:10,na,T,5,na,na,na,na,na,na,na,na,na,,
22,Jul-2018,2018-07-22,Westbeach,LL,1.5,na,20,13.9,na,2,12:10,na,T,11,na,na,na,na,na,na,na,na,na,,
22,Jul-2018,2018-07-22,Westbeach,LL,1.5,na,20,13.9,na,2,12:10,na,T,7,na,na,na,na,na,na,na,na,na,,
22,Jul-2018,2018-07-22,Westbeach,LL,1.5,na,20,13.8,na,2,12:10,na,T,6,na,na,na,na,na,na,na,na,na,,
22,Jul-2018,2018-07-22,Westbeach,LL,1.5,na,20,13.8,na,2,12:10,na,T,7,na,na,na,na,na,na,na,na,na,,
22,Jul-2018,2018-07-22,Westbeach,LL,1.5,na,20,10,na,2,12:10,na,T,3,na,na,na,na,na,na,na,na,na,,
22,Jul-2018,2018-07-22,Westbeach,LL,1.5,na,20,10,na,2,12:10,na,T,4,na,na,na,na,na,na,na,na,na,,
22,Jul-2018,2018-07-22,Westbeach,LL,1.5,na,20,8,na,2,12:10,na,T,4,na,na,na,na,na,na,na,na,na,,
22,Jul-2018,2018-07-22,Westbeach,LL,1.5,na,20,8,na,2,12:10,na,T,8,na,na,na,na,na,na,na,na,na,,
22,Jul-2018,2018-07-22,Westbeach,LL,1.5,na,20,7,na,2,12:10,na,T,7,na,na,na,na,na,na,na,na,na,,
22,Jul-2018,2018-07-22,Westbeach,LL,1.5,na,20,7,na,2,12:10,na,T,7,na,na,na,na,na,na,na,na,na,,
22,Jul-2018,2018-07-22,Westbeach,LL,1.5,na,20,5,na,2,12:10,na,T,4,na,na,na,na,na,na,na,na,na,,
22,Jul-2018,2018-07-22,Westbeach,LL,1.5,na,20,4.7,na,2,12:10,na,T,8,na,na,na,na,na,na,na,na,na,,
22,Jul-2018,2018-07-22,Westbeach,LL,1.5,na,20,2,na,2,12:10,na,T,12,na,na,na,na,na,na,na,na,na,,
22,Jul-2018,2018-07-22,Westbeach,LL,1.5,na,20,2,na,2,12:10,na,T,8,na,na,na,na,na,na,na,na,na,,
22,Jul-2018,2018-07-22,Westbeach,LL,1.5,na,20,2,na,2,12:10,na,T,3,na,na,na,na,na,na,na,na,na,,
22,Jul-2018,2018-07-22,Westbeach,LL,1.5,na,20,0,na,2,12:10,na,T,5,na,na,na,na,na,na,na,na,na,,
22,Jul-2018,2018-07-22,Westbeach,LL,1.5,na,20,0,na,2,12:10,na,T,8,na,na,na,na,na,na,na,na,na,,
22,Jul-2018,2018-07-22,Westbeach,LL,1.5,na,20,0,na,2,12:10,na,T,4,na,na,na,na,na,na,na,na,na,,
22,Jul-2018,2018-07-22,Westbeach,LL,1.5,na,20,0,na,2,12:10,na,T,8,na,na,na,na,na,na,na,na,na,,
22,Jul-2018,2018-07-22,Westbeach,LL,1.5,na,20,0,na,2,12:10,na,T,10,na,na,na,na,na,na,na,na,na,,
22,Jul-2018,2018-07-22,Westbeach,LL,1.5,na,20,0,na,2,12:10,na,T,5,na,na,na,na,na,na,na,na,na,,
22,Jul-2018,2018-07-22,Westbeach,LL,1.5,na,20,0,na,2,12:10,na,T,2,na,na,na,na,na,na,na,na,na,,
22,Jul-2018,2018-07-22,Westbeach,LL,1.5,na,20,0,na,2,12:10,na,T,3,na,na,na,na,na,na,na,na,na,,
22,Jul-2018,2018-07-22,Westbeach,LL,1.5,na,20,0,na,2,12:10,na,T,3,na,na,na,na,na,na,na,na,na,,
22,Jul-2018,2018-07-22,Westbeach,LL,1.5,na,20,4,na,2,12:10,na,T,7,na,na,na,na,na,na,na,na,na,,
22,Jul-2018,2018-07-22,Westbeach,LL,1.5,na,20,6,na,2,12:10,na,T,6,na,na,na,na,na,na,na,na,na,,
22,Jul-2018,2018-07-22,Westbeach,DVM,1.5,na,20,18,na,2,12:10,na,T,5,na,na,na,na,na,na,na,na,na,,
22,Jul-2018,2018-07-22,Westbeach,DVM,2.5,na,20,3,na,2,12:10,na,T,42,na,na,na,na,na,na,na,na,na,,
22,Jul-2018,2018-07-22,Westbeach,DVM,2.5,na,20,8,na,2,12:10,na,T,17,na,na,na,na,na,na,na,na,na,,
22,Jul-2018,2018-07-22,Westbeach,DVM,2.5,na,20,8.5,na,2,12:10,na,T,15,na,na,na,na,na,na,na,na,na,,
22,Jul-2018,2018-07-22,Westbeach,DVM,2.5,na,20,8.5,na,2,12:10,na,T,11,na,na,na,na,na,na,na,na,na,,
22,Jul-2018,2018-07-22,Westbeach,DVM,2.5,na,20,9,na,2,12:10,na,T,7,na,na,na,na,na,na,na,na,na,,
22,Jul-2018,2018-07-22,Westbeach,DVM,2.5,na,20,9,na,2,12:10,na,T,7,na,na,na,na,na,na,na,na,na,,
22,Jul-2018,2018-07-22,Westbeach,DVM,2.5,na,20,8.2,na,2,12:10,na,T,16,na,na,na,na,na,na,na,na,na,,
22,Jul-2018,2018-07-22,Westbeach,DVM,2.5,na,20,9.5,na,2,12:10,na,T,8,na,na,na,na,na,na,na,na,na,,
22,Jul-2018,2018-07-22,Westbeach,DVM,2.5,na,20,9.5,na,2,12:10,na,T,19,na,na,na,na,na,na,na,na,na,,
22,Jul-2018,2018-07-22,Westbeach,DVM,2.5,na,20,9.5,na,2,12:10,na,T,14,na,na,na,na,na,na,na,na,na,,
22,Jul-2018,2018-07-22,Westbeach,DVM,2.5,na,20,9.5,na,2,12:10,na,T,28,na,na,na,na,na,na,na,na,na,,
22,Jul-2018,2018-07-22,Westbeach,DVM,2.5,na,20,9.5,na,2,12:10,na,T,5,na,na,na,na,na,na,na,na,na,,
22,Jul-2018,2018-07-22,Westbeach,DVM,2.5,na,20,14.5,na,2,12:10,na,T,10,na,na,na,na,na,na,na,na,na,,
22,Jul-2018,2018-07-22,Westbeach,DVM,2.5,na,20,15,na,2,12:10,na,T,9,na,na,na,na,na,na,na,na,na,,
22,Jul-2018,2018-07-22,Westbeach,DVM,2.5,na,20,13,na,2,12:10,na,T,13,na,na,na,na,na,na,na,na,na,,
22,Jul-2018,2018-07-22,Westbeach,DVM,2.5,na,20,13.5,na,2,12:10,na,T,7,na,na,na,na,na,na,na,na,na,,
22,Jul-2018,2018-07-22,Westbeach,DVM,2.5,na,20,14,na,2,12:10,na,T,16,na,na,na,na,na,na,na,na,na,,
22,Jul-2018,2018-07-22,Westbeach,DVM,2.5,na,20,16,na,2,12:10,na,T,11,na,na,na,na,na,na,na,na,na,,
22,Jul-2018,2018-07-22,Westbeach,DVM,2.5,na,20,16,na,2,12:10,na,T,7,na,na,na,na,na,na,na,na,na,,
22,Jul-2018,2018-07-22,Westbeach,DVM,2.5,na,20,16.5,na,2,12:10,na,T,5,na,na,na,na,na,na,na,na,na,,
22,Jul-2018,2018-07-22,Westbeach,DVM,2.5,na,20,17,na,2,12:10,na,T,9,na,na,na,na,na,na,na,na,na,,
22,Jul-2018,2018-07-22,Westbeach,DVM,2.5,na,20,17,na,2,12:10,na,T,7,na,na,na,na,na,na,na,na,na,,
22,Jul-2018,2018-07-22,Westbeach,DVM,2.5,na,20,17.5,na,2,12:10,na,T,9,na,na,na,na,na,na,na,na,na,,
22,Jul-2018,2018-07-22,Westbeach,DVM,2.5,na,20,18,na,2,12:10,na,T,14,na,na,na,na,na,na,na,na,na,,
23,Aug-2018,2018-08-17,Stryker,OP,3,R,20,20,na,4,14:30,na,na,15,14,8,na,na,na,na,na,na,na,,
23,Aug-2018,2018-08-17,Stryker,OP,3,R,20,19.75,na,4,14:30,na,na,4,2,1.5,na,na,na,na,na,na,na,,
23,Aug-2018,2018-08-17,Stryker,OP,3,R,20,19.5,na,4,14:30,na,na,5,4,6,na,na,na,na,na,na,na,,
23,Aug-2018,2018-08-17,Stryker,OP,3,R,20,19.25,na,4,14:30,na,P,6,na,na,na,na,na,na,na,na,na,,
23,Aug-2018,2018-08-17,Stryker,OP,3,R,20,10,na,4,14:30,na,na,7,6,10,na,na,na,na,na,na,na,,
23,Aug-2018,2018-08-17,Stryker,OP,3,R,20,9.8,na,4,14:30,na,na,16,14,12,na,na,na,na,na,na,na,,
23,Aug-2018,2018-08-17,Stryker,OP,3,R,20,6.2,na,4,14:30,na,na,9,8,6.5,na,na,na,na,na,na,na,,
23,Aug-2018,2018-08-17,Stryker,OP,3,R,20,3,na,4,14:30,na,na,2,2,5,na,na,na,na,na,na,na,,
23,Aug-2018,2018-08-17,Stryker,OP,3,R,20,2.5,na,4,14:30,na,T,12,na,na,na,na,na,na,na,na,na,,
23,Aug-2018,2018-08-17,Stryker,OP,3,R,20,2.5,na,4,14:30,na,P,6,na,na,na,na,na,na,na,na,na,,
23,Aug-2018,2018-08-17,Stryker,OP,3,L,20,1,na,4,14:30,na,na,17,10,10,na,na,na,na,na,na,na,,
23,Aug-2018,2018-08-17,Stryker,OP,3,R,20,1,na,4,14:30,na,na,2,2,6,na,na,na,na,na,na,na,,
23,Aug-2018,2018-08-17,Stryker,OP,3,L,20,3,na,4,14:30,na,na,11,7,12,na,na,na,na,na,na,na,,
23,Aug-2018,2018-08-17,Stryker,OP,3,L,20,3.2,na,4,14:30,na,na,5,3,12,na,na,na,na,na,na,na,,
23,Aug-2018,2018-08-17,Stryker,OP,3,L,20,3.4,na,4,14:30,na,na,10,8,12,na,na,na,na,na,na,na,,
23,Aug-2018,2018-08-17,Stryker,OP,3,L,20,3.6,na,4,14:30,na,na,10,7,12,na,na,na,na,na,na,na,,
23,Aug-2018,2018-08-17,Stryker,OP,3,L,20,7,na,4,14:30,na,na,13,7,10,na,na,na,na,na,na,na,,
23,Aug-2018,2018-08-17,Stryker,OP,3,L,20,7.2,na,4,14:30,na,na,8,6,10,na,na,na,na,na,na,na,,
23,Aug-2018,2018-08-17,Stryker,OP,3,L,20,7.4,na,4,14:30,na,na,7,4,10,na,na,na,na,na,na,na,,
23,Aug-2018,2018-08-17,Stryker,OP,3,L,20,7.6,na,4,14:30,na,na,6,4,7,na,na,na,na,na,na,na,,
23,Aug-2018,2018-08-17,Stryker,NAP,1,R,20,14,na,4,14:30,na,na,7,4,5.25,na,na,na,na,na,na,na,,
23,Aug-2018,2018-08-17,Stryker,NAP,1,R,20,14,na,4,14:30,na,T,6,na,na,na,na,na,na,na,na,na,,
23,Aug-2018,2018-08-17,Stryker,NAP,1,L,20,18,na,4,14:30,na,na,3,0,0,2,na,na,na,na,na,na,,
23,Aug-2018,2018-08-17,Stryker,NAP,1,L,20,18,na,4,14:30,na,na,6,4,1,na,na,na,na,na,na,na,,
23,Aug-2018,2018-08-17,Stryker,NAP,1,L,20,18,na,4,14:30,na,na,5,2,4.25,na,na,na,na,na,na,na,,
23,Aug-2018,2018-08-17,Stryker,NAP,1,L,20,18,na,4,14:30,na,na,6,3,1,na,na,na,na,na,na,na,,
23,Aug-2018,2018-08-17,Stryker,NAP,1,L,20,18,na,4,14:30,na,na,5,0,0,3.5,na,na,na,na,na,na,,
23,Aug-2018,2018-08-17,Stryker,NAP,1,L,20,18,na,4,14:30,na,na,3,3,0,na,na,na,na,na,na,na,,
23,Aug-2018,2018-08-17,Stryker,NAP,1,L,20,19.5,na,4,14:30,na,na,5,4,4.5,na,na,na,na,na,na,na,,
23,Aug-2018,2018-08-17,Stryker,NAP,1,L,20,19.5,na,4,14:30,na,na,6,3,5,na,na,na,na,na,na,na,,
23,Aug-2018,2018-08-17,Stryker,NAP,1.5,na,20,19,na,4,14:30,na,T,8,na,na,na,na,na,na,na,na,na,,
23,Aug-2018,2018-08-17,Stryker,NAP,1.5,na,20,19,na,4,14:30,na,T,7,na,na,na,na,na,na,na,na,na,,
23,Aug-2018,2018-08-17,Stryker,NAP,1.5,na,20,18,na,4,14:30,na,T,6,na,na,na,na,na,na,na,na,na,,
23,Aug-2018,2018-08-17,Stryker,NAP,1.5,na,20,17.5,na,4,14:30,na,T,8,na,na,na,na,na,na,na,na,na,,
23,Aug-2018,2018-08-17,Stryker,NAP,1.5,na,20,17.5,na,4,14:30,na,T,4,na,na,na,na,na,na,na,na,na,,
23,Aug-2018,2018-08-17,Stryker,NAP,1.5,na,20,19,na,4,14:30,na,T,9,na,na,na,na,na,na,na,na,na,,
23,Aug-2018,2018-08-17,Stryker,NAP,1.5,na,20,18,na,4,14:30,na,T,9,na,na,na,na,na,na,na,na,na,,
23,Aug-2018,2018-08-17,Stryker,NAP,1.5,na,20,13,na,4,14:30,na,T,4,na,na,na,na,na,na,na,na,na,,
23,Aug-2018,2018-08-17,Stryker,NAP,1.5,na,20,13,na,4,14:30,na,T,8,na,na,na,na,na,na,na,na,na,,
23,Aug-2018,2018-08-17,Stryker,NAP,1.5,na,20,13,na,4,14:30,na,T,11,na,na,na,na,na,na,na,na,na,,
23,Aug-2018,2018-08-17,Stryker,NAP,1.5,na,20,12,na,4,14:30,na,T,2,na,na,na,na,na,na,na,na,na,,
23,Aug-2018,2018-08-17,Stryker,NAP,1.5,na,20,12,na,4,14:30,na,T,2,na,na,na,na,na,na,na,na,na,,
23,Aug-2018,2018-08-17,Stryker,NAP,1.5,na,20,11,na,4,14:30,na,T,4,na,na,na,na,na,na,na,na,na,,
23,Aug-2018,2018-08-17,Stryker,NAP,1.5,na,20,10,na,4,14:30,na,T,4,na,na,na,na,na,na,na,na,na,,
23,Aug-2018,2018-08-17,Stryker,NAP,1.5,na,20,8,na,4,14:30,na,T,7,na,na,na,na,na,na,na,na,na,,
23,Aug-2018,2018-08-17,Stryker,NAP,1.5,na,20,8,na,4,14:30,na,T,10,na,na,na,na,na,na,na,na,na,,
23,Aug-2018,2018-08-17,Stryker,NAP,1.5,na,20,8,na,4,14:30,na,T,6,na,na,na,na,na,na,na,na,na,,
23,Aug-2018,2018-08-17,Stryker,NAP,1.5,na,20,8,na,4,14:30,na,T,8,na,na,na,na,na,na,na,na,na,,
23,Aug-2018,2018-08-17,Stryker,NAP,1.5,na,20,8,na,4,14:30,na,T,8,na,na,na,na,na,na,na,na,na,,
23,Aug-2018,2018-08-17,Stryker,NAP,1.5,na,20,6,na,4,14:30,na,T,3,na,na,na,na,na,na,na,na,na,,
23,Aug-2018,2018-08-17,Stryker,NAP,1.5,na,20,6,na,4,14:30,na,T,7,na,na,na,na,na,na,na,na,na,,
23,Aug-2018,2018-08-17,Stryker,NAP,1.5,na,20,5,na,4,14:30,na,T,8,na,na,na,na,na,na,na,na,na,,
23,Aug-2018,2018-08-17,Stryker,NAP,1.5,na,20,5,na,4,14:30,na,T,12,na,na,na,na,na,na,na,na,na,,
23,Aug-2018,2018-08-17,Stryker,NAP,1.5,na,20,5,na,4,14:30,na,T,11,na,na,na,na,na,na,na,na,na,,
23,Aug-2018,2018-08-17,Stryker,NAP,1.5,na,20,4,na,4,14:30,na,T,7,na,na,na,na,na,na,na,na,na,,
23,Aug-2018,2018-08-17,Stryker,NAP,1.5,na,20,4,na,4,14:30,na,T,5,na,na,na,na,na,na,na,na,na,,
23,Aug-2018,2018-08-17,Stryker,NAP,1.5,na,20,4,na,4,14:30,na,T,11,na,na,na,na,na,na,na,na,na,,
23,Aug-2018,2018-08-17,Stryker,NAP,1.5,na,20,4,na,4,14:30,na,T,10,na,na,na,na,na,na,na,na,na,,
23,Aug-2018,2018-08-17,Stryker,NAP,1.5,na,20,4,na,4,14:30,na,T,8,na,na,na,na,na,na,na,na,na,,
23,Aug-2018,2018-08-17,Stryker,NAP,1.5,na,20,4,na,4,14:30,na,T,3,na,na,na,na,na,na,na,na,na,,
23,Aug-2018,2018-08-17,Stryker,NAP,1.5,na,20,2.5,na,4,14:30,na,T,4,na,na,na,na,na,na,na,na,na,,
23,Aug-2018,2018-08-17,Stryker,NAP,1.5,na,20,2.5,na,4,14:30,na,T,4,na,na,na,na,na,na,na,na,na,,
23,Aug-2018,2018-08-17,Stryker,NAP,1.5,na,20,2.5,na,4,14:30,na,T,3,na,na,na,na,na,na,na,na,na,,
23,Aug-2018,2018-08-17,Stryker,NAP,1.5,na,20,1.5,na,4,14:30,na,T,8,na,na,na,na,na,na,na,na,na,,
23,Aug-2018,2018-08-17,Stryker,NAP,1.5,na,20,1,na,4,14:30,na,T,7,na,na,na,na,na,na,na,na,na,,
23,Aug-2018,2018-08-17,Stryker,NAP,1.5,na,20,1,na,4,14:30,na,T,4,na,na,na,na,na,na,na,na,na,,
23,Aug-2018,2018-08-17,Stryker,OP,2.5,na,20,3,na,4,14:30,na,T,9,na,na,na,na,na,na,na,na,na,,
23,Aug-2018,2018-08-17,Stryker,OP,2.5,na,20,4,na,4,14:30,na,T,3,na,na,na,na,na,na,na,na,na,,
23,Aug-2018,2018-08-17,Stryker,OP,2.5,na,20,5,na,4,14:30,na,T,2,na,na,na,na,na,na,na,na,na,,
23,Aug-2018,2018-08-17,Stryker,OP,2.5,na,20,7,na,4,14:30,na,T,26,na,na,na,na,na,na,na,na,na,,
23,Aug-2018,2018-08-17,Stryker,OP,2.5,na,20,8,na,4,14:30,na,T,28,na,na,na,na,na,na,na,na,na,,
23,Aug-2018,2018-08-17,Stryker,OP,2.5,na,20,10.5,na,4,14:30,na,T,18,na,na,na,na,na,na,na,na,na,,
23,Aug-2018,2018-08-17,Stryker,OP,2.5,na,20,10,na,4,14:30,na,T,15,na,na,na,na,na,na,na,na,na,,
23,Aug-2018,2018-08-17,Stryker,OP,2.5,na,20,11,na,4,14:30,na,T,14,na,na,na,na,na,na,na,na,na,,
23,Aug-2018,2018-08-17,Stryker,OP,2.5,na,20,12,na,4,14:30,na,T,24,na,na,na,na,na,na,na,na,na,,
23,Aug-2018,2018-08-17,Stryker,OP,2.75,na,20,14.5,na,4,14:30,na,T,36,na,na,na,na,na,na,na,na,na,,
23,Aug-2018,2018-08-17,Stryker,OP,2.25,na,20,14,na,4,14:30,na,T,22,na,na,na,na,na,na,na,na,na,,
23,Aug-2018,2018-08-17,Stryker,OP,2.25,na,20,15,na,4,14:30,na,T,13,na,na,na,na,na,na,na,na,na,,
23,Aug-2018,2018-08-17,Stryker,OP,2.75,na,20,16,na,4,14:30,na,T,44,na,na,na,na,na,na,na,na,na,,
23,Aug-2018,2018-08-17,Stryker,OP,2.75,na,20,16,na,4,14:30,na,T,13,na,na,na,na,na,na,na,na,na,,
23,Aug-2018,2018-08-17,Stryker,OP,2.5,na,20,18,na,4,14:30,na,T,20,na,na,na,na,na,na,na,na,na,,
23,Aug-2018,2018-08-17,Stryker,OP,2.75,na,20,20,na,4,14:30,na,T,47,na,na,na,na,na,na,na,na,na,,
23,Aug-2018,2018-08-17,Stryker,OP,2.5,na,20,20,na,4,14:30,na,T,54,na,na,na,na,na,na,na,na,na,,
23,Aug-2018,2018-08-17,Stryker,OP,2.25,na,20,20,na,4,14:30,na,T,3,na,na,na,na,na,na,na,na,na,,
23,Aug-2018,2018-08-17,Stryker,OP,2.75,na,20,7,na,4,14:30,na,T,11,na,na,na,na,na,na,na,na,na,,
23,Aug-2018,2018-08-17,Stryker,OP,2.75,na,20,5,na,4,14:30,na,T,57,na,na,na,na,na,na,na,na,na,,
23,Aug-2018,2018-08-17,Stryker,OP,2.75,na,20,3,na,4,14:30,na,T,27,na,na,na,na,na,na,na,na,na,,
23,Aug-2018,2018-08-17,Stryker,KH,2,R,20,0,na,4,14:30,na,na,10,8,9.5,na,na,na,na,na,na,na,,
23,Aug-2018,2018-08-17,Stryker,KH,2,R,20,0.5,na,4,14:30,na,na,5,4,6,na,na,na,na,na,na,na,,
23,Aug-2018,2018-08-17,Stryker,KH,2,L,20,0.75,na,4,14:30,na,na,13,9,10.75,na,na,na,na,na,na,na,,
23,Aug-2018,2018-08-17,Stryker,KH,2,R,20,3,na,4,14:30,na,C,7,5,11,na,na,na,na,na,na,na,,
23,Aug-2018,2018-08-17,Stryker,KH,2,L,20,4,na,4,14:30,na,na,19,13,11,na,na,na,na,na,na,na,,
23,Aug-2018,2018-08-17,Stryker,KH,2,L,20,3.9,na,4,14:30,na,na,3,2,7,na,na,na,na,na,na,na,,
23,Aug-2018,2018-08-17,Stryker,KH,2,L,20,4.1,na,4,14:30,na,na,14,7,8,na,na,na,na,na,na,na,,
23,Aug-2018,2018-08-17,Stryker,KH,2,L,20,5.8,na,4,14:30,na,na,17,12,7,na,na,na,na,na,na,na,,
23,Aug-2018,2018-08-17,Stryker,KH,2,L,20,10.8,na,4,14:30,na,na,12,9,7,na,na,na,na,na,na,na,,
23,Aug-2018,2018-08-17,Stryker,KH,2,R,20,11.5,na,4,14:30,na,na,17,13,5,na,na,na,na,na,na,na,,
23,Aug-2018,2018-08-17,Stryker,KH,2,R,20,12.2,na,4,14:30,na,P,1,na,na,na,na,na,na,na,na,na,,
23,Aug-2018,2018-08-17,Stryker,KH,2,R,20,12.4,na,4,14:30,na,na,6,5,2,na,na,na,na,na,na,na,,
23,Aug-2018,2018-08-17,Stryker,KH,2,R,20,12.9,na,4,14:30,na,na,4,2,2.5,na,na,na,na,na,na,na,,
23,Aug-2018,2018-08-17,Stryker,KH,1,L,20,1.2,na,4,14:30,na,na,4,3,7,na,na,na,na,na,na,na,,
23,Aug-2018,2018-08-17,Stryker,KH,1,L,20,1.3,na,4,14:30,na,na,3,3,4,na,na,na,na,na,na,na,,
23,Aug-2018,2018-08-17,Stryker,KH,1,L,20,4,na,4,14:30,na,P,7,na,na,na,na,na,na,na,na,na,,
23,Aug-2018,2018-08-17,Stryker,KH,1,L,20,4.1,na,4,14:30,na,C,18,17,6,na,na,na,na,na,na,na,,
23,Aug-2018,2018-08-17,Stryker,KH,1,R,20,7,na,4,14:30,na,na,5,3,5.5,na,na,na,na,na,na,na,,
23,Aug-2018,2018-08-17,Stryker,KH,1,R,20,7.5,na,4,14:30,na,na,8,4,6,na,na,na,na,na,na,na,,
23,Aug-2018,2018-08-17,Stryker,KH,1,L,20,10.9,na,4,14:30,na,na,5,3,3,na,na,na,na,na,na,na,,
23,Aug-2018,2018-08-17,Stryker,KH,1,L,20,11,na,4,14:30,na,na,3,2,8,na,na,na,na,na,na,na,,
23,Aug-2018,2018-08-17,Stryker,KH,1,L,20,11.1,na,4,14:30,na,na,5,4,6,na,na,na,na,na,na,na,,
23,Aug-2018,2018-08-17,Stryker,KH,1,L,20,13.5,na,4,14:30,na,na,66,40,7.5,na,na,na,na,na,na,na,,
23,Aug-2018,2018-08-17,Stryker,KH,1,L,20,17,na,4,14:30,na,na,12,8,4,na,na,na,na,na,na,na,,
23,Aug-2018,2018-08-17,Stryker,KH,1,L,20,16.9,na,4,14:30,na,na,3,2,2,na,na,na,na,na,na,na,,
23,Aug-2018,2018-08-18,Simmonds,OP,1,L,20,18.25,na,5,14:00,na,T,3,3,na,na,na,na,na,na,na,na,,
23,Aug-2018,2018-08-18,Simmonds,OP,1,R,20,18.25,na,5,14:00,na,na,2,0,0,1.5,na,na,na,na,na,na,,
23,Aug-2018,2018-08-18,Simmonds,OP,1,L,20,18.2,na,5,14:00,na,P,8,na,na,na,na,na,na,na,na,na,,
23,Aug-2018,2018-08-18,Simmonds,OP,1,L,20,19.5,na,5,14:00,na,na,3,1,0.5,na,na,na,na,na,na,na,,
23,Aug-2018,2018-08-18,Simmonds,OP,1,L,20,20,na,5,14:00,na,na,6,2,1,na,na,na,na,na,na,na,,
23,Aug-2018,2018-08-18,Simmonds,OP,1,L,20,3,na,5,14:00,na,na,4,0,0,3.5,na,na,na,na,na,na,,
23,Aug-2018,2018-08-18,Simmonds,OP,1,L,20,4,na,5,14:00,na,na,4,0,0,2.5,na,na,na,na,na,na,,
23,Aug-2018,2018-08-18,Simmonds,OP,1,L,20,10,na,5,14:00,na,na,14,6,6,na,na,na,na,na,na,na,,
23,Aug-2018,2018-08-18,Simmonds,OP,1,L,20,11.5,na,5,14:00,na,na,2,0,0,3,na,na,na,na,na,na,,
23,Aug-2018,2018-08-18,Simmonds,OP,1,L,20,11.75,na,5,14:00,na,na,34,28,7,na,na,na,na,na,na,na,,
23,Aug-2018,2018-08-18,Simmonds,OP,1,R,20,13,na,5,14:00,na,P,1,na,na,na,na,na,na,na,na,na,,
23,Aug-2018,2018-08-18,Simmonds,OP,1,R,20,14.75,na,5,14:00,na,na,2,0,0,4,na,na,na,na,na,na,,
23,Aug-2018,2018-08-18,Simmonds,OP,1,R,20,15,na,5,14:00,na,na,1,0,0,3,na,na,na,na,na,na,,
23,Aug-2018,2018-08-18,Simmonds,OP,1,R,20,15.5,na,5,14:00,na,na,1,0,0,1,na,na,na,na,na,na,,
23,Aug-2018,2018-08-18,Simmonds,OP,1,L,20,16.5,na,5,14:00,na,T,4,2,na,na,na,na,na,na,na,na,,
23,Aug-2018,2018-08-18,Simmonds,OP,1,L,20,18,na,5,14:00,na,na,8,6,3.5,na,na,na,na,na,na,na,,
23,Aug-2018,2018-08-18,Simmonds,OP,1.25,na,20,20,na,5,14:00,na,T,15,na,na,na,na,na,na,na,na,na,,
23,Aug-2018,2018-08-18,Simmonds,OP,1.25,na,20,15_17,na,5,14:00,na,T,39,na,na,na,na,na,na,na,na,na,,
23,Aug-2018,2018-08-18,Simmonds,OP,1.25,na,20,13_15,na,5,14:00,na,T,5,na,na,na,na,na,na,na,na,na,,
23,Aug-2018,2018-08-18,Simmonds,OP,1.5,na,20,15_17,na,5,14:00,na,T,34,na,na,na,na,na,na,na,na,na,,
23,Aug-2018,2018-08-18,Simmonds,OP,1.5,na,20,13_15,na,5,14:00,na,T,8,na,na,na,na,na,na,na,na,na,,
23,Aug-2018,2018-08-18,Simmonds,OP,1.5,na,20,10_13,na,5,14:00,na,T,4,na,na,na,na,na,na,na,na,na,,
23,Aug-2018,2018-08-18,Simmonds,OP,1.25,na,20,11,na,5,14:00,na,T,12,na,na,na,na,na,na,na,na,na,,
23,Aug-2018,2018-08-18,Simmonds,OP,1.25,na,20,6_7,na,5,14:00,na,T,13,na,na,na,na,na,na,na,na,na,,
23,Aug-2018,2018-08-18,Simmonds,OP,1.25,na,20,4,na,5,14:00,na,T,29,na,na,na,na,na,na,na,na,na,,
23,Aug-2018,2018-08-18,Simmonds,OP,1.75,na,20,10_12,na,5,14:00,na,T,12,na,na,na,na,na,na,na,na,na,,
23,Aug-2018,2018-08-18,Simmonds,OP,1.75,na,20,2_4,na,5,14:00,na,T,9,na,na,na,na,na,na,na,na,na,,
23,Aug-2018,2018-08-18,Simmonds,OP,1.75,na,20,4_6,na,5,14:00,na,T,42,na,na,na,na,na,na,na,na,na,,
23,Aug-2018,2018-08-18,Simmonds,OP,1.75,na,20,6_8,na,5,14:00,na,T,15,na,na,na,na,na,na,na,na,na,,
23,Aug-2018,2018-08-18,Simmonds,OP,1.75,na,20,8_10,na,5,14:00,na,T,24,na,na,na,na,na,na,na,na,na,,
23,Aug-2018,2018-08-18,Simmonds,OP,1.5,na,20,8_10,na,5,14:00,na,T,13,na,na,na,na,na,na,na,na,na,,
23,Aug-2018,2018-08-18,Simmonds,OP,1.5,na,20,6_8,na,5,14:00,na,T,13,na,na,na,na,na,na,na,na,na,,
23,Aug-2018,2018-08-18,Simmonds,OP,1.75,na,20,12_14,na,5,14:00,na,T,20,na,na,na,na,na,na,na,na,na,,
23,Aug-2018,2018-08-18,Simmonds,OP,1.5,na,20,17,na,5,14:00,na,T,29,na,na,na,na,na,na,na,na,na,,
23,Aug-2018,2018-08-18,Simmonds,OP,1.75,na,20,17,na,5,14:00,na,T,2,na,na,na,na,na,na,na,na,na,,
23,Aug-2018,2018-08-18,Simmonds,BMM,3,L,20,1.5,na,5,14:00,na,na,1,0,0,1.5,na,na,na,na,na,na,,
23,Aug-2018,2018-08-18,Simmonds,BMM,3,L,20,4,na,5,14:00,na,na,1,0,0,2,na,na,na,na,na,na,,
23,Aug-2018,2018-08-18,Simmonds,BMM,3,L,20,5,na,5,14:00,na,T,2,na,na,na,na,na,na,na,na,na,,
23,Aug-2018,2018-08-18,Simmonds,BMM,3,R,20,5.5,na,5,14:00,na,P,6,na,na,na,na,na,na,na,na,na,,
23,Aug-2018,2018-08-18,Simmonds,BMM,3,L,20,6,na,5,14:00,na,na,1,0,0,2.5,na,na,na,na,na,na,,
23,Aug-2018,2018-08-18,Simmonds,BMM,3,R,20,6,na,5,14:00,na,na,2,0,0,2.5,na,na,na,na,na,na,,
23,Aug-2018,2018-08-18,Simmonds,BMM,3,L,20,6,na,5,14:00,na,na,2,0,0,2,na,na,na,na,na,na,,
23,Aug-2018,2018-08-18,Simmonds,BMM,3,R,20,7,na,5,14:00,na,na,1,0,0,1.5,na,na,na,na,na,na,,
23,Aug-2018,2018-08-18,Simmonds,BMM,3,R,20,7,na,5,14:00,na,na,2,0,0,3,na,na,na,na,na,na,,
23,Aug-2018,2018-08-18,Simmonds,BMM,3,L,20,7,na,5,14:00,na,na,1,0,0,2,na,na,na,na,na,na,,
23,Aug-2018,2018-08-18,Simmonds,BMM,3,L,20,7,na,5,14:00,na,na,2,0,0,1.5,na,na,na,na,na,na,,
23,Aug-2018,2018-08-18,Simmonds,BMM,3,L,20,8,na,5,14:00,na,na,3,0,0,2.5,na,na,na,na,na,na,,
23,Aug-2018,2018-08-18,Simmonds,BMM,3,R,20,9,na,5,14:00,na,T,4,2,na,na,na,na,na,na,na,na,,
23,Aug-2018,2018-08-18,Simmonds,BMM,3,R,20,11,na,5,14:00,na,na,6,5,4,na,na,na,na,na,na,na,,
23,Aug-2018,2018-08-18,Simmonds,BMM,3,R,20,11,na,5,14:00,na,C,3,1,2,na,na,na,na,na,na,na,,
23,Aug-2018,2018-08-18,Simmonds,BMM,3,R,20,11,na,5,14:00,na,na,3,1,4.5,na,na,na,na,na,na,na,,
23,Aug-2018,2018-08-18,Simmonds,BMM,3,R,20,11,na,5,14:00,na,T,8,na,na,na,na,na,na,na,na,na,,
23,Aug-2018,2018-08-18,Simmonds,BMM,3,R,20,12,na,5,14:00,na,na,6,3,4.5,na,na,na,na,na,na,na,,
23,Aug-2018,2018-08-18,Simmonds,BMM,3,R,20,12,na,5,14:00,na,T,5,4,na,na,na,na,na,na,na,na,,
23,Aug-2018,2018-08-18,Simmonds,BMM,3,L,20,13,na,5,14:00,na,na,6,1,0,na,na,na,na,na,na,na,,
23,Aug-2018,2018-08-18,Simmonds,BMM,3,L,20,13,na,5,14:00,na,P,8,na,na,na,na,na,na,na,na,na,,
23,Aug-2018,2018-08-18,Simmonds,BMM,3,L,20,13,na,5,14:00,na,C,3,0,0,2.5,na,na,na,na,na,na,,
23,Aug-2018,2018-08-18,Simmonds,BMM,3,L,20,14,na,5,14:00,na,na,4,1,7,na,na,na,na,na,na,na,,
23,Aug-2018,2018-08-18,Simmonds,BMM,3,L,20,14,na,5,14:00,na,na,2,0,0,2,na,na,na,na,na,na,,
23,Aug-2018,2018-08-18,Simmonds,BMM,3,R,20,18,na,5,14:00,na,na,1,0,0,2,na,na,na,na,na,na,,
23,Aug-2018,2018-08-18,Simmonds,BMM,3,L,20,18,na,5,14:00,na,na,3,1,1,na,na,na,na,na,na,na,,
23,Aug-2018,2018-08-18,Simmonds,BMM,3,L,20,18,na,5,14:00,na,T,4,3,na,na,na,na,na,na,na,na,,
23,Aug-2018,2018-08-18,Simmonds,BMM,2,R,20,20,na,5,14:00,na,na,2,0,0,1.5,na,na,na,na,na,na,,
23,Aug-2018,2018-08-18,Simmonds,BMM,2,L,20,18,na,5,14:00,na,na,1,0,0,1.5,na,na,na,na,na,na,,
23,Aug-2018,2018-08-18,Simmonds,BMM,2,L,20,17.5,na,5,14:00,na,na,4,2,3,na,na,na,na,na,na,na,,
23,Aug-2018,2018-08-18,Simmonds,BMM,2,L,20,17.5,na,5,14:00,na,P,4,na,na,na,na,na,na,na,na,na,,
23,Aug-2018,2018-08-18,Simmonds,BMM,2,L,20,17.5,na,5,14:00,na,P,6,na,na,na,na,na,na,na,na,na,,
23,Aug-2018,2018-08-18,Simmonds,BMM,2,L,20,17.5,na,5,14:00,na,P,2,na,na,na,na,na,na,na,na,na,,
23,Aug-2018,2018-08-18,Simmonds,BMM,2.5,na,20,19_20,na,5,14:00,na,na,na,na,na,na,na,na,na,na,na,na,"no recorded numbers, lots of incertainty",
23,Aug-2018,2018-08-18,Simmonds,BMM,2.5,na,20,18_19,na,5,14:00,na,na,na,na,na,na,na,na,na,na,na,na,"no recorded numbers, lots of incertainty",
23,Aug-2018,2018-08-18,Simmonds,BMM,2.5,na,20,17_18,na,5,14:00,na,T,1,na,na,na,na,na,na,na,na,na,"not recorded numbers, lots of incertainty",
23,Aug-2018,2018-08-18,Simmonds,BMM,2.5,na,20,16_17,na,5,14:00,na,T,20,na,na,na,na,na,na,na,na,na,"not recorded numbers, lots of incertainty",
23,Aug-2018,2018-08-18,Simmonds,BMM,2.5,na,20,15_16,na,5,14:00,na,T,1,na,na,na,na,na,na,na,na,na,"not recorded numbers, lots of incertainty",
23,Aug-2018,2018-08-18,Simmonds,BMM,2.5,na,20,14_15,na,5,14:00,na,na,na,na,na,na,na,na,na,na,na,na,"no recorded numbers, lots of incertainty",
23,Aug-2018,2018-08-18,Simmonds,BMM,2.5,na,20,13_14,na,5,14:00,na,na,na,na,na,na,na,na,na,na,na,na,"no recorded numbers, lots of incertainty",
23,Aug-2018,2018-08-18,Simmonds,BMM,2.5,na,20,12_13,na,5,14:00,na,na,na,na,na,na,na,na,na,na,na,na,"no recorded numbers, lots of incertainty",
23,Aug-2018,2018-08-18,Simmonds,BMM,2.5,na,20,11_12,na,5,14:00,na,na,na,na,na,na,na,na,na,na,na,na,"no recorded numbers, lots of incertainty",
23,Aug-2018,2018-08-18,Simmonds,BMM,2.5,na,20,10_11,na,5,14:00,na,na,na,na,na,na,na,na,na,na,na,na,"no recorded numbers, lots of incertainty",
23,Aug-2018,2018-08-18,Simmonds,BMM,2.5,na,20,9_10,na,5,14:00,na,na,na,na,na,na,na,na,na,na,na,na,"no recorded numbers, lots of incertainty",
23,Aug-2018,2018-08-18,Simmonds,BMM,2.5,na,20,8_9,na,5,14:00,na,na,na,na,na,na,na,na,na,na,na,na,"no recorded numbers, lots of incertainty",
23,Aug-2018,2018-08-18,Simmonds,BMM,2.5,na,20,7_8,na,5,14:00,na,T,1,na,na,na,na,na,na,na,na,na,"not recorded numbers, lots of incertainty",
23,Aug-2018,2018-08-18,Simmonds,BMM,2.5,na,20,6_7,na,5,14:00,na,T,3,na,na,na,na,na,na,na,na,na,"not recorded numbers, lots of incertainty",
23,Aug-2018,2018-08-18,Simmonds,BMM,2.5,na,20,5_6,na,5,14:00,na,T,2,na,na,na,na,na,na,na,na,na,"not recorded numbers, lots of incertainty",
23,Aug-2018,2018-08-18,Simmonds,BMM,2.5,na,20,4_5,na,5,14:00,na,T,3,na,na,na,na,na,na,na,na,na,"not recorded numbers, lots of incertainty",
23,Aug-2018,2018-08-18,Simmonds,BMM,2.5,na,20,3_4,na,5,14:00,na,na,0,na,na,na,na,na,na,na,na,na,"no recorded numbers, lots of incertainty",
23,Aug-2018,2018-08-18,Simmonds,BMM,2.5,na,20,2_3,na,5,14:00,na,T,7,na,na,na,na,na,na,na,na,na,"not recorded numbers, lots of incertainty",
23,Aug-2018,2018-08-18,Simmonds,BMM,2.5,na,20,1_2,na,5,14:00,na,T,9,na,na,na,na,na,na,na,na,na,"not recorded numbers, lots of incertainty",
23,Aug-2018,2018-08-18,Simmonds,BMM,2.5,na,20,0_1,na,5,14:00,na,na,na,na,na,na,na,na,na,na,na,na,"no recorded numbers, lots of incertainty",
23,Aug-2018,2018-08-18,Simmonds,KH,2,L,20,0,na,5,14:00,na,na,2,0,0,3,na,na,na,na,na,na,,
23,Aug-2018,2018-08-18,Simmonds,KH,2,R,20,0.9,na,5,14:00,na,na,5,3,5,na,na,na,na,na,na,na,,
23,Aug-2018,2018-08-18,Simmonds,KH,2,L,20,1,na,5,14:00,na,na,1,0,0,3,na,na,na,na,na,na,,
23,Aug-2018,2018-08-18,Simmonds,KH,2,L,20,1.1,na,5,14:00,na,na,1,0,0,1.75,na,na,na,na,na,na,,
23,Aug-2018,2018-08-18,Simmonds,KH,2,L,20,1.2,na,5,14:00,na,na,1,0,0,2.5,na,na,na,na,na,na,,
23,Aug-2018,2018-08-18,Simmonds,KH,2,R,20,1.5,na,5,14:00,na,na,1,0,0,2.5,na,na,na,na,na,na,,
23,Aug-2018,2018-08-18,Simmonds,KH,2,R,20,1.6,na,5,14:00,na,na,1,0,0,2,na,na,na,na,na,na,,
23,Aug-2018,2018-08-18,Simmonds,KH,2,R,20,2.7,na,5,14:00,na,na,2,0,0,1.75,na,na,na,na,na,na,,
23,Aug-2018,2018-08-18,Simmonds,KH,2,R,20,2.9,na,5,14:00,na,na,1,0,0,1.25,na,na,na,na,na,na,,
23,Aug-2018,2018-08-18,Simmonds,KH,2,L,20,4.8,na,5,14:00,na,na,1,0,0,1.25,na,na,na,na,na,na,,
23,Aug-2018,2018-08-18,Simmonds,KH,2,R,20,4.7,na,5,14:00,na,na,2,1,0.25,na,na,na,na,na,na,na,,
23,Aug-2018,2018-08-18,Simmonds,KH,2,R,20,4.8,na,5,14:00,na,na,2,0,0,2.5,na,na,na,na,na,na,,
23,Aug-2018,2018-08-18,Simmonds,KH,2,R,20,5,na,5,14:00,na,na,3,1,2,na,na,na,na,na,na,na,,
23,Aug-2018,2018-08-18,Simmonds,KH,2,R,20,5.1,na,5,14:00,na,na,2,1,0,na,na,na,na,na,na,na,,
23,Aug-2018,2018-08-18,Simmonds,KH,2,R,20,5.5,na,5,14:00,na,na,4,1,0,na,na,na,na,na,na,na,,
23,Aug-2018,2018-08-18,Simmonds,KH,2,R,20,6,na,5,14:00,na,P,16,na,na,na,na,na,na,na,na,na,,
23,Aug-2018,2018-08-18,Simmonds,KH,2,R,20,6,na,5,14:00,na,na,5,0,0,3,na,na,na,na,na,na,,
23,Aug-2018,2018-08-18,Simmonds,KH,2,L,20,7,na,5,14:00,na,na,2,0,0,4,na,na,na,na,na,na,,
23,Aug-2018,2018-08-18,Simmonds,KH,2,L,20,7.5,na,5,14:00,na,na,1,0,0,1.25,na,na,na,na,na,na,,
23,Aug-2018,2018-08-18,Simmonds,KH,2,R,20,7,na,5,14:00,na,na,1,0,0,3,na,na,na,na,na,na,,
23,Aug-2018,2018-08-18,Simmonds,KH,2,R,20,7.5,na,5,14:00,na,na,4,1,2,na,na,na,na,na,na,na,,
23,Aug-2018,2018-08-18,Simmonds,KH,2,R,20,8,na,5,14:00,na,na,1,0,0,1.25,na,na,na,na,na,na,,
23,Aug-2018,2018-08-18,Simmonds,KH,2,L,20,7.9,na,5,14:00,na,na,2,0,0,4,na,na,na,na,na,na,,
23,Aug-2018,2018-08-18,Simmonds,KH,2,L,20,8,na,5,14:00,na,na,4,0,0,3,na,na,na,na,na,na,,
23,Aug-2018,2018-08-18,Simmonds,KH,2,L,20,8.1,na,5,14:00,na,na,1,0,0,1.25,na,na,na,na,na,na,,
23,Aug-2018,2018-08-18,Simmonds,KH,2,L,20,8.4,na,5,14:00,na,na,4,1,2,na,na,na,na,na,na,na,,
23,Aug-2018,2018-08-18,Simmonds,KH,2,R,20,8.5,na,5,14:00,na,na,2,0,0,2,na,na,na,na,na,na,,
23,Aug-2018,2018-08-18,Simmonds,KH,2,R,20,8.2,na,5,14:00,na,na,1,0,0,1.25,na,na,na,na,na,na,,
23,Aug-2018,2018-08-18,Simmonds,KH,2,R,20,8.6,na,5,14:00,na,na,1,0,0,1.25,na,na,na,na,na,na,,
23,Aug-2018,2018-08-18,Simmonds,KH,2,L,20,8.7,na,5,14:00,na,na,4,2,1,na,na,na,na,na,na,na,,
23,Aug-2018,2018-08-18,Simmonds,KH,2,R,20,9.3,na,5,14:00,na,na,1,0,0,1,na,na,na,na,na,na,,
23,Aug-2018,2018-08-18,Simmonds,KH,2,L,20,9.4,na,5,14:00,na,na,1,0,0,2.5,na,na,na,na,na,na,,
23,Aug-2018,2018-08-18,Simmonds,KH,2,R,20,9.4,na,5,14:00,na,P,5,na,na,na,na,na,na,na,na,na,,
23,Aug-2018,2018-08-18,Simmonds,KH,2,R,20,12,na,5,14:00,na,na,3,0,0,4,na,na,na,na,na,na,,
23,Aug-2018,2018-08-18,Simmonds,KH,2,R,20,16,na,5,14:00,na,na,4,2,1.5,na,na,na,na,na,na,na,,
23,Aug-2018,2018-08-18,Simmonds,KH,2,R,20,16.2,na,5,14:00,na,na,11,8,4,na,na,na,na,na,na,na,,
23,Aug-2018,2018-08-18,Simmonds,KH,2,R,20,17,na,5,14:00,na,na,3,2,1.5,na,na,na,na,na,na,na,,
17,Jul-2017,2017-07-29,Meay,OP,1,L,20,0_20,na,2,na,na,na,0,na,na,na,na,na,na,na,na,na,no macro (not even holdfast),
17,Jul-2017,2017-07-29,Meay,OP,2,L,20,0_20,na,2,na,na,na,0,na,na,na,na,na,na,na,na,na,no macro (not even holdfast),
17,Jul-2017,2017-07-29,Meay,OP,3,L,20,0_20,na,2,na,na,na,0,na,na,na,na,na,na,na,na,na,no macro (not even holdfast),
17,Jul-2017,2017-07-29,Meay,OP,1,R,20,0_20,na,2,na,na,na,0,na,na,na,na,na,na,na,na,na,no macro (not even holdfast),
17,Jul-2017,2017-07-29,Meay,OP,2,R,20,0_20,na,2,na,na,na,0,na,na,na,na,na,na,na,na,na,no macro (not even holdfast),
17,Jul-2017,2017-07-29,Meay,OP,3,R,20,0_20,na,2,na,na,na,0,na,na,na,na,na,na,na,na,na,no macro (not even holdfast),
23,Aug-2018,2018-08-20,Meay,OP,1,L,20,17,na,2,11:00,na,na,2,2,3,na,na,na,na,na,na,na,,
23,Aug-2018,2018-08-20,Meay,OP,3,R,20,16.5,na,2,12:00,na,na,3,2,3.5,na,na,na,na,na,na,na,,
23,Aug-2018,2018-08-20,Meay,BMM,3,R,20,3.5,na,2,11:00,na,na,6,3,8,na,na,na,na,na,na,na,,
23,Aug-2018,2018-08-20,Meay,BMM,3,R,20,18,na,2,11:00,na,T,6,na,na,na,na,na,na,na,na,na,,
23,Aug-2018,2018-08-22,Westbeach,OP,1,L,20,12,na,2,10:00,110,na,1,1,0,na,0,1,3,0,0,na,,
23,Aug-2018,2018-08-22,Westbeach,OP,1,L,20,15,na,2,10:00,117,na,9,7,7,na,na,na,35,21,100,na,,
23,Aug-2018,2018-08-22,Westbeach,OP,2,L,20,6,na,2,10:00,178,na,13,11,10,na,13,3,37,32,100,na,,
23,Aug-2018,2018-08-22,Westbeach,OP,3,L,20,12,na,2,10:00,2532,na,7,7,4.5,na,na,na,65,55,100,na,,
23,Aug-2018,2018-08-22,Westbeach,OP,1,R,20,2.5,na,2,10:00,1869,na,9,7,6,na,na,na,15,10,90,na,,
23,Aug-2018,2018-08-22,Westbeach,OP,2,R,20,2,na,2,10:00,2531,na,4,3,2,na,na,na,5,0,0,na,,
23,Aug-2018,2018-08-22,Westbeach,OP,2,R,20,12,na,2,10:00,1995,na,11,11,8,na,na,na,42,32,100,na,,
23,Aug-2018,2018-08-22,Westbeach,OP,2,R,20,8.5,na,2,10:00,1819,na,9,6,2.5,na,3,4,15,2,25,na,,
23,Aug-2018,2018-08-22,Westbeach,OP,2,R,20,9,na,2,10:00,1858.1,na,18,14,7.5,na,18,1,29,19,100,na,,
23,Aug-2018,2018-08-22,Westbeach,OP,3,R,20,3,na,2,10:00,2000,na,19,18,10,na,27,4,50,37,100,na,,
23,Aug-2018,2018-08-22,Westbeach,OP,3,R,20,7.5,na,2,10:00,2522,na,10,9,6.5,na,na,na,40,20,50,na,,
23,Aug-2018,2018-08-22,Westbeach,OP,3,R,20,13,na,2,10:00,193,na,3,1,3,na,na,na,25,20,50,na,,
23,Aug-2018,2018-08-22,Westbeach,OP,1,L,20,12,na,2,10:00,na,na,10,7,9,na,na,na,na,na,na,na,,
23,Aug-2018,2018-08-22,Westbeach,NAP,1,R,20,0.3,na,2,10:00,na,C,2,1,0.5,na,na,na,na,na,na,na,,
23,Aug-2018,2018-08-22,Westbeach,NAP,1,R,20,0,na,2,10:00,na,na,10,10,3,na,na,na,na,na,na,na,,
23,Aug-2018,2018-08-22,Westbeach,NAP,1,R,20,2.5,na,2,10:00,na,na,4,4,5.5,na,na,na,na,na,na,na,,
23,Aug-2018,2018-08-22,Westbeach,NAP,1,R,20,2.5,na,2,10:00,na,na,9,7,5,na,na,na,na,na,na,na,,
23,Aug-2018,2018-08-22,Westbeach,NAP,1,R,20,2.5,na,2,10:00,na,na,5,5,5.75,na,na,na,na,na,na,na,,
23,Aug-2018,2018-08-22,Westbeach,NAP,1,L,20,3,na,2,10:00,na,P,15,12,5,na,na,na,na,na,na,na,,
23,Aug-2018,2018-08-22,Westbeach,NAP,1,R,20,4,na,2,10:00,na,na,3,2,1,na,na,na,na,na,na,na,,
23,Aug-2018,2018-08-22,Westbeach,NAP,1,R,20,3.75,na,2,10:00,na,C,3,2,3,na,na,na,na,na,na,na,,
23,Aug-2018,2018-08-22,Westbeach,NAP,1,R,20,3.5,na,2,10:00,na,na,7,4,4.5,na,na,na,na,na,na,na,,
23,Aug-2018,2018-08-22,Westbeach,NAP,1,R,20,4.3,na,2,10:00,na,na,6,5,7,na,na,na,na,na,na,na,,
23,Aug-2018,2018-08-22,Westbeach,NAP,1,R,20,3.8,na,2,10:00,na,na,5,3,3,na,na,na,na,na,na,na,,
23,Aug-2018,2018-08-22,Westbeach,NAP,1,R,20,5,na,2,10:00,na,P,9,7,6,na,na,na,na,na,na,na,,
23,Aug-2018,2018-08-22,Westbeach,NAP,1,R,20,5,na,2,10:00,na,na,2,1,4.25,na,na,na,na,na,na,na,,
23,Aug-2018,2018-08-22,Westbeach,NAP,1,R,20,5.25,na,2,10:00,na,P,14,na,na,na,na,na,na,na,na,na,,
23,Aug-2018,2018-08-22,Westbeach,NAP,1,R,20,5.25,na,2,10:00,na,na,16,16,5.5,na,na,na,na,na,na,na,,
23,Aug-2018,2018-08-22,Westbeach,NAP,1,L,20,9,na,2,10:00,na,na,5,5,7,na,na,na,na,na,na,na,,
23,Aug-2018,2018-08-22,Westbeach,NAP,1,L,20,9.6,na,2,10:00,na,na,10,9,9,na,na,na,na,na,na,na,,
23,Aug-2018,2018-08-22,Westbeach,NAP,1,R,20,10,na,2,10:00,na,P,12,9,10,na,na,na,na,na,na,na,,
23,Aug-2018,2018-08-22,Westbeach,NAP,1,R,20,12.5,na,2,10:00,na,na,6,6,4,na,na,na,na,na,na,na,,
23,Aug-2018,2018-08-22,Westbeach,NAP,1,R,20,12.5,na,2,10:00,na,na,2,1,1.5,na,na,na,na,na,na,na,,
23,Aug-2018,2018-08-22,Westbeach,NAP,1,R,20,14.5,na,2,10:00,na,na,4,2,4.5,na,na,na,na,na,na,na,,
23,Aug-2018,2018-08-22,Westbeach,NAP,1,R,20,14.5,na,2,10:00,na,na,4,4,3,na,na,na,na,na,na,na,,
23,Aug-2018,2018-08-22,Westbeach,NAP,1,R,20,14.5,na,2,10:00,na,na,4,4,5,na,na,na,na,na,na,na,,
23,Aug-2018,2018-08-22,Westbeach,NAP,2,R,20,13,na,2,10:00,na,na,3,3,5.25,na,na,na,na,na,na,na,,
23,Aug-2018,2018-08-22,Westbeach,NAP,2,R,20,12,na,2,10:00,na,na,5,5,6,na,na,na,na,na,na,na,,
23,Aug-2018,2018-08-22,Westbeach,NAP,2,R,20,12,na,2,10:00,na,na,2,2,5.5,na,na,na,na,na,na,na,,
23,Aug-2018,2018-08-22,Westbeach,NAP,2,R,20,12,na,2,10:00,na,na,8,8,7,na,na,na,na,na,na,na,,
23,Aug-2018,2018-08-22,Westbeach,NAP,2,R,20,12,na,2,10:00,na,na,8,8,3.75,na,na,na,na,na,na,na,,
23,Aug-2018,2018-08-22,Westbeach,NAP,2,R,20,11.5,na,2,10:00,na,na,11,10,4,na,na,na,na,na,na,na,,
23,Aug-2018,2018-08-22,Westbeach,NAP,2,R,20,11.5,na,2,10:00,na,na,6,4,5.25,na,na,na,na,na,na,na,,
23,Aug-2018,2018-08-22,Westbeach,NAP,2,R,20,11.5,na,2,10:00,na,na,9,8,6,na,na,na,na,na,na,na,,
23,Aug-2018,2018-08-22,Westbeach,NAP,2,R,20,11.5,na,2,10:00,na,na,8,8,7.5,na,na,na,na,na,na,na,,
23,Aug-2018,2018-08-22,Westbeach,NAP,2,R,20,10.5,na,2,10:00,na,na,7,7,6.75,na,na,na,na,na,na,na,,
23,Aug-2018,2018-08-22,Westbeach,NAP,2,R,20,9.5,na,2,10:00,na,T,8,na,na,na,na,na,na,na,na,na,,
23,Aug-2018,2018-08-22,Westbeach,NAP,2,R,20,9.5,na,2,10:00,na,na,3,1,3.25,na,na,na,na,na,na,na,,
23,Aug-2018,2018-08-22,Westbeach,NAP,2,R,20,9.5,na,2,10:00,na,na,7,3,6.25,na,na,na,na,na,na,na,,
23,Aug-2018,2018-08-22,Westbeach,NAP,2,R,20,9.5,na,2,10:00,na,na,5,4,3,na,na,na,na,na,na,na,,
23,Aug-2018,2018-08-22,Westbeach,NAP,2,R,20,3,na,2,10:00,na,na,3,3,2.5,na,na,na,na,na,na,na,,
23,Aug-2018,2018-08-22,Westbeach,NAP,2,R,20,3,na,2,10:00,na,T,9,na,na,na,na,na,na,na,na,na,,
23,Aug-2018,2018-08-22,Westbeach,NAP,2,R,20,2.5,na,2,10:00,na,na,2,1,0.5,na,na,na,na,na,na,na,,
23,Aug-2018,2018-08-22,Westbeach,NAP,2,R,20,2.5,na,2,10:00,na,C,3,1,0,na,na,na,na,na,na,na,,
23,Aug-2018,2018-08-22,Westbeach,NAP,2,R,20,1.9,na,2,10:00,na,na,9,9,6,na,na,na,na,na,na,na,,
23,Aug-2018,2018-08-22,Westbeach,BMM,3,L,20,18,na,2,10:00,na,na,12,7,7,na,na,na,na,na,na,na,,
23,Aug-2018,2018-08-22,Westbeach,BMM,3,L,20,18,na,2,10:00,na,na,4,3,10,na,na,na,na,na,na,na,,
23,Aug-2018,2018-08-22,Westbeach,BMM,3,L,20,18,na,2,10:00,na,na,11,11,8,na,na,na,na,na,na,na,,
23,Aug-2018,2018-08-22,Westbeach,BMM,3,L,20,18,na,2,10:00,na,na,4,3,12,na,na,na,na,na,na,na,,
23,Aug-2018,2018-08-22,Westbeach,BMM,3,L,20,18,na,2,10:00,na,na,8,7,10,na,na,na,na,na,na,na,,
23,Aug-2018,2018-08-22,Westbeach,BMM,3,L,20,18,na,2,10:00,na,P,4,na,na,na,na,na,na,na,na,na,,
23,Aug-2018,2018-08-22,Westbeach,BMM,3,L,20,12,na,2,10:00,na,na,7,5,6,na,na,na,na,na,na,na,,
23,Aug-2018,2018-08-22,Westbeach,BMM,3,L,20,10,na,2,10:00,na,na,5,2,1,na,na,na,na,na,na,na,,
23,Aug-2018,2018-08-22,Westbeach,BMM,3,R,20,8,na,2,10:00,na,na,4,2,3,na,na,na,na,na,na,na,,
23,Aug-2018,2018-08-22,Westbeach,BMM,3,R,20,7,na,2,10:00,na,na,3,2,4,na,na,na,na,na,na,na,,
23,Aug-2018,2018-08-22,Westbeach,BMM,3,R,20,7,na,2,10:00,na,na,8,6,9,na,na,na,na,na,na,na,,
23,Aug-2018,2018-08-22,Westbeach,BMM,3,R,20,7,na,2,10:00,na,P,5,na,na,na,na,na,na,na,na,na,,
23,Aug-2018,2018-08-22,Westbeach,BMM,3,L,20,5,na,2,10:00,na,na,6,6,8,na,na,na,na,na,na,na,,
23,Aug-2018,2018-08-22,Westbeach,BMM,3,L,20,5,na,2,10:00,na,na,4,3,4,na,na,na,na,na,na,na,,
23,Aug-2018,2018-08-22,Westbeach,BMM,3,R,20,5,na,2,10:00,na,na,4,4,8,na,na,na,na,na,na,na,,
23,Aug-2018,2018-08-22,Westbeach,BMM,3,R,20,5,na,2,10:00,na,na,4,4,10,na,na,na,na,na,na,na,,
23,Aug-2018,2018-08-22,Westbeach,BMM,3,R,20,5,na,2,10:00,na,na,3,3,5,na,na,na,na,na,na,na,,
23,Aug-2018,2018-08-22,Westbeach,BMM,3,R,20,5,na,2,10:00,na,na,1,1,9,na,na,na,na,na,na,na,,
23,Aug-2018,2018-08-22,Westbeach,BMM,3,R,20,5,na,2,10:00,na,na,8,8,8,na,na,na,na,na,na,na,,
23,Aug-2018,2018-08-22,Westbeach,BMM,3,R,20,5,na,2,10:00,na,na,3,3,5,na,na,na,na,na,na,na,,
23,Aug-2018,2018-08-22,Westbeach,BMM,3,L,20,5,na,2,10:00,na,na,1,1,10,na,na,na,na,na,na,na,,
23,Aug-2018,2018-08-22,Westbeach,BMM,3,L,20,4,na,2,10:00,na,na,5,5,12,na,na,na,na,na,na,na,,
23,Aug-2018,2018-08-22,Westbeach,BMM,3,L,20,4,na,2,10:00,na,na,12,11,6,na,na,na,na,na,na,na,,
23,Aug-2018,2018-08-22,Westbeach,BMM,3,L,20,4,na,2,10:00,na,na,7,7,7,na,na,na,na,na,na,na,,
23,Aug-2018,2018-08-22,Westbeach,BMM,3,L,20,4,na,2,10:00,na,na,6,5,6,na,na,na,na,na,na,na,,
23,Aug-2018,2018-08-22,Westbeach,BMM,3,L,20,4,na,2,10:00,na,P,8,na,na,na,na,na,na,na,na,na,,
23,Aug-2018,2018-08-22,Westbeach,BMM,3,L,20,3,na,2,10:00,na,na,9,8,9,na,na,na,na,na,na,na,,
23,Aug-2018,2018-08-22,Westbeach,BMM,3,L,20,3,na,2,10:00,na,na,9,8,9,na,na,na,na,na,na,na,,
23,Aug-2018,2018-08-22,Westbeach,BMM,3,L,20,3,na,2,10:00,na,na,4,4,7,na,na,na,na,na,na,na,,
23,Aug-2018,2018-08-22,Westbeach,BMM,3,L,20,3,na,2,10:00,na,P,9,na,na,na,na,na,na,na,na,na,,
23,Aug-2018,2018-08-22,Westbeach,BMM,2,L,20,0,na,2,10:00,na,na,5,4,6,na,na,na,na,na,na,na,,
23,Aug-2018,2018-08-22,Westbeach,BMM,2,L,20,0,na,2,10:00,na,na,8,5,7,na,na,na,na,na,na,na,,
23,Aug-2018,2018-08-22,Westbeach,BMM,2,L,20,2,na,2,10:00,na,na,5,5,6,na,na,na,na,na,na,na,,
23,Aug-2018,2018-08-22,Westbeach,BMM,2,L,20,2,na,2,10:00,na,na,14,10,7,na,na,na,na,na,na,na,,
23,Aug-2018,2018-08-22,Westbeach,BMM,2,L,20,5.5,na,2,10:00,na,T,8,8,na,na,na,na,na,na,na,na,,
23,Aug-2018,2018-08-22,Westbeach,BMM,2,L,20,5.5,na,2,10:00,na,na,4,3,7,na,na,na,na,na,na,na,,
23,Aug-2018,2018-08-22,Westbeach,BMM,2,L,20,5.5,na,2,10:00,na,na,2,2,9,na,na,na,na,na,na,na,,
23,Aug-2018,2018-08-22,Westbeach,BMM,2,L,20,6,na,2,10:00,na,na,7,7,11,na,na,na,na,na,na,na,,
23,Aug-2018,2018-08-22,Westbeach,BMM,2,L,20,6,na,2,10:00,na,T,11,11,na,na,na,na,na,na,na,na,,
23,Aug-2018,2018-08-22,Westbeach,BMM,2,L,20,12,na,2,10:00,na,na,10,10,8,na,na,na,na,na,na,na,,
23,Aug-2018,2018-08-22,Westbeach,BMM,2,L,20,12,na,2,10:00,na,na,11,11,8,na,na,na,na,na,na,na,,
23,Aug-2018,2018-08-22,Westbeach,BMM,1.5,na,20,0_1,na,2,12:00,na,T,98,na,na,na,na,na,na,na,na,na,"datasheet include 1m swath, had to substract fronds from 1m swath data",
23,Aug-2018,2018-08-22,Westbeach,BMM,1.5,na,20,1_2,na,2,12:00,na,T,29,na,na,na,na,na,na,na,na,na,"datasheet include 1m swath, had to substract fronds from 1m swath data",
23,Aug-2018,2018-08-22,Westbeach,BMM,1.5,na,20,2_3,na,2,12:00,na,T,21,na,na,na,na,na,na,na,na,na,"datasheet include 1m swath, had to substract fronds from 1m swath data",
23,Aug-2018,2018-08-22,Westbeach,BMM,1.5,na,20,3_4,na,2,12:00,na,T,6,na,na,na,na,na,na,na,na,na,"datasheet include 1m swath, had to substract fronds from 1m swath data",
23,Aug-2018,2018-08-22,Westbeach,BMM,1.5,na,20,4_5,na,2,12:00,na,T,21,na,na,na,na,na,na,na,na,na,"datasheet include 1m swath, had to substract fronds from 1m swath data",
23,Aug-2018,2018-08-22,Westbeach,BMM,1.5,na,20,5_6,na,2,12:00,na,T,18,na,na,na,na,na,na,na,na,na,"datasheet include 1m swath, had to substract fronds from 1m swath data",
23,Aug-2018,2018-08-22,Westbeach,BMM,1.5,na,20,6_7,na,2,12:00,na,T,9,na,na,na,na,na,na,na,na,na,"datasheet include 1m swath, had to substract fronds from 1m swath data",
23,Aug-2018,2018-08-22,Westbeach,BMM,1.5,na,20,7_8,na,2,12:00,na,T,71,na,na,na,na,na,na,na,na,na,"datasheet include 1m swath, had to substract fronds from 1m swath data",
23,Aug-2018,2018-08-22,Westbeach,BMM,1.5,na,20,8_9,na,2,12:00,na,T,47,na,na,na,na,na,na,na,na,na,"datasheet include 1m swath, had to substract fronds from 1m swath data",
23,Aug-2018,2018-08-22,Westbeach,BMM,1.5,na,20,9_10,na,2,12:00,na,T,14,na,na,na,na,na,na,na,na,na,"datasheet include 1m swath, had to substract fronds from 1m swath data",
23,Aug-2018,2018-08-22,Westbeach,BMM,1.5,na,20,10_11,na,2,12:00,na,T,22,na,na,na,na,na,na,na,na,na,"datasheet include 1m swath, had to substract fronds from 1m swath data",
23,Aug-2018,2018-08-22,Westbeach,BMM,1.5,na,20,11_12,na,2,12:00,na,T,57,na,na,na,na,na,na,na,na,na,"datasheet include 1m swath, had to substract fronds from 1m swath data",
23,Aug-2018,2018-08-22,Westbeach,BMM,1.5,na,20,12_13,na,2,12:00,na,T,15,na,na,na,na,na,na,na,na,na,"datasheet include 1m swath, had to substract fronds from 1m swath data",
23,Aug-2018,2018-08-22,Westbeach,BMM,1.5,na,20,13_14,na,2,12:00,na,T,1,na,na,na,na,na,na,na,na,na,"datasheet include 1m swath, had to substract fronds from 1m swath data",
23,Aug-2018,2018-08-22,Westbeach,BMM,1.5,na,20,14_15,na,2,12:00,na,T,2,na,na,na,na,na,na,na,na,na,"datasheet include 1m swath, had to substract fronds from 1m swath data",
23,Aug-2018,2018-08-22,Westbeach,BMM,1.5,na,20,15_16,na,2,12:00,na,T,31,na,na,na,na,na,na,na,na,na,"datasheet include 1m swath, had to substract fronds from 1m swath data",
23,Aug-2018,2018-08-22,Westbeach,BMM,1.5,na,20,16_17,na,2,12:00,na,na,na,na,na,na,na,na,na,na,na,na,"datasheet include 1m swath, had to substract fronds from 1m swath data",
23,Aug-2018,2018-08-22,Westbeach,BMM,1.5,na,20,17_18,na,2,12:00,na,na,na,na,na,na,na,na,na,na,na,na,"datasheet include 1m swath, had to substract fronds from 1m swath data",
23,Aug-2018,2018-08-22,Westbeach,BMM,1.5,na,20,18_19,na,2,12:00,na,na,na,na,na,na,na,na,na,na,na,na,"datasheet include 1m swath, had to substract fronds from 1m swath data",
23,Aug-2018,2018-08-22,Westbeach,BMM,1.5,na,20,19_20,na,2,12:00,na,na,na,na,na,na,na,na,na,na,na,na,"datasheet include 1m swath, had to substract fronds from 1m swath data",
23,Aug-2018,2018-08-22,Westbeach,BMM,2.5,na,20,0_1,na,2,12:00,na,T,11,na,na,na,na,na,na,na,na,na,"datasheet include 1m swath, had to substract fronds from 1m swath data",
23,Aug-2018,2018-08-22,Westbeach,BMM,2.5,na,20,1_2,na,2,12:00,na,T,42,na,na,na,na,na,na,na,na,na,,
23,Aug-2018,2018-08-22,Westbeach,BMM,2.5,na,20,2_3,na,2,12:00,na,T,10,na,na,na,na,na,na,na,na,na,,
23,Aug-2018,2018-08-22,Westbeach,BMM,2.5,na,20,3_4,na,2,12:00,na,T,60,na,na,na,na,na,na,na,na,na,,
23,Aug-2018,2018-08-22,Westbeach,BMM,2.5,na,20,4_5,na,2,12:00,na,T,49,na,na,na,na,na,na,na,na,na,,
23,Aug-2018,2018-08-22,Westbeach,BMM,2.5,na,20,5_6,na,2,12:00,na,T,10,na,na,na,na,na,na,na,na,na,,
23,Aug-2018,2018-08-22,Westbeach,BMM,2.5,na,20,6_7,na,2,12:00,na,T,34,na,na,na,na,na,na,na,na,na,,
23,Aug-2018,2018-08-22,Westbeach,BMM,2.5,na,20,7_8,na,2,12:00,na,T,6,na,na,na,na,na,na,na,na,na,,
23,Aug-2018,2018-08-22,Westbeach,BMM,2.5,na,20,8_9,na,2,12:00,na,T,1,na,na,na,na,na,na,na,na,na,,
23,Aug-2018,2018-08-22,Westbeach,BMM,2.5,na,20,9_10,na,2,12:00,na,T,107,na,na,na,na,na,na,na,na,na,,
23,Aug-2018,2018-08-22,Westbeach,BMM,2.5,na,20,10_11,na,2,12:00,na,T,56,na,na,na,na,na,na,na,na,na,,
23,Aug-2018,2018-08-22,Westbeach,BMM,2.5,na,20,11_12,na,2,12:00,na,T,73,na,na,na,na,na,na,na,na,na,,
23,Aug-2018,2018-08-22,Westbeach,BMM,2.5,na,20,12_13,na,2,12:00,na,T,49,na,na,na,na,na,na,na,na,na,,
23,Aug-2018,2018-08-22,Westbeach,BMM,2.5,na,20,13_14,na,2,12:00,na,T,27,na,na,na,na,na,na,na,na,na,,
23,Aug-2018,2018-08-22,Westbeach,BMM,2.5,na,20,14_15,na,2,12:00,na,T,47,na,na,na,na,na,na,na,na,na,,
23,Aug-2018,2018-08-22,Westbeach,BMM,2.5,na,20,15_16,na,2,12:00,na,T,57,na,na,na,na,na,na,na,na,na,,
23,Aug-2018,2018-08-22,Westbeach,BMM,2.5,na,20,16_17,na,2,12:00,na,T,55,na,na,na,na,na,na,na,na,na,,
23,Aug-2018,2018-08-22,Westbeach,BMM,2.5,na,20,17_18,na,2,12:00,na,na,na,na,na,na,na,na,na,na,na,na,"no recorded numbers, lots of incertainty",
23,Aug-2018,2018-08-22,Westbeach,BMM,2.5,na,20,18_19,na,2,12:00,na,na,na,na,na,na,na,na,na,na,na,na,"no recorded numbers, lots of incertainty",
23,Aug-2018,2018-08-22,Westbeach,BMM,2.5,na,20,19_20,na,2,12:00,na,na,na,na,na,na,na,na,na,na,na,na,"no recorded numbers, lots of incertainty",
23,Aug-2018,2018-08-24,Triquet,KH,1,L,20,3.25,na,4,14:30,112,na,7,7,5,na,9,6,39,14,60,na,,
23,Aug-2018,2018-08-24,Triquet,KH,1,L,20,14.5,na,4,14:30,1914,na,10,4,1,na,na,na,17,3,100,na,,
23,Aug-2018,2018-08-24,Triquet,KH,2,L,20,10,na,4,14:30,1978,na,4,3,2.5,na,4,4,42,24,95,na,,
23,Aug-2018,2018-08-24,Triquet,KH,2,R,20,17,na,4,14:30,2422,na,7,3,2,na,na,na,26,4,100,na,,
23,Aug-2018,2018-08-24,Triquet,KH,2,R,20,1.5,na,4,14:30,1843,na,11,8,3,na,na,na,28,10,90,na,,
23,Aug-2018,2018-08-24,Triquet,KH,3,R,20,10.5,na,4,14:30,102,na,4,2,5,na,na,na,19,13,100,na,,
23,Aug-2018,2018-08-24,Triquet,KH,3,R,20,13.5,na,4,14:30,2014,na,7,6,4,na,7,6,24,12,90,na,,
23,Aug-2018,2018-08-24,Triquet,KH,3,R,20,1,na,4,14:30,299,na,6,5,3,na,na,na,27,7,60,na,,
23,Aug-2018,2018-08-24,Triquet,KH,1,R,20,0,na,4,14:30,118,na,15,11,5,na,11,7,114,37,60,na,,
23,Aug-2018,2018-08-24,Triquet,KH,1,R,20,15.5,na,4,14:30,140,na,4,1,4,na,na,na,21,10,100,na,,
23,Aug-2018,2018-08-24,Triquet,KH,2,L,20,1.5,na,4,14:30,182,na,8,5,6,na,7,4,26,4,70,na,,
23,Aug-2018,2018-08-24,Triquet,KH,3,R,20,13.75,na,4,14:30,142,na,10,6,8,na,10,5,40,23,100,na,,
23,Aug-2018,2018-08-24,Triquet,NAP,3,R,20,0.5,na,4,14:30,na,na,6,4,2,na,na,na,na,na,na,na,,
23,Aug-2018,2018-08-24,Triquet,NAP,3,R,20,10,na,4,14:30,na,na,9,6,2.25,na,na,na,na,na,na,na,,
23,Aug-2018,2018-08-24,Triquet,NAP,3,R,20,11,na,4,14:30,na,T,5,na,na,na,na,na,na,na,na,na,,
23,Aug-2018,2018-08-24,Triquet,NAP,3,R,20,11.25,na,4,14:30,na,na,9,5,3,na,na,na,na,na,na,na,,
23,Aug-2018,2018-08-24,Triquet,NAP,3,R,20,13.5,na,4,14:30,na,na,5,5,4.5,na,na,na,na,na,na,na,,
23,Aug-2018,2018-08-24,Triquet,NAP,3,R,20,13.5,na,4,14:30,na,na,1,0,0,2,na,na,na,na,na,na,,
23,Aug-2018,2018-08-24,Triquet,NAP,3,R,20,14,na,4,14:30,na,na,12,10,6,na,na,na,na,na,na,na,,
23,Aug-2018,2018-08-24,Triquet,NAP,2,R,20,18,na,4,14:30,na,na,3,1,0.5,na,na,na,na,na,na,na,,
23,Aug-2018,2018-08-24,Triquet,NAP,2,R,20,15,na,4,14:30,na,na,2,0,0,2.5,na,na,na,na,na,na,,
23,Aug-2018,2018-08-24,Triquet,NAP,2,L,20,12.5,na,4,14:30,na,na,1,0,0,2.25,na,na,na,na,na,na,,
23,Aug-2018,2018-08-24,Triquet,NAP,2,R,20,2,na,4,14:30,na,na,9,8,2,na,na,na,na,na,na,na,,
23,Aug-2018,2018-08-24,Triquet,NAP,1,L,20,0,na,4,14:30,na,na,5,2,2.5,na,na,na,na,na,na,na,,
23,Aug-2018,2018-08-24,Triquet,NAP,1,L,20,3.5,na,4,14:30,na,P,12,na,na,na,na,na,na,na,na,na,,
23,Aug-2018,2018-08-24,Triquet,NAP,1,R,20,10,na,4,14:30,na,na,6,4,2.5,na,na,na,na,na,na,na,,
23,Aug-2018,2018-08-24,Triquet,NAP,1,R,20,10,na,4,14:30,na,na,4,3,2,na,na,na,na,na,na,na,,
23,Aug-2018,2018-08-24,Triquet,NAP,1,R,20,10,na,4,14:30,na,na,5,2,1.5,na,na,na,na,na,na,na,,
23,Aug-2018,2018-08-24,Triquet,NAP,1,R,20,10,na,4,14:30,na,na,6,5,1.25,na,na,na,na,na,na,na,,
23,Aug-2018,2018-08-24,Triquet,NAP,1,L,20,15,na,4,14:30,na,na,3,2,3,na,na,na,na,na,na,na,,
23,Aug-2018,2018-08-24,Triquet,NAP,1,R,20,15.2,na,4,14:30,na,T,8,na,na,na,na,na,na,na,na,na,,
23,Aug-2018,2018-08-24,Triquet,NAP,1,R,20,15.2,na,4,14:30,na,na,4,2,6,na,na,na,na,na,na,na,,
23,Aug-2018,2018-08-24,Triquet,NAP,1,R,20,15.2,na,4,14:30,na,C,2,0,0,3,na,na,na,na,na,na,,
23,Aug-2018,2018-08-24,Triquet,NAP,1,R,20,18,na,4,14:30,na,na,8,6,5.25,na,na,na,na,na,na,na,,
23,Aug-2018,2018-08-24,Triquet,NAP,1,R,20,18,na,4,14:30,na,na,6,6,1,na,na,na,na,na,na,na,,
23,Aug-2018,2018-08-24,Triquet,NAP,1,R,20,18.5,na,4,14:30,na,na,3,3,2,na,na,na,na,na,na,na,,
23,Aug-2018,2018-08-24,Triquet,NAP,1,R,20,18.5,na,4,14:30,na,na,5,4,2.25,na,na,na,na,na,na,na,,
23,Aug-2018,2018-08-24,Triquet,NAP,1.5,na,20,2.5,na,4,14:30,na,T,3,na,na,na,na,na,na,na,na,na,,
23,Aug-2018,2018-08-24,Triquet,NAP,1.5,na,20,2.5,na,4,14:30,na,T,4,na,na,na,na,na,na,na,na,na,,
23,Aug-2018,2018-08-24,Triquet,NAP,1.5,na,20,1.5,na,4,14:30,na,T,8,na,na,na,na,na,na,na,na,na,,
23,Aug-2018,2018-08-24,Triquet,NAP,1.5,na,20,2.5,na,4,14:30,na,T,1,na,na,na,na,na,na,na,na,na,,
23,Aug-2018,2018-08-24,Triquet,NAP,1.5,na,20,4,na,4,14:30,na,T,13,na,na,na,na,na,na,na,na,na,,
23,Aug-2018,2018-08-24,Triquet,NAP,1.5,na,20,6.5,na,4,14:30,na,T,18,na,na,na,na,na,na,na,na,na,,
23,Aug-2018,2018-08-24,Triquet,NAP,1.5,na,20,6.5,na,4,14:30,na,T,7,na,na,na,na,na,na,na,na,na,,
23,Aug-2018,2018-08-24,Triquet,NAP,1.5,na,20,6.5,na,4,14:30,na,T,7,na,na,na,na,na,na,na,na,na,,
23,Aug-2018,2018-08-24,Triquet,NAP,1.5,na,20,8,na,4,14:30,na,T,6,na,na,na,na,na,na,na,na,na,,
23,Aug-2018,2018-08-24,Triquet,NAP,1.5,na,20,8,na,4,14:30,na,T,3,na,na,na,na,na,na,na,na,na,,
23,Aug-2018,2018-08-24,Triquet,NAP,1.5,na,20,15,na,4,14:30,na,T,11,na,na,na,na,na,na,na,na,na,,
23,Aug-2018,2018-08-24,Triquet,NAP,1.5,na,20,15,na,4,14:30,na,T,5,na,na,na,na,na,na,na,na,na,,
23,Aug-2018,2018-08-24,Triquet,NAP,1.5,na,20,19,na,4,14:30,na,T,9,na,na,na,na,na,na,na,na,na,,
23,Aug-2018,2018-08-24,Triquet,NAP,1.5,na,20,19,na,4,14:30,na,T,2,na,na,na,na,na,na,na,na,na,,
23,Aug-2018,2018-08-24,Triquet,NAP,1.5,na,20,19,na,4,14:30,na,T,3,na,na,na,na,na,na,na,na,na,,
23,Aug-2018,2018-08-24,Triquet,NAP,2.5,na,20,18,na,4,14:30,na,T,8,na,na,na,na,na,na,na,na,na,,
23,Aug-2018,2018-08-24,Triquet,NAP,2.5,na,20,16,na,4,14:30,na,T,18,na,na,na,na,na,na,na,na,na,,
23,Aug-2018,2018-08-24,Triquet,NAP,2.5,na,20,16,na,4,14:30,na,T,5,na,na,na,na,na,na,na,na,na,,
23,Aug-2018,2018-08-24,Triquet,NAP,2.5,na,20,15,na,4,14:30,na,T,4,na,na,na,na,na,na,na,na,na,,
23,Aug-2018,2018-08-24,Triquet,NAP,2.5,na,20,14,na,4,14:30,na,T,18,na,na,na,na,na,na,na,na,na,,
23,Aug-2018,2018-08-24,Triquet,NAP,2.5,na,20,14,na,4,14:30,na,T,5,na,na,na,na,na,na,na,na,na,,
23,Aug-2018,2018-08-24,Triquet,NAP,2.5,na,20,12,na,4,14:30,na,T,6,na,na,na,na,na,na,na,na,na,,
23,Aug-2018,2018-08-24,Triquet,NAP,2.5,na,20,12,na,4,14:30,na,T,7,na,na,na,na,na,na,na,na,na,,
23,Aug-2018,2018-08-24,Triquet,NAP,2.5,na,20,12,na,4,14:30,na,T,2,na,na,na,na,na,na,na,na,na,,
23,Aug-2018,2018-08-24,Triquet,NAP,2.5,na,20,12,na,4,14:30,na,T,3,na,na,na,na,na,na,na,na,na,,
23,Aug-2018,2018-08-24,Triquet,NAP,2.5,na,20,3,na,4,14:30,na,T,4,na,na,na,na,na,na,na,na,na,,
23,Aug-2018,2018-08-29,Womanley,CN,1,L,20,0.5,na,5,10:00,na,na,13,5,3.5,na,na,na,na,na,na,na,,
23,Aug-2018,2018-08-29,Womanley,CN,1,L,20,2,na,5,10:00,na,P,8,na,na,na,na,na,na,na,na,na,,
23,Aug-2018,2018-08-29,Womanley,CN,1,L,20,2.2,na,5,10:00,na,na,9,4,4.5,na,na,na,na,na,na,na,,plant recorded as tangled but estimates of length given
23,Aug-2018,2018-08-29,Womanley,CN,1,L,20,2.4,na,5,10:00,na,na,12,5,5,na,na,na,na,na,na,na,,plant recorded as tangled but estimates of length given
23,Aug-2018,2018-08-29,Womanley,CN,1,R,20,3.25,na,5,10:00,na,na,4,2,1,na,na,na,na,na,na,na,,
23,Aug-2018,2018-08-29,Womanley,CN,1,R,20,3.5,na,5,10:00,na,na,16,7,4,na,na,na,na,na,na,na,,
23,Aug-2018,2018-08-29,Womanley,CN,1,R,20,3.2,na,5,10:00,na,na,3,1,0.5,na,na,na,na,na,na,na,,
23,Aug-2018,2018-08-29,Womanley,CN,1,L,20,8,na,5,10:00,na,na,10,4,1.8,na,na,na,na,na,na,na,,
23,Aug-2018,2018-08-29,Womanley,CN,1,R,20,9.5,na,5,10:00,na,P,5,na,na,na,na,na,na,na,na,na,,
23,Aug-2018,2018-08-29,Womanley,CN,1,R,20,12.5,na,5,10:00,na,na,7,3,6,na,na,na,na,na,na,na,,
23,Aug-2018,2018-08-29,Womanley,CN,1,R,20,13,na,5,10:00,na,na,8,3,5,na,na,na,na,na,na,na,,
23,Aug-2018,2018-08-29,Womanley,CN,1,R,20,13.5,na,5,10:00,na,na,7,7,3.5,na,na,na,na,na,na,na,,
23,Aug-2018,2018-08-29,Womanley,CN,1,R,20,14.5,na,5,10:00,na,na,42,22,7.5,na,na,na,na,na,na,na,,
23,Aug-2018,2018-08-29,Womanley,CN,1,R,20,19,na,5,10:00,na,na,24,9,3.5,na,na,na,na,na,na,na,,
23,Aug-2018,2018-08-29,Womanley,CN,1,R,20,19.5,na,5,10:00,na,na,3,1,1.5,na,na,na,na,na,na,na,,
23,Aug-2018,2018-08-29,Womanley,CN,1,R,20,19.8,na,5,10:00,na,na,12,5,3,na,na,na,na,na,na,na,,
23,Aug-2018,2018-08-29,Womanley,CN,1.5,na,20,12,na,5,10:00,na,T,1,na,na,na,na,na,na,na,na,na,,
23,Aug-2018,2018-08-29,Womanley,CN,1.5,na,20,11.5,na,5,10:00,na,T,16,na,na,na,na,na,na,na,na,na,,
23,Aug-2018,2018-08-29,Womanley,CN,1.5,na,20,10.8,na,5,10:00,na,T,7,na,na,na,na,na,na,na,na,na,,
23,Aug-2018,2018-08-29,Womanley,CN,1.5,na,20,10.8,na,5,10:00,na,T,1,na,na,na,na,na,na,na,na,na,,
23,Aug-2018,2018-08-29,Womanley,CN,1.5,na,20,10.7,na,5,10:00,na,T,7,na,na,na,na,na,na,na,na,na,,
23,Aug-2018,2018-08-29,Womanley,CN,1.5,na,20,10.3,na,5,10:00,na,T,10,na,na,na,na,na,na,na,na,na,,
23,Aug-2018,2018-08-29,Womanley,CN,1.5,na,20,5.5,na,5,10:00,na,T,8,na,na,na,na,na,na,na,na,na,,
23,Aug-2018,2018-08-29,Womanley,CN,1.5,na,20,2,na,5,10:00,na,T,18,na,na,na,na,na,na,na,na,na,,
23,Aug-2018,2018-08-29,Womanley,CN,1.5,na,20,0.3,na,5,10:00,na,T,19,na,na,na,na,na,na,na,na,na,,
23,Aug-2018,2018-08-29,Womanley,CN,1.5,na,20,0.2,na,5,10:00,na,T,8,na,na,na,na,na,na,na,na,na,,
23,Aug-2018,2018-08-29,Womanley,CN,1.5,na,20,0.2,na,5,10:00,na,T,10,na,na,na,na,na,na,na,na,na,,
23,Aug-2018,2018-08-29,Womanley,CN,1.5,na,20,0.1,na,5,10:00,na,T,5,na,na,na,na,na,na,na,na,na,,
23,Aug-2018,2018-08-29,Womanley,HS,1.5,na,20,13,na,5,10:00,na,T,6,na,na,na,na,na,na,na,na,na,,
23,Aug-2018,2018-08-29,Womanley,HS,3,L,20,9,na,5,10:00,na,T,17,10,na,na,na,na,na,na,na,na,,
23,Aug-2018,2018-08-29,Womanley,HS,3,L,20,11.7,na,5,10:00,na,C,1,0,0,2,na,na,na,na,na,na,,
23,Aug-2018,2018-08-29,Womanley,HS,3,L,20,11.7,na,5,10:00,na,na,4,4,3,na,na,na,na,na,na,na,,
23,Aug-2018,2018-08-29,Womanley,HS,3,L,20,11.7,na,5,10:00,na,C,1,0,0,2,na,na,na,na,na,na,,
23,Aug-2018,2018-08-29,Womanley,HS,3,L,20,11.8,na,5,10:00,na,C,2,0,0,3,na,na,na,na,na,na,,
23,Aug-2018,2018-08-29,Womanley,HS,3,L,20,11.9,na,5,10:00,na,na,2,1,1,na,na,na,na,na,na,na,,
23,Aug-2018,2018-08-29,Womanley,HS,3,R,20,12,na,5,10:00,na,na,9,4,5,na,na,na,na,na,na,na,,
23,Aug-2018,2018-08-29,Womanley,HS,2.5,na,20,11,na,5,10:00,na,T,7,na,na,na,na,na,na,na,na,na,,
23,Aug-2018,2018-08-29,Womanley,HS,2.5,na,20,11.3,na,5,10:00,na,T,5,na,na,na,na,na,na,na,na,na,,
23,Aug-2018,2018-08-29,Womanley,HS,2.5,na,20,11.3,na,5,10:00,na,T,3,na,na,na,na,na,na,na,na,na,,
23,Aug-2018,2018-08-29,Womanley,HS,2.5,na,20,11.4,na,5,10:00,na,T,4,na,na,na,na,na,na,na,na,na,,
23,Aug-2018,2018-08-29,Womanley,HS,2.5,na,20,17,na,5,10:00,na,T,2,na,na,na,na,na,na,na,na,na,,
23,Aug-2018,2018-08-29,Womanley,HS,2.5,na,20,17.1,na,5,10:00,na,T,22,na,na,na,na,na,na,na,na,na,,
23,Aug-2018,2018-08-29,Womanley,DR,2.5,na,20,0.5,na,5,10:00,na,T,11,na,na,na,na,na,na,na,na,na,,
23,Aug-2018,2018-08-29,Womanley,DR,2.5,na,20,1.9,na,5,10:00,na,T,12,na,na,na,na,na,na,na,na,na,,
23,Aug-2018,2018-08-29,Womanley,DR,2.5,na,20,2,na,5,10:00,na,T,4,na,na,na,na,na,na,na,na,na,,
23,Aug-2018,2018-08-29,Womanley,DR,2.5,na,20,2,na,5,10:00,na,T,11,na,na,na,na,na,na,na,na,na,,
23,Aug-2018,2018-08-29,Womanley,DR,2.5,na,20,3,na,5,10:00,na,T,14,na,na,na,na,na,na,na,na,na,,
23,Aug-2018,2018-08-29,Womanley,DR,2,L,20,5.2,na,5,10:00,na,na,20,10,9,na,na,na,na,na,na,na,,
23,Aug-2018,2018-08-29,Womanley,DR,2,L,20,7.9,na,5,10:00,na,na,2,1,2,na,na,na,na,na,na,na,,
23,Aug-2018,2018-08-29,Womanley,DR,2,R,20,8,na,5,10:00,na,na,10,6,3,na,na,na,na,na,na,na,,
23,Aug-2018,2018-08-29,Womanley,DR,2.5,na,20,8.2,na,5,10:00,na,T,2,na,na,na,na,na,na,na,na,na,,
23,Aug-2018,2018-08-29,Womanley,DR,2.5,na,20,8.2,na,5,10:00,na,T,2,na,na,na,na,na,na,na,na,na,,
23,Aug-2018,2018-08-29,Womanley,DR,2.5,na,20,8.2,na,5,10:00,na,T,2,na,na,na,na,na,na,na,na,na,,
23,Aug-2018,2018-08-29,Womanley,DR,2.5,na,20,9,na,5,10:00,na,T,21,na,na,na,na,na,na,na,na,na,,
23,Aug-2018,2018-08-29,Womanley,DR,2,L,20,11.6,na,5,10:00,na,na,1,0,0,2,na,na,na,na,na,na,,
23,Aug-2018,2018-08-29,Womanley,DR,2,R,20,15,na,5,10:00,na,T,5,4,na,na,na,na,na,na,na,na,,
23,Aug-2018,2018-08-29,Womanley,DR,1.5,na,20,13,na,5,10:00,na,T,9,na,na,na,na,na,na,na,na,na,,
23,Aug-2018,2018-08-29,Womanley,DR,1.5,na,20,13,na,5,10:00,na,T,6,na,na,na,na,na,na,na,na,na,,
23,Aug-2018,2018-08-29,Womanley,OP,1,L,20,7.5,na,5,10:00,1938,na,2,1,1.5,na,na,na,14,12,80,na,*both tags there,
23,Aug-2018,2018-08-29,Womanley,OP,2,L,20,16.5,na,5,10:00,120,na,18,9,4,na,16,3,34,13,100,na,,
23,Aug-2018,2018-08-29,Womanley,OP,2,L,20,14.5,na,5,10:00,1791,na,18,13,4,na,na,na,37,15,100,na,,
23,Aug-2018,2018-08-29,Womanley,OP,3,L,20,9,na,5,10:00,272,na,11,5,5.5,na,na,na,50,41,100,na,,
23,Aug-2018,2018-08-29,Womanley,OP,1,R,20,13.5,na,5,10:00,107,na,5,4,3,na,8,0,21,7,100,na,,
23,Aug-2018,2018-08-29,Womanley,OP,1,R,20,20,na,5,10:00,1842,na,4,2,4,na,na,na,19,0,0,na,*both tags there,
23,Aug-2018,2018-08-29,Womanley,OP,2,R,20,8,na,5,10:00,289,na,4,2,2,na,na,na,8,1,50,na,,
23,Aug-2018,2018-08-29,Womanley,OP,3,R,20,17,na,5,10:00,163,na,2,1,0,na,na,na,10,0,0,na,,
23,Aug-2018,2018-08-29,Womanley,OP,1,R,20,5.2,na,5,10:00,115,na,5,4,4,na,5,0,18,11,50,na,,plant recorded as tangled but estimates of length given
23,Aug-2018,2018-08-29,Womanley,OP,2,R,20,10.6,na,5,10:00,121,na,3,2,4,na,3,1,20,18,80,na,,plant recorded as tangled but estimates of length given
23,Aug-2018,2018-08-29,Womanley,OP,3,R,20,10,na,5,10:00,2490,na,14,7,3.5,na,13,2,38,12,75,na,,
23,Aug-2018,2018-08-29,Womanley,OP,3,L,20,12,na,5,10:00,127,na,2,0,0,3.5,2,0,4,0,0,na,,
23,Aug-2018,2018-08-28,Golden,CN,3,R,20,20,na,4,14:00,na,na,12,6,8,na,na,na,na,na,na,na,,
23,Aug-2018,2018-08-28,Golden,CN,3,L,20,20,na,4,14:00,na,na,12,2,2,na,na,na,na,na,na,na,,
23,Aug-2018,2018-08-28,Golden,CN,3,L,20,10,na,4,14:00,na,na,11,2,3,na,na,na,na,na,na,na,"plant is growing on the line, chose left side arbritrarily",
23,Aug-2018,2018-08-28,Golden,NAP,2,L,20,20,na,4,14:00,na,na,6,0,0,2,na,na,na,na,na,na,,
23,Aug-2018,2018-08-28,Golden,NAP,2,L,20,2,na,4,14:00,na,na,6,5,4,na,na,na,na,na,na,na,,
23,Aug-2018,2018-08-28,Golden,NAP,1,L,20,0_20,na,4,14:00,na,na,0,na,na,na,na,na,na,na,na,na,,
23,Aug-2018,2018-08-28,Golden,NAP,1,R,20,0_20,na,4,14:00,na,na,0,na,na,na,na,na,na,na,na,na,,
24,Jul-2019,2019-07-04,Simmonds,OP,3,L,20,1.7,na,5,13:00,na,na,3,0,0,2.5,na,na,na,na,na,na,,
24,Jul-2019,2019-07-04,Simmonds,OP,3,L,20,3.8,na,5,13:00,na,na,1,0,0,3,na,na,na,na,na,na,,
24,Jul-2019,2019-07-04,Simmonds,OP,3,L,20,3.9,na,5,13:00,na,na,2,1,1,na,na,na,na,na,na,na,,
24,Jul-2019,2019-07-04,Simmonds,OP,3,L,20,4.8,na,5,13:00,na,na,6,4,5,na,na,na,na,na,na,na,entered as tangled?,
24,Jul-2019,2019-07-04,Simmonds,OP,3,L,20,6.4,na,5,13:00,na,na,6,3,3,na,na,na,na,na,na,na,,
24,Jul-2019,2019-07-04,Simmonds,OP,3,L,20,5.8,na,5,13:00,na,na,2,0,0,4.5,na,na,na,na,na,na,,
24,Jul-2019,2019-07-04,Simmonds,OP,3,L,20,7.6,na,5,13:00,na,na,6,1,4,na,na,na,na,na,na,na,,
24,Jul-2019,2019-07-04,Simmonds,OP,3,L,20,7.6,na,5,13:00,na,na,2,0,0,1.5,na,na,na,na,na,na,,
24,Jul-2019,2019-07-04,Simmonds,OP,3,L,20,7.6,na,5,13:00,na,P,9,na,na,na,na,na,na,na,na,na,,
24,Jul-2019,2019-07-04,Simmonds,OP,3,L,20,7.8,na,5,13:00,na,na,2,1,0.5,na,na,na,na,na,na,na,,
24,Jul-2019,2019-07-04,Simmonds,OP,3,L,20,11,na,5,13:00,na,T,4,na,na,na,na,na,na,na,na,na,,
24,Jul-2019,2019-07-04,Simmonds,OP,3,L,20,11.2,na,5,13:00,na,na,2,1,3,na,na,na,na,na,na,na,,
24,Jul-2019,2019-07-04,Simmonds,OP,3,L,20,11.4,na,5,13:00,na,na,4,3,6,na,na,na,na,na,na,na,entered as tangled?,
24,Jul-2019,2019-07-04,Simmonds,OP,3,L,20,13,na,5,13:00,na,na,3,0,0,4,na,na,na,na,na,na,,
24,Jul-2019,2019-07-04,Simmonds,OP,3,L,20,12.8,na,5,13:00,na,na,3,0,0,3,na,na,na,na,na,na,,
24,Jul-2019,2019-07-04,Simmonds,OP,3,L,20,13,na,5,13:00,na,na,6,2,9,na,na,na,na,na,na,na,,
24,Jul-2019,2019-07-04,Simmonds,OP,3,L,20,13,na,5,13:00,na,na,18,12,9,na,na,na,na,na,na,na,,
24,Jul-2019,2019-07-04,Simmonds,OP,3,L,20,17.3,na,5,13:00,na,na,6,3,9,na,na,na,na,na,na,na,entered as tangled?,
24,Jul-2019,2019-07-04,Simmonds,OP,3,L,20,17.5,na,5,13:00,na,na,6,3,9,na,na,na,na,na,na,na,entered as tangled?,
24,Jul-2019,2019-07-04,Simmonds,OP,3,L,20,17.7,na,5,13:00,na,na,10,9,10,na,na,na,na,na,na,na,entered as tangled?,
24,Jul-2019,2019-07-04,Simmonds,OP,1,L,20,20,na,5,13:00,na,na,8,5,6,na,na,na,na,na,na,na,,
24,Jul-2019,2019-07-04,Simmonds,OP,2,L,20,17.5,na,5,13:00,na,na,7,5,9,na,na,na,na,na,na,na,entered as tangled?,
24,Jul-2019,2019-07-04,Simmonds,OP,2,L,20,17.4,na,5,13:00,na,na,6,3,9,na,na,na,na,na,na,na,entered as tangled?,
24,Jul-2019,2019-07-04,Simmonds,OP,2,L,20,17.3,na,5,13:00,na,na,9,8,10,na,na,na,na,na,na,na,entered as tangled?,
24,Jul-2019,2019-07-04,Simmonds,OP,2,L,20,15,na,5,13:00,na,na,5,0,0,3.5,na,na,na,na,na,na,,
24,Jul-2019,2019-07-04,Simmonds,OP,2,L,20,13.1,na,5,13:00,na,na,2,0,0,2.5,na,na,na,na,na,na,,
24,Jul-2019,2019-07-04,Simmonds,OP,2,L,20,8.5,na,5,13:00,na,T,16,na,na,na,na,na,na,na,na,na,,
24,Jul-2019,2019-07-04,Simmonds,OP,2,L,20,5.7,na,5,13:00,na,T,3,2,na,na,na,na,na,na,na,na,,
24,Jul-2019,2019-07-04,Simmonds,OP,2,L,20,4.4,na,5,13:00,na,na,2,0,0,3,na,na,na,na,na,na,,
24,Jul-2019,2019-07-04,Simmonds,OP,2,L,20,4.5,na,5,13:00,na,na,3,2,2,na,na,na,na,na,na,na,,
24,Jul-2019,2019-07-04,Simmonds,OP,2,L,20,2.7,na,5,13:00,na,na,1,0,0,1.5,na,na,na,na,na,na,,
24,Jul-2019,2019-07-04,Simmonds,OP,2,L,20,2,na,5,13:00,na,C,1,0,0,1.5,na,na,na,na,na,na,,
24,Jul-2019,2019-07-04,Simmonds,OP,1,L,20,1.5,na,5,13:00,na,na,4,2,3.5,na,na,na,na,na,na,na,,
24,Jul-2019,2019-07-04,Simmonds,OP,1,L,20,4.8,na,5,13:00,na,na,8,0,0,4,na,na,na,na,na,na,,
24,Jul-2019,2019-07-04,Simmonds,OP,1,L,20,6,na,5,13:00,na,na,2,0,0,3.5,na,na,na,na,na,na,,
24,Jul-2019,2019-07-04,Simmonds,OP,1,L,20,11,na,5,13:00,na,T,54,na,na,na,na,na,na,na,na,na,,
24,Jul-2019,2019-07-04,Simmonds,OP,1,L,20,12.4,na,5,13:00,na,T,20,na,na,na,na,na,na,na,na,na,,
24,Jul-2019,2019-07-04,Simmonds,OP,1,L,20,16,na,5,13:00,na,na,1,0,0,1.5,na,na,na,na,na,na,,
24,Jul-2019,2019-07-04,Simmonds,OP,1,L,20,17,na,5,13:00,na,na,3,1,0.5,na,na,na,na,na,na,na,,
24,Jul-2019,2019-07-04,Simmonds,OP,1,L,20,18,na,5,13:00,na,na,12,7,3,na,na,na,na,na,na,na,,
24,Jul-2019,2019-07-04,Simmonds,ZM,3,R,20,1.5,na,5,13:00,na,na,7,2,2.5,na,na,na,na,na,na,na,,
24,Jul-2019,2019-07-04,Simmonds,ZM,3,R,20,5.5,na,5,13:00,na,na,12,6,5,na,na,na,na,na,na,na,entered as tangled?,
24,Jul-2019,2019-07-04,Simmonds,ZM,3,R,20,6.2,na,5,13:00,na,na,3,0,0,3.5,na,na,na,na,na,na,,
24,Jul-2019,2019-07-04,Simmonds,ZM,3,R,20,6.7,na,5,13:00,na,T,7,9,na,na,na,na,na,na,na,na,,
24,Jul-2019,2019-07-04,Simmonds,ZM,3,R,20,8.6,na,5,13:00,na,na,22,18,4,na,na,na,na,na,na,na,entered as tangled?,
24,Jul-2019,2019-07-04,Simmonds,ZM,3,R,20,9.6,na,5,13:00,na,P,13,na,na,na,na,na,na,na,na,na,,
24,Jul-2019,2019-07-04,Simmonds,ZM,3,R,20,9.9,na,5,13:00,na,na,1,0,0,2.5,na,na,na,na,na,na,,
24,Jul-2019,2019-07-04,Simmonds,ZM,3,R,20,10,na,5,13:00,na,na,2,1,0.5,na,na,na,na,na,na,na,,
24,Jul-2019,2019-07-04,Simmonds,ZM,3,R,20,10.7,na,5,13:00,na,na,19,11,4,na,na,na,na,na,na,na,entered as tangled?,
24,Jul-2019,2019-07-04,Simmonds,ZM,3,R,20,11.5,na,5,13:00,na,na,29,27,1.5,na,na,na,na,na,na,na,entered as tangled?,
24,Jul-2019,2019-07-04,Simmonds,ZM,3,R,20,12.5,na,5,13:00,na,na,10,4,5,na,na,na,na,na,na,na,,
24,Jul-2019,2019-07-04,Simmonds,ZM,3,R,20,13.4,na,5,13:00,na,na,17,13,4.5,na,na,na,na,na,na,na,,
24,Jul-2019,2019-07-04,Simmonds,ZM,3,R,20,17.8,na,5,13:00,na,na,2,2,5,na,na,na,na,na,na,na,,
24,Jul-2019,2019-07-04,Simmonds,ZM,3,R,20,18.3,na,5,13:00,na,na,10,9,10,na,na,na,na,na,na,na,,
24,Jul-2019,2019-07-04,Simmonds,ZM,2,R,20,18.4,na,5,13:00,na,na,2,1,1.5,na,na,na,na,na,na,na,,
24,Jul-2019,2019-07-04,Simmonds,ZM,2,R,20,16,na,5,13:00,na,na,6,4,1,na,na,na,na,na,na,na,,
24,Jul-2019,2019-07-04,Simmonds,ZM,2,R,20,14.5,na,5,13:00,na,na,22,20,2,na,na,na,na,na,na,na,entered as tangled?,
24,Jul-2019,2019-07-04,Simmonds,ZM,2,R,20,14.1,na,5,13:00,na,na,6,3,3.5,na,na,na,na,na,na,na,,
24,Jul-2019,2019-07-04,Simmonds,ZM,2,R,20,8,na,5,13:00,na,na,22,15,4,na,na,na,na,na,na,na,,
24,Jul-2019,2019-07-04,Simmonds,ZM,2,R,20,6.5,na,5,13:00,na,na,19,14,4,na,na,na,na,na,na,na,entered as tangled?,
24,Jul-2019,2019-07-04,Simmonds,ZM,2,R,20,4.5,na,5,13:00,na,P,3,0,0,3,na,na,na,na,na,na,,
24,Jul-2019,2019-07-04,Simmonds,ZM,1,R,20,1,na,5,13:00,na,na,12,8,6,na,na,na,na,na,na,na,entered as tangled?,
24,Jul-2019,2019-07-04,Simmonds,ZM,1,R,20,11,na,5,13:00,na,na,11,4,5,na,na,na,na,na,na,na,entered as tangled?,
24,Jul-2019,2019-07-04,Simmonds,ZM,1,R,20,13.7,na,5,13:00,na,na,7,6,8,na,na,na,na,na,na,na,entered as tangled?,
24,Jul-2019,2019-07-04,Simmonds,ZM,1,R,20,16.6,na,5,13:00,na,C,3,0,0,3,na,na,na,na,na,na,,
24,Jul-2019,2019-07-04,Simmonds,ZM,1,R,20,18.7,na,5,13:00,na,na,9,5,7,na,na,na,na,na,na,na,,
24,Jul-2019,2019-07-05,Stryker,OP,1,R,20,6.2,na,4,11:00,na,na,3,2,1,na,na,na,na,na,na,na,,
24,Jul-2019,2019-07-05,Stryker,OP,1,L,20,20,na,4,11:00,na,na,7,5,0.5,na,na,na,na,na,na,na,,
24,Jul-2019,2019-07-05,Stryker,OP,1,L,20,19,na,4,11:00,na,na,7,3,5,na,na,na,na,na,na,na,,
24,Jul-2019,2019-07-05,Stryker,OP,1,L,20,18,na,4,11:00,na,na,11,5,5,na,na,na,na,na,na,na,,
24,Jul-2019,2019-07-05,Stryker,OP,1,L,20,16,na,4,11:00,na,P,25,na,na,na,na,na,na,na,na,na,,
24,Jul-2019,2019-07-05,Stryker,OP,1,L,20,13.5,na,4,11:00,na,na,4,3,4.5,na,na,na,na,na,na,na,,
24,Jul-2019,2019-07-05,Stryker,OP,1,L,20,13,na,4,11:00,na,P,36,na,na,na,na,na,na,na,na,na,,
24,Jul-2019,2019-07-05,Stryker,OP,1,L,20,10.5,na,4,11:00,na,na,3,2,3,na,na,na,na,na,na,na,,
24,Jul-2019,2019-07-05,Stryker,OP,1,L,20,10.3,na,4,11:00,na,na,5,4,6,na,na,na,na,na,na,na,,
24,Jul-2019,2019-07-05,Stryker,OP,1,L,20,10,na,4,11:00,na,na,8,4,6,na,na,na,na,na,na,na,,
24,Jul-2019,2019-07-05,Stryker,OP,1,L,20,3.6,na,4,11:00,na,na,9,4,5,na,na,na,na,na,na,na,,
24,Jul-2019,2019-07-05,Stryker,OP,1,L,20,0,na,4,11:00,na,P,7,na,na,na,na,na,na,na,na,na,,
24,Jul-2019,2019-07-05,Stryker,OP,2,R,20,12.7,na,4,11:00,na,T,8,4,na,na,na,na,na,na,na,na,,
24,Jul-2019,2019-07-05,Stryker,OP,2,R,20,12.5,na,4,11:00,na,T,5,3,na,na,na,na,na,na,na,na,,
24,Jul-2019,2019-07-05,Stryker,OP,2,R,20,11,na,4,11:00,na,T,16,12,na,na,na,na,na,na,na,na,,
24,Jul-2019,2019-07-05,Stryker,OP,2,R,20,11.1,na,4,11:00,na,P,10,na,na,na,na,na,na,na,na,na,,
24,Jul-2019,2019-07-05,Stryker,OP,2,L,20,6,na,4,11:00,na,na,15,10,7,na,na,na,na,na,na,na,,
24,Jul-2019,2019-07-05,Stryker,OP,2,L,20,11,na,4,11:00,na,T,19,na,na,na,na,na,na,na,na,na,,
24,Jul-2019,2019-07-05,Stryker,OP,2,R,20,0,na,4,11:00,na,T,8,4,na,na,na,na,na,na,na,na,,
24,Jul-2019,2019-07-05,Stryker,OP,2,R,20,0.1,na,4,11:00,na,P,7,na,na,na,na,na,na,na,na,na,,
24,Jul-2019,2019-07-05,Stryker,OP,2,R,20,0.5,na,4,11:00,na,na,10,6,7,na,na,na,na,na,na,na,entered as tangled?,
24,Jul-2019,2019-07-05,Stryker,OP,2,R,20,0.75,na,4,11:00,na,T,7,5,na,na,na,na,na,na,na,na,,
24,Jul-2019,2019-07-05,Stryker,OP,2,R,20,3.4,na,4,11:00,na,na,4,2,6,na,na,na,na,na,na,na,,
24,Jul-2019,2019-07-05,Stryker,OP,2,L,20,4.6,na,4,11:00,na,na,9,7,7,na,na,na,na,na,na,na,,
24,Jul-2019,2019-07-05,Stryker,OP,2,L,20,4.8,na,4,11:00,na,na,7,6,6,na,na,na,na,na,na,na,,
24,Jul-2019,2019-07-05,Stryker,OP,2,L,20,5,na,4,11:00,na,P,11,na,na,na,na,na,na,na,na,na,,
24,Jul-2019,2019-07-05,Stryker,OP,2,L,20,5.2,na,4,11:00,na,na,4,2,2,na,na,na,na,na,na,na,,
24,Jul-2019,2019-07-05,Stryker,OP,2,L,20,5.3,na,4,11:00,na,P,7,na,na,na,na,na,na,na,na,na,,
24,Jul-2019,2019-07-05,Stryker,DV,3,R,20,1.4,na,4,11:00,na,na,12,10,8,na,na,na,na,na,na,na,,
24,Jul-2019,2019-07-05,Stryker,DV,3,L,20,1.4,na,4,11:00,na,na,9,7,4,na,na,na,na,na,na,na,,
24,Jul-2019,2019-07-05,Stryker,DV,3,L,20,2.9,na,4,11:00,na,na,2,1,2,na,na,na,na,na,na,na,,
24,Jul-2019,2019-07-05,Stryker,DV,3,L,20,3.3,na,4,11:00,na,na,1,1,1,na,na,na,na,na,na,na,,
24,Jul-2019,2019-07-05,Stryker,DV,3,L,20,3.2,na,4,11:00,na,na,5,3,8,na,na,na,na,na,na,na,,
24,Jul-2019,2019-07-05,Stryker,DV,3,L,20,3.2,na,4,11:00,na,na,11,8,6,na,na,na,na,na,na,na,,
24,Jul-2019,2019-07-05,Stryker,DV,3,L,20,4,na,4,11:00,na,na,13,11,6.5,na,na,na,na,na,na,na,,
24,Jul-2019,2019-07-05,Stryker,DV,3,R,20,7,na,4,11:00,na,na,7,6,7.5,na,na,na,na,na,na,na,,
24,Jul-2019,2019-07-05,Stryker,DV,3,L,20,8.2,na,4,11:00,na,T,4,na,na,na,na,na,na,na,na,na,,
24,Jul-2019,2019-07-05,Stryker,DV,3,L,20,9,na,4,11:00,na,na,14,7,8,na,na,na,na,na,na,na,,
24,Jul-2019,2019-07-05,Stryker,DV,3,R,20,10.6,na,4,11:00,na,T,19,16,na,na,na,na,na,na,na,na,,
24,Jul-2019,2019-07-05,Stryker,DV,3,R,20,13,na,4,11:00,na,na,2,1,1,na,na,na,na,na,na,na,,
24,Jul-2019,2019-07-05,Stryker,DV,3,R,20,14.6,na,4,11:00,na,na,2,0,0,2,na,na,na,na,na,na,,
24,Jul-2019,2019-07-05,Stryker,DV,3,R,20,15.2,na,4,11:00,na,na,13,9,6,na,na,na,na,na,na,na,,
24,Jul-2019,2019-07-05,Stryker,DV,3,R,20,15.9,na,4,11:00,na,na,5,2,7,na,na,na,na,na,na,na,,
24,Jul-2019,2019-07-05,Stryker,DV,3,R,20,18.7,na,4,11:00,na,na,2,0,0,1,na,na,na,na,na,na,,
24,Jul-2019,2019-07-05,Stryker,DV,3,R,20,19.5,na,4,11:00,na,na,24,20,4,na,na,na,na,na,na,na,,
24,Jul-2019,2019-07-05,Stryker,DV,3,R,20,19.5,na,4,11:00,na,na,26,24,9,na,na,na,na,na,na,na,entered as tangled?,
24,Jul-2019,2019-07-09,Triquet,OP,2,R,20,1.7,na,4,10:30,na,na,10,7,3,na,na,na,na,na,na,na,,
24,Jul-2019,2019-07-09,Triquet,OP,2,R,20,1.9,na,4,10:30,na,na,5,2,1,na,na,na,na,na,na,na,,
24,Jul-2019,2019-07-09,Triquet,OP,2,R,20,17.5,na,4,10:30,na,na,3,2,1,na,na,na,na,na,na,na,,
24,Jul-2019,2019-07-09,Triquet,OP,2,R,20,17.2,na,4,10:30,na,na,3,1,1,na,na,na,na,na,na,na,,
24,Jul-2019,2019-07-09,Triquet,OP,3,R,20,1,na,4,10:30,na,na,8,3,1,na,na,na,na,na,na,na,,
24,Jul-2019,2019-07-09,Triquet,OP,3,R,20,10,na,4,10:30,na,na,3,0,0,2.5,na,na,na,na,na,na,,
24,Jul-2019,2019-07-09,Triquet,OP,3,R,20,10.6,na,4,10:30,na,na,1,1,1,na,na,na,na,na,na,na,,
24,Jul-2019,2019-07-09,Triquet,OP,3,R,20,10.7,na,4,10:30,na,na,1,0,0,1.5,na,na,na,na,na,na,,
24,Jul-2019,2019-07-09,Triquet,OP,3,R,20,11.3,na,4,10:30,na,na,5,4,3,na,na,na,na,na,na,na,,
24,Jul-2019,2019-07-09,Triquet,OP,3,R,20,11.4,na,4,10:30,na,na,2,2,2,na,na,na,na,na,na,na,,
24,Jul-2019,2019-07-09,Triquet,OP,3,R,20,11.4,na,4,10:30,na,na,5,5,2.5,na,na,na,na,na,na,na,,
24,Jul-2019,2019-07-09,Triquet,OP,3,R,20,13.3,na,4,10:30,na,na,4,0,0,2.5,na,na,na,na,na,na,entered as tangled?,
24,Jul-2019,2019-07-09,Triquet,OP,3,R,20,13.3,na,4,10:30,na,na,10,6,3,na,na,na,na,na,na,na,entered as tangled?,
24,Jul-2019,2019-07-09,Triquet,OP,3,R,20,13.5,na,4,10:30,na,na,4,3,2,na,na,na,na,na,na,na,entered as tangled?,
24,Jul-2019,2019-07-09,Triquet,OP,3,R,20,13.5,na,4,10:30,na,na,6,5,2.5,na,na,na,na,na,na,na,entered as tangled?,
24,Jul-2019,2019-07-09,Triquet,OP,3,R,20,14,na,4,10:30,na,na,4,2,1.5,na,na,na,na,na,na,na,entered as tangled?,
24,Jul-2019,2019-07-09,Triquet,OP,3,R,20,14,na,4,10:30,na,na,5,4,3,na,na,na,na,na,na,na,entered as tangled?,
24,Jul-2019,2019-07-09,Triquet,OP,3,R,20,14,na,4,10:30,na,na,8,4,2.5,na,na,na,na,na,na,na,entered as tangled?,
24,Jul-2019,2019-07-09,Triquet,OP,3,L,20,20,na,4,10:30,na,na,5,1,0.5,na,na,na,na,na,na,na,,
24,Jul-2019,2019-07-09,Triquet,OP,1,L,20,0.2,na,4,10:30,na,na,7,4,1.5,na,na,na,na,na,na,na,,
24,Jul-2019,2019-07-09,Triquet,OP,1,R,20,0.5,na,4,10:30,na,na,3,1,0.5,na,na,na,na,na,na,na,,
24,Jul-2019,2019-07-09,Triquet,OP,1,R,20,10,na,4,10:30,na,na,13,9,3,na,na,na,na,na,na,na,,
24,Jul-2019,2019-07-09,Triquet,OP,1,L,20,15,na,4,10:30,na,na,8,0,0,2.5,na,na,na,na,na,na,,
24,Jul-2019,2019-07-09,Triquet,OP,1,R,20,15.5,na,4,10:30,na,na,5,3,2,na,na,na,na,na,na,na,,
24,Jul-2019,2019-07-09,Triquet,OP,1,R,20,15.6,na,4,10:30,na,na,6,5,2,na,na,na,na,na,na,na,,
24,Jul-2019,2019-07-09,Triquet,OP,1,R,20,17.5,na,4,10:30,na,na,9,6,3,na,na,na,na,na,na,na,,
24,Jul-2019,2019-07-09,Triquet,OP,1,R,20,17.6,na,4,10:30,na,na,2,0,0,3.5,na,na,na,na,na,na,,
24,Jul-2019,2019-07-09,Triquet,OP,1,R,20,17.8,na,4,10:30,na,na,4,2,2,na,na,na,na,na,na,na,,
24,Jul-2019,2019-07-09,Triquet,OP,1,R,20,18,na,4,10:30,na,na,6,4,3,na,na,na,na,na,na,na,,
24,Jul-2019,2019-07-09,Womanley,OP,2,L,20,5,na,5,13:30,na,na,4,1,0.5,na,na,na,na,na,na,na,,
24,Jul-2019,2019-07-09,Womanley,OP,2,L,20,4.5,na,5,13:30,na,na,3,0,0,1,na,na,na,na,na,na,,
24,Jul-2019,2019-07-09,Womanley,OP,2,L,20,5,na,5,13:30,na,na,3,1,4,na,na,na,na,na,na,na,,
24,Jul-2019,2019-07-09,Womanley,OP,2,R,20,6.5,na,5,13:30,na,na,3,1,1,na,na,na,na,na,na,na,,
24,Jul-2019,2019-07-09,Womanley,OP,2,R,20,7.1,na,5,13:30,na,na,1,0,0,1,na,na,na,na,na,na,,
24,Jul-2019,2019-07-09,Womanley,OP,2,L,20,7.3,na,5,13:30,na,na,2,0,0,1,na,na,na,na,na,na,,
24,Jul-2019,2019-07-09,Womanley,OP,2,R,20,7.5,na,5,13:30,na,na,9,6,4,na,na,na,na,na,na,na,,
24,Jul-2019,2019-07-09,Womanley,OP,2,R,20,7.7,na,5,13:30,na,na,1,0,0,1,na,na,na,na,na,na,,
24,Jul-2019,2019-07-09,Womanley,OP,2,L,20,9.3,na,5,13:30,na,na,18,12,6,na,na,na,na,na,na,na,,
24,Jul-2019,2019-07-09,Womanley,OP,2,L,20,9.5,na,5,13:30,na,na,1,0,0,1,na,na,na,na,na,na,,
24,Jul-2019,2019-07-09,Womanley,OP,2,R,20,9.5,na,5,13:30,na,na,4,2,3,na,na,na,na,na,na,na,,
24,Jul-2019,2019-07-09,Womanley,OP,2,R,20,13,na,5,13:30,na,na,2,0,0,1,na,na,na,na,na,na,entered as tangled?,
24,Jul-2019,2019-07-09,Womanley,OP,2,L,20,15,na,5,13:30,na,na,4,4,6,na,na,na,na,na,na,na,entered as tangled?,
24,Jul-2019,2019-07-09,Womanley,OP,2,L,20,15,na,5,13:30,na,na,3,2,6,na,na,na,na,na,na,na,entered as tangled?,
24,Jul-2019,2019-07-09,Womanley,OP,2,L,20,15,na,5,13:30,na,na,5,5,7,na,na,na,na,na,na,na,entered as tangled?,
24,Jul-2019,2019-07-09,Womanley,OP,2,R,20,15,na,5,13:30,na,C,3,0,0,2.5,na,na,na,na,na,na,,
24,Jul-2019,2019-07-09,Womanley,OP,2,L,20,16.3,na,5,13:30,na,na,3,1,2.5,na,na,na,na,na,na,na,,
24,Jul-2019,2019-07-09,Womanley,OP,2,R,20,19.5,na,5,13:30,na,na,3,1,0.5,na,na,na,na,na,na,na,,
24,Jul-2019,2019-07-09,Womanley,OP,3,R,20,9.5,na,5,13:30,na,na,5,3,3,na,na,na,na,na,na,na,,
24,Jul-2019,2019-07-09,Womanley,OP,3,R,20,9.7,na,5,13:30,na,na,2,1,2.5,na,na,na,na,na,na,na,,
24,Jul-2019,2019-07-09,Womanley,OP,3,L,20,9.5,na,5,13:30,na,P,8,na,na,na,na,na,na,na,na,na,,
24,Jul-2019,2019-07-09,Womanley,OP,3,L,20,13,na,5,13:30,na,P,5,na,na,na,na,na,na,na,na,na,,
24,Jul-2019,2019-07-09,Womanley,OP,3,R,20,17,na,5,13:30,na,na,2,1,2,na,na,na,na,na,na,na,entered as tangled?,
24,Jul-2019,2019-07-09,Womanley,OP,1,R,20,12,na,5,13:30,na,C,1,0,0,1.5,na,na,na,na,na,na,,
24,Jul-2019,2019-07-09,Womanley,OP,1,R,20,12,na,5,13:30,na,C,2,0,0,1.5,na,na,na,na,na,na,,
24,Jul-2019,2019-07-09,Womanley,OP,1,L,20,12,na,5,13:30,na,P,2,na,na,na,na,na,na,na,na,na,,
24,Jul-2019,2019-07-09,Womanley,OP,1,R,20,8.5,na,5,13:30,na,P,2,na,na,na,na,na,na,na,na,na,,
24,Jul-2019,2019-07-09,Womanley,OP,1,L,20,6.5,na,5,13:30,na,na,18,10,5,na,na,na,na,na,na,na,,
24,Jul-2019,2019-07-09,Womanley,OP,1,L,20,0,na,5,13:30,na,na,5,5,5.5,na,na,na,na,na,na,na,,
24,Jul-2019,2019-07-09,Womanley,OP,1,L,20,2,na,5,13:30,na,na,14,10,3,na,na,na,na,na,na,na,entered as tangled?,
24,Jul-2019,2019-07-09,Womanley,OP,1,L,20,2,na,5,13:30,na,na,5,5,2,na,na,na,na,na,na,na,entered as tangled?,
24,Jul-2019,2019-07-09,Womanley,OP,1,R,20,3.4,na,5,13:30,na,na,9,9,4,na,na,na,na,na,na,na,,
24,Jul-2019,2019-07-09,Womanley,OP,1,L,20,3.2,na,5,13:30,na,na,9,9,2,na,na,na,na,na,na,na,entered as tangled?,
24,Jul-2019,2019-07-09,Manley,LL,3,L,20,9,na,4,15:00,na,na,4,2,2,na,na,na,na,na,na,na,entered as tangled?,
24,Jul-2019,2019-07-09,Manley,LL,3,L,20,9.1,na,4,15:00,na,na,4,2,1,na,na,na,na,na,na,na,entered as tangled?,
24,Jul-2019,2019-07-09,Manley,LL,3,L,20,11,na,4,15:00,na,na,3,2,0,na,na,na,na,na,na,na,entered as tangled?,
24,Jul-2019,2019-07-09,Manley,LL,3,L,20,17,na,4,15:00,na,na,3,2,1,na,na,na,na,na,na,na,entered as tangled?,
24,Jul-2019,2019-07-09,Manley,LL,3,L,20,19,na,4,15:00,na,na,11,6,3,na,na,na,na,na,na,na,entered as tangled?,
24,Jul-2019,2019-07-09,Manley,LL,3,L,20,19,na,4,15:00,na,na,3,2,0.5,na,na,na,na,na,na,na,entered as tangled?,
24,Jul-2019,2019-07-09,Manley,LL,1,L,20,11,na,4,15:00,na,na,13,5,3,na,na,na,na,na,na,na,entered as tangled?,
24,Jul-2019,2019-07-09,Manley,LL,1,L,20,11,na,4,15:00,na,na,7,3,1,na,na,na,na,na,na,na,entered as tangled?,
24,Jul-2019,2019-07-09,Manley,LL,1,L,20,11,na,4,15:00,na,na,19,12,0.5,na,na,na,na,na,na,na,entered as tangled?,
24,Jul-2019,2019-07-09,Manley,LL,1,L,20,15,na,4,15:00,na,na,4,1,0,na,na,na,na,na,na,na,entered as tangled?,
24,Jul-2019,2019-07-09,Manley,OP,2,R,20,1,na,4,15:00,na,na,6,5,3,na,na,na,na,na,na,na,,
24,Jul-2019,2019-07-09,Manley,OP,2,R,20,3,na,4,15:00,na,na,66,51,6,na,na,na,na,na,na,na,,
24,Jul-2019,2019-07-09,Manley,OP,2,L,20,3,na,4,15:00,na,na,26,19,7,na,na,na,na,na,na,na,,
24,Jul-2019,2019-07-09,Manley,OP,2,R,20,5,na,4,15:00,na,P,51,na,na,na,na,na,na,na,na,na,in datasheet marked as T not P but I think this was an oversight. also another 70 fronds considered as P at 5.4 but I think there migth have been some over counts,
24,Jul-2019,2019-07-09,Manley,OP,2,L,20,6,na,4,15:00,na,na,15,10,4,na,na,na,na,na,na,na,,
24,Jul-2019,2019-07-09,Manley,OP,2,L,20,5.5,na,4,15:00,na,P,5,na,na,na,na,na,na,na,na,na,,
24,Jul-2019,2019-07-09,Manley,OP,2,L,20,5.3,na,4,15:00,na,P,14,na,na,na,na,na,na,na,na,na,,
24,Jul-2019,2019-07-09,Manley,OP,2,L,20,7,na,4,15:00,na,na,28,22,5,na,na,na,na,na,na,na,,
24,Jul-2019,2019-07-12,Westbeach,DV,1,R,20,2.5,na,2,10:00,na,T,19,15,na,na,na,na,na,na,na,na,,
24,Jul-2019,2019-07-12,Westbeach,DV,1,R,20,2.5,na,2,10:00,na,na,28,22,8,na,na,na,na,na,na,na,,
24,Jul-2019,2019-07-12,Westbeach,DV,1,R,20,3.5,na,2,10:00,na,na,6,6,12,na,na,na,na,na,na,na,,
24,Jul-2019,2019-07-12,Westbeach,DV,1,R,20,3.5,na,2,10:00,na,na,5,5,10,na,na,na,na,na,na,na,,
24,Jul-2019,2019-07-12,Westbeach,DV,1,L,20,5.2,na,2,10:00,na,na,2,2,7.5,na,na,na,na,na,na,na,,
24,Jul-2019,2019-07-12,Westbeach,DV,1,L,20,5.6,na,2,10:00,na,na,15,14,6.5,na,na,na,na,na,na,na,,
24,Jul-2019,2019-07-12,Westbeach,DV,1,R,20,5.3,na,2,10:00,na,na,39,36,14,na,na,na,na,na,na,na,,
24,Jul-2019,2019-07-12,Westbeach,DV,1,R,20,5.3,na,2,10:00,na,na,8,6,13,na,na,na,na,na,na,na,,
24,Jul-2019,2019-07-12,Westbeach,DV,1,R,20,5.5,na,2,10:00,na,P,19,17,11,na,na,na,na,na,na,na,,
24,Jul-2019,2019-07-12,Westbeach,DV,1,L,20,9,na,2,10:00,na,na,12,8,10,na,na,na,na,na,na,na,,
24,Jul-2019,2019-07-12,Westbeach,DV,1,L,20,9.6,na,2,10:00,na,na,16,11,11,na,na,na,na,na,na,na,,
24,Jul-2019,2019-07-12,Westbeach,DV,1,R,20,11,na,2,10:00,na,na,9,9,12.5,na,na,na,na,na,na,na,,
24,Jul-2019,2019-07-12,Westbeach,DV,1,R,20,11,na,2,10:00,na,na,11,9,14,na,na,na,na,na,na,na,,
24,Jul-2019,2019-07-12,Westbeach,DV,1,R,20,11.2,na,2,10:00,na,na,12,8,14,na,na,na,na,na,na,na,,
24,Jul-2019,2019-07-12,Westbeach,DV,1,L,20,12,na,2,10:00,na,na,16,14,13,na,na,na,na,na,na,na,,
24,Jul-2019,2019-07-12,Westbeach,DV,1,R,20,12.6,na,2,10:00,na,na,2,2,12,na,na,na,na,na,na,na,,
24,Jul-2019,2019-07-12,Westbeach,DV,1,R,20,13,na,2,10:00,na,na,15,14,4.5,na,na,na,na,na,na,na,,
24,Jul-2019,2019-07-12,Westbeach,DV,1,R,20,13.2,na,2,10:00,na,na,4,3,14,na,na,na,na,na,na,na,,
24,Jul-2019,2019-07-12,Westbeach,DV,1,R,20,14.7,na,2,10:00,na,na,6,4,7,na,na,na,na,na,na,na,,
24,Jul-2019,2019-07-12,Westbeach,DV,1,L,20,19,na,2,10:00,na,na,6,3,7,na,na,na,na,na,na,na,,
24,Jul-2019,2019-07-12,Westbeach,DV,2,L,20,14.6,na,2,10:00,na,na,16,15,3,na,na,na,na,na,na,na,,
24,Jul-2019,2019-07-12,Westbeach,DV,2,L,20,11.8,na,2,10:00,na,na,30,29,14,na,na,na,na,na,na,na,,
24,Jul-2019,2019-07-12,Westbeach,DV,2,R,20,12,na,2,10:00,na,na,7,5,13,na,na,na,na,na,na,na,,
24,Jul-2019,2019-07-12,Westbeach,DV,2,R,20,10.2,na,2,10:00,na,na,22,20,9,na,na,na,na,na,na,na,,
24,Jul-2019,2019-07-12,Westbeach,DV,2,R,20,10.5,na,2,10:00,na,na,21,20,14,na,na,na,na,na,na,na,,
24,Jul-2019,2019-07-12,Westbeach,DV,2,L,20,11.2,na,2,10:00,na,na,21,18,12,na,na,na,na,na,na,na,,
24,Jul-2019,2019-07-12,Westbeach,DV,2,R,20,11.2,na,2,10:00,na,na,11,8,17,na,na,na,na,na,na,na,,
24,Jul-2019,2019-07-12,Westbeach,DV,2,R,20,7,na,2,10:00,na,na,5,4,12.5,na,na,na,na,na,na,na,,
24,Jul-2019,2019-07-12,Westbeach,DV,2,R,20,7,na,2,10:00,na,na,5,3,7,na,na,na,na,na,na,na,,
24,Jul-2019,2019-07-12,Westbeach,DV,2,R,20,8.1,na,2,10:00,na,na,14,12,10,na,na,na,na,na,na,na,,
24,Jul-2019,2019-07-12,Westbeach,DV,2,R,20,8.9,na,2,10:00,na,na,7,6,11,na,na,na,na,na,na,na,,
24,Jul-2019,2019-07-12,Westbeach,DV,2,L,20,5.5,na,2,10:00,na,na,12,10,9.5,na,na,na,na,na,na,na,,
24,Jul-2019,2019-07-12,Westbeach,DV,2,L,20,5.4,na,2,10:00,na,na,5,3,11,na,na,na,na,na,na,na,,
24,Jul-2019,2019-07-12,Westbeach,DV,2,L,20,5.9,na,2,10:00,na,na,8,5,8,na,na,na,na,na,na,na,,
24,Jul-2019,2019-07-12,Westbeach,DV,2,R,20,5.9,na,2,10:00,na,na,5,3,13,na,na,na,na,na,na,na,,
24,Jul-2019,2019-07-12,Westbeach,DV,2,L,20,1.2,na,2,10:00,na,na,2,2,9,na,na,na,na,na,na,na,,
24,Jul-2019,2019-07-12,Westbeach,DV,2,R,20,1.3,na,2,10:00,na,na,2,1,9,na,na,na,na,na,na,na,,
24,Jul-2019,2019-07-12,Westbeach,DV,2,R,20,2.2,na,2,10:00,na,na,6,6,12,na,na,na,na,na,na,na,,
24,Jul-2019,2019-07-12,Westbeach,OP,3,L,20,18.2,na,2,10:00,na,na,35,27,10,na,na,na,na,na,na,na,,
24,Jul-2019,2019-07-12,Westbeach,OP,3,L,20,18.3,na,2,10:00,na,na,30,26,8,na,na,na,na,na,na,na,,
24,Jul-2019,2019-07-12,Westbeach,OP,3,L,20,18.4,na,2,10:00,na,na,9,8,12,na,na,na,na,na,na,na,,
24,Jul-2019,2019-07-12,Westbeach,OP,3,L,20,16,na,2,10:00,na,na,7,4,3,na,na,na,na,na,na,na,,
24,Jul-2019,2019-07-12,Westbeach,OP,3,R,20,16,na,2,10:00,na,P,19,na,na,na,na,na,na,na,na,na,,
24,Jul-2019,2019-07-12,Westbeach,OP,3,L,20,16.1,na,2,10:00,na,P,5,4,4,na,na,na,na,na,na,na,,
24,Jul-2019,2019-07-12,Westbeach,OP,3,L,20,14.5,na,2,10:00,na,P,12,11,8,na,na,na,na,na,na,na,,
24,Jul-2019,2019-07-12,Westbeach,OP,3,L,20,14.6,na,2,10:00,na,P,6,na,na,na,na,na,na,na,na,na,,
24,Jul-2019,2019-07-12,Westbeach,OP,3,L,20,14.6,na,2,10:00,na,P,14,na,na,na,na,na,na,na,na,na,,
24,Jul-2019,2019-07-12,Westbeach,OP,3,L,20,13.7,na,2,10:00,na,P,12,10,7,na,na,na,na,na,na,na,,
24,Jul-2019,2019-07-12,Westbeach,OP,3,L,20,12.2,na,2,10:00,na,P,6,6,6,na,na,na,na,na,na,na,,
24,Jul-2019,2019-07-12,Westbeach,OP,3,L,20,11.7,na,2,10:00,na,P,8,8,8,na,na,na,na,na,na,na,,
24,Jul-2019,2019-07-12,Westbeach,OP,3,L,20,11.4,na,2,10:00,na,P,5,5,9,na,na,na,na,na,na,na,,
24,Jul-2019,2019-07-12,Westbeach,OP,3,L,20,11.3,na,2,10:00,na,P,6,6,9,na,na,na,na,na,na,na,,
24,Jul-2019,2019-07-12,Westbeach,OP,3,R,20,10.9,na,2,10:00,na,P,18,na,na,na,na,na,na,na,na,na,,
24,Jul-2019,2019-07-12,Westbeach,OP,3,R,20,10.8,na,2,10:00,na,P,21,na,na,na,na,na,na,na,na,na,,
24,Jul-2019,2019-07-12,Westbeach,OP,3,L,20,10.4,na,2,10:00,na,P,2,2,5,na,na,na,na,na,na,na,,
24,Jul-2019,2019-07-12,Westbeach,OP,3,R,20,7.7,na,2,10:00,na,P,8,5,7.5,na,na,na,na,na,na,na,,
24,Jul-2019,2019-07-12,Westbeach,OP,3,R,20,7.6,na,2,10:00,na,P,21,17,8.3,na,na,na,na,na,na,na,,
24,Jul-2019,2019-07-12,Westbeach,OP,3,L,20,7.1,na,2,10:00,na,P,19,14,7,na,na,na,na,na,na,na,,
24,Jul-2019,2019-07-12,Westbeach,OP,3,L,20,5.5,na,2,10:00,na,P,10,9,8,na,na,na,na,na,na,na,,
24,Jul-2019,2019-07-12,Westbeach,OP,3,L,20,5.6,na,2,10:00,na,P,8,na,na,na,na,na,na,na,na,na,,
24,Jul-2019,2019-07-12,Westbeach,OP,3,L,20,5.2,na,2,10:00,na,P,5,4,6,na,na,na,na,na,na,na,,
24,Jul-2019,2019-07-12,Westbeach,OP,3,L,20,5.3,na,2,10:00,na,P,2,0,0,1.5,na,na,na,na,na,na,,
24,Jul-2019,2019-07-12,Westbeach,OP,3,R,20,4.5,na,2,10:00,na,P,49,47,12,na,na,na,na,na,na,na,,
24,Jul-2019,2019-07-12,Westbeach,OP,3,L,20,4.5,na,2,10:00,na,na,8,4,8,na,na,na,na,na,na,na,entered as tangled?,
24,Jul-2019,2019-07-12,Westbeach,OP,3,R,20,4.2,na,2,10:00,na,na,5,4,6.5,na,na,na,na,na,na,na,entered as tangled?,
24,Jul-2019,2019-07-12,Westbeach,OP,3,R,20,3.6,na,2,10:00,na,na,9,6,9,na,na,na,na,na,na,na,entered as tangled?,
24,Jul-2019,2019-07-12,Westbeach,OP,3,R,20,3.4,na,2,10:00,na,na,3,1,3,na,na,na,na,na,na,na,entered as tangled?,
24,Jul-2019,2019-07-12,Westbeach,OP,3,L,20,3.4,na,2,10:00,na,na,4,2,4,na,na,na,na,na,na,na,entered as tangled?,
24,Jul-2019,2019-07-12,Westbeach,OP,3,L,20,3.6,na,2,10:00,na,na,10,9,8,na,na,na,na,na,na,na,,
24,Jul-2019,2019-07-12,Westbeach,OP,3,L,20,3.6,na,2,10:00,na,P,21,na,na,na,na,na,na,na,na,na,,
24,Jul-2019,2019-07-13,Golden,LL,3,R,20,20,na,4,11:45,na,na,21,13,8,na,na,na,na,na,na,na,,
24,Jul-2019,2019-07-13,Golden,KH,1,L,20,13,na,4,11:45,na,na,3,0,0,1.75,na,na,na,na,na,na,,
24,Jul-2019,2019-07-13,Golden,KH,1,R,20,13,na,4,11:45,na,na,1,0,0,1.75,na,na,na,na,na,na,,
24,Jul-2019,2019-07-13,Golden,KH,1,L,20,13,na,4,11:45,na,na,9,5,4,na,na,na,na,na,na,na,,
24,Jul-2019,2019-07-13,Golden,KH,1,L,20,13,na,4,11:45,na,na,2,2,2.5,na,na,na,na,na,na,na,,
24,Jul-2019,2019-07-13,Golden,DV,2,L,20,2,na,4,11:45,na,na,12,8,1,na,na,na,na,na,na,na,,
24,Jul-2019,2019-07-13,Golden,DV,2,R,20,10,na,4,11:45,na,na,4,2,1,na,na,na,na,na,na,na,,
24,Jul-2019,2019-07-13,Golden,DV,2,R,20,18,na,4,11:45,na,na,4,2,2,na,na,na,na,na,na,na,,
24,Jul-2019,2019-07-11,Meay,LL,3,L,20,5.4,na,2,9:13,na,na,2,0,0,2,na,na,na,na,na,na,,
24,Jul-2019,2019-07-11,Meay,LL,3,L,20,15.1,na,2,9:13,na,na,7,2,1,na,na,na,na,na,na,na,,
24,Jul-2019,2019-07-11,Meay,LL,3,R,20,17,na,2,9:13,na,na,8,2,2,na,na,na,na,na,na,na,,
24,Jul-2019,2019-07-11,Meay,LL,3,L,20,18,na,2,9:13,na,na,11,6,4,na,na,na,na,na,na,na,,
24,Jul-2019,2019-07-11,Meay,KH,1,R,20,13.5,na,2,9:13,na,na,1,0,0,2,na,na,na,na,na,na,,
24,Jul-2019,2019-07-11,Meay,KH,1,R,20,9,na,2,9:13,na,na,1,0,0,1.5,na,na,na,na,na,na,,
25,Jul-2020,2020-07-05,Womanley,DVM,3,R,20,1.5,na,5,9:40,na,na,11,4,3,na,na,na,na,na,na,na,,
25,Jul-2020,2020-07-05,Womanley,DVM,2,L,20,9.4,na,5,9:40,na,na,11,7,6,na,na,na,na,na,na,na,,
25,Jul-2020,2020-07-05,Womanley,DVM,2,L,20,8.4,na,5,9:40,na,na,4,1,0.5,na,na,na,na,na,na,na,,
25,Jul-2020,2020-07-05,Womanley,DVM,1,L,20,2.6,na,5,9:40,na,T,6,4,na,na,na,na,na,na,na,na,,
25,Jul-2020,2020-07-10,Triquet,DVM,3,R,20,1,na,4,10:15,na,na,2,0,0,1.5,na,na,na,na,na,na,,
25,Jul-2020,2020-07-10,Triquet,DVM,1,L,20,0,na,4,10:15,na,na,5,3,1,na,na,na,na,na,na,na,,
25,Jul-2020,2020-07-10,Triquet,DVM,1,L,20,0.5,na,4,10:15,na,na,7,4,4.5,na,na,na,na,na,na,na,,
25,Jul-2020,2020-07-10,Triquet,DVM,1,R,20,0.5,na,4,10:15,na,na,1,0,0,1,na,na,na,na,na,na,,
25,Jul-2020,2020-07-10,Triquet,DVM,1,L,20,16,na,4,10:15,na,na,3,3,3,na,na,na,na,na,na,na,,
25,Jul-2020,2020-07-10,Triquet,DVM,1,R,20,17,na,4,10:15,na,na,6,5,7.5,na,na,na,na,na,na,na,,
25,Jul-2020,2020-07-10,Triquet,DVM,1,R,20,16.2,na,4,10:15,na,na,11,10,11,na,na,na,na,na,na,na,,
25,Jul-2020,2020-07-10,Triquet,DVM,1,L,20,16.1,na,4,10:15,na,na,1,0,0,1,na,na,na,na,na,na,,
25,Jul-2020,2020-07-10,Triquet,DVM,1,L,20,19,na,4,10:15,na,na,3,3,7,na,na,na,na,na,na,na,,
25,Jul-2020,2020-07-10,Triquet,DVM,1,R,20,19,na,4,10:15,na,na,7,4,6,na,na,na,na,na,na,na,,
25,Jul-2020,2020-07-10,Triquet,DVM,1,R,20,19,na,4,10:15,na,na,7,4,6,na,na,na,na,na,na,na,,
25,Jul-2020,2020-07-10,Triquet,DVM,3,R,20,13,na,4,10:15,na,na,5,5,6,na,na,na,na,na,na,na,,
25,Jul-2020,2020-07-10,Triquet,DVM,3,R,20,13.1,na,4,10:15,na,na,11,10,3,na,na,na,na,na,na,na,,
25,Jul-2020,2020-07-10,Triquet,DVM,3,R,20,13.3,na,4,10:15,na,na,11,8,9.5,na,na,na,na,na,na,na,,
25,Jul-2020,2020-07-10,Triquet,DVM,2,R,20,17,na,4,10:15,na,na,5,2,3.5,na,na,na,na,na,na,na,,
25,Jul-2020,2020-07-10,Triquet,DVM,2,L,20,12,na,4,10:15,na,na,4,4,4,na,na,na,na,na,na,na,,
25,Jul-2020,2020-07-10,Meay,KH,2,L,20,17.5,na,2,14:15,na,na,4,2,2,na,na,na,na,na,na,na,,
25,Jul-2020,2020-07-10,Meay,KH,3,L,20,4.5,na,2,14:15,na,na,11,7,6.25,na,na,na,na,na,na,na,,
25,Jul-2020,2020-07-10,Meay,KH,3,L,20,4.7,na,2,14:15,na,na,2,0,0,1.25,na,na,na,na,na,na,,
25,Jul-2020,2020-07-10,Meay,KH,3,R,20,16.3,na,2,14:15,na,na,11,4,4,na,na,na,na,na,na,na,,
25,Jul-2020,2020-07-10,Meay,KH,3,R,20,17,na,2,14:15,na,na,7,6,5,na,na,na,na,na,na,na,,
25,Jul-2020,2020-07-10,Meay,KH,3,L,20,17.2,na,2,14:15,na,na,3,3,7,na,na,na,na,na,na,na,,
25,Jul-2020,2020-07-10,Meay,KH,3,L,20,17.4,na,2,14:15,na,na,2,1,3,na,na,na,na,na,na,na,,
25,Jul-2020,2020-07-10,Meay,KH,3,L,20,17.4,na,2,14:15,na,na,3,2,7,na,na,na,na,na,na,na,,
25,Jul-2020,2020-07-10,Meay,KH,3,L,20,17.4,na,2,14:15,na,na,6,3,11,na,na,na,na,na,na,na,,
25,Jul-2020,2020-07-10,Meay,KH,3,R,20,17.6,na,2,14:15,na,na,2,2,4,na,na,na,na,na,na,na,,
25,Jul-2020,2020-07-10,Meay,KH,3,L,20,20,na,2,14:15,na,na,5,1,5,na,na,na,na,na,na,na,,
25,Jul-2020,2020-07-10,Meay,KH,3,L,20,20,na,2,14:15,na,na,5,2,8,na,na,na,na,na,na,na,,
25,Jul-2020,2020-07-10,Meay,KH,1,L,20,9.5,na,2,14:15,na,na,2,1,0.5,na,na,na,na,na,na,na,,
25,Jul-2020,2020-07-13,Manley,OP/KH/LL,1,L,20,8.6,na,5,14:50,na,T,12,11,na,na,na,na,na,na,na,na,,
25,Jul-2020,2020-07-13,Manley,OP/KH/LL,1,L,20,7.9,na,5,14:50,na,T,3,2,na,na,na,na,na,na,na,na,,
25,Jul-2020,2020-07-13,Manley,OP/KH/LL,1,L,20,3.4,na,5,14:50,na,T,5,3,na,na,na,na,na,na,na,na,,
25,Jul-2020,2020-07-13,Manley,OP/KH/LL,2,R,20,2,na,5,14:50,na,na,10,6,6,na,na,na,na,na,na,na,estimated lengths most very tangled,
25,Jul-2020,2020-07-13,Manley,OP/KH/LL,2,R,20,6,na,5,14:50,na,T,71,na,na,na,na,na,na,na,na,na,,
25,Jul-2020,2020-07-13,Manley,OP/KH/LL,2,L,20,6,na,5,14:50,na,na,12,10,8,na,na,na,na,na,na,na,estimated lengths most very tangled,
25,Jul-2020,2020-07-13,Manley,OP/KH/LL,2,L,20,4,na,5,14:50,na,na,7,7,4,na,na,na,na,na,na,na,estimated lengths most very tangled,
25,Jul-2020,2020-07-13,Manley,OP/KH/LL,2,L,20,7,na,5,14:50,na,na,3,3,4,na,na,na,na,na,na,na,estimated lengths most very tangled,
25,Jul-2020,2020-07-13,Manley,OP/KH/LL,2,R,20,8,na,5,14:50,na,T,4,na,na,na,na,na,na,na,na,na,,
25,Jul-2020,2020-07-13,Manley,OP/KH/LL,2,R,20,9,na,5,14:50,na,na,3,2,4,na,na,na,na,na,na,na,estimated lengths most very tangled,
25,Jul-2020,2020-07-13,Manley,OP/KH/LL,2,R,20,9,na,5,14:50,na,na,4,4,6,na,na,na,na,na,na,na,estimated lengths most very tangled,
25,Jul-2020,2020-07-13,Manley,OP/KH/LL,2,R,20,9,na,5,14:50,na,na,4,2,4,na,na,na,na,na,na,na,estimated lengths most very tangled,
25,Jul-2020,2020-07-13,Manley,OP/KH/LL,2,R,20,9,na,5,14:50,na,na,1,0,0,1.25,na,na,na,na,na,na,,
25,Jul-2020,2020-07-13,Manley,OP/KH/LL,2,L,20,10,na,5,14:50,na,na,2,1,2,na,na,na,na,na,na,na,,
25,Jul-2020,2020-07-13,Manley,OP/KH/LL,2,L,20,12,na,5,14:50,na,T,65,na,na,na,na,na,na,na,na,na,,
25,Jul-2020,2020-07-13,Manley,OP/KH/LL,3,L,20,5,na,5,14:50,na,na,2,1,1,na,na,na,na,na,na,na,,
25,Jul-2020,2020-07-13,Manley,OP/KH/LL,3,L,20,0,na,5,14:50,na,na,4,4,3,na,na,na,na,na,na,na,,
25,Jul-2020,2020-07-13,Manley,OP/KH/LL,3,L,20,0.2,na,5,14:50,na,T,13,na,na,na,na,na,na,na,na,na,,
25,Jul-2020,2020-07-13,Manley,OP/KH/LL,3,R,20,2,na,5,14:50,na,na,1,0,0,1.5,na,na,na,na,na,na,,
25,Jul-2020,2020-07-13,Manley,OP/KH/LL,3,L,20,5,na,5,14:50,na,na,1,0,0,1.25,na,na,na,na,na,na,,
25,Jul-2020,2020-07-16,Golden,OP,1,R,20,10.7,na,4,10:30,na,na,2,0,0,2,na,na,na,na,na,na,,
25,Jul-2020,2020-07-16,Golden,OP,1,R,20,14,na,4,10:30,na,P,11,5,5,na,na,na,na,na,na,na,,
25,Jul-2020,2020-07-16,Golden,OP,1,L,20,18.8,na,4,10:30,na,P,9,5,5,na,na,na,na,na,na,na,,
25,Jul-2020,2020-07-16,Golden,KH,2,R,20,12.8,na,4,10:17,na,na,5,3,2,na,na,na,na,na,na,na,,
25,Jul-2020,2020-07-16,Golden,KH,2,R,20,12.7,na,4,10:17,na,na,36,26,3,na,na,na,na,na,na,na,,
25,Jul-2020,2020-07-16,Golden,KH,2,R,20,20,na,4,10:17,na,C,7,6,2,na,na,na,na,na,na,na,,
25,Jul-2020,2020-07-16,Golden,KH,3,R,20,3.5,na,4,10:17,na,T,19,na,na,na,na,na,na,na,na,na,,
25,Jul-2020,2020-07-16,Golden,KH,3,L,20,9.8,na,4,10:17,na,na,10,7,10,na,na,na,na,na,na,na,,
25,Jul-2020,2020-07-16,Simmonds,OP,2,R,20,6.2,na,5,13:00,na,na,7,5,7,na,na,na,na,na,na,na,"Tangled, Fronds_SFC estimated",
25,Jul-2020,2020-07-16,Simmonds,OP,2,R,20,6.2,na,5,13:00,na,na,5,4,7,na,na,na,na,na,na,na,"Tangled, Fronds_SFC estimated",
25,Jul-2020,2020-07-16,Simmonds,OP,2,R,20,6.2,na,5,13:00,na,na,4,4,7,na,na,na,na,na,na,na,"Tangled, Fronds_SFC estimated",
25,Jul-2020,2020-07-16,Simmonds,OP,2,R,20,6.2,na,5,13:00,na,T,1,1,6,na,na,na,na,na,na,na,,
25,Jul-2020,2020-07-16,Simmonds,OP,2,R,20,8.2,na,5,13:00,na,T,5,2,2,na,na,na,na,na,na,na,,
25,Jul-2020,2020-07-16,Simmonds,OP,2,L,20,8.2,na,5,13:00,na,T,28,25,8,na,na,na,na,na,na,na,,
25,Jul-2020,2020-07-16,Simmonds,OP,2,L,20,9.6,na,5,13:00,na,P,11,na,na,na,na,na,na,na,na,na,,
25,Jul-2020,2020-07-16,Simmonds,OP,2,R,20,14,na,5,13:00,na,na,3,1,0.5,na,na,na,na,na,na,na,,
25,Jul-2020,2020-07-16,Simmonds,OP,2,R,20,14.2,na,5,13:00,na,na,3,1,7,na,na,na,na,na,na,na,"Tangled, SFC_Length estimated",
25,Jul-2020,2020-07-16,Simmonds,OP,2,R,20,14.2,na,5,13:00,na,na,3,2,7,na,na,na,na,na,na,na,"Tangled, SFC_Length estimated",
25,Jul-2020,2020-07-16,Simmonds,OP,2,R,20,15.3,na,5,13:00,na,na,3,1,7,na,na,na,na,na,na,na,"Tangled, SFC_Length estimated",
25,Jul-2020,2020-07-16,Simmonds,OP,2,R,20,16.3,na,5,13:00,na,na,11,9,10,na,na,na,na,na,na,na,"Tangled, SFC_Length estimated",
25,Jul-2020,2020-07-16,Simmonds,OP,2,R,20,16.3,na,5,13:00,na,na,5,4,10,na,na,na,na,na,na,na,"Tangled, SFC_Length estimated",
25,Jul-2020,2020-07-16,Simmonds,OP,2,L,20,16.3,na,5,13:00,na,na,6,4,8,na,na,na,na,na,na,na,"Tangled, SFC_Length estimated",
25,Jul-2020,2020-07-16,Simmonds,OP,2,L,20,16.3,na,5,13:00,na,na,2,1,8,na,na,na,na,na,na,na,"Tangled, SFC_Length estimated",
25,Jul-2020,2020-07-16,Simmonds,OP,2,R,20,18.6,na,5,13:00,na,na,22,16,10,na,na,na,na,na,na,na,,
25,Jul-2020,2020-07-16,Simmonds,OP,3,R,20,17,na,5,13:00,na,na,3,2,8,na,na,na,na,na,na,na,"Tangled, SFC_Length estimated",
25,Jul-2020,2020-07-16,Simmonds,OP,3,R,20,17,na,5,13:00,na,na,6,2,8,na,na,na,na,na,na,na,"Tangled, SFC_Length estimated",
25,Jul-2020,2020-07-16,Simmonds,OP,3,L,20,17,na,5,13:00,na,na,5,3,8,na,na,na,na,na,na,na,"Tangled, SFC_Length estimated",
25,Jul-2020,2020-07-16,Simmonds,OP,3,L,20,17,na,5,13:00,na,T,6,4,9,na,na,na,na,na,na,na,,
25,Jul-2020,2020-07-16,Simmonds,OP,3,R,20,12.8,na,5,13:00,na,T,18,11,10,na,na,na,na,na,na,na,,
25,Jul-2020,2020-07-16,Simmonds,KH,3,R,20,0.9,na,5,13:00,na,na,4,4,10,na,na,na,na,na,na,na,,
25,Jul-2020,2020-07-16,Simmonds,KH,3,L,20,4.3,na,5,13:00,na,na,17,15,7,na,na,na,na,na,na,na,,
25,Jul-2020,2020-07-16,Simmonds,KH,3,R,20,4.7,na,5,13:00,na,T,29,22,na,na,na,na,na,na,na,na,,
25,Jul-2020,2020-07-16,Simmonds,KH,3,R,20,4.9,na,5,13:00,na,na,1,0,0,1,na,na,na,na,na,na,,
25,Jul-2020,2020-07-16,Simmonds,KH,3,L,20,5.5,na,5,13:00,na,T,1,0,0,4.5,na,na,na,na,na,na,,
25,Jul-2020,2020-07-16,Simmonds,KH,3,R,20,5.9,na,5,13:00,na,T,7,na,na,na,na,na,na,na,na,na,,
25,Jul-2020,2020-07-16,Simmonds,KH,3,L,20,5.9,na,5,13:00,na,T,3,na,na,na,na,na,na,na,na,na,,
25,Jul-2020,2020-07-16,Simmonds,KH,3,L,20,6.8,na,5,13:00,na,T,2,na,na,na,na,na,na,na,na,na,,
25,Jul-2020,2020-07-16,Simmonds,KH,3,R,20,8.1,na,5,13:00,na,T,8,8,na,na,na,na,na,na,na,na,,
25,Jul-2020,2020-07-16,Simmonds,KH,3,R,20,10.1,na,5,13:00,na,T,14,na,na,na,na,na,na,na,na,na,,
25,Jul-2020,2020-07-16,Simmonds,KH,3,R,20,11,na,5,13:00,na,T,12,na,na,na,na,na,na,na,na,na,,
25,Jul-2020,2020-07-16,Simmonds,KH,3,R,20,11.3,na,5,13:00,na,na,2,1,0.25,na,na,na,na,na,na,na,,
25,Jul-2020,2020-07-16,Simmonds,KH,3,R,20,11.6,na,5,13:00,na,C,2,0,0,3,na,na,na,na,na,na,,
25,Jul-2020,2020-07-16,Simmonds,KH,3,R,20,11.6,na,5,13:00,na,T,22,na,na,na,na,na,na,na,na,na,,
25,Jul-2020,2020-07-16,Simmonds,KH,3,R,20,12.2,na,5,13:00,na,T,6,3,na,na,na,na,na,na,na,na,,
25,Jul-2020,2020-07-16,Simmonds,KH,3,L,20,12.3,na,5,13:00,na,na,2,1,1,na,na,na,na,na,na,na,,
25,Jul-2020,2020-07-16,Simmonds,KH,3,L,20,12.4,na,5,13:00,na,T,25,na,na,na,na,na,na,na,na,na,,
25,Jul-2020,2020-07-16,Simmonds,KH,1,L,20,8.8,na,5,13:00,na,T,6,4,2,na,na,na,na,na,na,na,,
25,Jul-2020,2020-07-16,Simmonds,KH,1,R,20,9.2,na,5,13:00,na,T,9,8,8,na,na,na,na,na,na,na,had floaty plants,
25,Jul-2020,2020-07-16,Simmonds,KH,1,L,20,13.8,na,5,13:00,na,na,2,0,0,2,na,na,na,na,na,na,,
25,Jul-2020,2020-07-16,Simmonds,KH,1,L,20,18.5,na,5,13:00,na,T,12,10,10,na,na,na,na,na,na,na,had floaty plants,
25,Jul-2020,2020-07-16,Simmonds,KH,1,R,20,19.8,na,5,13:00,na,P,6,3,6,na,na,na,na,na,na,na,,
25,Jul-2020,2020-07-17,Stryker,OP,2,R,20,0,na,4,12:30,na,T,15,na,na,na,na,na,na,na,na,na,,
25,Jul-2020,2020-07-17,Stryker,OP,2,R,20,0,na,4,12:30,na,na,19,4,7,na,na,na,na,na,na,na,,
25,Jul-2020,2020-07-17,Stryker,OP,2,R,20,0.5,na,4,12:30,na,na,2,1,7,na,na,na,na,na,na,na,,
25,Jul-2020,2020-07-17,Stryker,OP,2,R,20,1,na,4,12:30,na,na,11,8,8,na,na,na,na,na,na,na,,
25,Jul-2020,2020-07-17,Stryker,OP,2,R,20,3.2,na,4,12:30,na,na,15,13,11,na,na,na,na,na,na,na,,
25,Jul-2020,2020-07-17,Stryker,OP,2,L,20,4.1,na,4,12:30,na,na,14,13,7.5,na,na,na,na,na,na,na,,
25,Jul-2020,2020-07-17,Stryker,OP,2,L,20,4.5,na,4,12:30,na,P,14,na,na,na,na,na,na,na,na,na,,
25,Jul-2020,2020-07-17,Stryker,OP,2,L,20,4.7,na,4,12:30,na,na,1,0,0,3,na,na,na,na,na,na,,
25,Jul-2020,2020-07-17,Stryker,OP,2,L,20,5.5,na,4,12:30,na,na,3,2,6,na,na,na,na,na,na,na,,
25,Jul-2020,2020-07-17,Stryker,OP,2,R,20,5.6,na,4,12:30,na,na,4,3,5.5,na,na,na,na,na,na,na,,
25,Jul-2020,2020-07-17,Stryker,OP,2,L,20,5.6,na,4,12:30,na,na,4,3,8,na,na,na,na,na,na,na,,
25,Jul-2020,2020-07-17,Stryker,OP,2,R,20,11,na,4,12:30,na,P,8,na,na,na,na,na,na,na,na,na,,
25,Jul-2020,2020-07-17,Stryker,OP,2,L,20,11,na,4,12:30,na,C,1,0,0,1,na,na,na,na,na,na,,
25,Jul-2020,2020-07-17,Stryker,OP,2,R,20,11.5,na,4,12:30,na,na,1,0,0,3.5,na,na,na,na,na,na,,
25,Jul-2020,2020-07-17,Stryker,OP,2,L,20,13.7,na,4,12:30,na,P,26,na,na,na,na,na,na,na,na,na,,
25,Jul-2020,2020-07-17,Stryker,OP,2,L,20,19,na,4,12:30,na,na,1,0,0,1,na,na,na,na,na,na,,
25,Jul-2020,2020-07-17,Stryker,OP,2,R,20,20,na,4,12:30,na,na,1,0,0,3.5,na,na,na,na,na,na,,
25,Jul-2020,2020-07-17,Stryker,KH,3,R,20,0,na,4,12:14,na,na,3,3,8,na,na,na,na,na,na,na,,
25,Jul-2020,2020-07-17,Stryker,KH,3,R,20,1,na,4,12:14,na,na,31,26,11,na,na,na,na,na,na,na,,
25,Jul-2020,2020-07-17,Stryker,KH,3,L,20,2.8,na,4,12:14,na,na,6,6,9,na,na,na,na,na,na,na,,
25,Jul-2020,2020-07-17,Stryker,KH,3,L,20,2.7,na,4,12:14,na,na,12,10,7,na,na,na,na,na,na,na,,
25,Jul-2020,2020-07-17,Stryker,KH,3,L,20,3.2,na,4,12:14,na,na,16,9,9,na,na,na,na,na,na,na,,
25,Jul-2020,2020-07-17,Stryker,KH,3,L,20,3.5,na,4,12:14,na,na,8,6,9,na,na,na,na,na,na,na,,
25,Jul-2020,2020-07-17,Stryker,KH,3,R,20,4.4,na,4,12:14,na,na,27,16,11,na,na,na,na,na,na,na,,
25,Jul-2020,2020-07-17,Stryker,KH,3,R,20,4.5,na,4,12:14,na,P,1,na,na,na,na,na,na,na,na,na,,
25,Jul-2020,2020-07-17,Stryker,KH,3,L,20,7,na,4,12:14,na,na,32,23,10,na,na,na,na,na,na,na,,
25,Jul-2020,2020-07-17,Stryker,KH,3,L,20,7.8,na,4,12:14,na,na,13,7,12,na,na,na,na,na,na,na,,
25,Jul-2020,2020-07-17,Stryker,KH,3,L,20,8.4,na,4,12:14,na,na,5,3,7,na,na,na,na,na,na,na,,
25,Jul-2020,2020-07-17,Stryker,KH,3,L,20,8.4,na,4,12:14,na,na,12,12,9,na,na,na,na,na,na,na,,
25,Jul-2020,2020-07-17,Stryker,KH,3,L,20,11.5,na,4,12:14,na,P,10,na,na,na,na,na,na,na,na,na,,
25,Jul-2020,2020-07-17,Stryker,KH,3,R,20,12.2,na,4,12:14,na,na,16,12,4,na,na,na,na,na,na,na,,
25,Jul-2020,2020-07-17,Stryker,KH,3,R,20,13.7,na,4,12:14,na,na,28,16,10,na,na,na,na,na,na,na,,
25,Jul-2020,2020-07-17,Stryker,KH,3,L,20,15.5,na,4,12:14,na,na,8,5,5,na,na,na,na,na,na,na,,
25,Jul-2020,2020-07-17,Stryker,KH,3,L,20,16.8,na,4,12:14,na,na,1,1,6,na,na,na,na,na,na,na,,
25,Jul-2020,2020-07-17,Stryker,KH,3,L,20,16.9,na,4,12:14,na,na,10,6,7,na,na,na,na,na,na,na,,
25,Jul-2020,2020-07-17,Stryker,KH,3,L,20,17.5,na,4,12:14,na,na,2,0,0,3,na,na,na,na,na,na,,
25,Jul-2020,2020-07-17,Stryker,KH,3,R,20,18,na,4,12:14,na,na,5,3,6,na,na,na,na,na,na,na,,
25,Jul-2020,2020-07-17,Stryker,KH,3,R,20,19,na,4,12:14,na,na,22,11,7,na,na,na,na,na,na,na,,
25,Jul-2020,2020-07-17,Stryker,KH,3,R,20,20,na,4,12:14,na,na,17,12,4,na,na,na,na,na,na,na,,
25,Jul-2020,2020-07-17,Stryker,DVM,1,L,20,4.5,na,4,12:12,na,na,6,3,8,na,na,na,na,na,na,na,,
25,Jul-2020,2020-07-17,Stryker,DVM,1,L,20,4.4,na,4,12:12,na,na,10,5,13,na,na,na,na,na,na,na,,
25,Jul-2020,2020-07-17,Stryker,DVM,1,R,20,7,na,4,12:12,na,na,15,13,5,na,na,na,na,na,na,na,,
25,Jul-2020,2020-07-17,Stryker,DVM,1,L,20,10.2,na,4,12:12,na,na,15,11,9,na,na,na,na,na,na,na,,
25,Jul-2020,2020-07-17,Stryker,DVM,1,L,20,12.8,na,4,12:12,na,na,44,25,5,na,na,na,na,na,na,na,,
25,Jul-2020,2020-07-17,Stryker,DVM,1,L,20,13.4,na,4,12:12,na,T,33,24,na,na,na,na,na,na,na,na,entered as P/T,
25,Jul-2020,2020-07-17,Stryker,DVM,1,L,20,15.4,na,4,12:12,na,na,12,10,5,na,na,na,na,na,na,na,,
25,Jul-2020,2020-07-17,Stryker,DVM,1,L,20,15.7,na,4,12:12,na,na,2,2,3,na,na,na,na,na,na,na,,
25,Jul-2020,2020-07-17,Stryker,DVM,1,L,20,17.8,na,4,12:12,na,na,17,10,3.5,na,na,na,na,na,na,na,,
25,Jul-2020,2020-07-17,Stryker,DVM,1,L,20,18.4,na,4,12:12,na,na,2,1,0.5,na,na,na,na,na,na,na,,
25,Jul-2020,2020-07-17,Stryker,DVM,1,R,20,18.7,na,4,12:12,na,na,19,11,5.5,na,na,na,na,na,na,na,,
25,Jul-2020,2020-07-17,Stryker,DVM,1,R,20,19.2,na,4,12:12,na,na,5,2,2.5,na,na,na,na,na,na,na,,
25,Jul-2020,2020-07-17,Stryker,DVM,1,L,20,19.1,na,4,12:12,na,na,7,4,2.5,na,na,na,na,na,na,na,,
25,Jul-2020,2020-07-18,Westbeach,OP,1,R,20,0,na,2,9:25,na,na,2,1,1.5,na,na,na,na,na,na,na,,
25,Jul-2020,2020-07-18,Westbeach,OP,1,L,20,0,na,2,9:25,na,na,1,1,2,na,na,na,na,na,na,na,,
25,Jul-2020,2020-07-18,Westbeach,OP,1,R,20,0,na,2,9:25,na,na,10,8,7,na,na,na,na,na,na,na,,
25,Jul-2020,2020-07-18,Westbeach,OP,1,R,20,2.4,na,2,9:25,na,na,3,2,5,na,na,na,na,na,na,na,,
25,Jul-2020,2020-07-18,Westbeach,OP,1,R,20,2.6,na,2,9:25,na,na,7,5,5.5,na,na,na,na,na,na,na,,
25,Jul-2020,2020-07-18,Westbeach,OP,1,R,20,2.5,na,2,9:25,na,na,9,7,9,na,na,na,na,na,na,na,,
25,Jul-2020,2020-07-18,Westbeach,OP,1,R,20,2.5,na,2,9:25,na,na,6,5,9,na,na,na,na,na,na,na,,
25,Jul-2020,2020-07-18,Westbeach,OP,1,R,20,3.9,na,2,9:25,na,na,5,5,7.5,na,na,na,na,na,na,na,,
25,Jul-2020,2020-07-18,Westbeach,OP,1,R,20,3.7,na,2,9:25,na,na,14,9,9,na,na,na,na,na,na,na,,
25,Jul-2020,2020-07-18,Westbeach,OP,1,R,20,5,na,2,9:25,na,na,2,1,0.5,na,na,na,na,na,na,na,,
25,Jul-2020,2020-07-18,Westbeach,OP,1,R,20,5.5,na,2,9:25,na,na,3,2,3,na,na,na,na,na,na,na,,
25,Jul-2020,2020-07-18,Westbeach,OP,1,R,20,6.1,na,2,9:25,na,na,3,3,3,na,na,na,na,na,na,na,,
25,Jul-2020,2020-07-18,Westbeach,OP,1,R,20,6.2,na,2,9:25,na,P,10,na,na,na,na,na,na,na,na,na,,
25,Jul-2020,2020-07-18,Westbeach,OP,1,R,20,6.1,na,2,9:25,na,na,6,na,na,na,na,na,na,na,na,na,,
25,Jul-2020,2020-07-18,Westbeach,OP,1,L,20,6,na,2,9:25,na,na,1,1,1,na,na,na,na,na,na,na,,
25,Jul-2020,2020-07-18,Westbeach,OP,1,L,20,6.1,na,2,9:25,na,na,7,5,7,na,na,na,na,na,na,na,,
25,Jul-2020,2020-07-18,Westbeach,OP,1,L,20,6.1,na,2,9:25,na,P,9,na,na,na,na,na,na,na,na,na,,
25,Jul-2020,2020-07-18,Westbeach,OP,1,L,20,6.2,na,2,9:25,na,na,3,3,7,na,na,na,na,na,na,na,,
25,Jul-2020,2020-07-18,Westbeach,OP,1,L,20,6.3,na,2,9:25,na,na,5,4,8,na,na,na,na,na,na,na,,
25,Jul-2020,2020-07-18,Westbeach,OP,1,R,20,11.4,na,2,9:25,na,T,5,5,na,na,na,na,na,na,na,na,,
25,Jul-2020,2020-07-18,Westbeach,OP,1,R,20,11.4,na,2,9:25,na,P,9,na,na,na,na,na,na,na,na,na,,
25,Jul-2020,2020-07-18,Westbeach,OP,1,R,20,11.4,na,2,9:25,na,P,5,na,na,na,na,na,na,na,na,na,,
25,Jul-2020,2020-07-18,Westbeach,OP,1,R,20,11.5,na,2,9:25,na,T,6,6,na,na,na,na,na,na,na,na,,
25,Jul-2020,2020-07-18,Westbeach,OP,1,R,20,12.2,na,2,9:25,na,P,4,na,na,na,na,na,na,na,na,na,,
25,Jul-2020,2020-07-18,Westbeach,OP,1,L,20,12.7,na,2,9:25,na,na,4,4,7,na,na,na,na,na,na,na,,
25,Jul-2020,2020-07-18,Westbeach,OP,1,L,20,13.2,na,2,9:25,na,na,21,15,8.5,na,na,na,na,na,na,na,,
25,Jul-2020,2020-07-18,Westbeach,OP,1,R,20,15.2,na,2,9:25,na,na,11,8,6.5,na,na,na,na,na,na,na,,
25,Jul-2020,2020-07-18,Westbeach,KH,3,L,20,15,na,2,9:14,na,C,11,9,7,na,na,na,na,na,na,na,,
25,Jul-2020,2020-07-18,Westbeach,KH,3,L,20,13,na,2,9:14,na,na,4,3,6,na,na,na,na,na,na,na,,
25,Jul-2020,2020-07-18,Westbeach,KH,3,L,20,13,na,2,9:14,na,na,25,19,10,na,na,na,na,na,na,na,,
25,Jul-2020,2020-07-18,Westbeach,KH,3,R,20,13,na,2,9:14,na,na,16,13,8,na,na,na,na,na,na,na,,
25,Jul-2020,2020-07-18,Westbeach,KH,3,R,20,12.5,na,2,9:14,na,na,5,3,6,na,na,na,na,na,na,na,,
25,Jul-2020,2020-07-18,Westbeach,KH,3,R,20,12.5,na,2,9:14,na,na,3,3,16,na,na,na,na,na,na,na,,
25,Jul-2020,2020-07-18,Westbeach,KH,3,R,20,12,na,2,9:14,na,na,4,4,8,na,na,na,na,na,na,na,,
25,Jul-2020,2020-07-18,Westbeach,KH,3,R,20,12,na,2,9:14,na,na,9,7,10,na,na,na,na,na,na,na,,
25,Jul-2020,2020-07-18,Westbeach,KH,3,L,20,12,na,2,9:14,na,na,54,43,8,na,na,na,na,na,na,na,,
25,Jul-2020,2020-07-18,Westbeach,KH,3,R,20,12,na,2,9:14,na,na,7,5,11,na,na,na,na,na,na,na,,
25,Jul-2020,2020-07-18,Westbeach,KH,3,R,20,11.5,na,2,9:14,na,na,3,2,5,na,na,na,na,na,na,na,,
25,Jul-2020,2020-07-18,Westbeach,KH,3,R,20,9,na,2,9:14,na,na,16,12,8,na,na,na,na,na,na,na,,
25,Jul-2020,2020-07-18,Westbeach,KH,3,R,20,10,na,2,9:14,na,na,7,4,9,na,na,na,na,na,na,na,,
25,Jul-2020,2020-07-18,Westbeach,KH,3,R,20,10,na,2,9:14,na,na,8,5,8,na,na,na,na,na,na,na,,
25,Jul-2020,2020-07-18,Westbeach,KH,3,R,20,8,na,2,9:14,na,na,10,8,8,na,na,na,na,na,na,na,,
25,Jul-2020,2020-07-18,Westbeach,KH,3,R,20,8,na,2,9:14,na,na,20,20,10,na,na,na,na,na,na,na,,
25,Jul-2020,2020-07-18,Westbeach,KH,3,R,20,6,na,2,9:14,na,T,7,7,na,na,na,na,na,na,na,na,,
25,Jul-2020,2020-07-18,Westbeach,KH,3,L,20,6,na,2,9:14,na,T,27,26,na,na,na,na,na,na,na,na,,
25,Jul-2020,2020-07-18,Westbeach,KH,3,L,20,2,na,2,9:14,na,na,5,2,6,na,na,na,na,na,na,na,,
25,Jul-2020,2020-07-18,Westbeach,DVM,2,R,20,3.4,na,2,9:19,na,na,2,1,3.5,na,na,na,na,na,na,na,,
25,Jul-2020,2020-07-18,Westbeach,DVM,2,R,20,3.5,na,2,9:19,na,na,25,16,8,na,na,na,na,na,na,na,,
25,Jul-2020,2020-07-18,Westbeach,DVM,2,R,20,3.8,na,2,9:19,na,na,22,18,6,na,na,na,na,na,na,na,,
25,Jul-2020,2020-07-18,Westbeach,DVM,2,L,20,3.7,na,2,9:19,na,na,15,12,9,na,na,na,na,na,na,na,,
25,Jul-2020,2020-07-18,Westbeach,DVM,2,L,20,4.3,na,2,9:19,na,na,19,17,10,na,na,na,na,na,na,na,,
25,Jul-2020,2020-07-18,Westbeach,DVM,2,L,20,4.3,na,2,9:19,na,na,18,9,8,na,na,na,na,na,na,na,,
25,Jul-2020,2020-07-18,Westbeach,DVM,2,R,20,4.8,na,2,9:19,na,T,5,5,na,na,na,na,na,na,na,na,,
25,Jul-2020,2020-07-18,Westbeach,DVM,2,R,20,4.9,na,2,9:19,na,na,5,3,8,na,na,na,na,na,na,na,,
25,Jul-2020,2020-07-18,Westbeach,DVM,2,L,20,5.5,na,2,9:19,na,na,9,7,9,na,na,na,na,na,na,na,,
25,Jul-2020,2020-07-18,Westbeach,DVM,2,L,20,5.5,na,2,9:19,na,na,18,17,7,na,na,na,na,na,na,na,,
25,Jul-2020,2020-07-18,Westbeach,DVM,2,L,20,5.6,na,2,9:19,na,na,6,4,9,na,na,na,na,na,na,na,,
25,Jul-2020,2020-07-18,Westbeach,DVM,2,R,20,5.6,na,2,9:19,na,na,2,2,7.5,na,na,na,na,na,na,na,,
25,Jul-2020,2020-07-18,Westbeach,DVM,2,R,20,7.3,na,2,9:19,na,na,24,23,9,na,na,na,na,na,na,na,,
25,Jul-2020,2020-07-18,Westbeach,DVM,2,L,20,7.2,na,2,9:19,na,T,28,23,na,na,na,na,na,na,na,na,,
25,Jul-2020,2020-07-18,Westbeach,DVM,2,R,20,10.2,na,2,9:19,na,T,19,16,na,na,na,na,na,na,na,na,,
25,Jul-2020,2020-07-18,Westbeach,DVM,2,L,20,10.9,na,2,9:19,na,T,3,3,na,na,na,na,na,na,na,na,,
25,Jul-2020,2020-07-18,Westbeach,DVM,2,L,20,11.2,na,2,9:19,na,na,5,3,7,na,na,na,na,na,na,na,,
25,Jul-2020,2020-07-18,Westbeach,DVM,2,R,20,11.2,na,2,9:19,na,na,1,1,6,na,na,na,na,na,na,na,,
25,Jul-2020,2020-07-18,Westbeach,DVM,2,L,20,12.9,na,2,9:19,na,T,14,13,na,na,na,na,na,na,na,na,,
25,Jul-2020,2020-07-18,Westbeach,DVM,2,L,20,14,na,2,9:19,na,na,15,12,11,na,na,na,na,na,na,na,,
25,Jul-2020,2020-07-18,Westbeach,DVM,2,L,20,14.4,na,2,9:19,na,na,9,9,10,na,na,na,na,na,na,na,,
25,Jul-2020,2020-07-18,Westbeach,DVM,2,L,20,14.6,na,2,9:19,na,na,23,17,10.5,na,na,na,na,na,na,na,,
25,Jul-2020,2020-07-18,Westbeach,DVM,2,L,20,14.5,na,2,9:19,na,na,18,13,9,na,na,na,na,na,na,na,,
25,Jul-2020,2020-07-18,Westbeach,DVM,2,L,20,15.6,na,2,9:19,na,na,3,2,12,na,na,na,na,na,na,na,,
25,Jul-2020,2020-07-18,Westbeach,DVM,2,R,20,16.5,na,2,9:19,na,na,38,37,8,na,na,na,na,na,na,na,,
25,Jul-2020,2020-07-18,Westbeach,DVM,2,L,20,17.3,na,2,9:19,na,na,13,12,4,na,na,na,na,na,na,na,,
25,Jul-2020,2020-07-18,Westbeach,DVM,2,L,20,17.4,na,2,9:19,na,T,35,28,na,na,na,na,na,na,na,na,,
25,Jul-2020,2020-07-18,Westbeach,DVM,2,L,20,17.5,na,2,9:19,na,na,12,13,10,na,na,na,na,na,na,na,,
25,Jul-2020,2020-07-18,Westbeach,DVM,2,L,20,17.7,na,2,9:19,na,na,18,16,10,na,na,na,na,na,na,na,,
25,Jul-2020,2020-07-18,Westbeach,DVM,2,R,20,17,na,2,9:19,na,na,12,12,9,na,na,na,na,na,na,na,,
25,Jul-2020,2020-07-21,Triqster,BT,2,R,20,1.5,na,4,11:47,na,na,11,11,11.5,na,na,na,na,na,na,na,,
25,Jul-2020,2020-07-21,Triqster,BT,2,R,20,1.7,na,4,11:47,na,na,15,14,9,na,na,na,na,na,na,na,,
25,Jul-2020,2020-07-21,Triqster,BT,2,R,20,3,na,4,11:47,na,na,3,2,25,na,na,na,na,na,na,na,,
25,Jul-2020,2020-07-21,Triqster,BT,2,R,20,3.1,na,4,11:47,na,na,8,8,9,na,na,na,na,na,na,na,,
25,Jul-2020,2020-07-21,Triqster,BT,2,R,20,3.2,na,4,11:47,na,na,1,0,0,1.5,na,na,na,na,na,na,,
25,Jul-2020,2020-07-21,Triqster,BT,2,L,20,4,na,4,11:47,na,na,4,3,5.5,na,na,na,na,na,na,na,,
25,Jul-2020,2020-07-21,Triqster,BT,2,L,20,4.5,na,4,11:47,1809,na,7,7,7,na,na,na,na,na,na,na,,
25,Jul-2020,2020-07-21,Triqster,BT,2,L,20,5,na,4,11:47,na,na,2,2,8.5,na,na,na,na,na,na,na,,
25,Jul-2020,2020-07-21,Triqster,BT,2,L,20,8.2,na,4,11:47,na,na,15,11,4.5,na,na,na,na,na,na,na,,
25,Jul-2020,2020-07-21,Triqster,BT,2,R,20,8.2,na,4,11:47,na,na,5,3,4,na,na,na,na,na,na,na,,
25,Jul-2020,2020-07-21,Triqster,BT,2,L,20,11.5,na,4,11:47,na,na,1,0,0,1.5,na,na,na,na,na,na,,
25,Jul-2020,2020-07-21,Triqster,BT,2,R,20,12,na,4,11:47,na,na,35,29,8,na,na,na,na,na,na,na,,
25,Jul-2020,2020-07-21,Triqster,BT,2,R,20,14,na,4,11:47,2586,na,6,5,4.5,na,na,na,na,na,na,na,,
25,Jul-2020,2020-07-21,Triqster,BT,2,R,20,14.1,na,4,11:47,na,na,1,1,2.5,na,na,na,na,na,na,na,,
25,Jul-2020,2020-07-21,Triqster,BT,2,L,20,14.2,na,4,11:47,na,na,3,3,4,na,na,na,na,na,na,na,,
25,Jul-2020,2020-07-21,Triqster,BT,2,R,20,14.3,na,4,11:47,na,T,6,3,0,na,na,na,na,na,na,na,,
25,Jul-2020,2020-07-21,Triqster,BT,2,R,20,16.3,na,4,11:47,1919,na,4,4,0,na,na,na,na,na,na,na,,
25,Jul-2020,2020-07-21,Triqster,BT,2,R,20,19.8,na,4,11:47,1885,na,9,5,2.5,na,na,na,na,na,na,na,,
25,Jul-2020,2020-07-21,Triqster,BT,3,L,20,5,na,4,11:47,na,na,12,12,8,na,na,na,na,na,na,na,,
25,Jul-2020,2020-07-21,Triqster,BT,3,R,20,6.1,na,4,11:47,na,na,4,4,7,na,na,na,na,na,na,na,,
25,Jul-2020,2020-07-21,Triqster,BT,3,L,20,6.1,na,4,11:47,na,na,13,13,6,na,na,na,na,na,na,na,,
25,Jul-2020,2020-07-21,Triqster,BT,3,R,20,6.9,na,4,11:47,2575,na,13,11,7,na,na,na,na,na,na,na,,
25,Jul-2020,2020-07-21,Triqster,BT,3,L,20,9,na,4,11:47,na,na,9,6,3,na,na,na,na,na,na,na,,
25,Jul-2020,2020-07-21,Triqster,BT,3,L,20,10,na,4,11:47,na,na,5,3,5,na,na,na,na,na,na,na,,
25,Jul-2020,2020-07-21,Triqster,BT,3,R,20,10.2,na,4,11:47,na,na,4,2,5,na,na,na,na,na,na,na,,
25,Jul-2020,2020-07-21,Triqster,BT,3,R,20,11,na,4,11:47,na,T,8,7,0,na,na,na,na,na,na,na,,
25,Jul-2020,2020-07-21,Triqster,BT,3,R,20,11,na,4,11:47,na,na,6,2,2,na,na,na,na,na,na,na,,
25,Jul-2020,2020-07-21,Triqster,KH,3,R,20,13,na,4,13:06,na,na,7,3,6,na,na,na,na,na,na,na,,
25,Jul-2020,2020-07-21,Triqster,KH,3,R,20,12.5,na,4,13:06,na,na,3,1,3,na,na,na,na,na,na,na,,
25,Jul-2020,2020-07-21,Triqster,KH,3,R,20,12.5,na,4,13:06,na,P,9,na,na,na,na,na,na,na,na,na,,
25,Jul-2020,2020-07-21,Triqster,KH,3,R,20,11.8,na,4,13:06,na,C,4,3,5,na,na,na,na,na,na,na,,
25,Jul-2020,2020-07-21,Triqster,KH,3,R,20,11.7,na,4,13:06,na,na,1,1,3,na,na,na,na,na,na,na,,
25,Jul-2020,2020-07-21,Triqster,KH,1,L,20,0.1,na,4,11:47,na,na,2,2,4,na,na,na,na,na,na,na,,
25,Jul-2020,2020-07-21,Triqster,KH,1,L,20,0,na,4,11:47,na,na,4,3,7,na,na,na,na,na,na,na,,
25,Jul-2020,2020-07-21,Triqster,KH,1,L,20,0.8,na,4,11:47,na,na,3,3,7,na,na,na,na,na,na,na,,
25,Jul-2020,2020-07-21,Triqster,KH,1,L,20,0.9,na,4,11:47,na,na,5,4,8,na,na,na,na,na,na,na,,
25,Jul-2020,2020-07-21,Triqster,KH,1,L,20,4.9,na,4,11:47,2588,na,5,4,4,na,na,na,na,na,na,na,,
25,Jul-2020,2020-07-21,Triqster,KH,1,L,20,5.8,na,4,11:47,na,na,2,0,0,1.75,na,na,na,na,na,na,,
25,Jul-2020,2020-07-21,Triqster,KH,1,R,20,6.5,na,4,11:47,na,na,7,3,3,na,na,na,na,na,na,na,,
25,Jul-2020,2020-07-21,Triqster,KH,1,R,20,6.5,na,4,11:47,na,na,6,5,6,na,na,na,na,na,na,na,,
25,Jul-2020,2020-07-21,Triqster,KH,1,R,20,6.5,na,4,11:47,na,na,7,3,7,na,na,na,na,na,na,na,,
25,Jul-2020,2020-07-21,Triqster,KH,1,L,20,7.5,na,4,11:47,na,na,1,0,0,1,na,na,na,na,na,na,,
25,Jul-2020,2020-07-21,Triqster,KH,1,R,20,8.4,na,4,11:47,2570,na,5,3,4,na,na,na,na,na,na,na,,
25,Jul-2020,2020-07-21,Triqster,KH,1,L,20,12,na,4,11:47,na,na,2,1,1,na,na,na,na,na,na,na,,
25,Jul-2020,2020-07-21,Triqster,KH,1,L,20,12,na,4,11:47,na,na,9,5,3,na,na,na,na,na,na,na,,
25,Jul-2020,2020-07-21,Triqster,KH,1,L,20,12,na,4,11:47,na,na,2,1,0.25,na,na,na,na,na,na,na,,
25,Jul-2020,2020-07-21,Triqster,KH,1,L,20,12,na,4,11:47,na,na,5,3,2,na,na,na,na,na,na,na,,
25,Jul-2020,2020-07-21,Triqster,KH,1,L,20,13,na,4,11:47,na,P,3,na,na,na,na,na,na,na,na,na,,
25,Jul-2020,2020-07-21,Triqster,KH,1,R,20,13.5,na,4,11:47,1896,na,6,6,5,na,na,na,na,na,na,na,,
25,Jul-2020,2020-07-21,Triqster,KH,1,R,20,13.5,na,4,11:47,na,na,8,4,9,na,na,na,na,na,na,na,,
25,Jul-2020,2020-07-21,Triqster,KH,1,R,20,14,na,4,11:47,na,na,28,16,13,na,na,na,na,na,na,na,,
25,Jul-2020,2020-07-21,Triqster,KH,1,R,20,15,na,4,11:47,na,na,17,16,10,na,na,na,na,na,na,na,had a mean_F (removed),
25,Jul-2020,2020-07-21,Triqster,KH,1,R,20,16.5,na,4,11:47,2564,na,4,2,1,na,na,na,na,na,na,na,,
25,Jul-2020,2020-07-21,Triqster,KH,1,L,20,15,na,4,11:47,na,na,1,0,0,1.25,na,na,na,na,na,na,,
25,Jul-2020,2020-07-21,Triqster,KH,1,L,20,17,na,4,11:47,na,na,15,9,7,na,na,na,na,na,na,na,,
25,Jul-2020,2020-07-21,Triqster,KH,1,L,20,17,na,4,11:47,na,na,7,5,7,na,na,na,na,na,na,na,,
25,Jul-2020,2020-07-21,Triqster,KH,1,R,20,18.5,na,4,11:47,na,na,6,3,4,na,na,na,na,na,na,na,,
25,Jul-2020,2020-07-21,Triqster,KH,1,R,20,18.7,na,4,11:47,na,na,4,2,2,na,na,na,na,na,na,na,,
25,Jul-2020,2020-07-21,Triqster,KH,3,R,20,18.5,na,4,11:47,na,na,9,9,6,na,na,na,na,na,na,na,,
25,Jul-2020,2020-07-21,Triqster,KH,3,R,20,19.5,na,4,11:47,na,na,2,1,2,na,na,na,na,na,na,na,,
25,Jul-2020,2020-07-21,Triqster,KH,3,L,20,18,na,4,11:47,na,na,7,3,5,na,na,na,na,na,na,na,,
25,Jul-2020,2020-07-21,Triqster,KH,3,L,20,18,na,4,11:47,1856,na,6,3,5,na,na,na,na,na,na,na,,
25,Jul-2020,2020-07-21,Triqster,KH,3,R,20,18,na,4,11:47,na,na,2,1,1,na,na,na,na,na,na,na,,
25,Jul-2020,2020-07-21,Triqster,KH,3,L,20,14,na,4,11:47,na,na,14,12,7,na,na,na,na,na,na,na,,
25,Jul-2020,2020-07-21,Triqster,KH,3,L,20,14.5,na,4,11:47,na,na,5,3,5,na,na,na,na,na,na,na,,
25,Jul-2020,2020-07-21,Triqster,KH,3,L,20,13.5,na,4,11:47,na,na,1,0,0,1,na,na,na,na,na,na,,
25,Jul-2020,2020-07-21,Triqster,KH,3,L,20,13.5,na,4,11:47,na,na,7,5,7,na,na,na,na,na,na,na,,
25,Jul-2020,2020-07-21,Triqster,KH,3,L,20,13,na,4,11:47,2556,na,2,1,1,na,na,na,na,na,na,na,,
25,Jul-2020,2020-07-21,Triqster,KH,3,R,20,13.5,na,4,11:47,na,na,5,2,3,na,na,na,na,na,na,na,,
25,Jul-2020,2020-07-21,Triqster,KH,3,R,20,13.5,na,4,11:47,na,P,7,na,na,na,na,na,na,na,na,na,,
25,Jul-2020,2020-07-21,Triqster,KH,3,R,20,13.4,na,4,11:47,na,P,7,na,na,na,na,na,na,na,na,na,,
28,Jul-2023,2023-07-23,McMullins_north_HIRMD,LL,2,L,30,30,na,5,10:30,na,na,1,na,na,na,na,na,na,na,na,na,1,#fronds for plant outside of the 20 transect
28,Jul-2023,2023-07-23,McMullins_north_HIRMD,LL,2,L,30,30,na,5,10:30,na,na,4,na,na,na,na,na,na,na,na,na,4,#fronds for plant outside of the 20 transect
28,Jul-2023,2023-07-23,McMullins_north_HIRMD,LL,2,L,30,26.5,na,5,10:30,na,na,5,na,na,na,na,na,na,na,na,na,5,#fronds for plant outside of the 20 transect
28,Jul-2023,2023-07-23,McMullins_north_HIRMD,LL,2,L,30,16.6,na,5,10:30,na,na,1,0,0,1.5,na,na,na,na,na,na,,
28,Jul-2023,2023-07-23,McMullins_north_HIRMD,LL,2,L,30,14,na,5,10:30,na,na,4,4,1.5,na,na,na,na,na,na,na,,
28,Jul-2023,2023-07-23,McMullins_north_HIRMD,LL,2,L,30,7.3,na,5,10:30,na,P,1,3,2,na,na,na,na,na,na,na,,
28,Jul-2023,2023-07-23,McMullins_north_HIRMD,LL,2,L,30,2.5,na,5,10:30,na,na,4,3,2,na,na,na,na,na,na,na,,
28,Jul-2023,2023-07-23,McMullins_north_HIRMD,LL,2,L,30,2,na,5,10:30,na,na,4,3,0.5,na,na,na,na,na,na,na,,
28,Jul-2023,2023-07-23,McMullins_north_HIRMD,LL,2,L,30,2,na,5,10:30,na,na,6,3,1,na,na,na,na,na,na,na,,
28,Jul-2023,2023-07-23,McMullins_north_HIRMD,LL,2,R,30,2,na,5,10:30,na,na,12,5,3.5,na,na,na,na,na,na,na,,
28,Jul-2023,2023-07-23,McMullins_north_HIRMD,LL,2,R,30,7.2,na,5,10:30,na,na,2,0,0,1,na,na,na,na,na,na,,
28,Jul-2023,2023-07-23,McMullins_north_HIRMD,LL,2,R,30,15.3,na,5,10:30,na,na,4,3,5,na,na,na,na,na,na,na,,
28,Jul-2023,2023-07-23,McMullins_north_HIRMD,LL,2,R,30,15.3,na,5,10:30,na,na,11,3,3,na,na,na,na,na,na,na,,
28,Jul-2023,2023-07-23,McMullins_north_HIRMD,LL,2,R,30,20,na,5,10:30,na,na,6,4,2.5,na,na,na,na,na,na,na,,
28,Jul-2023,2023-07-23,McMullins_north_HIRMD,LL,2,R,30,20,na,5,10:30,na,T,6,3,na,na,na,na,na,na,na,na,,
28,Jul-2023,2023-07-23,Goose_HIRMD,LL,1,R,30,12,na,3,12:51,na,na,7,7,4,na,na,na,na,na,na,na,,
28,Jul-2023,2023-07-23,Goose_HIRMD,LL,1,R,30,12,na,3,12:51,na,na,3,2,3,na,na,na,na,na,na,na,,
28,Jul-2023,2023-07-23,Goose_HIRMD,LL,1,R,30,11.5,na,3,12:51,na,P,5,5,1,na,na,na,na,na,na,na,,
28,Jul-2023,2023-07-23,Goose_HIRMD,LL,1,R,30,11.5,na,3,12:51,na,na,11,5,3,na,na,na,na,na,na,na,,
28,Jul-2023,2023-07-23,Goose_HIRMD,LL,1,R,30,11.5,na,3,12:51,na,na,2,2,3,na,na,na,na,na,na,na,,
28,Jul-2023,2023-07-23,Goose_HIRMD,LL,1,R,30,9.4,na,3,12:51,na,na,12,8,3,na,na,na,na,na,na,na,,
28,Jul-2023,2023-07-23,Goose_HIRMD,LL,1,R,30,9,na,3,12:51,na,na,6,4,2,na,na,na,na,na,na,na,,
28,Jul-2023,2023-07-23,Goose_HIRMD,LL,1,R,30,8.8,na,3,12:51,na,na,3,2,4,na,na,na,na,na,na,na,,
28,Jul-2023,2023-07-23,Goose_HIRMD,LL,1,R,30,8,na,3,12:51,na,na,7,4,5,na,na,na,na,na,na,na,,
28,Jul-2023,2023-07-23,Goose_HIRMD,LL,1,R,30,8,na,3,12:51,na,na,7,6,1.5,na,na,na,na,na,na,na,,
28,Jul-2023,2023-07-23,Goose_HIRMD,LL,1,L,30,8,na,3,12:51,na,T,3,2,na,na,na,na,na,na,na,na,,
28,Jul-2023,2023-07-23,Goose_HIRMD,LL,1,L,30,7,na,3,12:51,na,na,1,0,0,1.5,na,na,na,na,na,na,,
28,Jul-2023,2023-07-23,Goose_HIRMD,LL,1,L,30,3.1,na,3,12:51,na,na,6,6,1,na,na,na,na,na,na,na,,
28,Jul-2023,2023-07-23,Goose_HIRMD,LL,1,L,30,2.5,na,3,12:51,na,na,3,2,3,na,na,na,na,na,na,na,,
28,Jul-2023,2023-07-23,Goose_HIRMD,LL,1,L,30,1,na,3,12:51,na,C,7,1,0.5,na,na,na,na,na,na,na,,
28,Jul-2023,2023-07-23,Goose_HIRMD,LL,1,L,30,0,na,3,12:51,na,na,3,3,1.5,na,na,na,na,na,na,na,,
28,Jul-2023,2023-07-23,McMullins_north_HIRMD,BW,1,L,30,29.5,na,5,10:20,na,na,12,na,na,na,na,na,na,na,na,na,12,#fronds for plant outside of the 20 transect
28,Jul-2023,2023-07-23,McMullins_north_HIRMD,BW,1,L,30,29.5,na,5,10:20,na,na,6,na,na,na,na,na,na,na,na,na,6,#fronds for plant outside of the 20 transect
28,Jul-2023,2023-07-23,McMullins_north_HIRMD,BW,1,L,30,29.2,na,5,10:20,na,P,5,na,na,na,na,na,na,na,na,na,5,#fronds for plant outside of the 20 transect
28,Jul-2023,2023-07-23,McMullins_north_HIRMD,BW,1,L,30,19,na,5,10:20,na,na,4,3,3,na,na,na,na,na,na,na,,
28,Jul-2023,2023-07-23,McMullins_north_HIRMD,BW,1,L,30,18.5,na,5,10:20,na,P,6,5,5,na,na,na,na,na,na,na,maked as tangled,
28,Jul-2023,2023-07-23,McMullins_north_HIRMD,BW,1,L,30,17.5,na,5,10:20,na,na,8,6,6,na,na,na,na,na,na,na,maked as tangled,
28,Jul-2023,2023-07-23,McMullins_north_HIRMD,BW,1,L,30,16,na,5,10:20,na,T,32,30,na,na,na,na,na,na,na,na,maked as tangled,
28,Jul-2023,2023-07-23,McMullins_north_HIRMD,BW,1,L,30,14,na,5,10:20,na,T,14,na,na,na,na,na,na,na,na,na,,
28,Jul-2023,2023-07-23,McMullins_north_HIRMD,BW,1,L,30,10,na,5,10:20,na,na,2,1,1,na,na,na,na,na,na,na,maked as tangled,
28,Jul-2023,2023-07-23,McMullins_north_HIRMD,BW,1,L,30,7.2,na,5,10:20,na,na,8,1,1,na,na,na,na,na,na,na,,
28,Jul-2023,2023-07-23,McMullins_north_HIRMD,BW,1,L,30,6,na,5,10:20,na,na,4,0,0,2,na,na,na,na,na,na,marked as tangled,
28,Jul-2023,2023-07-23,McMullins_north_HIRMD,BW,1,L,30,2.5,na,5,10:20,na,na,2,1,1,na,na,na,na,na,na,na,,
28,Jul-2023,2023-07-23,McMullins_north_HIRMD,BW,1,R,30,0,na,5,10:20,na,T,5,na,na,na,na,na,na,na,na,na,,
28,Jul-2023,2023-07-23,McMullins_north_HIRMD,BW,1,R,30,9.3,na,5,10:20,na,na,11,3,3,na,na,na,na,na,na,na,,
28,Jul-2023,2023-07-23,McMullins_north_HIRMD,BW,1,R,30,14.3,na,5,10:20,na,na,18,9,9,na,na,na,na,na,na,na,maked as tangled,
28,Jul-2023,2023-07-23,McMullins_north_HIRMD,BW,1,R,30,16.8,na,5,10:20,na,na,18,7,17,na,na,na,na,na,na,na,maked as tangled,
28,Jul-2023,2023-07-23,McMullins_north_HIRMD,BW,1,R,30,17.5,na,5,10:20,na,na,9,5,5,na,na,na,na,na,na,na,maked as tangled,
28,Jul-2023,2023-07-23,McMullins_north_HIRMD,BW,1,R,30,18.5,na,5,10:20,na,na,4,5,5,na,na,na,na,na,na,na,maked as tangled,
28,Jul-2023,2023-07-23,McMullins_north_HIRMD,BW,1,R,30,28.5,na,5,10:20,na,na,3,na,na,na,na,na,na,na,na,na,3,#fronds for plant outside of the 20 transect
28,Jul-2023,2023-07-23,McMullins_north_HIRMD,BW,1,R,30,29,na,5,10:20,na,na,2,na,na,na,na,na,na,na,na,na,2,#fronds for plant outside of the 20 transect
28,Jul-2023,2023-07-23,Goose_HIRMD,BW,2,L,30,21.3,na,3,12:46,na,na,1,na,na,na,na,na,na,na,na,na,1,#fronds for plant outside of the 20 transect
28,Jul-2023,2023-07-23,Goose_HIRMD,BW,2,L,30,20.2,na,3,12:46,na,na,2,na,na,na,na,na,na,na,na,na,2,#fronds for plant outside of the 20 transect
28,Jul-2023,2023-07-23,Goose_HIRMD,BW,2,L,30,19.5,na,3,12:46,na,na,10,8,11,na,na,na,na,na,na,na,,
28,Jul-2023,2023-07-23,Goose_HIRMD,BW,2,L,30,19.7,na,3,12:46,na,na,4,3,13,na,na,na,na,na,na,na,,
28,Jul-2023,2023-07-23,Goose_HIRMD,BW,2,L,30,19.2,na,3,12:46,na,na,8,7,7.5,na,na,na,na,na,na,na,,
28,Jul-2023,2023-07-23,Goose_HIRMD,BW,2,R,30,7.5,na,3,12:46,na,na,11,7,5,na,na,na,na,na,na,na,,
28,Jul-2023,2023-07-23,Goose_HIRMD,BW,2,R,30,8,na,3,12:46,na,na,7,4,8,na,na,na,na,na,na,na,,
28,Jul-2023,2023-07-23,Goose_HIRMD,BW,2,R,30,13.5,na,3,12:46,na,na,10,7,5.5,na,na,na,na,na,na,na,,
28,Jul-2023,2023-07-23,Goose_HIRMD,BW,2,R,30,13.5,na,3,12:46,na,P,6,6,6,na,na,na,na,na,na,na,,
28,Jul-2023,2023-07-23,Goose_HIRMD,BW,2,R,30,14,na,3,12:46,na,na,9,9,4.5,na,na,na,na,na,na,na,,
28,Jul-2023,2023-07-23,Goose_HIRMD,BW,2,R,30,16,na,3,12:46,na,na,15,10,3.5,na,na,na,na,na,na,na,,
28,Jul-2023,2023-07-23,Goose_HIRMD,BW,2,R,30,22,na,3,12:46,na,na,6,na,na,na,na,na,na,na,na,na,6,#fronds for plant outside of the 20 transect
28,Jul-2023,2023-07-23,Goose_HIRMD,BW,2,R,30,22.5,na,3,12:46,na,na,1,na,na,na,na,na,na,na,na,na,1,#fronds for plant outside of the 20 transect
28,Jul-2023,2023-07-23,Goose_HIRMD,BW,2,R,30,22.5,na,3,12:46,na,na,2,na,na,na,na,na,na,na,na,na,2,#fronds for plant outside of the 20 transect
28,Jul-2023,2023-07-23,Goose_HIRMD,BW,2,R,30,23,na,3,12:46,na,na,5,na,na,na,na,na,na,na,na,na,5,#fronds for plant outside of the 20 transect
28,Jul-2023,2023-07-23,Goose_HIRMD,BW,2,R,30,23,na,3,12:46,na,na,4,na,na,na,na,na,na,na,na,na,4,#fronds for plant outside of the 20 transect
28,Jul-2023,2023-07-23,McMullins_north_HIRMD,OP,3,L,30,29,na,5,12:46,na,na,6,na,na,na,na,na,na,na,na,na,6,#fronds for plant outside of the 20 transect
28,Jul-2023,2023-07-23,McMullins_north_HIRMD,OP,3,L,30,29,na,5,12:46,na,na,2,na,na,na,na,na,na,na,na,na,2,#fronds for plant outside of the 20 transect
28,Jul-2023,2023-07-23,McMullins_north_HIRMD,OP,3,L,30,29,na,5,12:46,na,na,9,na,na,na,na,na,na,na,na,na,9,#fronds for plant outside of the 20 transect
28,Jul-2023,2023-07-23,McMullins_north_HIRMD,OP,3,L,30,28.5,na,5,12:46,na,na,11,na,na,na,na,na,na,na,na,na,11,#fronds for plant outside of the 20 transect
28,Jul-2023,2023-07-23,McMullins_north_HIRMD,OP,3,L,30,28.5,na,5,12:46,na,na,11,na,na,na,na,na,na,na,na,na,11,#fronds for plant outside of the 20 transect
28,Jul-2023,2023-07-23,McMullins_north_HIRMD,OP,3,L,30,28,na,5,12:46,na,na,8,na,na,na,na,na,na,na,na,na,8,#fronds for plant outside of the 20 transect
28,Jul-2023,2023-07-23,McMullins_north_HIRMD,OP,3,L,30,28,na,5,12:46,na,na,1,na,na,na,na,na,na,na,na,na,1,#fronds for plant outside of the 20 transect
28,Jul-2023,2023-07-23,McMullins_north_HIRMD,OP,3,L,30,20,na,5,12:46,na,na,19,7,4,na,na,na,na,na,na,na,,
28,Jul-2023,2023-07-23,McMullins_north_HIRMD,OP,3,L,30,4,na,5,12:46,na,na,7,4,4.5,na,na,na,na,na,na,na,,
28,Jul-2023,2023-07-23,McMullins_north_HIRMD,OP,3,L,30,3.5,na,5,12:46,na,na,12,8,8,na,na,na,na,na,na,na,,
28,Jul-2023,2023-07-23,McMullins_north_HIRMD,OP,3,L,30,3.5,na,5,12:46,na,na,12,8,7,na,na,na,na,na,na,na,,
28,Jul-2023,2023-07-23,McMullins_north_HIRMD,OP,3,L,30,1,na,5,12:46,na,na,13,9,8,na,na,na,na,na,na,na,,
28,Jul-2023,2023-07-23,McMullins_north_HIRMD,OP,3,R,30,0,na,5,12:46,na,na,9,7,8,na,na,na,na,na,na,na,,
28,Jul-2023,2023-07-23,McMullins_north_HIRMD,OP,3,R,30,0,na,5,12:46,na,na,5,3,8,na,na,na,na,na,na,na,,
28,Jul-2023,2023-07-23,McMullins_north_HIRMD,OP,3,R,30,0,na,5,12:46,na,na,4,2,8,na,na,na,na,na,na,na,,
28,Jul-2023,2023-07-23,McMullins_north_HIRMD,OP,3,R,30,0,na,5,12:46,na,na,14,9,8,na,na,na,na,na,na,na,,
28,Jul-2023,2023-07-23,McMullins_north_HIRMD,OP,3,R,30,6.5,na,5,12:46,na,T,15,6,na,na,na,na,na,na,na,na,,
28,Jul-2023,2023-07-23,McMullins_north_HIRMD,OP,3,R,30,6.5,na,5,12:46,na,na,9,5,4,na,na,na,na,na,na,na,,
28,Jul-2023,2023-07-23,McMullins_north_HIRMD,OP,3,R,30,6.5,na,5,12:46,na,na,6,3,3,na,na,na,na,na,na,na,,
28,Jul-2023,2023-07-23,McMullins_north_HIRMD,OP,3,R,30,10,na,5,12:46,na,na,8,5,5,na,na,na,na,na,na,na,,
28,Jul-2023,2023-07-23,McMullins_north_HIRMD,OP,3,R,30,28,na,5,12:46,na,na,10,na,na,na,na,na,na,na,na,na,10,#fronds for plant outside of the 20 transect
28,Jul-2023,2023-07-23,Goose_HIRMD,OP,3,L,30,30,na,3,13:00,na,na,12,na,na,na,na,na,na,na,na,na,12,#fronds for plant outside of the 20 transect
28,Jul-2023,2023-07-23,Goose_HIRMD,OP,3,L,30,3,na,3,13:00,na,P,11,9,7,na,na,na,na,na,na,na,,
28,Jul-2023,2023-07-23,Goose_HIRMD,OP,3,L,30,3,na,3,13:00,na,P,3,3,4,na,na,na,na,na,na,na,,
28,Jul-2023,2023-07-23,Goose_HIRMD,OP,3,R,30,0,na,3,13:00,na,na,3,2,1,na,na,na,na,na,na,na,,
28,Jul-2023,2023-07-23,Goose_HIRMD,OP,3,R,30,0,na,3,13:00,na,na,21,19,4.5,na,na,na,na,na,na,na,,
28,Jul-2023,2023-07-23,Goose_HIRMD,OP,3,R,30,0.5,na,3,13:00,na,na,8,4,5,na,na,na,na,na,na,na,,
28,Jul-2023,2023-07-23,Goose_HIRMD,OP,3,R,30,0.5,na,3,13:00,na,na,7,6,3,na,na,na,na,na,na,na,,
28,Jul-2023,2023-07-23,Goose_HIRMD,OP,3,R,30,1.5,na,3,13:00,na,na,4,3,1,na,na,na,na,na,na,na,,
28,Jul-2023,2023-07-23,Goose_HIRMD,OP,3,R,30,9,na,3,13:00,na,na,12,10,2.5,na,na,na,na,na,na,na,,
28,Jul-2023,2023-07-23,Goose_HIRMD,OP,3,R,30,12,na,3,13:00,na,na,14,10,3.5,na,na,na,na,na,na,na,,
28,Jul-2023,2023-07-23,Goose_HIRMD,OP,3,R,30,12,na,3,13:00,na,na,6,5,3,na,na,na,na,na,na,na,,
28,Jul-2023,2023-07-23,Goose_HIRMD,OP,3,R,30,12,na,3,13:00,na,na,10,8,3,na,na,na,na,na,na,na,,